claim_boundary_id,scope,applies_to_path,allowed_claims,forbidden_claims,requires_gate_for,authority_source_path,status,created_at,updated_at,notes
CB-CURRENT-FRONTIER-POST-RT184-SYNC-001,task,research_control/tasks/RT-20260614-185,Memory-System Maintainer may update current_frontier to handoff-0218;may refresh generated retrieval derivatives;may record v8 Phase 6 status synchronization;no physics claim delta;no Gate Chair execution;no MetricData(E) adoption;no g_eff construction,canonical ontology TeX edit;source-law adoption;BranchDisc_src GSC adoption;MetricData(E) construction;MetricData(E) adoption;checker proof authority;arbitrary finite-DAG theorem;g_eff definition;g_eff construction;g_eff adoption;matter coupling claim;Einstein equations claim;benchmark promotion;benchmark Gate Chair closure;completed derivation claim;future source-extension impossibility;global theory rejection;generated derivative as proof;registry metadata as proof;validator as proof;role as proof;handoff as proof;approval as proof;commit status as proof;local cache as proof,canonical ontology TeX edit;source-law adoption;BranchDisc_src GSC adoption;MetricData(E) adoption;checker proof authority;arbitrary finite-DAG theorem;g_eff construction;g_eff adoption;matter coupling adoption;Einstein equations adoption;benchmark promotion;benchmark Gate Chair closure;completed derivation;future source-extension impossibility claim;global theory rejection,research_control/current_frontier.md,active,2026-06-26T08:00:00Z,2026-06-26T08:00:00Z,Current-frontier synchronization boundary permits only control status reporting after RT-184 while preserving all downstream GR claim blocks
CB-NONBOTTOM-METRICDATA-WITNESS-SRC-GSC-BETA-SEPARATED-MARKED-FINITE-GRAPH-FAMILY-POST-STRESS-SELECTOR-001,task,research_control/tasks/RT-20260614-184,Theoretical Continuation Selector may classify the beta-separated marked finite graph/DAG NonBottomMetricDataWitness_src GSC G beta post-stress route;may prepare one exact narrow source-extension Gate Chair question;may route next to Gate Chair only with explicit authorization;no source-law adoption;no MetricData(E) adoption;no checker proof authority;no arbitrary finite-DAG theorem;no g_eff construction,canonical ontology TeX edit;source-law adoption;BranchDisc_src GSC adoption;M_src adoption scope change;MetricData(E) construction;MetricData(E) adoption;general MetricData(E) inhabitation theorem;arbitrary finite source package witness theorem;arbitrary finite DAG witness theorem;checker proof authority;target topology import;target atlas import;target transition-map import;target metric import;Lorentzian signature import;proper time import;detector semantics import;benchmark success as proof;candidate reconstruction as proof;generated derivative as proof;registry metadata as proof;validator as proof;role as proof;handoff as proof;approval as proof;local cache as proof;file order as proof;commit status as proof;g_eff definition;g_eff construction;g_eff adoption;matter coupling claim;Einstein equations claim;benchmark promotion;benchmark Gate Chair closure;completed derivation claim;future source-extension impossibility;global theory rejection,canonical ontology TeX edit;source-law adoption;BranchDisc_src GSC adoption;target-import claim;MetricData(E) adoption;arbitrary source package theorem;arbitrary finite DAG theorem;checker proof authority;g_eff construction;g_eff adoption;matter coupling adoption;Einstein equations adoption;benchmark promotion;benchmark Gate Chair closure;completed derivation;future source-extension impossibility claim;global theory rejection,research_control/tasks/RT-20260614-184/artifacts/214_NONBOTTOM_METRICDATA_WITNESS_SRC_GSC_BETA_SEPARATED_MARKED_FINITE_GRAPH_FAMILY_POST_STRESS_ROUTE_SELECTOR.yaml,active,2026-06-26T07:40:00Z,2026-06-26T07:40:00Z,Beta-separated marked finite graph family post-stress selector boundary permits only route classification and protected question preparation while preserving all downstream GR claim blocks
CB-NONBOTTOM-METRICDATA-WITNESS-SRC-GSC-BETA-SEPARATED-MARKED-FINITE-GRAPH-FAMILY-REFUTER-STRESS-001,task,research_control/tasks/RT-20260614-183,Refuter may stress the beta-separated marked finite graph/DAG NonBottomMetricDataWitness_src GSC G beta family;may classify stress survival as bridge_facing_candidate_path;may route next to Theoretical Continuation Selector;no source-law adoption;no MetricData(E) adoption;no arbitrary finite-DAG theorem;no checker proof authority;no g_eff construction,canonical ontology TeX edit;source-law adoption;BranchDisc_src GSC adoption;M_src adoption scope change;MetricData(E) adoption;general MetricData(E) inhabitation theorem;arbitrary finite source package witness theorem;arbitrary finite DAG witness theorem;checker proof authority;target topology import;target atlas import;target transition-map import;target metric import;Lorentzian signature import;proper time import;detector semantics import;benchmark success as proof;candidate reconstruction as proof;generated derivative as proof;registry metadata as proof;validator as proof;role as proof;handoff as proof;approval as proof;local cache as proof;file order as proof;commit status as proof;g_eff definition;g_eff construction;g_eff adoption;matter coupling claim;Einstein equations claim;benchmark promotion;benchmark Gate Chair closure;completed derivation claim;future source-extension impossibility;global theory rejection,canonical ontology TeX edit;source-law adoption;BranchDisc_src GSC adoption;target-import claim;MetricData(E) adoption;arbitrary source package theorem;arbitrary finite DAG theorem;checker proof authority;g_eff construction;g_eff adoption;matter coupling adoption;Einstein equations adoption;benchmark promotion;benchmark Gate Chair closure;completed derivation;future source-extension impossibility claim;global theory rejection,research_control/tasks/RT-20260614-183/artifacts/213_NONBOTTOM_METRICDATA_WITNESS_SRC_GSC_BETA_SEPARATED_MARKED_FINITE_GRAPH_FAMILY_REFUTER_STRESS_TEST.tex,active,2026-06-26T07:25:00Z,2026-06-26T07:25:00Z,Beta-separated marked finite graph family Refuter boundary permits only draft/control stress and selector routing while preserving all downstream GR claim blocks
CB-NONBOTTOM-METRICDATA-WITNESS-SRC-GSC-BETA-SEPARATED-MARKED-FINITE-GRAPH-FAMILY-SMUGGLING-AUDIT-001,task,research_control/tasks/RT-20260614-182,Smuggling Auditor may audit the beta-separated marked finite graph/DAG NonBottomMetricDataWitness_src GSC G beta family for source-purity as written;may classify audit_passed_for_refuter_stress;may route next to Refuter stress;no source-law adoption;no MetricData(E) adoption;no arbitrary finite-DAG theorem;no checker proof authority;no g_eff construction,canonical ontology TeX edit;source-law adoption;BranchDisc_src GSC adoption;M_src adoption scope change;MetricData(E) adoption;general MetricData(E) inhabitation theorem;arbitrary finite source package witness theorem;arbitrary finite DAG witness theorem;checker proof authority;target topology import;target atlas import;target transition-map import;target metric import;Lorentzian signature import;proper time import;detector semantics import;benchmark success as proof;candidate reconstruction as proof;generated derivative as proof;registry metadata as proof;validator as proof;role as proof;handoff as proof;approval as proof;local cache as proof;file order as proof;commit status as proof;g_eff definition;g_eff construction;g_eff adoption;matter coupling claim;Einstein equations claim;benchmark promotion;benchmark Gate Chair closure;completed derivation claim;future source-extension impossibility;global theory rejection,canonical ontology TeX edit;source-law adoption;BranchDisc_src GSC adoption;target-import claim;MetricData(E) adoption;arbitrary source package theorem;arbitrary finite DAG theorem;checker proof authority;g_eff construction;g_eff adoption;matter coupling adoption;Einstein equations adoption;benchmark promotion;benchmark Gate Chair closure;completed derivation;future source-extension impossibility claim;global theory rejection,research_control/tasks/RT-20260614-182/artifacts/212_NONBOTTOM_METRICDATA_WITNESS_SRC_GSC_BETA_SEPARATED_MARKED_FINITE_GRAPH_FAMILY_SMUGGLING_AUDIT.tex,active,2026-06-26T07:10:00Z,2026-06-26T07:10:00Z,Beta-separated marked finite graph family smuggling-audit boundary permits only source-purity audit and Refuter stress routing while preserving all downstream GR claim blocks
CB-NONBOTTOM-METRICDATA-WITNESS-SRC-GSC-MARKED-RECONVERGENT-FAMILY-REFUTER-STRESS-001,task,research_control/tasks/RT-20260614-179,Refuter may stress the marked reconvergent NonBottomMetricDataWitness_src GSC D_m beta family;may classify stress survival as bridge_facing_candidate_path;may route next to Theoretical Continuation Selector;no source-law adoption;no MetricData(E) adoption;no arbitrary finite-DAG theorem;no g_eff construction,canonical ontology TeX edit;source-law adoption;BranchDisc_src GSC adoption;M_src adoption scope change;MetricData(E) adoption;general MetricData(E) inhabitation theorem;arbitrary finite source package witness theorem;arbitrary finite DAG witness theorem;target topology import;target atlas import;target transition-map import;target metric import;Lorentzian signature import;proper time import;detector semantics import;benchmark success as proof;candidate reconstruction as proof;generated derivative as proof;registry metadata as proof;validator as proof;role as proof;handoff as proof;approval as proof;local cache as proof;file order as proof;commit status as proof;g_eff definition;g_eff construction;g_eff adoption;matter coupling claim;Einstein equations claim;benchmark promotion;benchmark Gate Chair closure;completed derivation claim;future source-extension impossibility;global theory rejection,canonical ontology TeX edit;source-law adoption;BranchDisc_src GSC adoption;target-import claim;MetricData(E) adoption;arbitrary source package theorem;arbitrary finite DAG theorem;g_eff construction;g_eff adoption;matter coupling adoption;Einstein equations adoption;benchmark promotion;benchmark Gate Chair closure;completed derivation;future source-extension impossibility claim;global theory rejection,research_control/tasks/RT-20260614-179/artifacts/209_NONBOTTOM_METRICDATA_WITNESS_SRC_GSC_MARKED_RECONVERGENT_FAMILY_REFUTER_STRESS_TEST.tex,active,2026-06-26T06:05:00Z,2026-06-26T06:05:00Z,Marked reconvergent family Refuter boundary permits only draft/control stress and selector routing while preserving all downstream GR claim blocks
CB-NONBOTTOM-METRICDATA-WITNESS-SRC-GSC-MARKED-RECONVERGENT-FAMILY-POST-STRESS-ROUTE-SELECTOR-001,task,research_control/tasks/RT-20260614-180,Selector may classify the stress-survived marked reconvergent NonBottomMetricDataWitness_src GSC D_m beta family route;may select broader marked finite graph construction repair scoped obstruction protected gate review route freeze MetricData review or metric precursor;may authorize Phase 5 graph support artifacts only as non-proof scaffolding;no source-law adoption;no MetricData(E) adoption;no arbitrary finite-DAG theorem;no g_eff construction,canonical ontology TeX edit;source-law adoption;BranchDisc_src GSC adoption;M_src adoption scope change;MetricData(E) adoption;general MetricData(E) inhabitation theorem;arbitrary finite source package witness theorem;arbitrary finite DAG witness theorem;target topology import;target atlas import;target transition-map import;target metric import;Lorentzian signature import;proper time import;detector semantics import;benchmark success as proof;candidate reconstruction as proof;generated derivative as proof;registry metadata as proof;validator as proof;role as proof;handoff as proof;approval as proof;local cache as proof;file order as proof;commit status as proof;g_eff definition;g_eff construction;g_eff adoption;matter coupling claim;Einstein equations claim;benchmark promotion;benchmark Gate Chair closure;completed derivation claim;future source-extension impossibility;global theory rejection,canonical ontology TeX edit;source-law adoption;BranchDisc_src GSC adoption;target-import claim;MetricData(E) adoption;arbitrary source package theorem;arbitrary finite DAG theorem;g_eff construction;g_eff adoption;matter coupling adoption;Einstein equations adoption;benchmark promotion;benchmark Gate Chair closure;completed derivation;future source-extension impossibility claim;global theory rejection,research_control/tasks/RT-20260614-180/artifacts/210_NONBOTTOM_METRICDATA_WITNESS_SRC_GSC_MARKED_RECONVERGENT_FAMILY_POST_STRESS_ROUTE_SELECTOR.yaml,active,2026-06-26T06:20:00Z,2026-06-26T06:20:00Z,Post marked family stress selector boundary permits only next packet classification and support artifact authorization while preserving all downstream GR claim blocks
CB-NONBOTTOM-METRICDATA-WITNESS-SRC-GSC-BETA-SEPARATED-MARKED-FINITE-GRAPH-FAMILY-CONSTRUCTOR-001,task,research_control/tasks/RT-20260614-181,Candidate Constructor may construct or precisely obstruct one beta-separated marked finite graph/DAG NonBottomMetricDataWitness_src GSC G beta family;may use BranchDisc_src GSC only as explicit proposal-only marked-source input;may include graph translation and checker support artifacts only as non-proof scaffolding;may route next to Smuggling Auditor audit;no source-law adoption;no MetricData(E) adoption;no arbitrary finite-DAG theorem;no g_eff construction,canonical ontology TeX edit;source-law adoption;BranchDisc_src GSC adoption;M_src adoption scope change;MetricData(E) adoption;general MetricData(E) inhabitation theorem;arbitrary finite source package witness theorem;arbitrary finite DAG witness theorem;checker proof authority;target topology import;target atlas import;target transition-map import;target metric import;Lorentzian signature import;proper time import;detector semantics import;benchmark success as proof;candidate reconstruction as proof;generated derivative as proof;registry metadata as proof;validator as proof;role as proof;handoff as proof;approval as proof;local cache as proof;file order as proof;commit status as proof;g_eff definition;g_eff construction;g_eff adoption;matter coupling claim;Einstein equations claim;benchmark promotion;benchmark Gate Chair closure;completed derivation claim;future source-extension impossibility;global theory rejection,canonical ontology TeX edit;source-law adoption;BranchDisc_src GSC adoption;target-import claim;MetricData(E) adoption;arbitrary source package theorem;arbitrary finite DAG theorem;checker proof authority;g_eff construction;g_eff adoption;matter coupling adoption;Einstein equations adoption;benchmark promotion;benchmark Gate Chair closure;completed derivation;future source-extension impossibility claim;global theory rejection,research_control/tasks/RT-20260614-181/artifacts/211_NONBOTTOM_METRICDATA_WITNESS_SRC_GSC_BETA_SEPARATED_MARKED_FINITE_GRAPH_FAMILY_CANDIDATE_OR_OBSTRUCTION.tex,active,2026-06-26T06:45:00Z,2026-06-26T06:45:00Z,Beta-separated marked finite graph constructor boundary permits only bounded draft control candidate construction with support checker and preserves all downstream GR claim blocks
CB-NONBOTTOM-METRICDATA-WITNESS-SRC-GSC-MARKED-RECONVERGENT-FAMILY-SMUGGLING-AUDIT-001,task,research_control/tasks/RT-20260614-178,Smuggling Auditor may audit the marked reconvergent NonBottomMetricDataWitness_src GSC D_m beta family for source-purity as written;may classify audit_passed_for_refuter_stress;may route next to Refuter stress;no source-law adoption;no MetricData(E) adoption;no arbitrary finite-DAG theorem;no g_eff construction,canonical ontology TeX edit;source-law adoption;BranchDisc_src GSC adoption;M_src adoption scope change;MetricData(E) adoption;general MetricData(E) inhabitation theorem;arbitrary finite source package witness theorem;arbitrary finite DAG witness theorem;target topology import;target atlas import;target transition-map import;target metric import;Lorentzian signature import;proper time import;detector semantics import;benchmark success as proof;candidate reconstruction as proof;generated derivative as proof;registry metadata as proof;validator as proof;role as proof;handoff as proof;approval as proof;local cache as proof;file order as proof;commit status as proof;g_eff definition;g_eff construction;g_eff adoption;matter coupling claim;Einstein equations claim;benchmark promotion;benchmark Gate Chair closure;completed derivation claim;future source-extension impossibility;global theory rejection,canonical ontology TeX edit;source-law adoption;BranchDisc_src GSC adoption;target-import claim;MetricData(E) adoption;arbitrary source package theorem;arbitrary finite DAG theorem;g_eff construction;g_eff adoption;matter coupling adoption;Einstein equations adoption;benchmark promotion;benchmark Gate Chair closure;completed derivation;future source-extension impossibility claim;global theory rejection,research_control/tasks/RT-20260614-178/artifacts/208_NONBOTTOM_METRICDATA_WITNESS_SRC_GSC_MARKED_RECONVERGENT_FAMILY_SMUGGLING_AUDIT.tex,active,2026-06-26T05:50:00Z,2026-06-26T05:50:00Z,Marked reconvergent family smuggling-audit boundary permits only source-purity audit and Refuter stress routing while preserving all downstream GR claim blocks
CB-NONBOTTOM-METRICDATA-WITNESS-SRC-GSC-MARKED-RECONVERGENT-FAMILY-CONSTRUCTOR-001,task,research_control/tasks/RT-20260614-177,Candidate Constructor may construct or precisely obstruct one marked reconvergent NonBottomMetricDataWitness_src GSC D_m beta family;may use BranchDisc_src GSC only as explicit proposal-only marked-source input;may route next to Smuggling Auditor audit;no source-law adoption;no MetricData(E) adoption;no arbitrary finite-DAG theorem;no g_eff construction,canonical ontology TeX edit;source-law adoption;BranchDisc_src GSC adoption;M_src adoption scope change;MetricData(E) adoption;general MetricData(E) inhabitation theorem;arbitrary finite source package witness theorem;arbitrary finite DAG witness theorem;target topology import;target atlas import;target transition-map import;target metric import;Lorentzian signature import;proper time import;detector semantics import;benchmark success as proof;candidate reconstruction as proof;generated derivative as proof;registry metadata as proof;validator as proof;role as proof;handoff as proof;approval as proof;local cache as proof;file order as proof;commit status as proof;g_eff definition;g_eff construction;g_eff adoption;matter coupling claim;Einstein equations claim;benchmark promotion;benchmark Gate Chair closure;completed derivation claim;future source-extension impossibility;global theory rejection,canonical ontology TeX edit;source-law adoption;BranchDisc_src GSC adoption;target-import claim;MetricData(E) adoption;arbitrary source package theorem;arbitrary finite DAG theorem;g_eff construction;g_eff adoption;matter coupling adoption;Einstein equations adoption;benchmark promotion;benchmark Gate Chair closure;completed derivation;future source-extension impossibility claim;global theory rejection,research_control/tasks/RT-20260614-177/artifacts/207_NONBOTTOM_METRICDATA_WITNESS_SRC_GSC_MARKED_RECONVERGENT_FAMILY_CANDIDATE_OR_OBSTRUCTION.tex,active,2026-06-26T05:35:00Z,2026-06-26T05:35:00Z,Marked reconvergent constructor boundary permits only bounded draft/control candidate construction and preserves all downstream GR claim blocks
CB-NONBOTTOM-METRICDATA-WITNESS-SRC-GSC-BRANCH-DISCRIMINATOR-POST-STRESS-ROUTE-SELECTOR-001,task,research_control/tasks/RT-20260614-176,Selector may classify post-stress proposal-only BranchDisc_src GSC route;may select marked reconvergent construction repair obstruction freeze protected gate precondition human-gated ontology change MetricData review or metric precursor;may select Candidate Constructor as next role;no source-law adoption;no MetricData(E) adoption;no arbitrary finite-DAG theorem;no g_eff construction,canonical ontology TeX edit;source-law adoption;BranchDisc_src GSC adoption;M_src adoption scope change;MetricData(E) adoption;general MetricData(E) inhabitation theorem;arbitrary finite source package witness theorem;arbitrary finite DAG witness theorem;target topology import;target atlas import;target transition-map import;target metric import;Lorentzian signature import;proper time import;detector semantics import;benchmark success as proof;candidate reconstruction as proof;generated derivative as proof;registry metadata as proof;validator as proof;role as proof;handoff as proof;approval as proof;local cache as proof;file order as proof;commit status as proof;g_eff definition;g_eff construction;g_eff adoption;matter coupling claim;Einstein equations claim;benchmark promotion;benchmark Gate Chair closure;completed derivation claim;future source-extension impossibility;global theory rejection,canonical ontology TeX edit;source-law adoption;BranchDisc_src GSC adoption;target-import claim;MetricData(E) adoption;arbitrary source package theorem;arbitrary finite DAG theorem;g_eff construction;g_eff adoption;matter coupling adoption;Einstein equations adoption;benchmark promotion;benchmark Gate Chair closure;completed derivation;future source-extension impossibility claim;global theory rejection,research_control/tasks/RT-20260614-176/artifacts/206_NONBOTTOM_METRICDATA_WITNESS_SRC_GSC_BRANCH_DISCRIMINATOR_POST_STRESS_ROUTE_SELECTOR.yaml,active,2026-06-26T05:20:00Z,2026-06-26T05:20:00Z,Post-BranchDisc-stress selector boundary permits only next-packet classification and preserves all downstream GR claim blocks
CB-NONBOTTOM-METRICDATA-WITNESS-SRC-GSC-BRANCH-DISCRIMINATOR-REFUTER-STRESS-001,task,research_control/tasks/RT-20260614-175,Refuter may stress BranchDisc_src GSC only as proposal-only marked-source data;may classify stress survival as bridge_facing_candidate_path;may route next to Theoretical Continuation Selector;no source-law adoption;no MetricData(E) adoption;no arbitrary finite-DAG theorem;no g_eff construction,canonical ontology TeX edit;source-law adoption;M_src adoption scope change;MetricData(E) adoption;general MetricData(E) inhabitation theorem;arbitrary finite source package witness theorem;arbitrary finite DAG witness theorem;target topology import;target atlas import;target transition-map import;target metric import;Lorentzian signature import;proper time import;detector semantics import;benchmark success as proof;candidate reconstruction as proof;generated derivative as proof;registry metadata as proof;validator as proof;role as proof;handoff as proof;approval as proof;local cache as proof;file order as proof;commit status as proof;g_eff definition;g_eff construction;g_eff adoption;matter coupling claim;Einstein equations claim;benchmark promotion;benchmark Gate Chair closure;completed derivation claim;future source-extension impossibility;global theory rejection,canonical ontology TeX edit;source-law adoption;target-import claim;MetricData(E) adoption;arbitrary source package theorem;arbitrary finite DAG theorem;g_eff construction;g_eff adoption;matter coupling adoption;Einstein equations adoption;benchmark promotion;benchmark Gate Chair closure;completed derivation;future source-extension impossibility claim;global theory rejection,research_control/tasks/RT-20260614-175/artifacts/205_NONBOTTOM_METRICDATA_WITNESS_SRC_GSC_BRANCH_DISCRIMINATOR_REFUTER_STRESS_TEST.tex,active,2026-06-26T05:05:00Z,2026-06-26T05:05:00Z,BranchDisc Refuter boundary permits only proposal-only marked-source stress and selector routing while preserving all downstream GR claim blocks
CB-NONBOTTOM-METRICDATA-WITNESS-SRC-GSC-BRANCH-DISCRIMINATOR-SMUGGLING-AUDIT-001,task,research_control/tasks/RT-20260614-174,Smuggling Auditor may audit BranchDisc_src GSC only as proposal-only source-extension data;may classify local source-purity as written under explicit source-side beta marking;may route next to Refuter stress;no source-law adoption;no MetricData(E) adoption;no arbitrary finite-DAG theorem;no g_eff construction,canonical ontology TeX edit;source-law adoption;M_src adoption scope change;MetricData(E) adoption;general MetricData(E) inhabitation theorem;arbitrary finite source package witness theorem;arbitrary finite DAG witness theorem;target topology import;target atlas import;target transition-map import;target metric import;Lorentzian signature import;proper time import;detector semantics import;benchmark success as proof;candidate reconstruction as proof;generated derivative as proof;registry metadata as proof;validator as proof;role as proof;handoff as proof;approval as proof;local cache as proof;file order as proof;commit status as proof;g_eff definition;g_eff construction;g_eff adoption;matter coupling claim;Einstein equations claim;benchmark promotion;benchmark Gate Chair closure;completed derivation claim;future source-extension impossibility;global theory rejection,canonical ontology TeX edit;source-law adoption;target-import claim;MetricData(E) adoption;arbitrary source package theorem;arbitrary finite DAG theorem;g_eff construction;g_eff adoption;matter coupling adoption;Einstein equations adoption;benchmark promotion;benchmark Gate Chair closure;completed derivation;future source-extension impossibility claim;global theory rejection,research_control/tasks/RT-20260614-174/artifacts/204_NONBOTTOM_METRICDATA_WITNESS_SRC_GSC_BRANCH_DISCRIMINATOR_SMUGGLING_AUDIT.tex,active,2026-06-26T04:35:00Z,2026-06-26T04:35:00Z,BranchDisc smuggling-audit boundary permits only source-purity audit and Refuter stress routing while preserving all downstream GR claim blocks
CB-NONBOTTOM-METRICDATA-WITNESS-SRC-GSC-RECONVERGENT-BRANCH-DISCRIMINATOR-ONTOLOGY-LAW-001,task,research_control/tasks/RT-20260614-173,Ontology Formalizer may define BranchDisc_src GSC only as proposal-only source-extension data;may state marked-source covariance obligations and fail-closed bottom cases;may route next to Smuggling Auditor audit;no source-law adoption;no MetricData(E) adoption;no arbitrary source package witness theorem;no arbitrary finite DAG theorem;no g_eff construction,canonical ontology TeX edit;source-law adoption;M_src adoption scope change;MetricData(E) adoption;general MetricData(E) inhabitation theorem;arbitrary finite source package witness theorem;arbitrary finite DAG witness theorem;target topology import;target atlas import;target transition-map import;target metric import;Lorentzian signature import;proper time import;detector semantics import;benchmark success as proof;candidate reconstruction as proof;generated derivative as proof;registry metadata as proof;validator as proof;role as proof;handoff as proof;approval as proof;local cache as proof;file order as proof;commit status as proof;g_eff definition;g_eff construction;g_eff adoption;matter coupling claim;Einstein equations claim;benchmark promotion;benchmark Gate Chair closure;completed derivation claim;future source-extension impossibility;global theory rejection,canonical ontology TeX edit;source-law adoption;target-import claim;MetricData(E) adoption;arbitrary source package theorem;arbitrary finite DAG theorem;g_eff construction;g_eff adoption;matter coupling adoption;Einstein equations adoption;benchmark promotion;benchmark Gate Chair closure;completed derivation;future source-extension impossibility claim;global theory rejection,research_control/tasks/RT-20260614-173/artifacts/203_NONBOTTOM_METRICDATA_WITNESS_SRC_GSC_RECONVERGENT_BRANCH_DISCRIMINATOR_ONTOLOGY_LAW_PACKET.tex,active,2026-06-26T04:10:00Z,2026-06-26T04:10:00Z,Branch-discriminator ontology-law boundary permits only proposal-only source-extension data and preserves all downstream GR claim blocks
CB-NONBOTTOM-METRICDATA-WITNESS-SRC-GSC-RECONVERGENT-BRANCH-DISCRIMINATOR-ROUTE-SELECTOR-001,task,research_control/tasks/RT-20260614-172,Selector may classify OB-GEFF-RECONVERGENT-BRANCH-DISCRIMINATOR-MISSING;may select ontology-law-research-packet source-extension candidate freeze review protected gate question or other bounded non-promotional route;may select ontology-formalizer as next role;no source-law adoption;no MetricData(E) adoption;no arbitrary source package witness theorem;no arbitrary finite DAG witness theorem;no g_eff construction,canonical ontology TeX edit;source-law adoption;M_src adoption scope change;MetricData(E) adoption;general MetricData(E) inhabitation theorem;arbitrary finite source package witness theorem;arbitrary finite DAG witness theorem;target topology import;target atlas import;target transition-map import;target metric import;Lorentzian signature import;proper time import;detector semantics import;benchmark success as proof;candidate reconstruction as proof;generated derivative as proof;registry metadata as proof;validator as proof;role as proof;handoff as proof;approval as proof;local cache as proof;file order as proof;commit status as proof;g_eff definition;g_eff construction;g_eff adoption;matter coupling claim;Einstein equations claim;benchmark promotion;benchmark Gate Chair closure;completed derivation claim;future source-extension impossibility;global theory rejection,canonical ontology TeX edit;source-law adoption;target-import claim;MetricData(E) adoption;arbitrary source package theorem;arbitrary finite DAG theorem;g_eff construction;g_eff adoption;matter coupling adoption;Einstein equations adoption;benchmark promotion;benchmark Gate Chair closure;completed derivation;future source-extension impossibility claim;global theory rejection,research_control/tasks/RT-20260614-172/artifacts/202_NONBOTTOM_METRICDATA_WITNESS_SRC_GSC_RECONVERGENT_BRANCH_DISCRIMINATOR_ROUTE_SELECTOR.yaml,active,2026-06-26T03:26:00Z,2026-06-26T03:26:00Z,Missing branch-discriminator selector boundary permits only next-packet classification and preserves all downstream GR claim blocks
CB-NONBOTTOM-METRICDATA-WITNESS-SRC-GSC-RECONVERGENT-FAMILY-CONSTRUCTOR-001,task,research_control/tasks/RT-20260614-171,Candidate Constructor may attempt one reconvergent or diamond-aware broader finite source-family NonBottomMetricDataWitness_src GSC construction or precise obstruction;may record OB-GEFF-RECONVERGENT-BRANCH-DISCRIMINATOR-MISSING as current-input obstruction;may route next to Theoretical Continuation Selector;no MetricData(E) adoption;no arbitrary source package witness theorem;no arbitrary finite DAG witness theorem;no g_eff construction,canonical ontology TeX edit;source-law adoption;M_src adoption scope change;MetricData(E) adoption;general MetricData(E) inhabitation theorem;arbitrary finite source package witness theorem;arbitrary finite DAG witness theorem;target topology import;target atlas import;target transition-map import;target metric import;Lorentzian signature import;proper time import;detector semantics import;benchmark success as proof;candidate reconstruction as proof;generated derivative as proof;registry metadata as proof;validator as proof;role as proof;handoff as proof;approval as proof;local cache as proof;file order as proof;commit status as proof;g_eff definition;g_eff construction;g_eff adoption;matter coupling claim;Einstein equations claim;benchmark promotion;benchmark Gate Chair closure;completed derivation claim;future source-extension impossibility;global theory rejection,canonical ontology TeX edit;source-law adoption;target-import claim;MetricData(E) adoption;arbitrary source package theorem;arbitrary finite DAG theorem;g_eff construction;g_eff adoption;matter coupling adoption;Einstein equations adoption;benchmark promotion;benchmark Gate Chair closure;completed derivation;future source-extension impossibility claim;global theory rejection,research_control/tasks/RT-20260614-171/artifacts/201_NONBOTTOM_METRICDATA_WITNESS_SRC_GSC_RECONVERGENT_FAMILY_CANDIDATE_OR_OBSTRUCTION.tex,active,2026-06-26T03:20:00Z,2026-06-26T03:20:00Z,Reconvergent or diamond-aware constructor boundary permits only a current-input construction or obstruction result and preserves all downstream GR claim blocks
CB-NONBOTTOM-METRICDATA-WITNESS-SRC-GSC-BROADER-NON-CHAIN-FAMILY-POST-STRESS-ROUTE-SELECTOR-001,task,research_control/tasks/RT-20260614-170,Selector may classify rooted tail-branch broader non-chain stress-survived NonBottomMetricDataWitness_src GSC B_n route;may select reconvergent or diamond-aware broader family construction repair scoped obstruction protected gate review MetricData review metric-construction precursor route freeze or human-gated ontology-change route;no MetricData(E) adoption;no arbitrary source package theorem;no arbitrary finite DAG theorem;no g_eff construction,canonical ontology TeX edit;source-law adoption;M_src adoption scope change;MetricData(E) adoption;general MetricData(E) inhabitation theorem;arbitrary finite source package witness theorem;arbitrary finite DAG witness theorem;target topology import;target atlas import;target transition-map import;target metric import;Lorentzian signature import;proper time import;detector semantics import;benchmark success as proof;candidate reconstruction as proof;generated derivative as proof;registry metadata as proof;validator as proof;role as proof;handoff as proof;approval as proof;local cache as proof;file order as proof;commit status as proof;g_eff definition;g_eff construction;g_eff adoption;matter coupling claim;Einstein equations claim;benchmark promotion;benchmark Gate Chair closure;completed derivation claim;future source-extension impossibility;global theory rejection,canonical ontology TeX edit;source-law adoption;target-import claim;MetricData(E) adoption;arbitrary source package theorem;arbitrary finite DAG theorem;g_eff construction;g_eff adoption;matter coupling adoption;Einstein equations adoption;benchmark promotion;benchmark Gate Chair closure;completed derivation;future source-extension impossibility claim;global theory rejection,research_control/tasks/RT-20260614-170/artifacts/200_NONBOTTOM_METRICDATA_WITNESS_SRC_GSC_BROADER_NON_CHAIN_POST_STRESS_ROUTE_SELECTOR.yaml,active,2026-06-26T03:15:00Z,2026-06-26T03:15:00Z,Post-broader-non-chain-stress selector boundary permits only next-packet classification and preserves all downstream GR claim blocks
CB-NONBOTTOM-METRICDATA-WITNESS-SRC-GSC-BROADER-NON-CHAIN-FAMILY-REFUTER-STRESS-001,task,research_control/tasks/RT-20260614-169,Refuter may stress rooted tail-branch broader non-chain family NonBottomMetricDataWitness_src GSC B_n for collapse nonuniqueness covariance finite-variation fragility bottom completeness finite-family overread non-chain and diamond pressure source-extension inflation process relapse and premature promotion;family scoped stress survival may route only to Theoretical Continuation Selector;no MetricData(E) adoption;no arbitrary source package witness theorem;no arbitrary finite DAG witness theorem;no g_eff construction,canonical ontology TeX edit;source-law adoption;M_src adoption scope change;MetricData(E) adoption;general MetricData(E) inhabitation theorem;arbitrary finite source package witness theorem;arbitrary finite DAG witness theorem;target topology import;target atlas import;target transition-map import;target metric import;Lorentzian signature import;proper time import;detector semantics import;benchmark success as proof;candidate reconstruction as proof;generated derivative as proof;registry metadata as proof;validator as proof;role as proof;handoff as proof;approval as proof;local cache as proof;file order as proof;commit status as proof;g_eff definition;g_eff construction;g_eff adoption;matter coupling claim;Einstein equations claim;benchmark promotion;benchmark Gate Chair closure;completed derivation claim;future source-extension impossibility;global theory rejection,canonical ontology TeX edit;source-law adoption;target-import claim;MetricData(E) adoption;arbitrary source package theorem;arbitrary finite DAG theorem;g_eff construction;g_eff adoption;matter coupling adoption;Einstein equations adoption;benchmark promotion;benchmark Gate Chair closure;completed derivation;future source-extension impossibility claim;global theory rejection,research_control/tasks/RT-20260614-169/artifacts/199_NONBOTTOM_METRICDATA_WITNESS_SRC_GSC_BROADER_NON_CHAIN_FAMILY_REFUTER_STRESS_TEST.tex,active,2026-06-26T03:05:00Z,2026-06-26T03:05:00Z,Broader non-chain family Refuter stress boundary permits only Theoretical Continuation Selector next and preserves all downstream GR claim blocks
CB-NONBOTTOM-METRICDATA-WITNESS-SRC-GSC-BROADER-NON-CHAIN-FAMILY-SMUGGLING-AUDIT-001,task,research_control/tasks/RT-20260614-168,Smuggling Auditor may audit rooted tail-branch broader non-chain family NonBottomMetricDataWitness_src GSC B_n for hidden target import process authority laundering candidate reconstruction finite family overread non-chain overread source-extension inflation and premature promotion;conditional source purity pass may route only to Refuter stress;no MetricData(E) adoption;no arbitrary source package witness theorem;no arbitrary finite DAG witness theorem;no g_eff construction,canonical ontology TeX edit;source-law adoption;M_src adoption scope change;MetricData(E) adoption;general MetricData(E) inhabitation theorem;arbitrary finite source package witness theorem;arbitrary finite DAG witness theorem;target topology import;target atlas import;target transition-map import;target metric import;Lorentzian signature import;proper time import;detector semantics import;benchmark success as proof;candidate reconstruction as proof;generated derivative as proof;registry metadata as proof;validator as proof;role as proof;handoff as proof;approval as proof;local cache as proof;file order as proof;commit status as proof;g_eff definition;g_eff construction;g_eff adoption;matter coupling claim;Einstein equations claim;benchmark promotion;benchmark Gate Chair closure;completed derivation claim;future source-extension impossibility;global theory rejection,canonical ontology TeX edit;source-law adoption;target-import claim;MetricData(E) adoption;arbitrary source package theorem;arbitrary finite DAG theorem;g_eff construction;g_eff adoption;matter coupling adoption;Einstein equations adoption;benchmark promotion;benchmark Gate Chair closure;completed derivation;future source-extension impossibility claim;global theory rejection,research_control/tasks/RT-20260614-168/artifacts/198_NONBOTTOM_METRICDATA_WITNESS_SRC_GSC_BROADER_NON_CHAIN_FAMILY_SMUGGLING_AUDIT.tex,active,2026-06-26T02:34:21Z,2026-06-26T02:34:21Z,Broader non-chain family smuggling audit boundary permits only Refuter stress next and preserves all downstream GR claim blocks
CB-NONBOTTOM-METRICDATA-WITNESS-SRC-GSC-BROADER-NON-CHAIN-FAMILY-CONSTRUCTOR-001,task,research_control/tasks/RT-20260614-167,Candidate Constructor may construct or obstruct declared rooted tail-branch broader non-chain family NonBottomMetricDataWitness_src GSC B_n for n >= 2;may include diamond pressure limitation and finite graph support artifacts;may route next to broader-family Smuggling Auditor audit;no MetricData(E) adoption;no arbitrary source package witness theorem;no arbitrary finite DAG witness theorem;no g_eff construction,canonical ontology TeX edit;source-law adoption;M_src adoption scope change;MetricData(E) adoption;general MetricData(E) inhabitation theorem;arbitrary finite source package witness theorem;arbitrary finite DAG witness theorem;target topology import;target atlas import;target transition-map import;target metric import;Lorentzian signature import;proper time import;detector semantics import;benchmark success as proof;candidate reconstruction as proof;generated derivative as proof;registry metadata as proof;validator as proof;role as proof;handoff as proof;approval as proof;local cache as proof;file order as proof;commit status as proof;g_eff definition;g_eff construction;g_eff adoption;matter coupling claim;Einstein equations claim;benchmark promotion;benchmark Gate Chair closure;completed derivation claim;future source-extension impossibility;global theory rejection,canonical ontology TeX edit;source-law adoption;target-import claim;MetricData(E) adoption;arbitrary source package theorem;arbitrary finite DAG theorem;g_eff construction;g_eff adoption;matter coupling adoption;Einstein equations adoption;benchmark promotion;benchmark Gate Chair closure;completed derivation;future source-extension impossibility claim;global theory rejection,research_control/tasks/RT-20260614-167/artifacts/197_NONBOTTOM_METRICDATA_WITNESS_SRC_GSC_BROADER_NON_CHAIN_FAMILY_CANDIDATE_OR_OBSTRUCTION.tex,active,2026-06-26T02:16:15Z,2026-06-26T02:16:15Z,Broader non-chain family constructor boundary permits only draft control rooted tail-branch family candidate construction and preserves all downstream GR claim blocks
CB-NONBOTTOM-METRICDATA-WITNESS-SRC-GSC-POST-FAMILY-STRESS-ROUTE-SELECTOR-001,task,research_control/tasks/RT-20260614-166,Selector may classify finite directed chain-family stress-survived NonBottomMetricDataWitness_src GSC E_n route;may select broader non-chain or branching witness-family construction repair scoped obstruction protected gate review MetricData review metric-construction precursor route freeze or human-gated ontology-change route;no MetricData(E) adoption;no arbitrary source package theorem;no arbitrary finite DAG theorem;no g_eff construction,canonical ontology TeX edit;source-law adoption;M_src adoption scope change;MetricData(E) adoption;general MetricData(E) inhabitation theorem;arbitrary finite source package witness theorem;arbitrary finite DAG witness theorem;target topology import;target atlas import;target transition-map import;target metric import;Lorentzian signature import;proper time import;detector semantics import;benchmark success as proof;candidate reconstruction as proof;generated derivative as proof;registry metadata as proof;validator as proof;role as proof;handoff as proof;approval as proof;local cache as proof;file order as proof;commit status as proof;g_eff definition;g_eff construction;g_eff adoption;matter coupling claim;Einstein equations claim;benchmark promotion;benchmark Gate Chair closure;completed derivation claim;future source-extension impossibility;global theory rejection,canonical ontology TeX edit;source-law adoption;target-import claim;MetricData(E) adoption;arbitrary source package theorem;arbitrary finite DAG theorem;g_eff construction;g_eff adoption;matter coupling adoption;Einstein equations adoption;benchmark promotion;benchmark Gate Chair closure;completed derivation;future source-extension impossibility claim;global theory rejection,research_control/tasks/RT-20260614-166/artifacts/196_NONBOTTOM_METRICDATA_WITNESS_SRC_GSC_POST_FAMILY_STRESS_ROUTE_SELECTOR.yaml,active,2026-06-26T02:06:00Z,2026-06-26T02:06:00Z,Post-family-stress selector boundary permits only next-packet classification and preserves all downstream GR claim blocks
CB-NONBOTTOM-METRICDATA-WITNESS-SRC-GSC-WITNESS-FAMILY-REFUTER-STRESS-001,task,research_control/tasks/RT-20260614-165,Refuter may stress finite directed chain family NonBottomMetricDataWitness_src GSC E_n for collapse nonuniqueness covariance finite-variation bottom completeness chain overread non-chain pressure source-extension inflation process relapse and premature promotion;may record finite chain-family stress survival or precise fail-closed obstruction;may route only to post-family Theoretical Continuation Selector;no MetricData(E) adoption;no arbitrary source package witness theorem;no g_eff construction,canonical ontology TeX edit;source-law adoption;M_src adoption scope change;MetricData(E) adoption;general MetricData(E) inhabitation theorem;arbitrary finite source package witness theorem;arbitrary finite DAG witness theorem;target topology import;target atlas import;target transition-map import;target metric import;Lorentzian signature import;proper time import;detector semantics import;benchmark success as proof;candidate reconstruction as proof;generated derivative as proof;registry metadata as proof;validator as proof;role as proof;handoff as proof;approval as proof;local cache as proof;file order as proof;commit status as proof;g_eff definition;g_eff construction;g_eff adoption;matter coupling claim;Einstein equations claim;benchmark promotion;benchmark Gate Chair closure;completed derivation claim;future source-extension impossibility;global theory rejection,canonical ontology TeX edit;source-law adoption;target-import claim;MetricData(E) adoption;arbitrary source package theorem;arbitrary finite DAG theorem;g_eff construction;g_eff adoption;matter coupling adoption;Einstein equations adoption;benchmark promotion;benchmark Gate Chair closure;completed derivation;future source-extension impossibility claim;global theory rejection,research_control/tasks/RT-20260614-165/artifacts/195_NONBOTTOM_METRICDATA_WITNESS_SRC_GSC_WITNESS_FAMILY_REFUTER_STRESS_TEST.tex,active,2026-06-26T01:51:59Z,2026-06-26T01:51:59Z,Witness-family Refuter stress boundary permits only finite directed chain-family stress result and post-family selector route while preserving all downstream GR claim blocks
CB-PROJECT-SYSTEM-README-SYNC-AETHER-RECOMMENDATIONS-001,task,research_control/tasks/RT-20260621-009,Root and research-control README synchronization plus generated memory wiki CSV refresh only;mathematical-decisiveness explanation and metrics boundary may be documented,canonical ontology edit;benchmark promotion;Gate Chair verdict;science artifact rewrite;physics claim promotion;source-law adoption;M_src adoption;full M_src construction;g_eff claim;matter coupling claim;Einstein equation claim;completed derivation claim;future source-extension impossibility;global theory rejection;validation status as physics evidence;metrics as physics evidence;validator behavior change;checkpoint behavior change;skill contract change;role contract change;schema contract change;generated derivative authority expansion,ontology edit;benchmark promotion;Gate Chair verdict;source-authority adoption;M_src adoption;full M_src construction;g_eff matter coupling Einstein equation or completed-derivation claim;future source-extension impossibility;global theory rejection;validator checkpoint role schema or skill behavior change,research_control/tasks/RT-20260621-009/artifacts/readme_synchronization_after_aether_recommendations.md,active,2026-06-21T05:39:59Z,2026-06-21T05:39:59Z,README synchronization boundary only
CB-PROJECT-SYSTEM-MATHEMATICAL-DECISIVENESS-PHASE9-METRICS-001,task,research_control/tasks/RT-20260621-008,Operational metrics script and report for AI-science evaluation;counts from tracked completions and registries;research-system health diagnostics only,canonical ontology edit;benchmark promotion;Gate Chair verdict;science artifact rewrite;physics claim promotion;source-law adoption;M_src adoption;full M_src construction;g_eff claim;matter coupling claim;Einstein equation claim;completed derivation claim;future source-extension impossibility;global theory rejection;validation status as physics evidence;metrics as physics evidence;validator behavior change;checkpoint behavior change;skill contract change;generated derivative authority expansion,ontology edit;benchmark promotion;Gate Chair verdict;source-authority adoption;M_src adoption;full M_src construction;g_eff matter coupling Einstein equation or completed-derivation claim;future source-extension impossibility;global theory rejection;validator checkpoint or skill behavior change,research_control/tasks/RT-20260621-008/artifacts/mathematical_decisiveness_phase9_metrics_report.md,active,2026-06-21T05:09:53Z,2026-06-21T05:09:53Z,Phase 9 metrics boundary only
CB-PROJECT-SYSTEM-MATHEMATICAL-DECISIVENESS-PHASE8-BACKFILL-001,task,research_control/tasks/RT-20260621-007,Metadata-only overlays for RT-20260614-036 through RT-20260614-043 RT-20260614-052 through RT-20260614-060 and RT-20260614-075 through RT-20260614-083;pre-contract retrieval and routing summaries;original task closure statuses and claim boundaries preserved,canonical ontology edit;benchmark promotion;Gate Chair verdict;science artifact rewrite;physics claim promotion;source-law adoption;M_src adoption;full M_src construction;g_eff claim;matter coupling claim;Einstein equation claim;completed derivation claim;future source-extension impossibility;global theory rejection;validator behavior change;checkpoint behavior change;skill contract change;Phase 9 metrics execution;generated derivative authority expansion,ontology edit;benchmark promotion;Gate Chair verdict;source-authority adoption;M_src adoption;full M_src construction;g_eff matter coupling Einstein equation or completed-derivation claim;future source-extension impossibility;global theory rejection;validator checkpoint skill or metrics behavior change,research_control/tasks/RT-20260621-007/artifacts/mathematical_decisiveness_phase8_metadata_backfill.md,active,2026-06-21T04:56:16Z,2026-06-21T04:56:16Z,Phase 8 metadata backfill boundary only
CB-PROJECT-SYSTEM-BRANCH-CHECK-DIFF-SCOPE-CLEANUP-001,task,research_control/tasks/RT-20260621-006,Branch-level check-diff scope rationale and optional Phase 8 Phase 9 deferral accounting only;per-AgentJob validation discipline preserved;whole-branch origin/main check may be evaluated against this closure packet,canonical ontology edit;benchmark promotion;Gate Chair verdict;source-law adoption;M_src adoption;full M_src construction;g_eff claim;matter coupling claim;Einstein equation claim;completed derivation claim;future source-extension impossibility;global theory rejection;validator behavior change;checkpoint behavior change;skill contract change;Phase 8 backfill execution;Phase 9 metrics execution;generated derivative authority expansion,ontology edit;benchmark promotion;Gate Chair verdict;source-authority adoption;M_src adoption;full M_src construction;g_eff matter coupling Einstein equation or completed-derivation claim;future source-extension impossibility;global theory rejection;validator checkpoint or skill behavior change,research_control/tasks/RT-20260621-006/artifacts/mathematical_decisiveness_branch_validation_cleanup.md,active,2026-06-21T04:39:00Z,2026-06-21T04:39:00Z,Branch-level validation scope cleanup and optional Phase 8 Phase 9 deferral boundary only
CB-RESP-LC-M-SRC-ONTOLOGY-LAW-GENERAL-SOURCE-COVER-CANDIDATE-001,task,research_control/tasks/RT-20260614-084,Construct one source-only draft/control general source-cover candidate under MSL-MSRC-ATLASGLUE-LAW;define source cover packages profiles selector preorders transition guards inverse cocycle admissible variation class stability predicate and conditional quotient support;classify as source-extension data pending audit;preserve blocked_adoption_open_continuation,canonical ontology edit;benchmark promotion;Gate Chair verdict;completed derivation claim;MSL-MSRC-ATLASGLUE-LAW adoption;AtlasGlue_src+ adoption;AtlasGlueDisc_src+ adoption;M_src adoption;full M_src construction;g_eff claim;matter coupling claim;Einstein equation claim;future source-extension impossibility;global theory rejection;target-atlas import;target-metric import;validation authority laundering;registry authority laundering;role authority laundering;generated derivative authority,ontology edit;benchmark promotion;Gate Chair verdict;source-authority adoption;M_src adoption;full M_src construction;g_eff matter coupling Einstein equation or completed-derivation claim;future source-extension impossibility;global theory rejection,research_control/tasks/RT-20260614-084/DDR-20260614-084.md,active,2026-06-21T04:06:23Z,2026-06-21T04:06:23Z,Phase 6 Candidate Constructor boundary for GSC_src construction only
CB-PROJECT-SYSTEM-MATHEMATICAL-DECISIVENESS-PHASE5-001,task,research_control/tasks/RT-20260621-005,Candidate Constructor no-fog output rules authorized only for opted-in future physics completions;role guidance schema template validator focused tests and design notes may be updated;historical tasks and non-physics project-system completions remain compatible,canonical ontology edit;benchmark promotion;Gate Chair verdict;science draft execution;physics claim promotion;completed derivation claim;MSL-MSRC-ATLASGLUE-LAW adoption;AtlasGlue_src+ adoption;AtlasGlueDisc_src+ adoption;M_src adoption;full M_src construction;g_eff claim;matter coupling claim;Einstein equation claim;future source-extension impossibility;global theory rejection;checkpoint behavior change;skill contract change;generated derivative authority expansion;external runtime dependency;physics artifact creation,ontology edit;benchmark promotion;Gate Chair verdict;derivation claim;source-authority adoption;M_src adoption;full M_src construction;g_eff matter coupling Einstein equation or completed-derivation claim;future source-extension impossibility;global theory rejection;checkpoint or skill behavior change,.agents/roles/physics/candidate-constructor.v0.2.0.md,active,2026-06-21T03:44:31Z,2026-06-21T03:44:31Z,Mathematical decisiveness Phase 5 Candidate Constructor no-fog boundary only
CB-PROJECT-SYSTEM-MATHEMATICAL-DECISIVENESS-PHASE4-001,task,research_control/tasks/RT-20260621-004,Mathematical decisiveness obstruction freeze-control and route-cycle receipt machinery authorized only for opted-in future physics completions;schema template validator focused tests and design note may be updated;historical tasks and non-physics project-system completions remain compatible,canonical ontology edit;benchmark promotion;Gate Chair verdict;science draft execution;physics claim promotion;completed derivation claim;MSL-MSRC-ATLASGLUE-LAW adoption;AtlasGlue_src+ adoption;AtlasGlueDisc_src+ adoption;M_src adoption;full M_src construction;g_eff claim;matter coupling claim;Einstein equation claim;future source-extension impossibility;global theory rejection;checkpoint behavior change;role contract change;skill contract change;generated derivative authority expansion;external runtime dependency;physics artifact creation,ontology edit;benchmark promotion;Gate Chair verdict;derivation claim;source-authority adoption;M_src adoption;full M_src construction;g_eff matter coupling Einstein equation or completed-derivation claim;future source-extension impossibility;global theory rejection;checkpoint role or skill behavior change,research_control/design/obstruction_and_freeze_control.md,active,2026-06-21T03:20:31Z,2026-06-21T03:20:31Z,Mathematical decisiveness Phase 4 obstruction and freeze-control boundary only
CB-PROJECT-SYSTEM-MATHEMATICAL-DECISIVENESS-PHASE3-001,task,research_control/tasks/RT-20260621-003,Mathematical decisiveness hard validator enforcement authorized only for opted-in future physics completions;schema template validator and focused tests may be updated;historical tasks and non-physics project-system completions remain compatible,canonical ontology edit;benchmark promotion;Gate Chair verdict;science draft execution;physics claim promotion;completed derivation claim;MSL-MSRC-ATLASGLUE-LAW adoption;AtlasGlue_src+ adoption;AtlasGlueDisc_src+ adoption;M_src adoption;full M_src construction;g_eff claim;matter coupling claim;Einstein equation claim;future source-extension impossibility;global theory rejection;route behavior change;checkpoint behavior change;role contract change;skill contract change;generated derivative authority expansion;external runtime dependency;physics artifact creation,ontology edit;benchmark promotion;Gate Chair verdict;derivation claim;source-authority adoption;M_src adoption;full M_src construction;g_eff matter coupling Einstein equation or completed-derivation claim;future source-extension impossibility;global theory rejection;route checkpoint role or skill behavior change,.agents/schemas/PHYSICS_COMPLETION_DECISIVENESS_SCHEMA.md,active,2026-06-21T03:05:53Z,2026-06-21T03:05:53Z,Mathematical decisiveness Phase 3 hard validator enforcement boundary only
CB-PROJECT-SYSTEM-MATHEMATICAL-DECISIVENESS-PHASE2-001,task,research_control/tasks/RT-20260621-002,Mathematical decisiveness schema contract added;completion template scaffold added;future opted-in physics completions receive warning-only field inspection;focused warning tests added;no physics claim status changed,canonical ontology edit;benchmark promotion;Gate Chair verdict;science draft execution;physics claim promotion;completed derivation claim;MSL-MSRC-ATLASGLUE-LAW adoption;AtlasGlue_src+ adoption;AtlasGlueDisc_src+ adoption;M_src adoption;full M_src construction;g_eff claim;matter coupling claim;Einstein equation claim;future source-extension impossibility;global theory rejection;hard validator failure behavior;route behavior change;checkpoint behavior change;role contract change;skill contract change;generated derivative authority expansion;external runtime dependency;physics artifact creation,ontology edit;benchmark promotion;Gate Chair verdict;derivation claim;source-authority adoption;M_src adoption;full M_src construction;g_eff matter coupling Einstein equation or completed-derivation claim;future source-extension impossibility;global theory rejection;hard validator enforcement;route checkpoint role or skill behavior change,.agents/schemas/PHYSICS_COMPLETION_DECISIVENESS_SCHEMA.md,active,2026-06-21T02:32:39Z,2026-06-21T02:32:39Z,Mathematical decisiveness Phase 2 schema warning boundary only
CB-PROJECT-SYSTEM-MATHEMATICAL-DECISIVENESS-PHASE1-001,task,research_control/tasks/RT-20260621-001,Mathematical decisiveness completion contract created;design README reference added;future validator support deferred;no physics claim status changed,canonical ontology edit;benchmark promotion;Gate Chair verdict;science draft execution;physics claim promotion;completed derivation claim;MSL-MSRC-ATLASGLUE-LAW adoption;AtlasGlue_src+ adoption;AtlasGlueDisc_src+ adoption;M_src adoption;full M_src construction;g_eff claim;matter coupling claim;Einstein equation claim;future source-extension impossibility;global theory rejection;validator behavior change;schema hard-fail behavior;role contract change;skill contract change;routing behavior change;checkpoint behavior change;generated derivative authority expansion;external runtime dependency;physics artifact creation,ontology edit;benchmark promotion;Gate Chair verdict;derivation claim;source-authority adoption;M_src adoption;full M_src construction;g_eff matter coupling Einstein equation or completed-derivation claim;future source-extension impossibility;global theory rejection;validator enforcement;schema hard-fail behavior;role skill routing or checkpoint change,research_control/design/mathematical_decisiveness_completion_contract.md,active,2026-06-21T01:56:33Z,2026-06-21T01:56:33Z,Mathematical decisiveness Phase 1 contract boundary only
CB-RESP-LC-M-SRC-ONTOLOGY-LAW-GENERAL-SOURCE-COVER-SELECTOR-001,task,research_control/tasks/RT-20260614-083,Selector may choose one next same-milestone ontology-law packet;general source-cover construction attempt selected;next execution-role family Candidate Constructor named;blocked_adoption_open_continuation preserved;source-extension data status preserved,canonical ontology edit;benchmark promotion;Gate Chair verdict;science draft promotion;completed derivation claim;MSL-MSRC-ATLASGLUE-LAW adoption;AtlasGlue_src+ adoption;AtlasGlueDisc_src+ adoption;M_src adoption;full M_src construction;g_eff claim;matter coupling claim;Einstein equation claim;future source-extension impossibility;global theory rejection;target atlas import;target metric import;benchmark import;validation role registry handoff generated derivative authority;finite-witness overread;source-authority laundering,ontology edit;benchmark promotion;Gate Chair verdict;source-authority adoption;M_src adoption;full M_src construction;g_eff matter coupling Einstein equation or completed-derivation claim;future source-extension impossibility;global theory rejection,research_control/tasks/RT-20260614-083/artifacts/124_RESP_LC_M_SRC_ONTOLOGY_LAW_GENERAL_SOURCE_COVER_SELECTOR_DECISION.yaml,active,2026-06-20T22:49:22Z,2026-06-20T22:49:22Z,Ontology-law general source-cover selector boundary only
CB-RESP-LC-M-SRC-ONTOLOGY-LAW-ATLAS-GLUE-CANDIDATE-BRIDGE-WITNESS-REFUTER-STRESS-001,task,research_control/tasks/RT-20260614-082,Audited finite/local MSL-MSRC-ATLASGLUE-LAW A_star bridge witness survives exact-written Refuter stress;profile collapse selector ties inverse defects cocycle defects and non-admissible finite variations fail closed;concrete_witness_path classification recorded;blocked_adoption_open_continuation preserved;next route may be Theoretical Continuation Selector,canonical ontology edit;benchmark promotion;Gate Chair verdict;science draft promotion;completed derivation claim;AtlasGlue_src+ adoption;AtlasGlueDisc_src+ adoption;M_src adoption;full M_src construction;g_eff claim;matter coupling claim;Einstein equation claim;future source-extension impossibility;global theory rejection;target atlas import;target metric import;benchmark import;validation role registry handoff generated derivative authority;finite-witness overread;source-authority laundering,ontology edit;benchmark promotion;Gate Chair verdict;source-authority adoption;M_src adoption;full M_src construction;g_eff matter coupling Einstein equation or completed-derivation claim;future source-extension impossibility;global theory rejection,research_control/tasks/RT-20260614-082/artifacts/123_RESP_LC_M_SRC_ONTOLOGY_LAW_ATLAS_GLUE_CANDIDATE_BRIDGE_WITNESS_REFUTER_STRESS_TEST.tex,active,2026-06-20T22:26:40Z,2026-06-20T22:26:40Z,Ontology-law bridge witness Refuter stress boundary only
CB-RESP-LC-M-SRC-ONTOLOGY-LAW-ATLAS-GLUE-CANDIDATE-BRIDGE-WITNESS-SMUGGLING-AUDIT-001,task,research_control/tasks/RT-20260614-081,Finite/local MSL-MSRC-ATLASGLUE-LAW bridge witness hidden-import audit completed;conditional source-purity pass as written;finite/local source-authority process-authority and overread guards stated;blocked_adoption_open_continuation preserved;next route may be Refuter stress,canonical ontology edit;benchmark promotion;Gate Chair verdict;science draft promotion;completed derivation claim;AtlasGlue_src+ adoption;AtlasGlueDisc_src+ adoption;M_src adoption;full M_src construction;g_eff claim;matter coupling claim;Einstein equation claim;future source-extension impossibility;global theory rejection;target atlas import;target metric import;benchmark import;validation role registry handoff generated derivative authority;finite-witness overread;source-authority laundering,ontology edit;benchmark promotion;Gate Chair verdict;source-authority adoption;M_src adoption;full M_src construction;g_eff matter coupling Einstein equation or completed-derivation claim;future source-extension impossibility;global theory rejection,research_control/tasks/RT-20260614-081/artifacts/122_RESP_LC_M_SRC_ONTOLOGY_LAW_ATLAS_GLUE_CANDIDATE_BRIDGE_WITNESS_SMUGGLING_AUDIT.tex,active,2026-06-20T22:03:28Z,2026-06-20T22:03:28Z,Ontology-law bridge witness Smuggling Auditor boundary only
CB-RESP-LC-M-SRC-ONTOLOGY-LAW-ATLAS-GLUE-CANDIDATE-BRIDGE-WITNESS-001,task,research_control/tasks/RT-20260614-080,Finite/local MSL-MSRC-ATLASGLUE-LAW bridge witness authorized;A_star candidate map to Q_src^star constructed under explicit source assumptions;bounded Var_star stability constructed for witness only;blocked_adoption_open_continuation preserved;next route may be Smuggling Auditor audit,canonical ontology edit;benchmark promotion;Gate Chair verdict;science draft promotion;completed derivation claim;AtlasGlue_src+ adoption;AtlasGlueDisc_src+ adoption;M_src adoption;full M_src construction;g_eff claim;matter coupling claim;Einstein equation claim;future source-extension impossibility;global theory rejection;target atlas import;target metric import;validation role registry generated derivative authority,ontology edit;benchmark promotion;Gate Chair verdict;source-authority adoption;M_src adoption;full M_src construction;g_eff matter coupling Einstein equation or completed-derivation claim;future source-extension impossibility;global theory rejection,research_control/tasks/RT-20260614-080/artifacts/121_RESP_LC_M_SRC_ONTOLOGY_LAW_ATLAS_GLUE_CANDIDATE_BRIDGE_WITNESS.tex,active,2026-06-20T21:44:38Z,2026-06-20T21:44:38Z,Ontology-law Candidate Constructor bridge witness boundary only
CB-RESP-LC-M-SRC-ONTOLOGY-LAW-ATLAS-GLUE-REFUTER-STRESS-001,task,research_control/tasks/RT-20260614-079,MSL-MSRC-ATLASGLUE-LAW Refuter stress completed;bridge_facing_candidate_path classification;profile collapse selector nonuniqueness inverse defect cocycle defect finite-variation fragility fail-closed guards stated;blocked_adoption_open_continuation preserved;next role Candidate Constructor bridge attempt named,canonical ontology TeX edit;AtlasGlueDisc_src^+ adoption;AtlasGlue_src^+ adoption;M_src adoption;full M_src construction;g_eff claim;matter coupling claim;Einstein equations claim;benchmark promotion;Gate Chair closure or suspension;completed derivation claim;future source-extension impossibility;global theory rejection;target manifold import;target topology import;target smooth atlas import;target coordinate transition import;metric import;proper-time import;empirical observer-protocol import;validation status as physics evidence;role authority as physics evidence;registry authority as physics evidence;generated derivative authority as physics evidence;source-authority laundering;finite-source overread,canonical ontology TeX edit;AtlasGlueDisc_src^+ adoption;AtlasGlue_src^+ adoption;M_src adoption;g_eff adoption;matter coupling adoption;Einstein equations adoption;benchmark promotion;Gate Chair closure;derivation claim;future source-extension impossibility claim;global theory rejection,research_control/tasks/RT-20260614-079/artifacts/120_RESP_LC_M_SRC_ONTOLOGY_LAW_ATLAS_GLUE_REFUTER_STRESS_TEST.tex,active,2026-06-20T21:26:45Z,2026-06-20T21:26:45Z,Ontology-law Refuter stress boundary only with proposal-only status adoption blocked and continuation open
CB-RESP-LC-M-SRC-ONTOLOGY-LAW-ATLAS-GLUE-SMUGGLING-AUDIT-001,task,research_control/tasks/RT-20260614-078,MSL-MSRC-ATLASGLUE-LAW hidden-import audit completed;conditional source-purity pass as written;source-authority finite-witness and process-authority guards stated;blocked_adoption_open_continuation preserved;next role Refuter stress named,canonical ontology TeX edit;AtlasGlueDisc_src^+ adoption;AtlasGlue_src^+ adoption;M_src adoption;full M_src construction;g_eff claim;matter coupling claim;Einstein equations claim;benchmark promotion;Gate Chair closure or suspension;completed derivation claim;future source-extension impossibility;global theory rejection;candidate reconstruction;target manifold import;target topology import;target smooth atlas import;target coordinate transition import;metric import;proper-time import;empirical observer-protocol import;validation status as physics evidence;role authority as physics evidence;registry authority as physics evidence;generated derivative authority as physics evidence;source-authority laundering;finite-source overread,canonical ontology TeX edit;AtlasGlueDisc_src^+ adoption;AtlasGlue_src^+ adoption;M_src adoption;g_eff adoption;matter coupling adoption;Einstein equations adoption;benchmark promotion;Gate Chair closure;derivation claim;future source-extension impossibility claim;global theory rejection,research_control/tasks/RT-20260614-078/artifacts/119_RESP_LC_M_SRC_ONTOLOGY_LAW_ATLAS_GLUE_SMUGGLING_AUDIT.tex,active,2026-06-20T21:11:13Z,2026-06-20T21:11:13Z,Ontology-law Smuggling Auditor boundary only with proposal-only status adoption blocked and continuation open
CB-RESP-LC-M-SRC-ONTOLOGY-LAW-ATLAS-GLUE-FORMALIZATION-001,task,research_control/tasks/RT-20260614-077,MSL-MSRC-ATLASGLUE-LAW proposal-only formalization completed;source profile semantics selector preorder transition algebra inverse and cocycle clauses finite-variation class and preservation predicate drafted;blocked_adoption_open_continuation preserved;next role Smuggling Auditor named,canonical ontology TeX edit;AtlasGlueDisc_src^+ adoption;AtlasGlue_src^+ adoption;M_src adoption;full M_src construction;g_eff claim;matter coupling claim;Einstein equations claim;benchmark promotion;Gate Chair closure or suspension;completed derivation claim;future source-extension impossibility;global theory rejection;candidate reconstruction;target manifold import;target topology import;target smooth atlas import;target coordinate transition import;metric import;proper-time import;empirical observer-protocol import;validation status as physics evidence;role authority as physics evidence;registry authority as physics evidence;generated derivative authority as physics evidence;source-authority laundering;finite-source overread,canonical ontology TeX edit;AtlasGlueDisc_src^+ adoption;AtlasGlue_src^+ adoption;M_src adoption;g_eff adoption;matter coupling adoption;Einstein equations adoption;benchmark promotion;Gate Chair closure;derivation claim;future source-extension impossibility claim;global theory rejection,research_control/tasks/RT-20260614-077/artifacts/118_RESP_LC_M_SRC_ONTOLOGY_LAW_ATLAS_GLUE_PROPOSAL.tex,active,2026-06-20T20:56:21Z,2026-06-20T20:56:21Z,Ontology-law formalization boundary only with proposal-only status adoption blocked and continuation open
CB-RESP-LC-M-SRC-ONTOLOGY-LAW-THEORETICAL-SELECTOR-ATLAS-GLUE-001,task,research_control/tasks/RT-20260614-076,ontology-law packet selection completed;MSL-MSRC-ATLASGLUE-LAW selected as proposal-only next packet;blocked_adoption_open_continuation preserved;finite-variation robustness kept as internal atlas-glue law clause;next role family Ontology Formalizer named,canonical ontology TeX edit;AtlasGlueDisc_src^+ adoption;AtlasGlue_src^+ adoption;M_src adoption;full M_src construction;g_eff claim;matter coupling claim;Einstein equations claim;benchmark promotion;Gate Chair closure or suspension;completed derivation claim;future source-extension impossibility;global theory rejection;candidate reconstruction;target manifold import;target topology import;target smooth atlas import;target coordinate transition import;metric import;proper-time import;empirical observer-protocol import;validation status as physics evidence;role authority as physics evidence;registry authority as physics evidence;generated derivative authority as physics evidence;source-authority laundering;finite-source overread,canonical ontology TeX edit;AtlasGlueDisc_src^+ adoption;AtlasGlue_src^+ adoption;M_src adoption;g_eff adoption;matter coupling adoption;Einstein equations adoption;benchmark promotion;Gate Chair closure;derivation claim;future source-extension impossibility claim;global theory rejection,research_control/tasks/RT-20260614-076/artifacts/117_RESP_LC_M_SRC_ONTOLOGY_LAW_THEORETICAL_SELECTOR_ATLAS_GLUE_DECISION.yaml,active,2026-06-20T20:22:50Z,2026-06-20T20:22:50Z,Ontology-law selector boundary only with adoption blocked and continuation open
CB-RESP-LC-CURRENT-ONTOLOGY-ATLAS-GLUE-DERIVATION-001,task,research_control/tasks/RT-20260614-075,Read current canonical ontology as evidence;formalize atlas-glue data derivation target;prove scoped current-ontology no-derivation result;state missing source-side profile selector transition and finite-variation law;preserve finite witness as draft/control evidence only,canonical ontology TeX edit;AtlasGlueDisc_src^+ adoption;AtlasGlue_src^+ adoption;M_src adoption;full M_src construction;g_eff claim;matter coupling claim;Einstein equations claim;benchmark promotion;Gate Chair closure or suspension;completed derivation claim;future source-extension impossibility;global theory rejection;candidate reconstruction;target manifold import;target topology import;target smooth atlas import;target coordinate transition import;metric import;proper-time import;empirical observer-protocol import;validation status as physics evidence;role authority as physics evidence;registry authority as physics evidence;generated derivative authority as physics evidence;source-authority laundering;finite-source overread,canonical ontology TeX edit;AtlasGlueDisc_src^+ adoption;AtlasGlue_src^+ adoption;M_src adoption;g_eff adoption;matter coupling adoption;Einstein equations adoption;benchmark promotion;Gate Chair closure;derivation claim;future source-extension impossibility claim;global theory rejection,research_control/tasks/RT-20260614-075/artifacts/116_RESP_LC_CURRENT_ONTOLOGY_ATLAS_GLUE_DERIVATION_ATTEMPT.tex,active,2026-06-20T03:06:26Z,2026-06-20T03:06:26Z,Current ontology derivation attempt completed as scoped obstruction without adoption
CB-RESP-LC-SOURCE-EXTENSION-M-SRC-ATLAS-GLUE-DISCRIMINATOR-CANDIDATE-WITNESS-REFUTER-STRESS-001,task,research_control/tasks/RT-20260614-074,finite repaired source-atlas witness stress completed;exact supplied finite source datum survives;discriminator collapse selector tie inverse and cocycle fragility countermodels stated;finite-variation obstruction stated;source-authority adoption human-gated;next route only human-gated adoption decision if authorized,canonical ontology TeX edit;AtlasGlue_src^+ adoption;AtlasGlueDisc_src^+ adoption;M_src adoption;full M_src construction;g_eff claim;matter coupling claim;Einstein equations claim;benchmark promotion;Gate Chair closure or suspension;completed derivation claim;future source-extension impossibility;global theory rejection;candidate reconstruction;target manifold import;target topology import;target smooth atlas import;target coordinate transition import;metric import;proper-time import;empirical observer-protocol import;validation status as physics evidence;role authority as physics evidence;registry authority as physics evidence;generated derivative authority as physics evidence;source-authority laundering;finite-source overread,canonical ontology TeX edit;AtlasGlue_src^+ adoption;AtlasGlueDisc_src^+ adoption;M_src adoption;g_eff adoption;matter coupling adoption;Einstein equations adoption;benchmark promotion;Gate Chair closure;derivation claim;future source-extension impossibility claim;global theory rejection,research_control/tasks/RT-20260614-074/artifacts/115_RESP_LC_SOURCE_EXTENSION_M_SRC_ATLAS_GLUE_DISCRIMINATOR_CANDIDATE_WITNESS_REFUTER_STRESS_TEST.tex,active,2026-06-20T02:47:11Z,2026-06-20T02:47:11Z,Resp_lc source-extension M_src AtlasGlueDisc_src^+ finite witness Refuter stress boundary only
CB-RESP-LC-SOURCE-EXTENSION-M-SRC-ATLAS-GLUE-DISCRIMINATOR-CANDIDATE-WITNESS-SMUGGLING-AUDIT-001,task,research_control/tasks/RT-20260614-073,finite repaired source-atlas witness hidden-import audit completed;conditional source-purity pass as written;finite source profiles selector preorders inverse and cocycle checks audited;source-authority and finite-source-overread guards stated;source-extension classification stated;next route only bounded Refuter stress,canonical ontology TeX edit;AtlasGlue_src^+ adoption;AtlasGlueDisc_src^+ adoption;M_src adoption;full M_src construction;g_eff claim;matter coupling claim;Einstein equations claim;benchmark promotion;Gate Chair closure or suspension;completed derivation claim;future source-extension impossibility;global theory rejection;candidate reconstruction;target manifold import;target topology import;target smooth atlas import;target coordinate transition import;metric import;proper-time import;empirical observer-protocol import;validation status as physics evidence;role authority as physics evidence;registry authority as physics evidence;generated derivative authority as physics evidence;source-authority laundering;finite-source overread,canonical ontology TeX edit;AtlasGlue_src^+ adoption;AtlasGlueDisc_src^+ adoption;M_src adoption;g_eff adoption;matter coupling adoption;Einstein equations adoption;benchmark promotion;Gate Chair closure;derivation claim;future source-extension impossibility claim;global theory rejection,research_control/tasks/RT-20260614-073/artifacts/114_RESP_LC_SOURCE_EXTENSION_M_SRC_ATLAS_GLUE_DISCRIMINATOR_CANDIDATE_WITNESS_SMUGGLING_AUDIT.tex,active,2026-06-20T02:33:47Z,2026-06-20T02:33:47Z,Resp_lc source-extension M_src AtlasGlueDisc_src^+ finite witness smuggling audit boundary only
CB-RESP-LC-SOURCE-EXTENSION-M-SRC-ATLAS-GLUE-DISCRIMINATOR-CANDIDATE-WITNESS-001,task,research_control/tasks/RT-20260614-072,finite repaired source-atlas witness constructed;explicit source discriminator profiles supplied;unique source-minimal selector preorders supplied;inverse and cocycle checks passed for finite witness;bot branches stated;next route only bounded Smuggling Auditor audit,canonical ontology TeX edit;AtlasGlue_src^+ adoption;AtlasGlueDisc_src^+ adoption;M_src adoption;full M_src construction;g_eff claim;matter coupling claim;Einstein equations claim;benchmark promotion;Gate Chair closure or suspension;completed derivation claim;future source-extension impossibility;global theory rejection;candidate reconstruction;target manifold import;target topology import;target smooth atlas import;target coordinate transition import;metric import;proper-time import;empirical observer-protocol import;validation status as physics evidence;role authority as physics evidence;generated derivative authority as physics evidence;source-authority laundering,canonical ontology TeX edit;AtlasGlue_src^+ adoption;AtlasGlueDisc_src^+ adoption;M_src adoption;g_eff adoption;matter coupling adoption;Einstein equations adoption;benchmark promotion;Gate Chair closure;derivation claim;future source-extension impossibility claim;global theory rejection,research_control/tasks/RT-20260614-072/artifacts/113_RESP_LC_SOURCE_EXTENSION_M_SRC_ATLAS_GLUE_DISCRIMINATOR_CANDIDATE_WITNESS.tex,active,2026-06-20T02:19:35Z,2026-06-20T02:19:35Z,Resp_lc source-extension M_src AtlasGlueDisc_src^+ finite candidate witness boundary only
CB-RESP-LC-SOURCE-EXTENSION-M-SRC-ATLAS-GLUE-DISCRIMINATOR-REFUTER-STRESS-001,task,research_control/tasks/RT-20260614-071,AtlasGlueDisc_src^+ Refuter stress completed;bridge-facing candidate path with fail-closed guards stated;discriminator collapse to bot countermodel stated;selector nonuniqueness to bot countermodel stated;strict finite-variation limitation stated;next route only bounded Candidate Constructor bridge attempt,canonical ontology TeX edit;AtlasGlue_src^+ adoption;AtlasGlueDisc_src^+ adoption;M_src adoption;M_src construction;g_eff claim;matter coupling claim;Einstein equations claim;benchmark promotion;Gate Chair closure or suspension;completed derivation claim;future source-extension impossibility;global theory rejection;candidate reconstruction;target manifold import;target topology import;target smooth atlas import;target coordinate transition import;metric import;proper-time import;empirical observer-protocol import;validation status as physics evidence;role authority as physics evidence;generated derivative authority as physics evidence;source-authority laundering,canonical ontology TeX edit;AtlasGlue_src^+ adoption;AtlasGlueDisc_src^+ adoption;M_src adoption;g_eff adoption;matter coupling adoption;Einstein equations adoption;benchmark promotion;Gate Chair closure;derivation claim;future source-extension impossibility claim;global theory rejection,research_control/tasks/RT-20260614-071/artifacts/112_RESP_LC_SOURCE_EXTENSION_M_SRC_ATLAS_GLUE_DISCRIMINATOR_REFUTER_STRESS_TEST.tex,active,2026-06-20T02:03:33Z,2026-06-20T02:03:33Z,Resp_lc source-extension M_src AtlasGlueDisc_src^+ Refuter stress boundary only
CB-RESP-LC-SOURCE-EXTENSION-M-SRC-ATLAS-GLUE-DISCRIMINATOR-SMUGGLING-AUDIT-001,task,research_control/tasks/RT-20260614-070,AtlasGlueDisc_src^+ hidden target-import audit completed;conditional source-purity pass as written;discriminator profile refined compatibility candidate filter and selector preorder provenance guard stated;source-extension classification stated;next route only bounded Refuter stress,canonical ontology TeX edit;AtlasGlue_src^+ adoption;AtlasGlueDisc_src^+ adoption;M_src adoption;M_src construction;g_eff claim;matter coupling claim;Einstein equations claim;benchmark promotion;Gate Chair closure or suspension;completed derivation claim;future source-extension impossibility;global theory rejection;candidate reconstruction;target manifold import;target topology import;target smooth atlas import;target coordinate transition import;metric import;proper-time import;empirical observer-protocol import;validation status as physics evidence;role authority as physics evidence;generated derivative authority as physics evidence;source-authority laundering,canonical ontology TeX edit;AtlasGlue_src^+ adoption;AtlasGlueDisc_src^+ adoption;M_src adoption;g_eff adoption;matter coupling adoption;Einstein equations adoption;benchmark promotion;Gate Chair closure;derivation claim;future source-extension impossibility claim;global theory rejection,research_control/tasks/RT-20260614-070/artifacts/111_RESP_LC_SOURCE_EXTENSION_M_SRC_ATLAS_GLUE_DISCRIMINATOR_SMUGGLING_AUDIT.tex,active,2026-06-20T01:47:13Z,2026-06-20T01:47:13Z,Resp_lc source-extension M_src AtlasGlueDisc_src^+ smuggling audit boundary only
CB-RESP-LC-SOURCE-EXTENSION-M-SRC-ATLAS-GLUE-DISCRIMINATOR-REPAIR-001,task,research_control/tasks/RT-20260614-069,AtlasGlueDisc_src^+ drafted as source-side discriminator repair primitive;source discriminator profiles Delta-refined compatibility candidate transition-token filtering and source-minimal selector rules defined;conditional uniqueness theorem supplied;finite duplicate-compatible label witness supplied;selector failure branch supplied;strict discriminator-preserving finite variation stability supplied;parent_child_synthesis supplied;expanded distance_to_gr_status supplied;next route only bounded Smuggling Auditor audit,canonical ontology TeX edit;AtlasGlue_src^+ adoption;AtlasGlueDisc_src^+ adoption;M_src adoption;M_src construction;g_eff claim;matter coupling claim;Einstein equations claim;benchmark promotion;Gate Chair closure or suspension;completed derivation claim;future source-extension impossibility;global theory rejection;candidate reconstruction;target manifold import;target topology import;target smooth atlas import;target coordinate transition import;metric import;proper-time import;empirical observer-protocol import;validation status as physics evidence;role authority as physics evidence;generated derivative authority as physics evidence;source-authority laundering,canonical ontology TeX edit;AtlasGlue_src^+ adoption;AtlasGlueDisc_src^+ adoption;M_src adoption;g_eff adoption;matter coupling adoption;Einstein equations adoption;benchmark promotion;Gate Chair closure;derivation claim;future source-extension impossibility claim;global theory rejection,research_control/tasks/RT-20260614-069/artifacts/110_RESP_LC_SOURCE_EXTENSION_M_SRC_ATLAS_GLUE_DISCRIMINATOR_REPAIR_PRIMITIVE.tex,active,2026-06-20T01:32:25Z,2026-06-20T01:32:25Z,Resp_lc source-extension M_src AtlasGlueDisc_src^+ discriminator repair boundary only
CB-RESP-LC-SOURCE-EXTENSION-M-SRC-THEORETICAL-SELECTOR-DISCRIMINATOR-REPAIR-001,task,research_control/tasks/RT-20260614-068,theoretical continuation selector completed;source_side_selector_primitive selected as next M_src packet;source-discriminator repair target obligations named as explicit source discriminants comparison refinement transition-token selector uniqueness finite-variation screens and no-target-import screens;parent_child_synthesis supplied;expanded distance_to_gr_status supplied;next route only bounded Ontology Formalizer repair draft,canonical ontology TeX edit;AtlasGlue_src^+ adoption;M_src adoption;M_src construction;g_eff claim;matter coupling claim;Einstein equations claim;benchmark promotion;Gate Chair closure or suspension;completed derivation claim;future source-extension impossibility;global theory rejection;candidate reconstruction;target manifold import;target atlas import;metric import;proper-time import;empirical observer-protocol import;validation status as physics evidence;role authority as physics evidence;generated derivative authority as physics evidence;source-authority laundering,canonical ontology TeX edit;AtlasGlue_src^+ adoption;M_src adoption;g_eff adoption;matter coupling adoption;Einstein equations adoption;benchmark promotion;Gate Chair closure;derivation claim;future source-extension impossibility claim;global theory rejection,research_control/tasks/RT-20260614-068/artifacts/109_RESP_LC_SOURCE_EXTENSION_M_SRC_THEORETICAL_CONTINUATION_SELECTOR_DISCRIMINATOR_REPAIR_DECISION.yaml,active,2026-06-20T01:20:36Z,2026-06-20T01:20:36Z,Resp_lc source-extension M_src theoretical selector discriminator-repair boundary only
CB-RESP-LC-SOURCE-EXTENSION-M-SRC-ATLAS-GLUE-REFUTER-STRESS-001,task,research_control/tasks/RT-20260614-067,AtlasGlue_src^+ Refuter stress completed;scoped transition-token nonuniqueness obstruction stated;label-compatibility collapse obstruction stated;finite-variation fragility outside strict source-isomorphism stated;next route only bounded theoretical-continuation selector,canonical ontology TeX edit;AtlasGlue_src^+ adoption;M_src adoption;M_src construction;g_eff claim;matter coupling claim;Einstein equations claim;benchmark promotion;Gate Chair closure or suspension;completed derivation claim;future source-extension impossibility;global theory rejection;candidate reconstruction;target manifold import;target topology import;target smooth atlas import;target coordinate transition import;metric import;proper-time import;empirical observer-protocol import;validation status as physics evidence;role authority as physics evidence;generated derivative authority as physics evidence;source-authority laundering,canonical ontology TeX edit;AtlasGlue_src^+ adoption;M_src adoption;g_eff adoption;matter coupling adoption;Einstein equations adoption;benchmark promotion;Gate Chair closure;derivation claim;future source-extension impossibility claim;global theory rejection,research_control/tasks/RT-20260614-067/artifacts/108_RESP_LC_SOURCE_EXTENSION_M_SRC_ATLAS_GLUE_REFUTER_STRESS_TEST.tex,active,2026-06-20T01:01:52Z,2026-06-20T01:01:52Z,Resp_lc source-extension M_src AtlasGlue_src^+ Refuter stress boundary only
CB-RESP-LC-SOURCE-EXTENSION-M-SRC-ATLAS-GLUE-SMUGGLING-AUDIT-001,task,research_control/tasks/RT-20260614-066,AtlasGlue_src^+ hidden target-import audit completed;conditional source-purity pass as written;source-token comparison coverage overlap and transition provenance guard stated;source-extension classification stated;next route only bounded Refuter stress,canonical ontology TeX edit;AtlasGlue_src^+ adoption;M_src adoption;M_src construction;g_eff claim;matter coupling claim;Einstein equations claim;benchmark promotion;Gate Chair closure or suspension;completed derivation claim;future source-extension impossibility;global theory rejection;candidate reconstruction;target manifold import;target topology import;target smooth atlas import;target coordinate transition import;metric import;proper-time import;empirical observer-protocol import;validation status as physics evidence;role authority as physics evidence;generated derivative authority as physics evidence;source-authority laundering,canonical ontology TeX edit;AtlasGlue_src^+ adoption;M_src adoption;g_eff adoption;matter coupling adoption;Einstein equations adoption;benchmark promotion;Gate Chair closure;derivation claim;future source-extension impossibility claim;global theory rejection,research_control/tasks/RT-20260614-066/artifacts/107_RESP_LC_SOURCE_EXTENSION_M_SRC_ATLAS_GLUE_SMUGGLING_AUDIT.tex,active,2026-06-20T00:38:19Z,2026-06-20T00:38:19Z,Resp_lc source-extension M_src AtlasGlue_src^+ smuggling audit boundary only
CB-DOCUMENTATION-CURATOR-READER-SCOPE-FOOTER-RELOCATION-PHASE4-001,task,research_control/tasks/RT-20260619-015,Reader Scope footer relocation Phase 4 authorized;four research-control operation page stacks migrated;source specs GitHub-facing Markdown and tracked HTML synchronized;screenshot QA and publication evidence refreshed;public surfaces remain generated noncanonical derivatives,canonical ontology edit;benchmark promotion;Gate Chair verdict;science draft execution;physics claim promotion;completed derivation claim;role registration;role authority expansion;schema change;validator behavior change;routing behavior change;checkpoint behavior change;reusable allowlist authority;child AgentJob creation;child execution-role creation;generated derivative authority;external runtime dependency;Phase 5 implementation without explicit approval;corpus-wide migration without explicit approval,ontology edit;benchmark promotion;Gate Chair verdict;derivation claim;role registration;role schema skill validator routing or checkpoint change;child job or child role authority;generated derivative authority expansion;external runtime dependency;Phase 5 implementation without explicit approval;corpus-wide migration,research_control/tasks/RT-20260619-015/artifacts/reader_scope_footer_relocation_phase4_research_control_operation_review.md,active,2026-06-19T22:47:30Z,2026-06-19T22:52:57Z,Reader Scope footer relocation Phase 4 research-control operation boundary only
CB-DOCUMENTATION-CURATOR-READER-SCOPE-FOOTER-RELOCATION-PHASE3-001,task,research_control/tasks/RT-20260619-014,Reader Scope footer relocation Phase 3 authorized;five physics status and claim-boundary page stacks migrated;source specs GitHub-facing Markdown and tracked HTML synchronized;screenshot QA and publication evidence refreshed;public surfaces remain generated noncanonical derivatives,canonical ontology edit;benchmark promotion;Gate Chair verdict;science draft execution;physics claim promotion;completed derivation claim;ontology promotion;M_src adoption;g_eff derivation;matter coupling derivation;Einstein-equation derivation;global no-go inflation;validator behavior change;role authority expansion;schema change;skill contract change;routing behavior change;checkpoint behavior change;generated derivative authority;external runtime dependency;Phase 4 implementation without explicit approval;corpus-wide migration without explicit approval,ontology edit;benchmark promotion;Gate Chair verdict;derivation claim;ontology adoption;M_src adoption;g_eff matter coupling or Einstein equations claim;role schema skill validator routing or checkpoint change;generated derivative authority expansion;external runtime dependency;Phase 4 implementation without explicit approval;corpus-wide migration,research_control/tasks/RT-20260619-014/artifacts/reader_scope_footer_relocation_phase3_physics_claim_boundary_review.md,active,2026-06-19T22:16:11Z,2026-06-19T22:16:11Z,Reader Scope footer relocation Phase 3 physics and claim-boundary boundary only
CB-DOCUMENTATION-CURATOR-POST-MIGRATION-PHASE3-RESEARCH-CONTROL-OPERATION-001,task,research_control/tasks/RT-20260619-006,Post-migration Phase 3 page family authorized;four research-control operation page stacks rewritten;expanded openings added;footer authority placement applied;source specs GitHub-facing Markdown and tracked HTML synchronized;screenshot QA and publication evidence refreshed;public surfaces remain generated noncanonical derivatives,routing behavior change;role authority expansion;schema edit;validator behavior change;checkpoint behavior change;canonical ontology edit;benchmark promotion;Gate Chair verdict;science draft execution;physics claim promotion;generated derivative authority;external runtime dependency;Phase 4 implementation;corpus-wide migration without explicit user approval,role schema skill validator routing or checkpoint change;ontology edit;benchmark promotion;Gate Chair verdict;derivation claim;role registration;generated derivative authority expansion;Phase 4 implementation;corpus-wide migration,research_control/tasks/RT-20260619-006/artifacts/phase3_research_control_operation_footer_authority_review.md,active,2026-06-19T16:58:43Z,2026-06-19T16:58:43Z,Post-migration Phase 3 research-control operation footer-authority boundary only
CB-DOCUMENTATION-CURATOR-POST-MIGRATION-PHASE2-PHYSICS-CLAIM-BOUNDARY-001,task,research_control/tasks/RT-20260619-005,Post-migration Phase 2 page family authorized;five physics status and claim-boundary page stacks rewritten;expanded openings added;footer authority placement applied;source specs GitHub-facing Markdown and tracked HTML synchronized;screenshot QA and publication evidence refreshed;public surfaces remain generated noncanonical derivatives,canonical ontology edit;benchmark promotion;Gate Chair verdict;science draft execution;physics claim promotion;completed derivation claim;ontology promotion;M_src adoption;g_eff derivation;matter coupling derivation;Einstein-equation derivation;global no-go inflation;role authority expansion;validator behavior change;contract change;schema change;skill contract change;routing behavior change;checkpoint behavior change;generated derivative authority;external runtime dependency;Phase 3 implementation;corpus-wide migration without explicit user approval,ontology edit;benchmark promotion;Gate Chair verdict;derivation claim;ontology adoption;M_src adoption;g_eff matter coupling or Einstein equations claim;role schema skill validator routing or checkpoint change;generated derivative authority expansion;Phase 3 implementation;corpus-wide migration,research_control/tasks/RT-20260619-005/artifacts/phase2_physics_status_claim_boundary_footer_authority_review.md,active,2026-06-19T16:32:55Z,2026-06-19T16:32:55Z,Post-migration Phase 2 physics status and claim-boundary footer-authority boundary only
CB-DOCUMENTATION-CURATOR-POST-MIGRATION-PHASE1-CONTRACT-VALIDATOR-001,task,research_control/tasks/RT-20260619-004,Phase 1 contract and validator guard authorized;footer authority placement contract updated;documentation-surface audit accepts brief-first pages;conditional future authority-footer guards added;public page outputs remain unchanged,canonical ontology edit;benchmark promotion;Gate Chair verdict;science draft execution;physics claim promotion;source spec rewrite;GitHub-facing Markdown rewrite;tracked HTML rewrite;publication brief change;role authority expansion;schema change;skill contract change;routing behavior change;checkpoint behavior change;generated derivative authority;external runtime dependency;Phase 2 implementation without explicit approval,ontology edit;benchmark promotion;Gate Chair verdict;derivation claim;public page migration;role schema skill routing or checkpoint change;generated derivative authority expansion;external runtime dependency;Phase 2 implementation,research_control/tasks/RT-20260619-004/jobs/completions/AJC-AJ-RT-20260619-004-001.yaml,active,2026-06-19T16:01:27Z,2026-06-19T16:09:15Z,Phase 1 contract and validator guard boundary only
CB-DOCUMENTATION-CURATOR-POST-MIGRATION-PHASE0-AUDIT-001,task,research_control/tasks/RT-20260619-003,Phase 0 audit authorized;17 reviewed publication page stacks inspected;current opening text top authority placement footer status visual strategy and diagram decisions recorded;source-material parity checked;public page outputs remain unchanged,canonical ontology edit;benchmark promotion;Gate Chair verdict;science draft execution;physics claim promotion;source spec rewrite;GitHub-facing Markdown rewrite;tracked HTML rewrite;publication brief change;contract change;validator behavior change;schema change;role authority expansion;routing behavior change;checkpoint behavior change;generated derivative authority;external runtime dependency;Phase 1 implementation without explicit approval,ontology edit;benchmark promotion;Gate Chair verdict;derivation claim;public page migration;contract validator role schema routing or checkpoint change;generated derivative authority expansion;external runtime dependency;Phase 1 implementation,research_control/tasks/RT-20260619-003/artifacts/phase0_post_migration_page_audit.md,active,2026-06-19T15:42:37Z,2026-06-19T15:42:37Z,Phase 0 audit boundary only
CB-DOCUMENTATION-CURATOR-POST-MIGRATION-QUALITY-PLAN-001,task,research_control/tasks/RT-20260619-002,Post-migration quality planning authorized;footer authority placement requirement described;expanded opening description standard described;diagram decision standard described;future implementation phases and stop conditions described;public page outputs remain unchanged,canonical ontology edit;benchmark promotion;Gate Chair verdict;science draft execution;physics claim promotion;source spec rewrite;GitHub-facing Markdown rewrite;tracked HTML rewrite;publication brief change;validator behavior change;schema change;role authority expansion;routing behavior change;checkpoint behavior change;generated derivative authority;external runtime dependency;corpus-wide implementation without explicit user approval,ontology edit;benchmark promotion;Gate Chair verdict;derivation claim;public page migration;validator role schema routing or checkpoint change;generated derivative authority expansion;external runtime dependency;corpus-wide implementation,research_control/tasks/RT-20260619-002/artifacts/post_migration_quality_plan_audit.md,active,2026-06-19T14:32:37Z,2026-06-19T14:32:37Z,Post-migration quality plan boundary only
CB-DOCUMENTATION-CURATOR-PHASE5C-TECHNICAL-REQUIREMENTS-001,task,research_control/tasks/RT-20260619-001,Phase 5C technical-requirements page authorized;current local requirement tiers explained;Codex app harness assumption explained;Python .venv requirements and requirements.txt explained;Makefile command families explained;HTML screenshot QA and PDF derivative requirements explained;tool availability separated from authority;public surfaces remain generated noncanonical derivatives,canonical ontology edit;benchmark promotion;Gate Chair verdict;science draft execution;physics claim promotion;dependency change;Makefile target change;validator behavior change;command semantics change;harness policy change;role authority expansion;schema change;routing behavior change;checkpoint behavior change;generated derivative authority;external runtime dependency;Phase 6 migration;corpus-wide migration without explicit user approval,ontology edit;benchmark promotion;Gate Chair verdict;derivation claim;dependency Makefile validator command harness routing or checkpoint change;role authority expansion;generated derivative authority expansion;Phase 6 migration;corpus-wide migration,research_control/tasks/RT-20260619-001/artifacts/phase5c_technical_requirements_before_after_review.md,active,2026-06-19T13:35:00Z,2026-06-19T13:35:00Z,Phase 5C technical requirements boundary only
CB-DOCUMENTATION-CURATOR-PHASE5B-ROLES-AND-SKILLS-001,task,research_control/tasks/RT-20260618-022,Phase 5B roles-and-skills page authorized;active and superseded role status explained;physics roles research-ops roles and human-gated Gate Chair status explained;skill entry points and default validator families explained;source-inspection order explained;public surfaces remain generated noncanonical derivatives,canonical ontology edit;benchmark promotion;Gate Chair verdict;science draft execution;physics claim promotion;role status change;role registration;role authority expansion;skill contract change;validator behavior change;schema change;routing behavior change;AgentJob allowlist change;checkpoint behavior change;generated derivative authority;external runtime dependency;Phase 5C migration;corpus-wide migration without explicit user approval,ontology edit;benchmark promotion;Gate Chair verdict;derivation claim;role status or registration change;role authority expansion;skill validator schema routing or checkpoint change;generated derivative authority expansion;Gate Chair execution without tracked approval;Phase 5C migration;corpus-wide migration,research_control/tasks/RT-20260618-022/artifacts/phase5b_roles_and_skills_before_after_review.md,active,2026-06-19T04:55:00Z,2026-06-19T04:55:00Z,Phase 5B roles-and-skills boundary only
CB-DOCUMENTATION-CURATOR-PHASE5A-MEMORY-SYSTEM-001,task,research_control/tasks/RT-20260618-021,Phase 5A memory-system page authorized;source-first memory principle explained;registry rows as canonical routing provenance generated-output and memory metadata explained;generated wiki semantic Obsidian SQLite and .local layers explained as non-authority retrieval;memory preflight and bootstrap boundaries explained;freshness warnings explained as retrieval warnings;public surfaces remain generated noncanonical derivatives,canonical ontology edit;benchmark promotion;Gate Chair verdict;science draft execution;physics claim promotion;memory-system behavior change;registry schema change;validator behavior change;role registration;role authority expansion;schema change;routing behavior change;checkpoint behavior change;generated derivative authority;Obsidian or .local authority promotion;generated wiki hand edit;external runtime dependency;Phase 5B migration;Phase 5C migration;corpus-wide migration without explicit user approval,ontology edit;benchmark promotion;Gate Chair verdict;derivation claim;memory behavior schema validator routing or checkpoint change;role authority expansion;generated derivative authority expansion;Obsidian or .local authority promotion;Phase 5B migration;Phase 5C migration;corpus-wide migration,research_control/tasks/RT-20260618-021/artifacts/phase5a_memory_system_before_after_review.md,active,2026-06-19T04:30:00Z,2026-06-19T04:30:00Z,Phase 5A memory-system boundary only
CB-DOCUMENTATION-CURATOR-PHASE4C-VALIDATOR-OPERATOR-WORKFLOW-001,task,research_control/tasks/RT-20260618-020,Phase 4C validator-operator workflow page authorized;command selection by change type explained;bootstrap versus validate-only explained;publication checks explained;documentation-impact checks explained;research-control checks and --check-diff explained;unit-test triggers and screenshot evidence explained;PASS-result limits explained;public surfaces remain generated noncanonical derivatives,canonical ontology edit;benchmark promotion;Gate Chair verdict;science draft execution;physics claim promotion;validator behavior change;command semantics change;test behavior change;role registration;role authority expansion;schema change;routing behavior change;checkpoint behavior change;generated derivative authority;external runtime dependency;Phase 5 page migration;corpus-wide migration without explicit user approval,ontology edit;benchmark promotion;Gate Chair verdict;derivation claim;validator command schema routing or checkpoint change;role authority expansion;generated derivative authority expansion;Phase 5 migration;corpus-wide migration,research_control/tasks/RT-20260618-020/artifacts/phase4c_validator_operator_workflow_before_after_review.md,active,2026-06-19T03:00:00Z,2026-06-19T03:00:00Z,Phase 4C validator-operator workflow boundary only
CB-DOCUMENTATION-CURATOR-PHASE4B-PUBLICATION-PROCESS-001,task,research_control/tasks/RT-20260618-019,Phase 4B publication-process page authorized;publication brief as quality control surface explained;document types and page-local headings explained;GitHub Markdown and HTML medium divergence explained;reader-specific visual strategy explained;pilot-first approval discipline screenshot QA before-after review and retired process boundaries explained;public surfaces remain generated noncanonical derivatives,canonical ontology edit;benchmark promotion;Gate Chair verdict;science draft execution;physics claim promotion;validator behavior change;role registration;role authority expansion;schema change;routing behavior change;checkpoint behavior change;Visual Atlas revival;topic-registry creation path revival;active teaching-packet fallback revival;universal heading revival;validation-as-quality overstatement;generated derivative authority;external runtime dependency;Phase 4C page migration;corpus-wide migration without explicit user approval,ontology edit;benchmark promotion;Gate Chair verdict;derivation claim;role authority expansion;validator schema routing or checkpoint change;generated derivative authority expansion;Phase 4C migration;corpus-wide migration,research_control/tasks/RT-20260618-019/artifacts/phase4b_documentation_curator_publication_process_before_after_review.md,active,2026-06-19T02:40:00Z,2026-06-19T02:40:00Z,Phase 4B publication-process boundary only
CB-DOCUMENTATION-CURATOR-PHASE4A-PROJECT-SYSTEM-IMPROVEMENT-001,task,research_control/tasks/RT-20260618-018,Phase 4A project-system improvement page authorized;classification before routing explained;current diff versus registered signal work explained;advisory resolver status explained;signal type and instance registry distinction explained;documentation-impact receipt and signal-resolution evidence requirements explained;public surfaces remain generated noncanonical derivatives,canonical ontology edit;benchmark promotion;Gate Chair verdict;science draft execution;physics claim promotion;signal type change;signal instance change;validator behavior change;routing behavior change;role registration;role authority expansion;schema change;checkpoint behavior change;generated derivative authority;external runtime dependency;Phase 4B page migration;corpus-wide migration without explicit user approval,ontology edit;benchmark promotion;Gate Chair verdict;derivation claim;signal registry change;validator routing or checkpoint change;role authority expansion;generated derivative authority expansion;Phase 4B migration;corpus-wide migration,research_control/tasks/RT-20260618-018/artifacts/phase4a_project_system_improvement_before_after_review.md,active,2026-06-19T01:38:00Z,2026-06-19T01:38:00Z,Phase 4A project-system improvement boundary only
CB-DOCUMENTATION-CURATOR-PHASE3C-MERGE-DECISION-001,task,research_control/tasks/RT-20260618-017,Phase 3C merge decision authorized;review artifact and documentation-impact receipt authorized;generated memory/wiki refresh authorized;no public page migration authorized,canonical ontology edit;benchmark promotion;Gate Chair verdict;science draft execution;physics claim promotion;publication brief creation;GitHub-facing Markdown creation;tracked HTML creation;role contract change;schema contract change;validator behavior change;routing behavior change;generated derivative authority;corpus-wide migration,ontology edit;benchmark promotion;Gate Chair verdict;science draft authority expansion;physics claim promotion;public page migration;role schema validator routing or checkpoint change;generated output authority expansion,research_control/tasks/RT-20260618-017/DDR-20260618-017.md,active,2026-06-19T01:22:00Z,2026-06-19T01:22:00Z,Phase 3C research-control-system merge decision boundary completed without public page migration or scientific authority
CB-DOCUMENTATION-CURATOR-PHASE3B-RESEARCH-CONTROL-OPERATION-001,task,research_control/tasks/RT-20260618-016,Phase 3B parent-child synthesis and role-routing pages authorized;parent_child_parallel_synthesis explained as one outer AgentJob with inherited authority child draft/control outputs conflict review and one fused output;registered role task overlay one-job provisional role and execution-role contract distinctions explained;Gate Chair human-gated status preserved;public surfaces remain generated noncanonical derivatives,canonical ontology edit;benchmark promotion;Gate Chair verdict;science draft execution;physics claim promotion;role registration;role authority expansion;schema change;validator behavior change;routing behavior change;AgentJob allowlist expansion;child AgentJob authority;child execution-role authority;historical control record mutation;generated derivative authority;external runtime dependency;Phase 3C page migration;corpus-wide migration without explicit user approval,ontology edit;benchmark promotion;Gate Chair verdict;derivation claim;role authority expansion;role registration;schema change;validator behavior change;routing behavior change;generated derivative authority expansion;Phase 3C migration;corpus-wide migration,research_control/tasks/RT-20260618-016/artifacts/phase3b_research_control_operation_before_after_review.md,active,2026-06-19T00:25:10Z,2026-06-19T00:45:00Z,Phase 3B research-control operation boundary only
CB-DOCUMENTATION-CURATOR-PHASE3A-RESEARCH-CONTROL-OPERATION-001,task,research_control/tasks/RT-20260618-015,Phase 3A research-agent workflow and Director AgentJob lifecycle pages authorized;continuation versus project-system improvement explained;one bounded AgentJob per invocation explained;memory preflight as navigation not authority explained;DDR AgentJob execution-role completion handoff and registry lifecycle explained;public surfaces remain generated noncanonical derivatives,canonical ontology edit;benchmark promotion;Gate Chair verdict;science draft execution;physics claim promotion;role authority expansion;schema change;validator behavior change;routing behavior change;historical control record mutation;generated derivative authority;external runtime dependency;Phase 3B page migration;corpus-wide migration without explicit user approval,ontology edit;benchmark promotion;Gate Chair verdict;derivation claim;role authority expansion;schema change;validator behavior change;routing behavior change;historical control record mutation;generated derivative authority expansion;Phase 3B migration;corpus-wide migration,research_control/tasks/RT-20260618-015/artifacts/phase3a_research_control_operation_before_after_review.md,active,2026-06-18T23:57:14Z,2026-06-19T00:18:00Z,Phase 3A research-control operation boundary only
CB-DOCUMENTATION-CURATOR-PHASE2B-CLAIM-GATES-001,task,research_control/tasks/RT-20260618-014,Phase 2B claim-gates page authorized;claim lifecycle concepts explained;negative-result preservation explained;scoped obstruction versus global no-go distinction explained;Gate Chair human-gated status explained;public surfaces remain generated noncanonical derivatives,canonical ontology edit;benchmark promotion;Gate Chair verdict;science draft execution;physics claim promotion;completed derivation claim;unregistered claim boundary;role authority change;global theory rejection;future source-extension impossibility;generated derivative authority;external runtime dependency;Phase 3A page migration;corpus-wide migration without explicit user approval,ontology edit;benchmark promotion;Gate Chair verdict;derivation claim;role authority expansion;claim boundary creation or change;generated derivative authority expansion;Phase 3A migration;corpus-wide migration,research_control/tasks/RT-20260618-014/artifacts/phase2b_claim_gates_before_after_review.md,active,2026-06-18T23:41:27Z,2026-06-18T23:55:00Z,Phase 2B claim-gates boundary only
CB-DOCUMENTATION-CURATOR-PHASE2A-GR-DERIVATION-ROADMAP-001,task,research_control/tasks/RT-20260618-013,Phase 2A GR derivation roadmap page authorized;roadmap milestone burdens explained;Distance-to-GR ledger status vocabulary explained;future physics AgentJob milestone fields explained;current frontier qualifiers preserved;public surfaces remain generated noncanonical derivatives,canonical ontology edit;benchmark promotion;Gate Chair verdict;science draft execution;physics claim promotion;completed derivation claim;M_src adoption;g_eff claim;matter coupling claim;Einstein-equation claim;generated derivative authority;external runtime dependency;Phase 2B page migration;corpus-wide migration without explicit user approval,ontology edit;benchmark promotion;Gate Chair verdict;derivation claim;M_src adoption;g_eff adoption;matter coupling adoption;Einstein equations adoption;generated derivative authority expansion;Phase 2B migration;corpus-wide migration,research_control/tasks/RT-20260618-013/artifacts/phase2a_gr_derivation_roadmap_before_after_review.md,active,2026-06-18T23:22:00Z,2026-06-18T23:40:00Z,Phase 2A GR derivation roadmap boundary only
CB-DOCUMENTATION-CURATOR-PHASE1B-ONTOLOGY-001,task,research_control/tasks/RT-20260618-012,Phase 1B ontology page authorized;AEther-Flow Ontology page migrated;ontology vocabulary distinguished from open first-principles derivation;live ontology distinguished from legacy ontology;public surfaces remain generated noncanonical derivatives,canonical ontology edit;benchmark promotion;Gate Chair verdict;science draft execution;physics claim promotion;completed derivation claim;ontology promotion;generated derivative authority;external runtime dependency;Phase 2 page migration;corpus-wide migration without explicit user approval,ontology edit;benchmark promotion;Gate Chair verdict;derivation claim;ontology adoption;generated derivative authority expansion;Phase 2 migration;corpus-wide migration,research_control/tasks/RT-20260618-012/artifacts/phase1b_ontology_before_after_review.md,active,2026-06-18T23:03:00Z,2026-06-18T23:18:00Z,Phase 1B ontology boundary only
CB-DOCUMENTATION-CURATOR-PHASE1A-PUBLIC-PHYSICS-STATUS-001,task,research_control/tasks/RT-20260618-011,Phase 1A public physics status pages authorized;Exact-GR Benchmark Boundary page migrated;AEther-Flow Physics Program page migrated;exact-GR benchmark distinguished from open first-principles derivation;public surfaces remain generated noncanonical derivatives,canonical ontology edit;benchmark promotion;Gate Chair verdict;science draft execution;physics claim promotion;completed derivation claim;generated derivative authority;external runtime dependency;Phase 1B ontology page migration;corpus-wide migration without explicit user approval,ontology edit;benchmark promotion;Gate Chair verdict;derivation claim;generated derivative authority expansion;Phase 1B ontology migration;corpus-wide migration,research_control/tasks/RT-20260618-011/artifacts/phase1a_public_physics_status_before_after_review.md,active,2026-06-18T22:30:00Z,2026-06-18T22:30:00Z,Phase 1A public physics status boundary only
CB-DOCUMENTATION-CURATOR-PHASE0-PILOT-BASELINE-001,task,research_control/tasks/RT-20260618-010,Phase 0 pilot baseline verification authorized;Project Overview and Source Authority remain reviewed pilot pages;corpus migration approval remains required;no pilot repair required by strict validation,canonical ontology edit;benchmark promotion;Gate Chair verdict;science draft execution;physics claim promotion;generated derivative authority;external runtime dependency;new publication brief creation;new HTML or GitHub-facing public page output;corpus-wide migration without explicit user approval,ontology edit;benchmark promotion;Gate Chair verdict;derivation claim;generated derivative authority expansion;public page migration;corpus-wide migration,research_control/tasks/RT-20260618-010/artifacts/phase0_pilot_baseline_audit.md,active,2026-06-18T22:16:00Z,2026-06-18T22:16:00Z,Phase 0 maintenance baseline only
CB-DOCUMENTATION-CURATOR-CORPUS-MIGRATION-PLAN-001,task,research_control/tasks/RT-20260618-009,Phased public documentation migration plan authorized;future page families source bases GitHub Markdown coverage HTML coverage visual strategies and stop conditions defined;Phase 1A recommended only as next approval candidate,canonical ontology edit;benchmark promotion;Gate Chair verdict;science draft execution;physics claim promotion;generated derivative authority;external runtime dependency;public page creation without publication brief;corpus-wide migration without explicit user approval;new publication brief creation;new HTML or GitHub-facing public page output,ontology edit;benchmark promotion;Gate Chair verdict;derivation claim;generated derivative authority expansion;public page migration;corpus-wide migration,research_control/tasks/RT-20260618-009/artifacts/corpus_migration_plan_audit.md,active,2026-06-18T22:00:01Z,2026-06-18T22:00:01Z,Corpus migration planning boundary only
CB-RETIRED-EXPLAINER-PROCESS-REMOVAL-001,task,research_control/tasks/RT-20260618-008,Retired Visual Atlas topic-registry and teaching-packet creation path removal authorized;publication brief registry remains sole active public explainer control surface;Project Overview and Source Authority pilot pages retained;historical research_control task records preserved,canonical ontology edit;benchmark promotion;Gate Chair verdict;science draft execution;physics claim promotion;generated derivative authority;external runtime dependency;NPX dependency;public page creation without publication brief;old topic registry fallback,ontology edit;benchmark promotion;Gate Chair verdict;derivation claim;generated derivative authority expansion;external runtime dependency;public page creation without publication brief,research_control/tasks/RT-20260618-008/artifacts/retired_explainer_process_removal_audit.md,active,2026-06-18T21:12:26Z,2026-06-18T21:27:59Z,Retired explainer process removal boundary completed and remains active for future public-page work
CB-DOCUMENTATION-CURATOR-PUBLICATION-PROCESS-001,task,research_control/tasks/RT-20260618-007,Publication-process role contract authorized;publication brief registry authorized;topic migration registry authorized;new publication validator authorized;Project Overview and Source Authority pilots authorized;screenshot QA and before-after review authorized;corpus-wide migration remains blocked pending explicit user approval,canonical ontology edit;benchmark promotion;Gate Chair verdict;science draft execution;physics claim promotion;generated derivative authority;external runtime dependency;NPX dependency;corpus-wide migration without explicit user approval;completed derivation claim,ontology edit;benchmark promotion;Gate Chair verdict;derivation claim;role authority expansion beyond v2.0.0;generated derivative authority expansion;external runtime dependency;corpus-wide migration,research_control/tasks/RT-20260618-007/artifacts/publication_process_requirement_audit.md,active,2026-06-18T18:20:00Z,2026-06-18T18:20:00Z,Documentation Curator publication-process project-system boundary only
CB-DOCUMENTATION-CURATOR-VISUAL-ATLAS-V2-001,task,research_control/tasks/RT-20260618-006,Visual Atlas v2 topic registry implemented;Documentation Curator v1.0.0 registered;source spec metadata parity implemented;GitHub-facing Markdown and standalone HTML derivatives refreshed;validator and bootstrap docs modes implemented;teaching packets added as explanatory support only,canonical ontology edit;benchmark promotion;Gate Chair verdict;science draft execution;physics claim promotion;generated derivative authority;external runtime dependency;Agent-Native authority;NPX dependency;completed derivation claim,ontology edit;benchmark promotion;Gate Chair verdict;derivation claim;role authority expansion beyond v1.0.0;generated derivative authority expansion;external runtime dependency,research_control/tasks/RT-20260618-006/artifacts/documentation_curator_visual_atlas_v2_audit.md,active,2026-06-18T16:55:00Z,2026-06-18T16:55:00Z,Documentation Curator Visual Atlas v2 project-system boundary only
CB-RESP-LC-SOURCE-EXTENSION-M-SRC-ATLAS-GLUE-SOURCE-PRIMITIVE-001,task,research_control/tasks/RT-20260614-065,AtlasGlue_src^+ drafted as source-only primitive interface;source coverage overlap transition-token identity inverse double-overlap and triple-overlap compatibility obligations defined;source-only quotient gluing theorem proved under hypotheses;finite witness supplied;counterexample supplied;strict source-isomorphic finite-variation stability proved;arbitrary finite-variation robustness explicitly not proved;next route only bounded Smuggling Auditor audit,canonical ontology TeX edit;AtlasGlue_src^+ adoption;M_src adoption;g_eff claim;matter coupling claim;Einstein equations claim;benchmark promotion;Gate Chair closure or suspension;completed derivation claim;future source-extension impossibility;global theory rejection;candidate reconstruction;target manifold import;target topology import;target smooth atlas import;metric import;proper-time import;empirical observer-protocol import;validation status as physics evidence;generated derivative authority as physics evidence;source-authority laundering,canonical ontology TeX edit;AtlasGlue_src^+ adoption;M_src adoption;g_eff adoption;matter coupling adoption;Einstein equations adoption;benchmark promotion;Gate Chair closure;derivation claim;future source-extension impossibility claim;global theory rejection,research_control/tasks/RT-20260614-065/artifacts/106_RESP_LC_SOURCE_EXTENSION_M_SRC_ATLAS_GLUE_SOURCE_PRIMITIVE.tex,active,2026-06-18T16:07:45Z,2026-06-18T16:07:45Z,Resp_lc source-extension M_src AtlasGlue_src^+ source primitive boundary only
CB-PROJECT-SYSTEM-CONTROLLED-MEMORY-PREFLIGHT-001,task,research_control/tasks/RT-20260618-005,controlled memory preflight required for future AgentJobs;memory_preflight receipt validator implemented;local retrieval freshness warnings exposed;Obsidian and .local remain non-authoritative,canonical ontology edit;benchmark promotion;Gate Chair verdict;science draft execution;physics claim promotion;generated derivative authority;Obsidian authority promotion;.local authority promotion;source hash validation weakening,ontology edit;benchmark promotion;Gate Chair verdict;derivation claim;generated derivative authority expansion;source hash validation weakening,research_control/tasks/RT-20260618-005/DDR-20260618-005.md,active,2026-06-18T15:41:47Z,2026-06-18T15:41:47Z,Controlled memory preflight project-system boundary only
CB-DOCUMENTATION-CURATOR-README-LINK-SYNTAX-REPAIR-001,task,research_control/tasks/RT-20260618-004,README legacy-project reference repaired as valid plain text;registered Markdown hash refreshed;generated wiki semantic and file-object surfaces refreshed;no physics claim changed,canonical ontology edit;benchmark promotion;Gate Chair verdict;science draft edit;role contract change;skill contract change;schema contract change;validator change;routing behavior change;checkpoint behavior change;generated wiki as independent authority;physics claim promotion,ontology edit;benchmark promotion;Gate Chair verdict;derivation claim;role schema skill validator routing or checkpoint change;generated derivative authority expansion,research_control/tasks/RT-20260618-004/documentation_impact.yaml,active,2026-06-18T14:31:20Z,2026-06-18T14:31:20Z,README syntax repair boundary completed without scientific authority
CB-RESP-LC-SOURCE-EXTENSION-M-SRC-THEORETICAL-SELECTOR-ATLAS-GLUE-001,task,research_control/tasks/RT-20260614-064,theoretical continuation selector completed;source_side_selector_primitive selected as next M_src packet;AtlasGlue_src^+ draft/control primitive target obligations named as patch coverage overlap recognition transition-token family compatibility finite-variation stability and no-target-import screens;parent_child_synthesis supplied;expanded distance_to_gr_status supplied;next route only bounded Ontology Formalizer primitive construction,canonical ontology TeX edit;AtlasGlue_src^+ adoption;M_src adoption;g_eff claim;matter coupling claim;Einstein equations claim;benchmark promotion;Gate Chair closure or suspension;completed derivation claim;future source-extension impossibility;global theory rejection;candidate reconstruction;target manifold import;target atlas import;metric import;proper-time import;empirical observer-protocol import;validation status as physics evidence;generated derivative authority as physics evidence,canonical ontology TeX edit;AtlasGlue_src^+ adoption;M_src adoption;g_eff adoption;matter coupling adoption;Einstein equations adoption;benchmark promotion;Gate Chair closure;derivation claim;future source-extension impossibility claim;global theory rejection,research_control/tasks/RT-20260614-064/artifacts/105_RESP_LC_SOURCE_EXTENSION_M_SRC_THEORETICAL_CONTINUATION_SELECTOR_ATLAS_GLUE_DECISION.yaml,active,2026-06-18T05:13:39Z,2026-06-18T05:13:39Z,Resp_lc source-extension M_src theoretical selector AtlasGlue_src^+ primitive-selection boundary only
CB-RESP-LC-SOURCE-EXTENSION-M-SRC-BRIDGE-REFUTER-STRESS-001,task,research_control/tasks/RT-20260614-063,source-extension M_src bridge Refuter stress completed;S_X^+ local source-chart germ remains conditional local draft/control object;full M_src scoped-obstructed by AtlasGlue_src^+ underdetermination;transition-law nonuniqueness and finite-variation fragility recorded;next route bounded theoretical-continuation-selector only,canonical ontology TeX edit;M_src adoption;g_eff claim;matter coupling claim;Einstein equations claim;benchmark promotion;Gate Chair closure or suspension;completed derivation claim;future source-extension impossibility;global theory rejection;candidate reconstruction;target manifold import;target atlas import;metric import;proper-time import;empirical observer-protocol import;validation status as physics evidence;generated derivative authority as physics evidence,canonical ontology TeX edit;M_src adoption;g_eff adoption;matter coupling adoption;Einstein equations adoption;benchmark promotion;Gate Chair closure;derivation claim;future source-extension impossibility claim;global theory rejection,research_control/tasks/RT-20260614-063/artifacts/104_RESP_LC_SOURCE_EXTENSION_M_SRC_BRIDGE_REFUTER_STRESS_TEST.tex,active,2026-06-18T04:37:53Z,2026-06-18T04:37:53Z,Resp_lc source-extension M_src bridge Refuter stress boundary only
CB-RESP-LC-SOURCE-EXTENSION-M-SRC-BRIDGE-SMUGGLING-AUDIT-001,task,research_control/tasks/RT-20260614-062,source-extension M_src bridge smuggling audit completed;S_X^+ local source-chart germ conditionally source-pure as written under source-symbol reading;no hidden target-manifold metric proper-time calibration empirical observer-protocol matter-coupling benchmark validation-authority role-authority or generated-derivative import detected as written;AtlasGlue_src^+ remains missing source-only atlas gluing and transition compatibility primitive;next route bounded Refuter stress only,canonical ontology TeX edit;M_src adoption;g_eff claim;matter coupling claim;Einstein equations claim;benchmark promotion;Gate Chair closure or suspension;completed derivation claim;future source-extension impossibility;global theory rejection;candidate reconstruction;target manifold import;metric import;proper-time import;empirical observer-protocol import;validation status as physics evidence;generated derivative authority as physics evidence,canonical ontology TeX edit;M_src adoption;g_eff adoption;matter coupling adoption;Einstein equations adoption;benchmark promotion;Gate Chair closure;derivation claim;future source-extension impossibility claim;global theory rejection,research_control/tasks/RT-20260614-062/artifacts/103_RESP_LC_SOURCE_EXTENSION_M_SRC_BRIDGE_SMUGGLING_AUDIT.tex,active,2026-06-18T04:24:01Z,2026-06-18T04:24:01Z,Resp_lc source-extension M_src bridge smuggling audit boundary only
CB-RESP-LC-SOURCE-EXTENSION-M-SRC-BRIDGE-ATTEMPT-001,task,research_control/tasks/RT-20260614-061,source-extension M_src bridge attempt completed;S_X^+ supports a local response-labelled source-chart germ M_src^{loc-plus};AtlasGlue_src^+ named as missing source-only atlas gluing and transition compatibility primitive;next route bounded Smuggling Auditor review only,canonical ontology TeX edit;M_src adoption;g_eff claim;matter coupling claim;Einstein equations claim;benchmark promotion;Gate Chair closure or suspension;completed derivation claim;future source-extension impossibility;global theory rejection;candidate reconstruction;metric import;proper-time import;empirical observer-protocol import;validation status as physics evidence;generated derivative authority as physics evidence,canonical ontology TeX edit;M_src adoption;g_eff adoption;matter coupling adoption;Einstein equations adoption;benchmark promotion;Gate Chair closure;derivation claim;future source-extension impossibility claim;global theory rejection,research_control/tasks/RT-20260614-061/artifacts/102_RESP_LC_SOURCE_EXTENSION_M_SRC_BRIDGE_ATTEMPT.tex,active,2026-06-18T04:09:32Z,2026-06-18T04:09:32Z,Resp_lc source-extension M_src bridge attempt boundary only
CB-PROJECT-SYSTEM-LEGACY-ONTOLOGY-SNAPSHOT-001,task,research_control/tasks/RT-20260618-003,legacy_ontology archival snapshot created;live ontology lane remains mutable;legacy TeX and PDF registered with distinct object IDs;generated wiki and CSV surfaces refreshed,canonical ontology edit;benchmark promotion;Gate Chair verdict;science draft execution;completed derivation claim;ontology extension authorization;legacy snapshot as live ontology authority,canonical ontology edit;benchmark promotion;ontology adoption;derivation claim;Gate Chair verdict,research_control/tasks/RT-20260618-003/DDR-20260618-003.md,active,2026-06-18T03:52:01Z,2026-06-18T03:52:01Z,Project-system legacy ontology snapshot boundary only
CB-RESP-LC-SOURCE-EXTENSION-HUMAN-GATE-ADOPTION-001,task,research_control/tasks/RT-20260614-060,human-approved source-extension adoption completed for Xi_X^R;Xi_X^R adopted only as admissible source-extension data for Resp_lc continuation;S_X-only selector obstruction preserved;S_X^+ may be used as response-extension input;next route bounded Candidate Constructor source_manifold_m_src attempt only,canonical ontology TeX edit;claim that S_X alone determines selector data;M_src adoption;g_eff claim;matter coupling claim;Einstein equations claim;benchmark promotion;completed derivation claim;future source-extension impossibility;global theory rejection;candidate reconstruction beyond next bounded attempt;Gate Chair closure or suspension,canonical ontology TeX edit;benchmark promotion;Gate Chair closure;derivation claim;M_src adoption;g_eff adoption;matter coupling adoption;Einstein equations adoption;future source-extension impossibility claim;global theory rejection,research_control/tasks/RT-20260614-060/artifacts/101_RESP_LC_SOURCE_EXTENSION_HUMAN_GATE_ADOPTION_DECISION.tex,active,2026-06-18T03:11:32Z,2026-06-18T03:11:32Z,Resp_lc source-extension adoption boundary only
CB-RESP-LC-SOURCE-EXTENSION-CANDIDATE-REFUTER-STRESS-001,task,research_control/tasks/RT-20260614-059,source-extension candidate Refuter stress completed as scoped obstruction;Xi_X^R remains conditionally source-pure only as explicit source-extension data;extension-collapse and tag-removal preserve old S_X selector obstruction;human-gated ontology or source-extension adoption required;parent_child_synthesis supplied;expanded distance_to_gr_status supplied;next route human_gated_ontology_change_required only,canonical ontology edit;benchmark promotion;Gate Chair verdict;completed derivation claim;general EqSrc discharge;canonical EqSrc adoption;canonical RetainH adoption;canonical GenH adoption;Resp_lc canonical adoption;source-extension adoption as ontology;M_src adoption;g_eff claim;matter coupling claim;Einstein equations claim;candidate reconstruction;candidate promotion;finite toy model as metric derivation;target metric import as source primitive;target proper time import as source primitive;target locality import;target observer protocol import;target calibration import as source primitive;matter-coupling import as source primitive;benchmark success evidence import;validation status as physics evidence;authority label as physics evidence;future source-extension impossibility;global theory rejection,ontology edit;benchmark promotion;Gate Chair verdict;derivation claim;candidate promotion;canonical ontology expansion adoption;source-extension adoption;canonical equivalence adoption;canonical retention adoption;canonical generator adoption;source-to-metric law adoption;Resp_lc adoption;M_src adoption;g_eff adoption;finite toy model adoption as GR derivation;future source-extension impossibility claim;global theory rejection,research_control/tasks/RT-20260614-059/artifacts/100_RESP_LC_SOURCE_EXTENSION_CANDIDATE_REFUTER_STRESS_TEST.tex,active,2026-06-18T03:02:00Z,2026-06-18T03:02:00Z,Resp_lc source-extension candidate Refuter stress boundary only
CB-RESP-LC-SOURCE-EXTENSION-CANDIDATE-SMUGGLING-AUDIT-001,task,research_control/tasks/RT-20260614-058,source-extension candidate hidden-import audit completed as conditional source-purity pass;no explicit target metric proper-time observer-protocol matter-coupling benchmark validation-authority or Gate Chair import detected under source-symbol reading;Xi_X^R remains draft/control source-extension candidate;parent_child_synthesis supplied;expanded distance_to_gr_status supplied;next route only bounded Refuter source-extension stress,canonical ontology edit;benchmark promotion;Gate Chair verdict;completed derivation claim;general EqSrc discharge;canonical EqSrc adoption;canonical RetainH adoption;canonical GenH adoption;Resp_lc canonical adoption;source-extension adoption as ontology;M_src adoption;g_eff claim;matter coupling claim;Einstein equations claim;candidate reconstruction;candidate promotion;finite toy model as metric derivation;target metric import as source primitive;target proper time import as source primitive;target locality import;target observer protocol import;target calibration import as source primitive;matter-coupling import as source primitive;benchmark success evidence import;validation status as physics evidence;authority label as physics evidence;future source-extension impossibility;global theory rejection,ontology edit;benchmark promotion;Gate Chair verdict;derivation claim;candidate promotion;canonical ontology expansion adoption;source-extension adoption;canonical equivalence adoption;canonical retention adoption;canonical generator adoption;source-to-metric law adoption;Resp_lc adoption;M_src adoption;g_eff adoption;finite toy model adoption as GR derivation;future source-extension impossibility claim;global theory rejection,research_control/tasks/RT-20260614-058/artifacts/99_RESP_LC_SOURCE_EXTENSION_CANDIDATE_SMUGGLING_AUDIT.tex,active,2026-06-18T02:34:26Z,2026-06-18T02:34:26Z,Resp_lc source-extension candidate smuggling audit boundary only
CB-RESP-LC-SOURCE-EXTENSION-CANDIDATE-001,task,research_control/tasks/RT-20260614-057,source-extension candidate formalized as draft/control;Xi_X^R defined for o_X^R nu_X^R kappa_X^R;forgetful conservativity lemma supplied;source extension classified as conservative definitional extension candidate relative to expanded signature not adopted ontology;parent_child_synthesis supplied;expanded distance_to_gr_status supplied;next route only bounded Smuggling Auditor audit,canonical ontology edit;benchmark promotion;Gate Chair verdict;completed derivation claim;general EqSrc discharge;canonical EqSrc adoption;canonical RetainH adoption;canonical GenH adoption;Resp_lc canonical adoption;source-extension adoption as ontology;M_src adoption;g_eff claim;matter coupling claim;Einstein equations claim;candidate reconstruction;candidate promotion;finite toy model as metric derivation;target metric import as source primitive;target proper time import as source primitive;target locality import;target observer protocol import;target calibration import as source primitive;matter-coupling import as source primitive;benchmark success evidence import;validation status as physics evidence;authority label as physics evidence;future source-extension impossibility;global theory rejection,ontology edit;benchmark promotion;Gate Chair verdict;derivation claim;candidate promotion;canonical ontology expansion adoption;source-extension adoption;canonical equivalence adoption;canonical retention adoption;canonical generator adoption;source-to-metric law adoption;Resp_lc adoption;M_src adoption;g_eff adoption;finite toy model adoption as GR derivation;future source-extension impossibility claim;global theory rejection,research_control/tasks/RT-20260614-057/artifacts/98_RESP_LC_SOURCE_EXTENSION_CANDIDATE.tex,active,2026-06-18T02:22:01Z,2026-06-18T02:22:01Z,Resp_lc source-extension candidate formalization boundary only
CB-RESP-LC-THEORETICAL-CONTINUATION-SELECTOR-SOURCE-EXTENSION-001,task,research_control/tasks/RT-20260614-056,theoretical continuation selector completed;source_extension_candidate selected as next packet;source extension classified as conservative definitional extension candidate not adopted ontology;parent_child_synthesis supplied;expanded distance_to_gr_status supplied;new mathematical payload supplied as packet selection source_extension_classification and dependency_map_update;next route only bounded Ontology Formalizer draft/control source-extension candidate,canonical ontology edit;benchmark promotion;Gate Chair verdict;completed derivation claim;general EqSrc discharge;canonical EqSrc adoption;canonical RetainH adoption;canonical GenH adoption;Resp_lc canonical adoption;source-extension adoption as ontology;M_src adoption;g_eff claim;matter coupling claim;Einstein equations claim;candidate reconstruction;candidate promotion;finite toy model as metric derivation;target metric import as source primitive;target proper time import as source primitive;target locality import;target observer protocol import;target calibration import as source primitive;matter-coupling import as source primitive;benchmark success evidence import;validation status as physics evidence;authority label as physics evidence;future source-extension impossibility;global theory rejection,ontology edit;benchmark promotion;Gate Chair verdict;derivation claim;candidate promotion;canonical ontology expansion adoption;source-extension adoption;canonical equivalence adoption;canonical retention adoption;canonical generator adoption;source-to-metric law adoption;Resp_lc adoption;M_src adoption;g_eff adoption;finite toy model adoption as GR derivation;future source-extension impossibility claim;global theory rejection,research_control/tasks/RT-20260614-056/artifacts/97_RESP_LC_THEORETICAL_CONTINUATION_SELECTOR_SOURCE_EXTENSION_DECISION.yaml,active,2026-06-18T01:58:38Z,2026-06-18T01:58:38Z,Resp_lc theoretical continuation selector source-extension candidate boundary only
CB-RESP-LC-FINITE-TOY-METRIC-RESPONSE-MODEL-REFUTER-STRESS-001,task,research_control/tasks/RT-20260614-055,finite toy metric-response Refuter stress completed as scoped obstruction;tag-removal collapse obstruction supplied;equivariant totalization obstruction supplied;explicit-tag-only finite toy route frozen locally;parent_child_synthesis supplied;expanded distance_to_gr_status supplied;next route only bounded Theoretical Continuation Selector decision packet,canonical ontology edit;benchmark promotion;Gate Chair verdict;completed derivation claim;general EqSrc discharge;canonical EqSrc adoption;canonical RetainH adoption;canonical GenH adoption;Resp_lc canonical adoption;M_src adoption;g_eff claim;matter coupling claim;Einstein equations claim;candidate reconstruction;candidate promotion;source-extension adoption as ontology;finite toy model as metric derivation;target metric import as source primitive;target proper time import as source primitive;target locality import;target observer protocol import;target calibration import as source primitive;matter-coupling import as source primitive;benchmark success evidence import;validation status as physics evidence;authority label as physics evidence;toy tags adopted as canonical ontology;future source-extension impossibility;global theory rejection,ontology edit;benchmark promotion;Gate Chair verdict;derivation claim;candidate promotion;canonical ontology expansion adoption;canonical equivalence adoption;canonical retention adoption;canonical generator adoption;source-to-metric law adoption;Resp_lc adoption;M_src adoption;g_eff adoption;finite toy model adoption as GR derivation;toy tag adoption as canonical ontology;future source-extension impossibility claim;global theory rejection,research_control/tasks/RT-20260614-055/artifacts/96_RESP_LC_FINITE_TOY_METRIC_RESPONSE_MODEL_REFUTER_STRESS_TEST.tex,active,2026-06-18T01:24:12Z,2026-06-18T01:24:12Z,Resp_lc finite toy metric-response model Refuter stress boundary only
CB-RESP-LC-FINITE-TOY-METRIC-RESPONSE-MODEL-SMUGGLING-AUDIT-001,task,research_control/tasks/RT-20260614-054,finite toy metric-response model smuggling audit completed as conditional source-purity pass;tagged-readout non-import lemma supplied;dependency-map update supplied;explicit toy tags pass no-target-import screen only as draft/control data;parent_child_synthesis supplied;expanded distance_to_gr_status supplied;next route only bounded Refuter stress,canonical ontology edit;benchmark promotion;Gate Chair verdict;completed derivation claim;general EqSrc discharge;canonical EqSrc adoption;canonical RetainH adoption;canonical GenH adoption;Resp_lc canonical adoption;M_src adoption;g_eff claim;matter coupling claim;Einstein equations claim;candidate reconstruction;candidate promotion;source-extension adoption as ontology;finite toy model as metric derivation;target metric import as source primitive;target proper time import as source primitive;target locality import;target observer protocol import;target calibration import as source primitive;matter-coupling import as source primitive;benchmark success evidence import;validation status as physics evidence;authority label as physics evidence;toy tags adopted as canonical ontology;future source-extension impossibility;global theory rejection,ontology edit;benchmark promotion;Gate Chair verdict;derivation claim;candidate promotion;canonical ontology expansion adoption;canonical equivalence adoption;canonical retention adoption;canonical generator adoption;source-to-metric law adoption;Resp_lc adoption;M_src adoption;g_eff adoption;finite toy model adoption as GR derivation;toy tag adoption as canonical ontology;future source-extension impossibility claim;global theory rejection,research_control/tasks/RT-20260614-054/artifacts/95_RESP_LC_FINITE_TOY_METRIC_RESPONSE_MODEL_SMUGGLING_AUDIT.tex,active,2026-06-18T01:06:20Z,2026-06-18T01:06:20Z,Resp_lc finite toy metric-response model smuggling audit boundary only
CB-RESP-LC-FINITE-TOY-METRIC-RESPONSE-MODEL-001,task,research_control/tasks/RT-20260614-053,finite toy metric-response model constructed as draft/control scaffolding;explicit source-side toy tags define partial R_toy relation;toy D_toy and A_toy analogues supplied;finite invariance checks supplied;parent_child_synthesis supplied;expanded distance_to_gr_status supplied;new mathematical payload supplied as finite_model definition and lemma;next route only bounded Smuggling Auditor audit,canonical ontology edit;benchmark promotion;Gate Chair verdict;completed derivation claim;general EqSrc discharge;canonical EqSrc adoption;canonical RetainH adoption;canonical GenH adoption;Resp_lc canonical adoption;M_src adoption;g_eff claim;matter coupling claim;Einstein equations claim;candidate reconstruction;candidate promotion;source-extension adoption as ontology;finite toy model as metric derivation;target metric import as source primitive;target proper time import as source primitive;target locality import;target observer protocol import;target calibration import as source primitive;matter-coupling import as source primitive;benchmark success evidence import;validation status as physics evidence;authority label as physics evidence;future source-extension impossibility;global theory rejection,ontology edit;benchmark promotion;Gate Chair verdict;derivation claim;candidate promotion;canonical ontology expansion adoption;canonical equivalence adoption;canonical retention adoption;canonical generator adoption;source-to-metric law adoption;Resp_lc adoption;M_src adoption;g_eff adoption;finite toy model adoption as GR derivation;future source-extension impossibility claim;global theory rejection,research_control/tasks/RT-20260614-053/artifacts/94_RESP_LC_FINITE_TOY_METRIC_RESPONSE_MODEL.tex,active,2026-06-18T00:54:37Z,2026-06-18T00:54:37Z,Resp_lc finite toy metric-response model construction boundary only
CB-RESP-LC-THEORETICAL-CONTINUATION-SELECTOR-FINITE-TOY-METRIC-RESPONSE-001,task,research_control/tasks/RT-20260614-052,theoretical continuation selector completed;finite_toy_metric_response_model selected as next packet;target components named as finite source set response relation toy metric-response analogue and invariance checks;parent_child_synthesis supplied;expanded distance_to_gr_status supplied;new mathematical payload supplied as packet selection and finite toy target;next route only bounded Candidate Constructor finite toy construction,canonical ontology edit;benchmark promotion;Gate Chair verdict;completed derivation claim;general EqSrc discharge;canonical EqSrc adoption;canonical RetainH adoption;canonical GenH adoption;Resp_lc canonical adoption;M_src adoption;g_eff claim;matter coupling claim;Einstein equations claim;candidate reconstruction;candidate promotion;source-extension adoption as ontology;finite toy model as metric derivation;target metric import as source primitive;target proper time import as source primitive;target locality import;target observer protocol import;target calibration import as source primitive;matter-coupling import as source primitive;benchmark success evidence import;validation status as physics evidence;authority label as physics evidence;future source-extension impossibility;global theory rejection,ontology edit;benchmark promotion;Gate Chair verdict;derivation claim;candidate promotion;canonical ontology expansion adoption;canonical equivalence adoption;canonical retention adoption;canonical generator adoption;source-to-metric law adoption;Resp_lc adoption;M_src adoption;g_eff adoption;finite toy model adoption as GR derivation;future source-extension impossibility claim;global theory rejection,research_control/tasks/RT-20260614-052/artifacts/93_RESP_LC_THEORETICAL_CONTINUATION_SELECTOR_FINITE_TOY_DECISION.yaml,active,2026-06-17T17:16:02Z,2026-06-17T17:16:02Z,Resp_lc theoretical continuation selector finite toy packet selection boundary only
CB-PROJECT-SYSTEM-GR-DERIVATION-ROADMAP-CONTROL-001,task,research_control/tasks/RT-20260617-003,GR derivation burden map control artifact added;Distance-to-GR ledger added;future milestone burden payload freeze source-extension and finite toy target validator behavior added;no science claim changed,canonical ontology edit;benchmark promotion;Gate Chair verdict;science draft execution;completed derivation claim;candidate reconstruction;global theory rejection;source extension adoption as ontology;finite toy model as metric derivation,ontology edit;benchmark promotion;Gate Chair verdict;science draft authority expansion;derivation claim;candidate promotion;canonical ontology expansion adoption;global theory rejection,research_control/tasks/RT-20260617-003/DDR-20260617-003.md,active,2026-06-17T15:46:25Z,2026-06-17T15:46:25Z,GR derivation roadmap project-system boundary without physics claim authority
CB-RESP-LC-SOURCE-SIDE-SELECTOR-NO-GO-THEOREM-REFUTER-STRESS-001,task,research_control/tasks/RT-20260614-051,scoped Refuter stress completed;the RT-20260614-050 theorem survives only as scoped obstruction for current S_X and audited no-target-import selector contract;arbitrary convention is not source determination;future source extension changes the input domain and is not a counterexample;parent_child_synthesis supplied;distance_to_gr_status supplied;next route only bounded Theoretical Continuation Selector decision packet,canonical ontology edit;benchmark promotion;Gate Chair verdict;completed derivation claim;general EqSrc discharge;canonical EqSrc adoption;canonical RetainH adoption;canonical GenH adoption;Resp_lc canonical adoption;M_src adoption;g_eff claim;matter coupling claim;Einstein equations claim;candidate reconstruction;candidate promotion;target metric import as source primitive;target proper time import as source primitive;target locality import;target observer protocol import;target calibration import as source primitive;matter-coupling import as source primitive;target favorable rank import;benchmark success evidence import;validation status as physics evidence;authority label as physics evidence;selector primitive adoption as canonical source ontology;global selector no-go theorem;future source-extension impossibility;global theory rejection,ontology edit;benchmark promotion;Gate Chair verdict;derivation claim;candidate promotion;canonical ontology expansion adoption;canonical equivalence adoption;canonical retention adoption;canonical generator adoption;source-to-metric law adoption;Resp_lc adoption;source-side selector primitive adoption;global selector no-go theorem adoption;future source-extension impossibility claim;global theory rejection,research_control/tasks/RT-20260614-051/artifacts/92_RESP_LC_SOURCE_SIDE_SELECTOR_NO_GO_THEOREM_REFUTER_STRESS_TEST.tex,active,2026-06-17T06:37:06Z,2026-06-17T06:37:06Z,Resp_lc selector no-go theorem Refuter stress boundary scoped to current tuple only
CB-RESP-LC-SOURCE-SIDE-SELECTOR-NO-GO-THEOREM-001,task,research_control/tasks/RT-20260614-050,scoped source-side selector no-go theorem completed for current retained tuple and audited no-target-import selector contract;parent_child_synthesis supplied;new mathematical payload supplied as theorem_with_hypotheses_and_proof and countermodel_or_obstruction;distance_to_gr_status supplied;next route only bounded Refuter stress test of theorem over hypothesis strength convention loopholes source-extension counterexamples and overread risk,canonical ontology edit;benchmark promotion;Gate Chair verdict;completed derivation claim;general EqSrc discharge;canonical EqSrc adoption;canonical RetainH adoption;canonical GenH adoption;Resp_lc canonical adoption;M_src adoption;g_eff claim;matter coupling claim;Einstein equations claim;candidate reconstruction;candidate promotion;target metric import as source primitive;target proper time import as source primitive;target locality import;target observer protocol import;target calibration import as source primitive;matter-coupling import as source primitive;target favorable rank import;benchmark success evidence import;validation status as physics evidence;authority label as physics evidence;selector primitive adoption as canonical source ontology;global selector no-go theorem;future source-extension impossibility;global theory rejection,ontology edit;benchmark promotion;Gate Chair verdict;derivation claim;candidate promotion;canonical ontology expansion adoption;canonical equivalence adoption;canonical retention adoption;canonical generator adoption;source-to-metric law adoption;Resp_lc adoption;source-side selector primitive adoption;global selector no-go theorem adoption;future source-extension impossibility claim;global theory rejection,research_control/tasks/RT-20260614-050/artifacts/91_LOCALIZATION_SOURCE_BASIS_AXIOM_SELECTOR_DOMAIN_EQSRC_LEDGER_COMPLETE_SOURCE_FAMILY_GENERATOR_PACKET_AUDITED_OBSLOC_OBSERVER_READOUT_RESP_LC_SOURCE_SIDE_SELECTOR_NO_GO_THEOREM_PACKET.tex,active,2026-06-17T06:10:40Z,2026-06-17T06:10:40Z,Resp_lc source-side selector no-go theorem boundary scoped to current tuple only
CB-RESP-LC-THEORETICAL-CONTINUATION-SELECTOR-DISTINCT-SCOPED-NO-GO-QUESTION-001,task,research_control/tasks/RT-20260614-049,theoretical continuation selector completed;distinct_scoped_no_go_question selected as next packet;parent_child_synthesis supplied;distance_to_gr_status supplied;next route only bounded Ontology Formalizer source-side selector no-go theorem packet,canonical ontology edit;benchmark promotion;Gate Chair verdict;completed derivation claim;general EqSrc discharge;canonical EqSrc adoption;canonical RetainH adoption;canonical GenH adoption;Resp_lc canonical adoption;M_src adoption;g_eff claim;matter coupling claim;Einstein equations claim;candidate reconstruction;candidate promotion;target metric import as source primitive;target proper time import as source primitive;target locality import;target observer protocol import;target calibration import as source primitive;matter-coupling import as source primitive;target favorable rank import;benchmark success evidence import;validation status as physics evidence;authority label as physics evidence;selector primitive adoption as canonical source ontology;source-side selector no-go theorem proved;global theory rejection,ontology edit;benchmark promotion;Gate Chair verdict;derivation claim;candidate promotion;canonical ontology expansion adoption;canonical equivalence adoption;canonical retention adoption;canonical generator adoption;source-to-metric law adoption;Resp_lc adoption;source-side selector primitive adoption;source-side selector no-go theorem adoption;global theory rejection,research_control/tasks/RT-20260614-049/artifacts/90_RESP_LC_THEORETICAL_CONTINUATION_SELECTOR_DECISION.yaml,active,2026-06-17T05:53:09Z,2026-06-17T05:53:09Z,Resp_lc theoretical continuation selector scoped no-go packet selection boundary only
CB-RESP-LC-SOURCE-SIDE-SELECTOR-INSTANTIATION-REFUTER-STRESS-001,task,research_control/tasks/RT-20260614-048,selector instantiation stress completed as scoped obstruction;no-target-import contract remains clean but constructively empty relative to S_X;parent_child_synthesis supplied;distance_to_gr_status supplied;next route only Theoretical Continuation Selector decision packet,canonical ontology edit;benchmark promotion;Gate Chair verdict;completed derivation claim;general EqSrc discharge;canonical EqSrc adoption;canonical RetainH adoption;canonical GenH adoption;Resp_lc canonical adoption;M_src adoption;g_eff claim;matter coupling claim;Einstein equations claim;candidate reconstruction;candidate promotion;target metric import as source primitive;target proper time import as source primitive;target locality import;target observer protocol import;target calibration import as source primitive;matter-coupling import as source primitive;target favorable rank import;benchmark success evidence import;validation status as physics evidence;authority label as physics evidence;selector primitive adoption as canonical source ontology;global theory rejection,ontology edit;benchmark promotion;Gate Chair verdict;derivation claim;candidate promotion;canonical ontology expansion adoption;canonical equivalence adoption;canonical retention adoption;canonical generator adoption;source-to-metric law adoption;Resp_lc adoption;source-side selector primitive adoption;global theory rejection,research_control/tasks/RT-20260614-048/artifacts/89_LOCALIZATION_SOURCE_BASIS_AXIOM_SELECTOR_DOMAIN_EQSRC_LEDGER_COMPLETE_SOURCE_FAMILY_GENERATOR_PACKET_AUDITED_OBSLOC_OBSERVER_READOUT_RESP_LC_SOURCE_SIDE_SELECTOR_INSTANTIATION_REFUTER_STRESS_TEST.tex,active,2026-06-17T05:40:52Z,2026-06-17T05:40:52Z,Resp_lc source-side selector instantiation Refuter stress-test boundary only
CB-RESP-LC-SOURCE-SIDE-SELECTOR-PRIMITIVE-SMUGGLING-AUDIT-001,task,research_control/tasks/RT-20260614-047,selector contract conditionally passes hidden-import audit as draft control contract;selector instantiation remains blocked;parent_child_synthesis supplied;distance_to_gr_status supplied;next route only Refuter scoped no-go or obstruction stress test,canonical ontology edit;benchmark promotion;Gate Chair verdict;completed derivation claim;general EqSrc discharge;canonical EqSrc adoption;canonical RetainH adoption;canonical GenH adoption;Resp_lc canonical adoption;M_src adoption;g_eff claim;matter coupling claim;Einstein equations claim;candidate reconstruction;candidate promotion;target metric import as source primitive;target proper time import as source primitive;target locality import;target observer protocol import;target calibration import as source primitive;matter-coupling import as source primitive;target favorable rank import;benchmark success evidence import;validation status as physics evidence;authority label as physics evidence;selector primitive adoption as canonical source ontology;global theory rejection,ontology edit;benchmark promotion;Gate Chair verdict;derivation claim;candidate promotion;canonical ontology expansion adoption;canonical equivalence adoption;canonical retention adoption;canonical generator adoption;source-to-metric law adoption;Resp_lc adoption;source-side selector primitive adoption,research_control/tasks/RT-20260614-047/artifacts/88_LOCALIZATION_SOURCE_BASIS_AXIOM_SELECTOR_DOMAIN_EQSRC_LEDGER_COMPLETE_SOURCE_FAMILY_GENERATOR_PACKET_AUDITED_OBSLOC_OBSERVER_READOUT_RESP_LC_SOURCE_SIDE_SELECTOR_PRIMITIVE_SMUGGLING_AUDIT.tex,active,2026-06-17T05:28:00Z,2026-06-17T05:28:00Z,Resp_lc source-side selector primitive smuggling audit boundary only
CB-RESP-LC-SOURCE-SIDE-SELECTOR-PRIMITIVE-PACKET-001,task,research_control/tasks/RT-20260614-046,source-side selector primitive contract stated;conditional selector-contract theorem supplied;current retained tuple non-instantiation obstruction supplied;parent_child_synthesis supplied;distance_to_gr_status supplied,canonical ontology edit;benchmark promotion;Gate Chair verdict;completed derivation claim;general EqSrc discharge;canonical EqSrc adoption;canonical RetainH adoption;canonical GenH adoption;Resp_lc canonical adoption;M_src adoption;g_eff claim;matter coupling claim;Einstein equations claim;candidate reconstruction;candidate promotion;target metric import as source primitive;target proper time import as source primitive;target locality import;target observer protocol import;target favorable rank import;benchmark success evidence import;validation status as physics evidence;authority label as physics evidence;selector primitive adoption as canonical source ontology;global theory rejection,ontology edit;benchmark promotion;Gate Chair verdict;derivation claim;candidate promotion;canonical ontology expansion adoption;canonical equivalence adoption;canonical retention adoption;canonical generator adoption;source-to-metric law adoption;Resp_lc adoption;source-side selector primitive adoption,research_control/tasks/RT-20260614-046/artifacts/87_LOCALIZATION_SOURCE_BASIS_AXIOM_SELECTOR_DOMAIN_EQSRC_LEDGER_COMPLETE_SOURCE_FAMILY_GENERATOR_PACKET_AUDITED_OBSLOC_OBSERVER_READOUT_RESP_LC_SOURCE_SIDE_SELECTOR_PRIMITIVE_PACKET.tex,active,2026-06-17T05:16:13Z,2026-06-17T05:16:13Z,Resp_lc source-side selector primitive packet boundary only
CB-RESP-LC-SOURCE-SIDE-IRRELEVANCE-THEOREM-TEST-001,task,research_control/tasks/RT-20260614-045,source-side irrelevance theorem test completed;quotient-burden obstruction supplied;source_side_selector_primitive named as next draft control payload;parent_child_synthesis supplied;distance_to_gr_status supplied,canonical ontology edit;benchmark promotion;Gate Chair verdict;completed derivation claim;general EqSrc discharge;canonical EqSrc adoption;canonical RetainH adoption;canonical GenH adoption;Resp_lc canonical adoption;M_src adoption;g_eff claim;matter coupling claim;Einstein equations claim;candidate reconstruction;candidate promotion;target metric import as source primitive;target proper time import as source primitive;target locality import;target observer protocol import;target favorable rank import;benchmark success evidence import;validation status as physics evidence;authority label as physics evidence;source-side irrelevance proof as successful theorem;global theory rejection,ontology edit;benchmark promotion;Gate Chair verdict;derivation claim;candidate promotion;canonical ontology expansion adoption;canonical equivalence adoption;canonical retention adoption;canonical generator adoption;source-to-metric law adoption;Resp_lc adoption;source-side selector primitive adoption,research_control/tasks/RT-20260614-045/artifacts/86_LOCALIZATION_SOURCE_BASIS_AXIOM_SELECTOR_DOMAIN_EQSRC_LEDGER_COMPLETE_SOURCE_FAMILY_GENERATOR_PACKET_AUDITED_OBSLOC_OBSERVER_READOUT_RESP_LC_SOURCE_SIDE_IRRELEVANCE_THEOREM_TEST.tex,active,2026-06-17T05:04:43Z,2026-06-17T05:04:43Z,Resp_lc source-side irrelevance theorem test boundary only
CB-RESP-LC-THEORETICAL-CONTINUATION-SELECTOR-SOURCE-SIDE-IRRELEVANCE-THEOREM-001,task,research_control/tasks/RT-20260614-044,Theoretical selector selected source_side_irrelevance_theorem as next Resp_lc packet;selection is draft control only;parent_child_synthesis supplied;distance_to_gr_status supplied,canonical ontology edit;benchmark promotion;Gate Chair verdict;completed derivation claim;general EqSrc discharge;canonical EqSrc adoption;canonical RetainH adoption;canonical GenH adoption;Resp_lc canonical adoption;M_src adoption;g_eff claim;matter coupling claim;Einstein equations claim;candidate reconstruction;candidate promotion;target metric import as source primitive;target proper time import as source primitive;target locality import;target observer protocol import;target favorable rank import;benchmark success evidence import;validation status as physics evidence;authority label as physics evidence;global theory rejection,ontology edit;benchmark promotion;Gate Chair verdict;derivation claim;candidate promotion;canonical ontology expansion adoption;canonical equivalence adoption;canonical retention adoption;canonical generator adoption;source-to-metric law adoption;Resp_lc adoption,research_control/tasks/RT-20260614-044/artifacts/85_RESP_LC_THEORETICAL_CONTINUATION_SELECTOR_DECISION.yaml,active,2026-06-17T04:48:17Z,2026-06-17T04:48:17Z,Resp_lc theoretical continuation selector boundary only
CB-PROJECT-SYSTEM-THEORETICAL-CONTINUATION-PAUSE-GATE-001,task,research_control/tasks/RT-20260617-002,theoretical continuation pause-gate policy implemented;theoretical-continuation-selector role registered;future generic controlled_pause blocked for physics loop exits;human_gated_ontology_change_required reserved for protected ontology authority;historical controlled-pause records preserved;no science claim changed,canonical ontology edit;benchmark promotion;Gate Chair verdict;science draft execution;completed derivation claim;candidate reconstruction;global theory rejection;generic future controlled_pause for theoretical uncertainty,ontology edit;benchmark promotion;Gate Chair verdict;science draft authority expansion;derivation claim;candidate promotion;canonical ontology expansion adoption;global theory rejection,research_control/tasks/RT-20260617-002/artifacts/theoretical_continuation_pause_gate_policy_implementation_audit.md,active,2026-06-17T04:29:31Z,2026-06-17T04:29:31Z,Theoretical continuation pause-gate policy project boundary without physics claim authority
CB-PROJECT-SYSTEM-MANDATORY-PARENT-CHILD-CONTINUE-RESEARCH-001,task,research_control/tasks/RT-20260617-001,mandatory parent-child continue-research policy implemented;future physics AgentJobs require role_decomposition mode parent_child_parallel_synthesis;historical AgentJobs before activation remain valid;validator tests schema skill role template and docs updated;no science claim changed,canonical ontology edit;benchmark promotion;Gate Chair verdict;science draft execution;completed derivation claim;candidate reconstruction;global theory rejection;child AgentJobs as independent authority;authority expansion through role decomposition,ontology edit;benchmark promotion;Gate Chair verdict;science draft authority expansion;derivation claim;candidate promotion;canonical ontology expansion adoption;global theory rejection,research_control/tasks/RT-20260617-001/artifacts/mandatory_parent_child_continue_research_policy_implementation_audit.md,active,2026-06-17T04:09:41Z,2026-06-17T04:09:41Z,Mandatory parent-child continue-research policy project boundary without physics claim authority
CB-LOCALIZATION-SOURCE-BASIS-AXIOM-SELECTOR-DOMAIN-EQSRC-LEDGER-COMPLETE-SOURCE-FAMILY-GENERATOR-PACKET-AUDITED-OBSLOC-OBSERVER-READOUT-RESP-LC-SOURCE-RESPONSE-OBSTRUCTION-THEOREM-REFUTER-STRESS-TEST-001,task,research_control/tasks/RT-20260614-043,Resp_lc source-response obstruction theorem survives Refuter stress as scoped obstruction;loop-risk category scoped_obstruction;controlled_pause route recommended;distance_to_gr_status supplied,canonical ontology edit;benchmark promotion;Gate Chair verdict;completed derivation claim;general EqSrc discharge;canonical EqSrc adoption;canonical RetainH adoption;canonical GenH adoption;Resp_lc canonical adoption;M_src adoption;g_eff claim;matter coupling claim;Einstein equations claim;candidate reconstruction;candidate promotion;target metric import as source primitive;target proper time import as source primitive;target locality import;target observer protocol import;target favorable rank import;benchmark success evidence import;validation status as physics evidence;authority label as physics evidence;global theory rejection,ontology edit;benchmark promotion;Gate Chair verdict;derivation claim;candidate promotion;canonical ontology expansion adoption;canonical equivalence adoption;canonical retention adoption;canonical generator adoption;source-to-metric law adoption;Resp_lc adoption,research_control/tasks/RT-20260614-043/artifacts/84_LOCALIZATION_SOURCE_BASIS_AXIOM_SELECTOR_DOMAIN_EQSRC_LEDGER_COMPLETE_SOURCE_FAMILY_GENERATOR_PACKET_AUDITED_OBSLOC_OBSERVER_READOUT_RESP_LC_SOURCE_RESPONSE_OBSTRUCTION_THEOREM_REFUTER_STRESS_TEST.tex,active,2026-06-17T03:53:15Z,2026-06-17T03:53:15Z,Resp_lc source-response obstruction theorem Refuter stress-test boundary only
CB-PROJECT-SYSTEM-PARENT-CHILD-RESEARCH-ROLES-001,task,research_control/tasks/RT-20260616-002,optional parent-child parallel synthesis project-control functionality implemented;one outer AgentJob invariant preserved;internal parent and child execution units validated;conflict review and completion contracts added;no science claim changed,canonical ontology edit;benchmark promotion;Gate Chair verdict;science draft edit;generated derivative hand edit;completed derivation claim;candidate reconstruction;global theory rejection;child AgentJobs as independent first-class jobs;child execution-role authority expansion,ontology edit;benchmark promotion;Gate Chair verdict;derivation claim;candidate promotion;canonical ontology expansion adoption;global theory rejection;permanent role registration,research_control/tasks/RT-20260616-002/artifacts/parent_child_research_roles_implementation_audit.md,active,2026-06-17T01:23:00Z,2026-06-17T01:23:00Z,Parent-child research-role system project boundary without physics claim authority
CB-PROJECT-SYSTEM-PARENT-CHILD-DOCS-SYNC-001,task,research_control/tasks/RT-20260616-003,parent-child research-role documentation synchronized;source specs GitHub-facing pages and tracked HTML updated;Mermaid inline SVG refreshed;no control behavior or science claim changed,canonical ontology edit;benchmark promotion;Gate Chair verdict;science draft edit;validator behavior change;schema change;role contract change;skill contract change;generated HTML as independent authority;direct HTML-only edit without matching source spec;child AgentJobs as independent authority,ontology edit;benchmark promotion;Gate Chair verdict;science draft authority expansion;HTML authority expansion;public deployment;autonomous proof claim;control behavior change;role contract change;schema change,research_control/tasks/RT-20260616-003/documentation_impact.yaml,active,2026-06-17T02:01:37Z,2026-06-17T02:01:37Z,Parent-child documentation synchronization boundary without scientific authority
CB-LOCALIZATION-SOURCE-BASIS-AXIOM-SELECTOR-DOMAIN-EQSRC-LEDGER-COMPLETE-SOURCE-FAMILY-GENERATOR-PACKET-AUDITED-OBSLOC-OBSERVER-READOUT-RESP-LC-SOURCE-RESPONSE-OBSTRUCTION-THEOREM-001,task,research_control/tasks/RT-20260614-042,Resp_lc source-response underdetermination theorem supplied as draft/control;concrete obstruction family sign reversal scale rescaling and response-token relabeling supplied;new_mathematical_payload supplied;distance_to_gr_status supplied;next route only Refuter scoped no-go or obstruction stress test,canonical ontology edit;benchmark promotion;Gate Chair verdict;completed derivation claim;general EqSrc discharge;canonical EqSrc adoption;canonical RetainH adoption;canonical GenH adoption;Resp_lc canonical adoption;M_src adoption;g_eff claim;matter coupling claim;Einstein equations claim;candidate reconstruction;candidate promotion;target metric import as source primitive;target proper time import as source primitive;target locality import;target observer protocol import;target favorable rank import;benchmark success evidence import;validation status as physics evidence;authority label as physics evidence;global theory rejection,ontology edit;benchmark promotion;Gate Chair verdict;derivation claim;candidate promotion;canonical ontology expansion adoption;canonical equivalence adoption;canonical retention adoption;canonical generator adoption;source-to-metric law adoption;Resp_lc adoption,research_control/tasks/RT-20260614-042/artifacts/83_LOCALIZATION_SOURCE_BASIS_AXIOM_SELECTOR_DOMAIN_EQSRC_LEDGER_COMPLETE_SOURCE_FAMILY_GENERATOR_PACKET_AUDITED_OBSLOC_OBSERVER_READOUT_RESP_LC_SOURCE_RESPONSE_OBSTRUCTION_THEOREM.tex,active,2026-06-17T03:42:04Z,2026-06-17T03:42:04Z,Resp_lc source-response obstruction theorem boundary only
CB-LOCALIZATION-SOURCE-BASIS-AXIOM-SELECTOR-DOMAIN-EQSRC-LEDGER-COMPLETE-SOURCE-FAMILY-GENERATOR-PACKET-AUDITED-OBSLOC-OBSERVER-READOUT-METRIC-RESPONSE-LAW-BRIDGE-ATTEMPT-001,task,research_control/tasks/RT-20260614-041,M_src trial schema attempted from exact source observer/readout tuple;bridge_attempt_status supplied;missing primitive Resp_lc named only as draft/control burden;distance_to_gr_status supplied;next route Ontology Formalizer Resp_lc witness or controlled pause,canonical ontology edit;benchmark promotion;Gate Chair verdict;completed derivation claim;general EqSrc discharge;canonical EqSrc adoption;canonical RetainH adoption;canonical GenH adoption;M_src adoption;g_eff claim;matter coupling claim;Einstein equations claim;candidate reconstruction;candidate promotion;Resp_lc canonical adoption;target metric import as source primitive;target proper time import as source primitive;target locality import;target observer protocol import;target favorable rank import;benchmark success evidence import;validation status as physics evidence;authority label as physics evidence;global theory rejection,ontology edit;benchmark promotion;Gate Chair verdict;derivation claim;candidate promotion;canonical ontology expansion adoption;canonical equivalence adoption;canonical retention adoption;canonical generator adoption;source-to-metric law adoption;Resp_lc adoption,research_control/tasks/RT-20260614-041/artifacts/82_LOCALIZATION_SOURCE_BASIS_AXIOM_SELECTOR_DOMAIN_EQSRC_LEDGER_COMPLETE_SOURCE_FAMILY_GENERATOR_PACKET_AUDITED_OBSLOC_OBSERVER_READOUT_METRIC_RESPONSE_LAW_BRIDGE_ATTEMPT.tex,active,2026-06-17T02:14:43Z,2026-06-17T02:14:43Z,Metric-response-law bridge attempt boundary only with Resp_lc as missing primitive
CB-LOCALIZATION-SOURCE-BASIS-AXIOM-SELECTOR-DOMAIN-EQSRC-LEDGER-COMPLETE-SOURCE-FAMILY-GENERATOR-PACKET-AUDITED-OBSLOC-OBSERVER-READOUT-BRIDGE-MAP-REFUTER-STRESS-TEST-001,task,research_control/tasks/RT-20260614-040,B_obs^= retained as exact branch source observer-readout bridge-facing candidate path;loop-risk category bridge_facing_candidate_path;candidate_constructor_bridge_attempt route;M_src remains missing;distance_to_gr_status supplied,canonical ontology edit;benchmark promotion;Gate Chair verdict;completed derivation claim;general EqSrc discharge;canonical EqSrc adoption;canonical RetainH adoption;canonical GenH adoption;source-to-metric law adoption;g_eff claim;matter coupling claim;Einstein equations claim;candidate reconstruction;candidate promotion;target metric import as source primitive;target proper time import as source primitive;target locality import;target observer protocol import;target favorable rank import;benchmark success evidence import;validation status as physics evidence;authority label as physics evidence;global theory rejection,ontology edit;benchmark promotion;Gate Chair verdict;derivation claim;candidate promotion;canonical ontology expansion adoption;canonical equivalence adoption;canonical retention adoption;canonical generator adoption;source-to-metric law adoption,research_control/tasks/RT-20260614-040/artifacts/81_LOCALIZATION_SOURCE_BASIS_AXIOM_SELECTOR_DOMAIN_EQSRC_LEDGER_COMPLETE_SOURCE_FAMILY_GENERATOR_PACKET_AUDITED_OBSLOC_OBSERVER_READOUT_BRIDGE_MAP_REFUTER_STRESS_TEST.tex,active,2026-06-17T00:46:41Z,2026-06-17T00:46:41Z,EqSrc ledger-complete source-family generator audited ObsLoc_lc source observer-readout bridge map Refuter stress-test boundary only
CB-LOCALIZATION-SOURCE-BASIS-AXIOM-SELECTOR-DOMAIN-EQSRC-LEDGER-COMPLETE-SOURCE-FAMILY-GENERATOR-PACKET-AUDITED-OBSLOC-OBSERVER-READOUT-BRIDGE-MAP-SMUGGLING-AUDIT-001,task,research_control/tasks/RT-20260614-039,local conditional source purity pass for exact branch B_obs^= source observer-readout map;distance_to_gr_status supplied;next route only Refuter stress test,canonical ontology edit;benchmark promotion;Gate Chair verdict;completed derivation claim;general EqSrc discharge;canonical EqSrc adoption;canonical RetainH adoption;canonical GenH adoption;source-to-metric law construction;g_eff claim;matter coupling claim;Einstein equations claim;candidate reconstruction;candidate promotion;target metric import as source primitive;target proper time import as source primitive;target locality import;target observer protocol import;target favorable rank import;benchmark success evidence import;validation status as physics evidence;authority label as physics evidence;global theory rejection,ontology edit;benchmark promotion;Gate Chair verdict;derivation claim;candidate promotion;canonical ontology expansion adoption;canonical equivalence adoption;canonical retention adoption;canonical generator adoption;source-to-metric law adoption,research_control/tasks/RT-20260614-039/artifacts/80_LOCALIZATION_SOURCE_BASIS_AXIOM_SELECTOR_DOMAIN_EQSRC_LEDGER_COMPLETE_SOURCE_FAMILY_GENERATOR_PACKET_AUDITED_OBSLOC_OBSERVER_READOUT_BRIDGE_MAP_SMUGGLING_AUDIT.tex,active,2026-06-17T00:24:14Z,2026-06-17T00:24:14Z,EqSrc ledger-complete source-family generator audited ObsLoc_lc source observer-readout bridge map smuggling audit boundary only
CB-LOCALIZATION-SOURCE-BASIS-AXIOM-SELECTOR-DOMAIN-EQSRC-LEDGER-COMPLETE-SOURCE-FAMILY-GENERATOR-PACKET-AUDITED-OBSLOC-OBSERVER-READOUT-BRIDGE-ATTEMPT-001,task,research_control/tasks/RT-20260614-038,exact source observer-readout candidate map B_obs^= for audited ObsLoc_lc branch;bridge_attempt_status supplied;distance_to_gr_status supplied;source-to-metric law M_src named as missing primitive;next route only Smuggling Auditor review,canonical ontology edit;benchmark promotion;Gate Chair verdict;completed derivation claim;general EqSrc discharge;canonical EqSrc adoption;canonical RetainH adoption;canonical GenH adoption;downstream metric bridge claim;candidate reconstruction;candidate promotion;target metric import as source primitive;target proper time import as source primitive;target locality import;target observer protocol import;target favorable rank import;benchmark success evidence import;validation status as physics evidence;authority label as physics evidence;global theory rejection,ontology edit;benchmark promotion;Gate Chair verdict;derivation claim;candidate promotion;canonical ontology expansion adoption;canonical equivalence adoption;canonical retention adoption;canonical generator adoption,research_control/tasks/RT-20260614-038/artifacts/79_LOCALIZATION_SOURCE_BASIS_AXIOM_SELECTOR_DOMAIN_EQSRC_LEDGER_COMPLETE_SOURCE_FAMILY_GENERATOR_PACKET_AUDITED_OBSLOC_OBSERVER_READOUT_BRIDGE_ATTEMPT.tex,active,2026-06-16T23:14:27Z,2026-06-16T23:14:27Z,EqSrc ledger-complete source-family generator audited ObsLoc_lc observer-readout bridge-attempt boundary only
CB-LOCALIZATION-SOURCE-BASIS-AXIOM-SELECTOR-DOMAIN-EQSRC-LEDGER-COMPLETE-SOURCE-FAMILY-GENERATOR-PACKET-OBSERVER-LOCALIZING-SOLDERING-RULE-CONCRETE-WITNESS-SMUGGLING-AUDIT-001,task,research_control/tasks/RT-20260614-037,local conditional source purity pass for exact branch ObsLoc_lc witness;finite X_loc and C_loc^= source-pure under audit;distance_to_gr_status supplied;next route only Candidate Constructor observer-readout bridge attempt as draft control test,canonical ontology edit;benchmark promotion;Gate Chair verdict;completed derivation claim;general EqSrc discharge;canonical EqSrc adoption;canonical RetainH adoption;canonical GenH adoption;downstream bridge claim;candidate reconstruction;candidate promotion;target metric import as source primitive;target proper time import as source primitive;target locality import;target observer protocol import;target favorable rank import;benchmark success evidence import;validation status as physics evidence;authority label as physics evidence;global theory rejection,ontology edit;benchmark promotion;Gate Chair verdict;derivation claim;candidate promotion;canonical ontology expansion adoption;canonical equivalence adoption;canonical retention adoption;canonical generator adoption,research_control/tasks/RT-20260614-037/artifacts/78_LOCALIZATION_SOURCE_BASIS_AXIOM_SELECTOR_DOMAIN_EQSRC_LEDGER_COMPLETE_SOURCE_FAMILY_GENERATOR_PACKET_OBSERVER_LOCALIZING_SOLDERING_RULE_CONCRETE_WITNESS_SMUGGLING_AUDIT.tex,active,2026-06-16T22:51:50Z,2026-06-16T22:51:50Z,EqSrc ledger-complete source-family generator ObsLoc_lc concrete witness smuggling audit boundary only
CB-LOCALIZATION-SOURCE-BASIS-AXIOM-SELECTOR-DOMAIN-EQSRC-LEDGER-COMPLETE-SOURCE-FAMILY-GENERATOR-PACKET-OBSERVER-LOCALIZING-SOLDERING-RULE-CONCRETE-WITNESS-001,task,research_control/tasks/RT-20260614-036,local exact source-only ObsLoc_lc concrete witness supplied;finite X_loc source object and exact certificate family C_loc^= supplied;new_mathematical_payload and distance_to_gr_status supplied;scoped obstruction for nontrivial quotient boundary nonmatching composition omitted inverse history and quotient readout transport;next route only Smuggling Auditor review,canonical ontology edit;benchmark promotion;Gate Chair verdict;completed derivation claim;general EqSrc discharge;canonical EqSrc adoption;canonical RetainH adoption;canonical GenH adoption;downstream bridge claim;candidate reconstruction;candidate promotion;target metric import as source primitive;target proper time import as source primitive;target locality import;target observer protocol import;target favorable rank import;benchmark success evidence import;validation status as physics evidence;authority label as physics evidence;global theory rejection,ontology edit;benchmark promotion;Gate Chair verdict;derivation claim;candidate promotion;canonical ontology expansion adoption;canonical equivalence adoption;canonical retention adoption;canonical generator adoption,research_control/tasks/RT-20260614-036/artifacts/77_LOCALIZATION_SOURCE_BASIS_AXIOM_SELECTOR_DOMAIN_EQSRC_LEDGER_COMPLETE_SOURCE_FAMILY_GENERATOR_PACKET_OBSERVER_LOCALIZING_SOLDERING_RULE_CONCRETE_WITNESS.tex,active,2026-06-16T22:14:21Z,2026-06-16T22:14:21Z,EqSrc ledger-complete source-family generator ObsLoc_lc concrete witness boundary only
CB-LOCALIZATION-SOURCE-BASIS-AXIOM-SELECTOR-DOMAIN-EQSRC-LEDGER-COMPLETE-SOURCE-FAMILY-GENERATOR-PACKET-OBSERVER-READOUT-BRIDGE-ATTEMPT-001,task,research_control/tasks/RT-20260614-035,source-only observer-readout bridge attempt from Obj_lc Cert_lc and Read_lc;bridge_attempt_status missing ObsLoc_lc primitive;distance_to_gr_status;next route only named ObsLoc_lc concrete witness construction or controlled pause,canonical ontology edit;benchmark promotion;Gate Chair verdict;completed derivation claim;general EqSrc discharge;canonical EqSrc adoption;canonical RetainH adoption;canonical GenH adoption;downstream bridge claim;candidate reconstruction;candidate promotion;target metric import as source primitive;target proper time import as source primitive;target locality import;target observer protocol import;target favorable rank import;benchmark success evidence import;validation status as physics evidence;authority label as physics evidence;global theory rejection,ontology edit;benchmark promotion;Gate Chair verdict;derivation claim;candidate promotion;canonical ontology expansion adoption;canonical equivalence adoption;canonical retention adoption;canonical generator adoption,research_control/tasks/RT-20260614-035/artifacts/76_LOCALIZATION_SOURCE_BASIS_AXIOM_SELECTOR_DOMAIN_EQSRC_LEDGER_COMPLETE_SOURCE_FAMILY_GENERATOR_PACKET_OBSERVER_READOUT_BRIDGE_ATTEMPT.tex,active,2026-06-16T20:18:09Z,2026-06-16T20:18:09Z,EqSrc ledger-complete source-family generator observer-readout bridge-attempt boundary only
CB-PROJECT-SYSTEM-BRIDGE-OR-FAIL-LOOP-CONTROL-001,task,research_control/tasks/RT-20260616-001,prospective bridge-or-fail loop-control functionality implemented;future physics completions require distance-to-GR matrix;future Refuter stress tests require decision taxonomy;future Ontology Formalizer completions require new mathematical payload;future Candidate Constructor bridge attempts require bridge status;future handoffs reject generic obligation-packet loops;no science claim changed,canonical ontology edit;benchmark promotion;Gate Chair verdict;science draft edit;generated derivative hand edit;completed derivation claim;candidate reconstruction;global theory rejection;execution of separate physics AgentJob inside this transaction,ontology edit;benchmark promotion;Gate Chair verdict;derivation claim;candidate promotion;canonical ontology expansion adoption;global theory rejection,research_control/tasks/RT-20260616-001/artifacts/review_6-16_loop_analysis_implementation_audit.md,active,2026-06-16T19:20:00Z,2026-06-16T19:20:00Z,Bridge-or-fail loop-control project-system boundary without physics claim authority
CB-LOCALIZATION-SOURCE-BASIS-AXIOM-SELECTOR-DOMAIN-EQSRC-LEDGER-COMPLETE-SOURCE-FAMILY-GENERATOR-PACKET-FINITE-VARIATION-REPAIR-OR-CONTROLLED-PAUSE-PACKET-REFUTER-STRESS-TEST-001,task,research_control/tasks/RT-20260614-034,exact-interface packet retained only as source-control draft object;loop-risk category repeated_unmet_burdens_no_new_payload;controlled pause route;finite variation robustness bridge relevance and promotion remain undischarged;general EqSrc RetainH GenH downstream bridge candidate reconstruction promotion blocked,canonical ontology edit;benchmark promotion;Gate Chair verdict;completed derivation claim;semantic NoTargetH discharge;canonical NoTargetSyn adoption;general EqSrc discharge;canonical EqSrc adoption;canonical RetainH adoption;canonical GenH adoption;downstream bridge claim;candidate reconstruction;candidate promotion;target metric import as source primitive;target proper time import as source primitive;target locality import;target observer protocol import;target favorable rank import;benchmark success evidence import;validation status as physics evidence;authority label as physics evidence;global theory rejection,ontology edit;benchmark promotion;Gate Chair verdict;derivation claim;candidate promotion;canonical ontology expansion adoption;canonical target-exclusion adoption;canonical equivalence adoption;canonical retention adoption;canonical generator adoption,research_control/tasks/RT-20260614-034/artifacts/75_LOCALIZATION_SOURCE_BASIS_AXIOM_SELECTOR_DOMAIN_EQSRC_LEDGER_COMPLETE_SOURCE_FAMILY_GENERATOR_PACKET_FINITE_VARIATION_REPAIR_OR_CONTROLLED_PAUSE_PACKET_REFUTER_STRESS_TEST.tex,active,2026-06-16T19:50:34Z,2026-06-16T19:50:34Z,EqSrc ledger-complete source-family generator finite-variation repair-or-controlled-pause packet Refuter stress-test boundary only
CB-LOCALIZATION-SOURCE-BASIS-AXIOM-SELECTOR-DOMAIN-EQSRC-LEDGER-COMPLETE-SOURCE-FAMILY-GENERATOR-PACKET-FINITE-VARIATION-REPAIR-OR-CONTROLLED-PAUSE-PACKET-SMUGGLING-AUDIT-001,task,research_control/tasks/RT-20260614-033,local conditional pass for RT-20260614-032 repair-or-controlled-pause packet as source-pure draft control audit object;exact representative and boundary baselines pass only exact branches;partial exact composition token requirements audit readout separation and schematic negative disclosure source-pure;nontrivial quotient concrete inverse-token witness readout minimality readout discriminating power negative coverage robustness bridge and promotion burdens remain paused or in repair;general EqSrc RetainH GenH downstream bridge candidate reconstruction promotion blocked,canonical ontology edit;benchmark promotion;Gate Chair verdict;completed derivation claim;semantic NoTargetH discharge;canonical NoTargetSyn adoption;general EqSrc discharge;canonical EqSrc adoption;canonical RetainH adoption;canonical GenH adoption;downstream bridge claim;candidate reconstruction;candidate promotion;target metric import as source primitive;target proper time import as source primitive;target locality import;target observer protocol import;target favorable rank import;benchmark success evidence import;validation status as physics evidence;authority label as physics evidence;global theory rejection,ontology edit;benchmark promotion;Gate Chair verdict;derivation claim;candidate promotion;canonical ontology expansion adoption;canonical target-exclusion adoption;canonical equivalence adoption;canonical retention adoption;canonical generator adoption,research_control/tasks/RT-20260614-033/artifacts/74_LOCALIZATION_SOURCE_BASIS_AXIOM_SELECTOR_DOMAIN_EQSRC_LEDGER_COMPLETE_SOURCE_FAMILY_GENERATOR_PACKET_FINITE_VARIATION_REPAIR_OR_CONTROLLED_PAUSE_PACKET_SMUGGLING_AUDIT.tex,active,2026-06-16T04:12:11Z,2026-06-16T04:12:11Z,EqSrc ledger-complete source-family generator finite-variation repair-or-controlled-pause packet smuggling audit boundary only
CB-LOCALIZATION-SOURCE-BASIS-AXIOM-SELECTOR-DOMAIN-EQSRC-LEDGER-COMPLETE-SOURCE-FAMILY-GENERATOR-PACKET-FINITE-VARIATION-REPAIR-OR-CONTROLLED-PAUSE-PACKET-001,task,research_control/tasks/RT-20260614-032,conservative exact representative and boundary interfaces supplied;partial exact composition ledger supplied;inverse-provenance token requirements audit-readout discriminant table and schematic negative-witness rows supplied;nontrivial quotient relaxation concrete missing-family witnesses readout minimality and full discriminating power remain bracketed;general EqSrc RetainH GenH downstream bridge candidate reconstruction promotion blocked,canonical ontology edit;benchmark promotion;Gate Chair verdict;completed derivation claim;semantic NoTargetH discharge;canonical NoTargetSyn adoption;general EqSrc discharge;canonical EqSrc adoption;canonical RetainH adoption;canonical GenH adoption;downstream bridge claim;candidate reconstruction;candidate promotion;target metric import as source primitive;target proper time import as source primitive;target locality import;target observer protocol import;target favorable rank import;benchmark success evidence import;validation status as physics evidence;authority label as physics evidence;global theory rejection,ontology edit;benchmark promotion;Gate Chair verdict;derivation claim;candidate promotion;canonical ontology expansion adoption;canonical target-exclusion adoption;canonical equivalence adoption;canonical retention adoption;canonical generator adoption,research_control/tasks/RT-20260614-032/artifacts/73_LOCALIZATION_SOURCE_BASIS_AXIOM_SELECTOR_DOMAIN_EQSRC_LEDGER_COMPLETE_SOURCE_FAMILY_GENERATOR_PACKET_FINITE_VARIATION_REPAIR_OR_CONTROLLED_PAUSE_PACKET.tex,active,2026-06-16T04:00:25Z,2026-06-16T04:00:25Z,EqSrc ledger-complete source-family generator finite-variation repair-or-controlled-pause packet boundary only
CB-LOCALIZATION-SOURCE-BASIS-AXIOM-SELECTOR-DOMAIN-EQSRC-LEDGER-COMPLETE-SOURCE-FAMILY-GENERATOR-PACKET-FINITE-VARIATION-ROBUSTNESS-READOUT-DISCRIMINANT-OBLIGATION-PACKET-REFUTER-STRESS-TEST-001,task,research_control/tasks/RT-20260614-031,obligation interface retained only as source-side test interface;representative boundary quotient inverse readout negative witness and failure-condition counterexample schemas recorded;finite variation robustness readout discriminants bridge relevance and promotion remain undischarged;general EqSrc RetainH GenH downstream bridge candidate reconstruction promotion blocked,canonical ontology edit;benchmark promotion;Gate Chair verdict;completed derivation claim;semantic NoTargetH discharge;canonical NoTargetSyn adoption;general EqSrc discharge;canonical EqSrc adoption;canonical RetainH adoption;canonical GenH adoption;downstream bridge claim;candidate reconstruction;candidate promotion;target metric import as source primitive;target proper time import as source primitive;target locality import;target observer protocol import;target favorable rank import;benchmark success evidence import;validation status as physics evidence;authority label as physics evidence;global theory rejection,ontology edit;benchmark promotion;Gate Chair verdict;derivation claim;candidate promotion;canonical ontology expansion adoption;canonical target-exclusion adoption;canonical equivalence adoption;canonical retention adoption;canonical generator adoption,research_control/tasks/RT-20260614-031/artifacts/72_LOCALIZATION_SOURCE_BASIS_AXIOM_SELECTOR_DOMAIN_EQSRC_LEDGER_COMPLETE_SOURCE_FAMILY_GENERATOR_PACKET_FINITE_VARIATION_ROBUSTNESS_READOUT_DISCRIMINANT_OBLIGATION_PACKET_REFUTER_STRESS_TEST.tex,active,2026-06-16T03:49:04Z,2026-06-16T03:49:04Z,EqSrc ledger-complete source-family generator finite-variation robustness and readout-discriminant obligation packet Refuter stress-test boundary only
CB-LOCALIZATION-SOURCE-BASIS-AXIOM-SELECTOR-DOMAIN-EQSRC-LEDGER-COMPLETE-SOURCE-FAMILY-GENERATOR-PACKET-FINITE-VARIATION-ROBUSTNESS-READOUT-DISCRIMINANT-OBLIGATION-PACKET-SMUGGLING-AUDIT-001,task,research_control/tasks/RT-20260614-030,local conditional pass for RT-20260614-029 obligation packet as source-pure draft control audit object;no local hidden target primitive import detected;representative equivalence and boundary equivalence accepted only as future source-side obligations;readout discriminating power and negative witness coverage remain undischarged;Refuter stress required;general EqSrc RetainH GenH downstream bridge candidate reconstruction promotion blocked,canonical ontology edit;benchmark promotion;Gate Chair verdict;completed derivation claim;semantic NoTargetH discharge;canonical NoTargetSyn adoption;general EqSrc discharge;canonical EqSrc adoption;canonical RetainH adoption;canonical GenH adoption;downstream bridge claim;candidate reconstruction;candidate promotion;target metric import as source primitive;target proper time import as source primitive;target locality import;target observer protocol import;target favorable rank import;benchmark success evidence import;validation status as physics evidence;authority label as physics evidence;global theory rejection,ontology edit;benchmark promotion;Gate Chair verdict;derivation claim;candidate promotion;canonical ontology expansion adoption;canonical target-exclusion adoption;canonical equivalence adoption;canonical retention adoption;canonical generator adoption,research_control/tasks/RT-20260614-030/artifacts/71_LOCALIZATION_SOURCE_BASIS_AXIOM_SELECTOR_DOMAIN_EQSRC_LEDGER_COMPLETE_SOURCE_FAMILY_GENERATOR_PACKET_FINITE_VARIATION_ROBUSTNESS_READOUT_DISCRIMINANT_OBLIGATION_PACKET_SMUGGLING_AUDIT.tex,active,2026-06-16T03:37:50Z,2026-06-16T03:37:50Z,EqSrc ledger-complete source-family generator finite-variation robustness and readout-discriminant obligation packet smuggling audit boundary only
CB-LOCALIZATION-SOURCE-BASIS-AXIOM-SELECTOR-DOMAIN-EQSRC-LEDGER-COMPLETE-SOURCE-FAMILY-GENERATOR-PACKET-FINITE-VARIATION-ROBUSTNESS-READOUT-DISCRIMINANT-OBLIGATION-PACKET-001,task,research_control/tasks/RT-20260614-029,source-side adverse variation suite specified;representative independence boundary invariance quotient composition inverse provenance readout minimality readout discriminating power and negative witness coverage obligations specified;local pass pause repair kill criteria stated;finite variation robustness remains paused;general EqSrc RetainH GenH downstream bridge candidate reconstruction promotion blocked,canonical ontology edit;benchmark promotion;Gate Chair verdict;completed derivation claim;semantic NoTargetH discharge;canonical NoTargetSyn adoption;general EqSrc discharge;canonical EqSrc adoption;canonical RetainH adoption;canonical GenH adoption;downstream bridge claim;candidate reconstruction;candidate promotion;target metric import as source primitive;target proper time import as source primitive;target locality import;target observer protocol import;target favorable rank import;benchmark success evidence import;validation status as physics evidence;authority label as physics evidence;global theory rejection,ontology edit;benchmark promotion;Gate Chair verdict;derivation claim;candidate promotion;canonical ontology expansion adoption;canonical target-exclusion adoption;canonical equivalence adoption;canonical retention adoption;canonical generator adoption,research_control/tasks/RT-20260614-029/artifacts/70_LOCALIZATION_SOURCE_BASIS_AXIOM_SELECTOR_DOMAIN_EQSRC_LEDGER_COMPLETE_SOURCE_FAMILY_GENERATOR_PACKET_FINITE_VARIATION_ROBUSTNESS_READOUT_DISCRIMINANT_OBLIGATION_PACKET.tex,active,2026-06-16T03:25:49Z,2026-06-16T03:25:49Z,EqSrc ledger-complete source-family generator finite-variation robustness and readout-discriminant obligation packet boundary only
CB-LOCALIZATION-SOURCE-BASIS-AXIOM-SELECTOR-DOMAIN-EQSRC-LEDGER-COMPLETE-SOURCE-FAMILY-GENERATOR-PACKET-FINITE-EXAMPLE-READOUT-WITNESS-REFUTER-STRESS-TEST-001,task,research_control/tasks/RT-20260614-028,local finite witness and Read_lc consistency theorem retained only for declared EqSrc^lc certificate relation;finite-variation robustness paused;representative independence boundary invariance quotient-composition robustness inverse provenance readout minimality readout discriminating power and negative-witness coverage remain open;general EqSrc RetainH GenH downstream bridge candidate reconstruction promotion blocked,canonical ontology edit;benchmark promotion;Gate Chair verdict;completed derivation claim;semantic NoTargetH discharge;canonical NoTargetSyn adoption;general EqSrc discharge;canonical EqSrc adoption;canonical RetainH adoption;canonical GenH adoption;downstream bridge claim;candidate reconstruction;candidate promotion;target metric import as source primitive;target proper time import as source primitive;target locality import;target observer protocol import;target favorable rank import;benchmark success evidence import;validation status as physics evidence;authority label as physics evidence;global theory rejection,ontology edit;benchmark promotion;Gate Chair verdict;derivation claim;candidate promotion;canonical ontology expansion adoption;canonical target-exclusion adoption;canonical equivalence adoption;canonical retention adoption;canonical generator adoption,research_control/tasks/RT-20260614-028/artifacts/69_LOCALIZATION_SOURCE_BASIS_AXIOM_SELECTOR_DOMAIN_EQSRC_LEDGER_COMPLETE_SOURCE_FAMILY_GENERATOR_PACKET_FINITE_EXAMPLE_READOUT_WITNESS_REFUTER_STRESS_TEST.tex,active,2026-06-16T03:10:03Z,2026-06-16T03:10:03Z,EqSrc ledger-complete source-family generator finite example and readout witness Refuter stress-test boundary only
CB-LOCALIZATION-SOURCE-BASIS-AXIOM-SELECTOR-DOMAIN-EQSRC-LEDGER-COMPLETE-SOURCE-FAMILY-GENERATOR-PACKET-FINITE-EXAMPLE-READOUT-WITNESS-SMUGGLING-AUDIT-001,task,research_control/tasks/RT-20260614-027,local conditional pass for RT-20260614-026 finite witness and readout packet as source-pure draft control audit object;no local hidden target primitive import detected;no target-favorable example selection detected;no authority-label laundering detected;Read_lc invariance accepted only as local source-ledger consistency theorem;finite coverage quotient refinement robustness bridge relevance and Refuter stress remain open;general EqSrc RetainH GenH downstream bridge candidate reconstruction promotion blocked,canonical ontology edit;benchmark promotion;Gate Chair verdict;completed derivation claim;semantic NoTargetH discharge;canonical NoTargetSyn adoption;general EqSrc discharge;canonical EqSrc adoption;canonical RetainH adoption;canonical GenH adoption;downstream bridge claim;candidate reconstruction;candidate promotion;target metric import as source primitive;target proper time import as source primitive;target locality import;target observer protocol import;target favorable rank import;benchmark success evidence import;validation status as physics evidence;authority label as physics evidence;global theory rejection,ontology edit;benchmark promotion;Gate Chair verdict;derivation claim;candidate promotion;canonical ontology expansion adoption;canonical target-exclusion adoption;canonical equivalence adoption;canonical retention adoption;canonical generator adoption,research_control/tasks/RT-20260614-027/artifacts/68_LOCALIZATION_SOURCE_BASIS_AXIOM_SELECTOR_DOMAIN_EQSRC_LEDGER_COMPLETE_SOURCE_FAMILY_GENERATOR_PACKET_FINITE_EXAMPLE_READOUT_WITNESS_SMUGGLING_AUDIT.tex,active,2026-06-16T02:41:42Z,2026-06-16T02:41:42Z,EqSrc ledger-complete source-family generator finite example and readout witness smuggling audit boundary only
CB-LOCALIZATION-SOURCE-BASIS-AXIOM-SELECTOR-DOMAIN-EQSRC-LEDGER-COMPLETE-SOURCE-FAMILY-GENERATOR-PACKET-FINITE-EXAMPLE-READOUT-WITNESS-001,task,research_control/tasks/RT-20260614-026,finite positive ledger-transport example supplied;near-miss negative example supplied;finite boundary example supplied;failed-certificate examples supplied;concrete source-pure Read_lc codomain and equality relation supplied;local source-side readout invariance proved for declared EqSrc^lc certificate relation;audit required before adequacy or bridge use;general EqSrc RetainH GenH downstream bridge candidate reconstruction promotion blocked,canonical ontology edit;benchmark promotion;Gate Chair verdict;completed derivation claim;semantic NoTargetH discharge;canonical NoTargetSyn adoption;general EqSrc discharge;canonical EqSrc adoption;canonical RetainH adoption;canonical GenH adoption;downstream bridge claim;candidate reconstruction;candidate promotion;target metric import as source primitive;target proper time import as source primitive;target locality import;target observer protocol import;target favorable rank import;benchmark success evidence import;validation status as physics evidence;authority label as physics evidence;global theory rejection,ontology edit;benchmark promotion;Gate Chair verdict;derivation claim;candidate promotion;canonical ontology expansion adoption;canonical target-exclusion adoption;canonical equivalence adoption;canonical retention adoption;canonical generator adoption,research_control/tasks/RT-20260614-026/artifacts/67_LOCALIZATION_SOURCE_BASIS_AXIOM_SELECTOR_DOMAIN_EQSRC_LEDGER_COMPLETE_SOURCE_FAMILY_GENERATOR_PACKET_FINITE_EXAMPLE_READOUT_WITNESS.tex,active,2026-06-16T01:04:53Z,2026-06-16T01:04:53Z,EqSrc ledger-complete source-family generator finite example and readout witness boundary only
CB-LOCALIZATION-SOURCE-BASIS-AXIOM-SELECTOR-DOMAIN-EQSRC-LEDGER-COMPLETE-SOURCE-FAMILY-GENERATOR-PACKET-PRE-BRIDGE-ADEQUACY-REFUTER-STRESS-TEST-001,task,research_control/tasks/RT-20260614-025,pre-bridge adequacy packet retained only as source-pure obligation ledger;finite examples remain obligations;failed certificate witness remains absent;concrete source-pure readout remains absent;readout invariance remains unproved;bridge relevance remains absent;scientific adequacy remains paused;general EqSrc RetainH GenH downstream bridge candidate reconstruction promotion blocked,canonical ontology edit;benchmark promotion;Gate Chair verdict;completed derivation claim;semantic NoTargetH discharge;canonical NoTargetSyn adoption;general EqSrc discharge;canonical EqSrc adoption;canonical RetainH adoption;canonical GenH adoption;downstream bridge claim;candidate reconstruction;candidate promotion;target metric import as source primitive;target proper time import as source primitive;target locality import;target observer protocol import;target favorable rank import;benchmark success evidence import;validation status as physics evidence;authority label as physics evidence;global theory rejection,ontology edit;benchmark promotion;Gate Chair verdict;derivation claim;candidate promotion;canonical ontology expansion adoption;canonical target-exclusion adoption;canonical equivalence adoption;canonical retention adoption;canonical generator adoption,research_control/tasks/RT-20260614-025/artifacts/66_LOCALIZATION_SOURCE_BASIS_AXIOM_SELECTOR_DOMAIN_EQSRC_LEDGER_COMPLETE_SOURCE_FAMILY_GENERATOR_PACKET_PRE_BRIDGE_ADEQUACY_REFUTER_STRESS_TEST.tex,active,2026-06-16T00:07:37Z,2026-06-16T00:07:37Z,EqSrc ledger-complete source-family generator packet pre-bridge adequacy Refuter stress-test boundary only
CB-LOCALIZATION-SOURCE-BASIS-AXIOM-SELECTOR-DOMAIN-EQSRC-LEDGER-COMPLETE-SOURCE-FAMILY-GENERATOR-PACKET-PRE-BRIDGE-ADEQUACY-SMUGGLING-AUDIT-001,task,research_control/tasks/RT-20260614-024,local conditional pass for RT-20260614-023 adequacy packet as draft control audit object;readout-map source purity screened;finite examples treated as obligations not evidence;bridge-ladder overread blocked;authority-label laundering blocked;kill inflation and repair overreach blocked;scientific adequacy remains paused pending Refuter stress;general EqSrc RetainH GenH downstream bridge candidate reconstruction promotion blocked,canonical ontology edit;benchmark promotion;Gate Chair verdict;completed derivation claim;semantic NoTargetH discharge;canonical NoTargetSyn adoption;general EqSrc discharge;canonical EqSrc adoption;canonical RetainH adoption;canonical GenH adoption;downstream bridge claim;candidate reconstruction;candidate promotion;target metric import as source primitive;target proper time import as source primitive;target locality import;target observer protocol import;target favorable rank import;benchmark success evidence import;validation status as physics evidence;authority label as physics evidence;global theory rejection,ontology edit;benchmark promotion;Gate Chair verdict;derivation claim;candidate promotion;canonical ontology expansion adoption;canonical target-exclusion adoption;canonical equivalence adoption;canonical retention adoption;canonical generator adoption,research_control/tasks/RT-20260614-024/artifacts/65_LOCALIZATION_SOURCE_BASIS_AXIOM_SELECTOR_DOMAIN_EQSRC_LEDGER_COMPLETE_SOURCE_FAMILY_GENERATOR_PACKET_PRE_BRIDGE_ADEQUACY_SMUGGLING_AUDIT.tex,active,2026-06-15T23:57:13Z,2026-06-15T23:57:13Z,EqSrc ledger-complete source-family generator packet pre-bridge adequacy smuggling audit boundary only
CB-LOCALIZATION-SOURCE-BASIS-AXIOM-SELECTOR-DOMAIN-EQSRC-LEDGER-COMPLETE-SOURCE-FAMILY-GENERATOR-PACKET-PRE-BRIDGE-ADEQUACY-001,task,research_control/tasks/RT-20260614-023,formal EqSrc^lc relation retained only as local declared certificate relation;scientific adequacy separated and kept in controlled pause;finite positive negative boundary and failed-certificate obligations supplied;source-side readout-invariance ladder and kill criteria supplied;general EqSrc RetainH GenH downstream bridge candidate reconstruction promotion blocked,canonical ontology edit;benchmark promotion;Gate Chair verdict;completed derivation claim;semantic NoTargetH discharge;canonical NoTargetSyn adoption;general EqSrc discharge;canonical EqSrc adoption;canonical RetainH adoption;canonical GenH adoption;downstream bridge claim;candidate reconstruction;candidate promotion;target metric import as source primitive;target proper time import as source primitive;target locality import;target observer protocol import;target favorable rank import;benchmark success evidence import;validation status as physics evidence;authority label as physics evidence;global theory rejection,ontology edit;benchmark promotion;Gate Chair verdict;derivation claim;candidate promotion;canonical ontology expansion adoption;canonical target-exclusion adoption;canonical equivalence adoption;canonical retention adoption;canonical generator adoption,research_control/tasks/RT-20260614-023/artifacts/64_LOCALIZATION_SOURCE_BASIS_AXIOM_SELECTOR_DOMAIN_EQSRC_LEDGER_COMPLETE_SOURCE_FAMILY_GENERATOR_PACKET_PRE_BRIDGE_ADEQUACY.tex,active,2026-06-15T23:01:43Z,2026-06-15T23:01:43Z,EqSrc ledger-complete source-family generator packet pre-bridge adequacy boundary only
CB-LOCALIZATION-SOURCE-BASIS-AXIOM-SELECTOR-DOMAIN-EQSRC-LEDGER-COMPLETE-SOURCE-FAMILY-GENERATOR-PACKET-REFUTER-STRESS-TEST-001,task,research_control/tasks/RT-20260614-022,formal EqSrc^lc relation retained only on declared Obj_lc certificate domain;scientific adequacy controlled pause recorded;generator coverage certificate substance quotient robustness nontrivial examples failed examples readout invariance and bridge relevance remain unproved;general EqSrc RetainH GenH downstream bridge candidate reconstruction promotion blocked,canonical ontology edit;benchmark promotion;Gate Chair verdict;completed derivation claim;semantic NoTargetH discharge;canonical NoTargetSyn adoption;general EqSrc discharge;canonical EqSrc adoption;canonical RetainH adoption;canonical GenH adoption;downstream bridge claim;candidate reconstruction;candidate promotion;target metric import as source primitive;target proper time import as source primitive;target locality import;target observer protocol import;target favorable rank import;benchmark success evidence import;validation status as physics evidence;authority label as physics evidence;global theory rejection,ontology edit;benchmark promotion;Gate Chair verdict;derivation claim;candidate promotion;canonical ontology expansion adoption;canonical target-exclusion adoption;canonical equivalence adoption;canonical retention adoption;canonical generator adoption,research_control/tasks/RT-20260614-022/artifacts/63_LOCALIZATION_SOURCE_BASIS_AXIOM_SELECTOR_DOMAIN_EQSRC_LEDGER_COMPLETE_SOURCE_FAMILY_GENERATOR_PACKET_REFUTER_STRESS_TEST.tex,active,2026-06-15T19:31:44Z,2026-06-15T19:31:44Z,EqSrc ledger-complete source-family generator packet Refuter stress-test boundary only
CB-LOCALIZATION-SOURCE-BASIS-AXIOM-SELECTOR-DOMAIN-EQSRC-LEDGER-COMPLETE-SOURCE-FAMILY-GENERATOR-PACKET-SMUGGLING-AUDIT-001,task,research_control/tasks/RT-20260614-021,ledger-complete source-family generator packet conditionally passes as local draft control audit object;no local target primitive import detected;no authority-label laundering detected;certificate relation accepted only as local declared relation on Obj_lc;Refuter stress required;general EqSrc RetainH GenH downstream bridge candidate reconstruction promotion blocked,canonical ontology edit;benchmark promotion;Gate Chair verdict;completed derivation claim;semantic NoTargetH discharge;canonical NoTargetSyn adoption;general EqSrc discharge;canonical EqSrc adoption;canonical RetainH adoption;canonical GenH adoption;candidate reconstruction;candidate promotion;target metric import as source primitive;target proper time import as source primitive;target locality import;target observer protocol import;target favorable rank import;benchmark success evidence import;validation status as physics evidence;authority label as physics evidence;global theory rejection,ontology edit;benchmark promotion;Gate Chair verdict;derivation claim;candidate promotion;canonical ontology expansion adoption;canonical target-exclusion adoption;canonical equivalence adoption;canonical retention adoption;canonical generator adoption,research_control/tasks/RT-20260614-021/artifacts/62_LOCALIZATION_SOURCE_BASIS_AXIOM_SELECTOR_DOMAIN_EQSRC_LEDGER_COMPLETE_SOURCE_FAMILY_GENERATOR_PACKET_SMUGGLING_AUDIT.tex,active,2026-06-15T15:58:40Z,2026-06-15T15:58:40Z,EqSrc ledger-complete source-family generator packet smuggling audit boundary only
CB-LOCALIZATION-SOURCE-BASIS-AXIOM-SELECTOR-DOMAIN-EQSRC-LEDGER-COMPLETE-SOURCE-FAMILY-GENERATOR-PACKET-001,task,research_control/tasks/RT-20260614-020,ledger-complete source-family generator candidate supplied as draft control evidence;certificate relation EqSrc^lc defined only on declared Obj_lc domain;relation-property proof local to declared certificate relation;tri-family result embedded only as subcase;audit required;general EqSrc RetainH GenH downstream bridge candidate reconstruction promotion blocked,canonical ontology edit;benchmark promotion;Gate Chair verdict;completed derivation claim;semantic NoTargetH discharge;canonical NoTargetSyn adoption;general EqSrc discharge;canonical EqSrc adoption;canonical RetainH adoption;canonical GenH adoption;candidate reconstruction;candidate promotion;target metric import as source primitive;target proper time import as source primitive;target locality import;target observer protocol import;target favorable rank import;benchmark success evidence import;global theory rejection,ontology edit;benchmark promotion;Gate Chair verdict;derivation claim;candidate promotion;canonical ontology expansion adoption;canonical target-exclusion adoption;canonical equivalence adoption;canonical retention adoption;canonical generator adoption,research_control/tasks/RT-20260614-020/artifacts/61_LOCALIZATION_SOURCE_BASIS_AXIOM_SELECTOR_DOMAIN_EQSRC_LEDGER_COMPLETE_SOURCE_FAMILY_GENERATOR_PACKET.tex,active,2026-06-15T04:24:53Z,2026-06-15T04:24:53Z,EqSrc ledger-complete source-family generator packet boundary only
CB-LOCALIZATION-SOURCE-BASIS-AXIOM-SELECTOR-DOMAIN-EQSRC-TRI-FAMILY-OBSTRUCTION-PACKET-OR-CONTROLLED-PAUSE-001,task,research_control/tasks/RT-20260614-019,local EqSrc^tri retained only inside declared finite source family T1 T2 T3;full source-ledger transport local only;general source-family generator relation-domain extension relation-property proof downstream bridge promotion evidence missing;general EqSrc RetainH GenH candidate reconstruction promotion blocked,canonical ontology edit;benchmark promotion;Gate Chair verdict;completed derivation claim;semantic NoTargetH discharge;canonical NoTargetSyn adoption;general EqSrc discharge;canonical EqSrc adoption;canonical RetainH adoption;canonical GenH adoption;candidate reconstruction;candidate promotion;target metric import as source primitive;target proper time import as source primitive;target locality import;target observer protocol import;target favorable rank import;benchmark success evidence import;global theory rejection,ontology edit;benchmark promotion;Gate Chair verdict;derivation claim;candidate promotion;canonical ontology expansion adoption;canonical target-exclusion adoption;canonical equivalence adoption;canonical retention adoption;canonical generator adoption,research_control/tasks/RT-20260614-019/artifacts/60_LOCALIZATION_SOURCE_BASIS_AXIOM_SELECTOR_DOMAIN_EQSRC_TRI_FAMILY_OBSTRUCTION_PACKET_OR_CONTROLLED_PAUSE.tex,active,2026-06-15T04:08:10Z,2026-06-15T04:08:10Z,EqSrc tri-family obstruction boundary only
CB-LOCALIZATION-SOURCE-BASIS-AXIOM-SELECTOR-DOMAIN-EQSRC-ALTERNATIVE-BRANCH-FAMILY-GUARD-STABILITY-SOURCE-PACKET-REFUTER-STRESS-TEST-001,task,research_control/tasks/RT-20260614-018,audited alternative branch-family guard-stability packet stress-tested;EqSrc^tri retained only inside declared finite source family T1 T2 T3;full source-ledger label permutation local only;alternative branch-family expansion label weakening annotation perturbation guard deletion blocker erasure influence deletion quotient representative variation boundary perturbation relation extension downstream use general EqSrc RetainH GenH candidate reconstruction promotion blocked,canonical ontology edit;benchmark promotion;Gate Chair verdict;completed derivation claim;semantic NoTargetH discharge;canonical NoTargetSyn adoption;general EqSrc discharge;canonical EqSrc adoption;canonical RetainH adoption;canonical GenH adoption;candidate reconstruction;candidate promotion;target metric import as source primitive;target proper time import as source primitive;target locality import;target observer protocol import;target favorable rank import;benchmark success evidence import;global theory rejection,ontology edit;benchmark promotion;Gate Chair verdict;derivation claim;candidate promotion;canonical ontology expansion adoption;canonical target-exclusion adoption;canonical equivalence adoption;canonical retention adoption;canonical generator adoption,research_control/tasks/RT-20260614-018/artifacts/59_LOCALIZATION_SOURCE_BASIS_AXIOM_SELECTOR_DOMAIN_EQSRC_ALTERNATIVE_BRANCH_FAMILY_GUARD_STABILITY_SOURCE_PACKET_REFUTER_STRESS_TEST.tex,active,2026-06-15T03:43:53Z,2026-06-15T03:43:53Z,EqSrc alternative branch-family guard-stability source packet Refuter stress-test boundary only
CB-LOCALIZATION-SOURCE-BASIS-AXIOM-SELECTOR-DOMAIN-EQSRC-ALTERNATIVE-BRANCH-FAMILY-GUARD-STABILITY-SOURCE-PACKET-SMUGGLING-AUDIT-001,task,research_control/tasks/RT-20260614-017,audited alternative branch-family guard-stability packet conditionally passed only as local EqSrc^tri draft control evidence inside declared finite source family T1 T2 T3;branch-family labels annotation guards blockers influence quotient boundary authority labels and downstream-use screens passed only under source-ledger constraints;general EqSrc RetainH GenH candidate reconstruction promotion blocked,canonical ontology edit;benchmark promotion;Gate Chair verdict;completed derivation claim;semantic NoTargetH discharge;canonical NoTargetSyn adoption;general EqSrc discharge;canonical EqSrc adoption;canonical RetainH adoption;canonical GenH adoption;candidate reconstruction;candidate promotion;target metric import as source primitive;target proper time import as source primitive;target locality import;target observer protocol import;target favorable rank import;benchmark success evidence import;global theory rejection,ontology edit;benchmark promotion;Gate Chair verdict;derivation claim;candidate promotion;canonical ontology expansion adoption;canonical target-exclusion adoption;canonical equivalence adoption;canonical retention adoption;canonical generator adoption,research_control/tasks/RT-20260614-017/artifacts/58_LOCALIZATION_SOURCE_BASIS_AXIOM_SELECTOR_DOMAIN_EQSRC_ALTERNATIVE_BRANCH_FAMILY_GUARD_STABILITY_SOURCE_PACKET_SMUGGLING_AUDIT.tex,active,2026-06-15T03:25:46Z,2026-06-15T03:25:46Z,EqSrc alternative branch-family guard-stability source packet Smuggling Auditor boundary only
CB-LOCALIZATION-SOURCE-BASIS-AXIOM-SELECTOR-DOMAIN-EQSRC-ALTERNATIVE-BRANCH-FAMILY-GUARD-STABILITY-PACKET-001,task,research_control/tasks/RT-20260614-016,local EqSrc^tri retained only inside declared finite three-branch source family T1 T2 T3;full source-ledger label permutations allowed only when annotation guard blocker influence quotient and boundary data are transported;annotation guard quotient boundary and relation-property receipts local only;downstream use is audit eligibility only;general EqSrc RetainH GenH candidate reconstruction promotion blocked,canonical ontology edit;benchmark promotion;Gate Chair verdict;completed derivation claim;semantic NoTargetH discharge;canonical NoTargetSyn adoption;general EqSrc discharge;canonical EqSrc adoption;canonical RetainH adoption;canonical GenH adoption;candidate reconstruction;candidate promotion;target metric import as source primitive;target proper time import as source primitive;target locality import;target observer protocol import;target favorable rank import;benchmark success evidence import;global theory rejection,ontology edit;benchmark promotion;Gate Chair verdict;derivation claim;candidate promotion;canonical ontology expansion adoption;canonical target-exclusion adoption;canonical equivalence adoption;canonical retention adoption;canonical generator adoption,research_control/tasks/RT-20260614-016/artifacts/57_LOCALIZATION_SOURCE_BASIS_AXIOM_SELECTOR_DOMAIN_EQSRC_ALTERNATIVE_BRANCH_FAMILY_GUARD_STABILITY_SOURCE_PACKET.tex,active,2026-06-15T03:12:25Z,2026-06-15T03:12:25Z,EqSrc alternative branch-family guard-stability packet boundary only
CB-LOCALIZATION-SOURCE-BASIS-AXIOM-SELECTOR-DOMAIN-EQSRC-BRANCH-REFINEMENT-EXTENSION-OBSTRUCTION-PACKET-001,task,research_control/tasks/RT-20260614-015,local EqSrc^br retained only inside declared finite branch domain B1 B2 B3;pure source-tag relabeling local only under full source-ledger transport;alternative branch-family domain label-collapse target-semantic relabeling annotation or guard weakening quotient variation boundary-anchor invariance relation-property extension downstream use missing or blocked;general EqSrc RetainH GenH candidate reconstruction promotion blocked,canonical ontology edit;benchmark promotion;Gate Chair verdict;completed derivation claim;semantic NoTargetH discharge;canonical NoTargetSyn adoption;general EqSrc discharge;canonical EqSrc adoption;canonical RetainH adoption;canonical GenH adoption;candidate reconstruction;candidate promotion;target metric import as source primitive;target proper time import as source primitive;target locality import;target observer protocol import;target favorable rank import;benchmark success evidence import;global theory rejection,ontology edit;benchmark promotion;Gate Chair verdict;derivation claim;candidate promotion;canonical ontology expansion adoption;canonical target-exclusion adoption;canonical equivalence adoption;canonical retention adoption;canonical generator adoption,research_control/tasks/RT-20260614-015/artifacts/56_LOCALIZATION_SOURCE_BASIS_AXIOM_SELECTOR_DOMAIN_EQSRC_BRANCH_REFINEMENT_EXTENSION_OBSTRUCTION_PACKET_OR_CONTROLLED_PAUSE.tex,active,2026-06-15T02:57:40Z,2026-06-15T02:57:40Z,EqSrc branch-refinement extension obstruction boundary only
CB-LOCALIZATION-SOURCE-BASIS-AXIOM-SELECTOR-DOMAIN-EQSRC-BRANCH-REFINEMENT-EXTENSION-DATUM-REFUTER-STRESS-TEST-001,task,research_control/tasks/RT-20260614-014,audited branch-refinement extension datum stress-tested;EqSrc^br retained only inside declared finite branch domain B1 B2 B3;pure source-tag renaming local only;alternative branch-family construction label collapse annotation weakening guard deletion contraction over-admission quotient variation relation extension boundary perturbation downstream use general EqSrc RetainH GenH candidate reconstruction promotion blocked,canonical ontology edit;benchmark promotion;Gate Chair verdict;completed derivation claim;semantic NoTargetH discharge;canonical NoTargetSyn adoption;general EqSrc discharge;canonical EqSrc adoption;canonical RetainH adoption;canonical GenH adoption;candidate reconstruction;candidate promotion;target metric import as source primitive;target proper time import as source primitive;target locality import;target observer protocol import;target favorable rank import;benchmark success evidence import;global theory rejection,ontology edit;benchmark promotion;Gate Chair verdict;derivation claim;candidate promotion;canonical ontology expansion adoption;canonical target-exclusion adoption;canonical equivalence adoption;canonical retention adoption;canonical generator adoption,research_control/tasks/RT-20260614-014/artifacts/55_LOCALIZATION_SOURCE_BASIS_AXIOM_SELECTOR_DOMAIN_EQSRC_BRANCH_REFINEMENT_EXTENSION_DATUM_REFUTER_STRESS_TEST.tex,active,2026-06-15T02:30:01Z,2026-06-15T02:30:01Z,EqSrc branch-refinement extension datum Refuter stress-test boundary only
CB-LOCALIZATION-SOURCE-BASIS-AXIOM-SELECTOR-DOMAIN-EQSRC-BRANCH-REFINEMENT-EXTENSION-DATUM-SMUGGLING-AUDIT-001,task,research_control/tasks/RT-20260614-013,branch-refinement extension datum locally audited;target metric proper time locality observer-protocol benchmark-rank validation-label and authority-label imports screened;EqSrc^br retained only as local source-side branch comparison inside declared finite branch domain B1 B2 B3;branch-label perturbation alternative branch-family construction annotation weakening guard deletion quotient variation relation extension RetainH GenH candidate reconstruction promotion blocked,canonical ontology edit;benchmark promotion;Gate Chair verdict;completed derivation claim;semantic NoTargetH discharge;canonical NoTargetSyn adoption;general EqSrc discharge;canonical EqSrc adoption;canonical RetainH adoption;canonical GenH adoption;candidate reconstruction;candidate promotion;target metric import as source primitive;target proper time import as source primitive;target locality import;target observer protocol import;target favorable rank import;benchmark success evidence import;global theory rejection,ontology edit;benchmark promotion;Gate Chair verdict;derivation claim;candidate promotion;canonical ontology expansion adoption;canonical target-exclusion adoption;canonical equivalence adoption;canonical retention adoption;canonical generator adoption,research_control/tasks/RT-20260614-013/artifacts/54_LOCALIZATION_SOURCE_BASIS_AXIOM_SELECTOR_DOMAIN_EQSRC_BRANCH_REFINEMENT_EXTENSION_DATUM_SMUGGLING_AUDIT.tex,active,2026-06-15T01:31:07Z,2026-06-15T01:31:07Z,EqSrc branch-refinement extension datum smuggling audit boundary only
CB-LOCALIZATION-SOURCE-BASIS-AXIOM-SELECTOR-DOMAIN-EQSRC-BRANCH-REFINEMENT-EXTENSION-DATUM-001,task,research_control/tasks/RT-20260614-012,local branch-refinement EqSrc evidence inside declared finite branch domain B1 B2 B3;local relation-property invariant-descent and quotient-descent receipts;downstream use blocked pending audit and stress test;general EqSrc RetainH GenH candidate reconstruction promotion blocked,canonical ontology edit;benchmark promotion;Gate Chair verdict;completed derivation claim;semantic NoTargetH discharge;canonical NoTargetSyn adoption;general EqSrc discharge;canonical EqSrc adoption;canonical RetainH adoption;canonical GenH adoption;candidate reconstruction;candidate promotion;target metric import as source primitive;target proper time import as source primitive;target locality import;target observer protocol import;target favorable rank import;benchmark success evidence import;global theory rejection,ontology edit;benchmark promotion;Gate Chair verdict;derivation claim;candidate promotion;canonical ontology expansion adoption;canonical target-exclusion adoption;canonical equivalence adoption;canonical retention adoption;canonical generator adoption,research_control/tasks/RT-20260614-012/artifacts/53_LOCALIZATION_SOURCE_BASIS_AXIOM_SELECTOR_DOMAIN_EQSRC_BRANCH_REFINEMENT_EXTENSION_DATUM.tex,active,2026-06-15T01:09:22Z,2026-06-15T01:09:22Z,EqSrc branch-refinement extension datum boundary only
CB-LOCALIZATION-SOURCE-BASIS-AXIOM-SELECTOR-DOMAIN-EQSRC-NON-ORBIT-REFINEMENT-FAMILY-EXTENSION-OBSTRUCTION-PACKET-001,task,research_control/tasks/RT-20260614-011,local EqSrc^ref retained only inside declared decorated finite source-chain domain;branch-family domain non-chain relation-property receipts annotation-monoid stability contraction admissibility boundary-anchor invariance quotient descent downstream use missing;general EqSrc RetainH GenH candidate reconstruction promotion blocked,canonical ontology edit;benchmark promotion;Gate Chair verdict;completed derivation claim;semantic NoTargetH discharge;canonical NoTargetSyn adoption;general EqSrc discharge;canonical EqSrc adoption;canonical RetainH adoption;canonical GenH adoption;candidate reconstruction;candidate promotion;target metric import as source primitive;target proper time import as source primitive;target locality import;target observer protocol import;target favorable rank import;benchmark success evidence import;global theory rejection,ontology edit;benchmark promotion;Gate Chair verdict;derivation claim;candidate promotion;canonical ontology expansion adoption;canonical target-exclusion adoption;canonical equivalence adoption;canonical retention adoption;canonical generator adoption,research_control/tasks/RT-20260614-011/artifacts/52_LOCALIZATION_SOURCE_BASIS_AXIOM_SELECTOR_DOMAIN_EQSRC_NON_ORBIT_REFINEMENT_FAMILY_EXTENSION_OBSTRUCTION_PACKET_OR_CONTROLLED_PAUSE.tex,active,2026-06-15T00:56:02Z,2026-06-15T00:56:02Z,EqSrc non-orbit refinement-family extension obstruction boundary only
CB-LOCALIZATION-SOURCE-BASIS-AXIOM-SELECTOR-DOMAIN-EQSRC-NON-ORBIT-REFINEMENT-FAMILY-DATUM-REFUTER-STRESS-TEST-001,task,research_control/tasks/RT-20260614-010,audited non-orbit refinement-family datum stress-tested;EqSrc^ref retained only inside declared decorated finite source-chain domain;branch refinements non-chain refinements annotation weakening contraction over-admission boundary perturbation quotient descent relation extension downstream use general EqSrc RetainH GenH candidate reconstruction promotion blocked,canonical ontology edit;benchmark promotion;Gate Chair verdict;completed derivation claim;semantic NoTargetH discharge;canonical NoTargetSyn adoption;general EqSrc discharge;canonical EqSrc adoption;canonical RetainH adoption;canonical GenH adoption;candidate reconstruction;candidate promotion;target metric import as source primitive;target proper time import as source primitive;target locality import;target observer protocol import;target favorable rank import;benchmark success evidence import;global theory rejection,ontology edit;benchmark promotion;Gate Chair verdict;derivation claim;candidate promotion;canonical ontology expansion adoption;canonical target-exclusion adoption;canonical equivalence adoption;canonical retention adoption;canonical generator adoption,research_control/tasks/RT-20260614-010/artifacts/51_LOCALIZATION_SOURCE_BASIS_AXIOM_SELECTOR_DOMAIN_EQSRC_NON_ORBIT_REFINEMENT_FAMILY_DATUM_REFUTER_STRESS_TEST.tex,active,2026-06-15T00:45:15Z,2026-06-15T00:45:15Z,EqSrc non-orbit refinement-family datum Refuter stress-test boundary only
CB-LOCALIZATION-SOURCE-BASIS-AXIOM-SELECTOR-DOMAIN-EQSRC-NON-ORBIT-REFINEMENT-FAMILY-DATUM-SMUGGLING-AUDIT-001,task,research_control/tasks/RT-20260614-009,non-orbit refinement-family datum locally audited;target metric proper time locality observer-protocol benchmark-rank external-authority validation-status and authority-label imports screened;EqSrc^ref retained only as local source-side refinement comparison inside decorated finite source-chain domain;contraction-only over-admission branch refinements non-chain variation annotation weakening quotient overuse RetainH GenH candidate reconstruction promotion blocked,canonical ontology edit;benchmark promotion;Gate Chair verdict;completed derivation claim;semantic NoTargetH discharge;canonical NoTargetSyn adoption;general EqSrc discharge;canonical EqSrc adoption;canonical RetainH adoption;canonical GenH adoption;candidate reconstruction;candidate promotion;target metric import as source primitive;target proper time import as source primitive;target locality import;target observer protocol import;target favorable rank import;benchmark success evidence import;global theory rejection,ontology edit;benchmark promotion;Gate Chair verdict;derivation claim;candidate promotion;canonical ontology expansion adoption;canonical target-exclusion adoption;canonical equivalence adoption;canonical retention adoption;canonical generator adoption,research_control/tasks/RT-20260614-009/artifacts/50_LOCALIZATION_SOURCE_BASIS_AXIOM_SELECTOR_DOMAIN_EQSRC_NON_ORBIT_REFINEMENT_FAMILY_DATUM_SMUGGLING_AUDIT.tex,active,2026-06-15T00:32:01Z,2026-06-15T00:32:01Z,EqSrc non-orbit refinement-family datum smuggling audit boundary only
CB-PROJECT-SYSTEM-NOVEL-DATUM-ACQUISITION-ROUTING-001,task,research_control/tasks/RT-20260614-008,continue-research control guidance permits external primary-literature search source-acquisition design bounded theoretical calculation mathematical construction or experiment design when missing novel-research data is absent from the repository and explicitly authorized;one-job scope and claim gates preserved;PIS-RT-20260614-007-001 resolved,canonical ontology edit;benchmark promotion;Gate Chair verdict;science draft edit;generated derivative authority;direct generated edit;physics claim promotion;validator weakening;unbounded research permission;completed derivation claim,ontology edit;benchmark promotion;Gate Chair verdict;science draft authority expansion;physics claim promotion;validator weakening,.codex/skills/continue-research/SKILL.md,active,2026-06-15T00:18:46Z,2026-06-15T00:18:46Z,Novel datum acquisition routing project-system boundary only
CB-LOCALIZATION-SOURCE-BASIS-AXIOM-SELECTOR-DOMAIN-EQSRC-NON-ORBIT-REFINEMENT-FAMILY-DATUM-001,task,research_control/tasks/RT-20260614-007,source-only non-orbit refinement-family datum supplied as draft control evidence;positive objects have different cardinalities and are not relabeling orbit members;comparison preserves boundary anchors finite partial order annotation mass proxy guards forbidden-channel guards influence order and no-target-channel exclusion;negative controls retained;general EqSrc RetainH GenH candidate reconstruction promotion blocked,canonical ontology edit;benchmark promotion;Gate Chair verdict;completed derivation claim;semantic NoTargetH discharge;canonical NoTargetSyn adoption;general EqSrc discharge;canonical EqSrc adoption;canonical RetainH adoption;canonical GenH adoption;candidate reconstruction;candidate promotion;target metric import as source primitive;target proper time import as source primitive;target locality import;target observer protocol import;target favorable rank import;benchmark success evidence import;global theory rejection,ontology edit;benchmark promotion;Gate Chair verdict;derivation claim;candidate promotion;canonical ontology expansion adoption;canonical target-exclusion adoption;canonical equivalence adoption;canonical retention adoption;canonical generator adoption,research_control/tasks/RT-20260614-007/artifacts/49_LOCALIZATION_SOURCE_BASIS_AXIOM_SELECTOR_DOMAIN_EQSRC_NON_ORBIT_REFINEMENT_FAMILY_DATUM.tex,active,2026-06-15T00:11:35Z,2026-06-15T00:11:35Z,EqSrc non-orbit refinement-family datum boundary only
CB-LOCALIZATION-SOURCE-BASIS-AXIOM-SELECTOR-DOMAIN-EQSRC-NON-ORBIT-SOURCE-OBJECT-FAMILY-OBLIGATION-PACKET-001,task,research_control/tasks/RT-20260614-006,non-orbit source-object family datum inspected and not supplied;audited EqSrc^orb retained only as orbit-local source-presentation invariance;independent non-orbit domain positive witness inventory invariant ledger comparison rule negative-control retention and quotient-use limit missing;general EqSrc RetainH GenH candidate reconstruction promotion blocked,canonical ontology edit;benchmark promotion;Gate Chair verdict;completed derivation claim;semantic NoTargetH discharge;canonical NoTargetSyn adoption;general EqSrc discharge;canonical EqSrc adoption;canonical RetainH adoption;canonical GenH adoption;candidate reconstruction;candidate promotion;target metric import as source primitive;target proper time import as source primitive;target locality import;target observer protocol import;target favorable rank import;benchmark success evidence import;global theory rejection,ontology edit;benchmark promotion;Gate Chair verdict;derivation claim;candidate promotion;canonical ontology expansion adoption;canonical target-exclusion adoption;canonical equivalence adoption;canonical retention adoption;canonical generator adoption,research_control/tasks/RT-20260614-006/artifacts/48_LOCALIZATION_SOURCE_BASIS_AXIOM_SELECTOR_DOMAIN_EQSRC_NON_ORBIT_SOURCE_OBJECT_FAMILY_OBLIGATION_PACKET_OR_CONTROLLED_PAUSE.tex,active,2026-06-14T23:53:22Z,2026-06-14T23:53:22Z,EqSrc non-orbit source-object family obligation packet boundary only
CB-LOCALIZATION-SOURCE-BASIS-AXIOM-SELECTOR-DOMAIN-EQSRC-RELABELING-ORBIT-SOURCE-FAMILY-PACKET-SMUGGLING-AUDIT-001,task,research_control/tasks/RT-20260614-005,relabeling-orbit source-family packet locally audited;target metric proper time locality observer-protocol benchmark-rank and authority-label imports screened;EqSrc^orb retained only as orbit-local source-presentation invariance;annotation weakening unmapped proxy use non-orbit variation quotient overuse RetainH GenH candidate reconstruction promotion blocked,canonical ontology edit;benchmark promotion;Gate Chair verdict;completed derivation claim;semantic NoTargetH discharge;canonical NoTargetSyn adoption;general EqSrc discharge;canonical EqSrc adoption;canonical RetainH adoption;canonical GenH adoption;candidate reconstruction;candidate promotion;target metric import as source primitive;target proper time import as source primitive;target locality import;target observer protocol import;target favorable rank import;benchmark success evidence import;global theory rejection,ontology edit;benchmark promotion;Gate Chair verdict;derivation claim;candidate promotion;canonical ontology expansion adoption;canonical target-exclusion adoption;canonical equivalence adoption;canonical retention adoption;canonical generator adoption,research_control/tasks/RT-20260614-005/artifacts/47_LOCALIZATION_SOURCE_BASIS_AXIOM_SELECTOR_DOMAIN_EQSRC_RELABELING_ORBIT_SOURCE_FAMILY_PACKET_SMUGGLING_AUDIT.tex,active,2026-06-14T22:56:27Z,2026-06-14T22:56:27Z,EqSrc relabeling-orbit source-family packet smuggling audit boundary only
CB-LOCALIZATION-SOURCE-BASIS-AXIOM-SELECTOR-DOMAIN-EQSRC-RELABELING-ORBIT-SOURCE-FAMILY-PACKET-001,task,research_control/tasks/RT-20260614-004,relabeling-orbit source-family declared;admissible manifest-preserving bijections defined;EqSrc^orb relation-property receipts proved only inside orbit;negative controls retained as Block;quotient limited to presentation-local orbit;general EqSrc RetainH GenH candidate reconstruction promotion blocked,canonical ontology edit;benchmark promotion;Gate Chair verdict;completed derivation claim;semantic NoTargetH discharge;canonical NoTargetSyn adoption;general EqSrc discharge;canonical EqSrc adoption;canonical RetainH adoption;canonical GenH adoption;candidate reconstruction;candidate promotion;target metric import as source primitive;target proper time import as source primitive;target locality import;target observer protocol import;target favorable rank import;benchmark success evidence import;global theory rejection,ontology edit;benchmark promotion;Gate Chair verdict;derivation claim;candidate promotion;canonical ontology expansion adoption;canonical target-exclusion adoption;canonical equivalence adoption;canonical retention adoption;canonical generator adoption,research_control/tasks/RT-20260614-004/artifacts/46_LOCALIZATION_SOURCE_BASIS_AXIOM_SELECTOR_DOMAIN_EQSRC_RELABELING_ORBIT_SOURCE_FAMILY_PACKET_OR_CONTROLLED_PAUSE.tex,active,2026-06-14T22:42:48Z,2026-06-14T22:42:48Z,EqSrc relabeling-orbit source-family packet boundary only
CB-LOCALIZATION-SOURCE-BASIS-AXIOM-SELECTOR-DOMAIN-EQSRC-RELABELING-ORBIT-OBSTRUCTION-PACKET-001,task,research_control/tasks/RT-20260614-003,local EqIso relabeling orbit retained only for manifest-bound pair and exact invariants;source-family EqSrc evidence missing;source-object family witness ledger relation-property receipts negative-control retention quotient limits and downstream-use limits required;EqSrc RetainH GenH candidate reconstruction promotion blocked,canonical ontology edit;benchmark promotion;Gate Chair verdict;completed derivation claim;semantic NoTargetH discharge;canonical NoTargetSyn adoption;general EqSrc discharge;canonical EqSrc adoption;canonical RetainH adoption;canonical GenH adoption;candidate reconstruction;candidate promotion;target metric import as source primitive;target proper time import as source primitive;target locality import;target observer protocol import;target favorable rank import;benchmark success evidence import;global theory rejection,ontology edit;benchmark promotion;Gate Chair verdict;derivation claim;candidate promotion;canonical ontology expansion adoption;canonical target-exclusion adoption;canonical equivalence adoption;canonical retention adoption;canonical generator adoption,research_control/tasks/RT-20260614-003/artifacts/45_LOCALIZATION_SOURCE_BASIS_AXIOM_SELECTOR_DOMAIN_EQSRC_RELABELING_ORBIT_OBSTRUCTION_PACKET_OR_CONTROLLED_PAUSE.tex,active,2026-06-14T04:47:07Z,2026-06-14T04:47:07Z,EqSrc relabeling-orbit obstruction boundary only
CB-LOCALIZATION-SOURCE-BASIS-AXIOM-SELECTOR-DOMAIN-EQSRC-SOURCE-RELABELING-ISOMORPHISM-DATUM-REFUTER-STRESS-TEST-001,task,research_control/tasks/RT-20260614-002,local EqSrc source-relabeling isomorphism datum stress-tested;relabeling-orbit evidence retained only for manifest-bound pair and exact invariants;nontrivial source-object variation relation-property pressure expanded negative controls invariant weakening and quotient-use pressure block or require new datum;general EqSrc RetainH GenH candidate reconstruction promotion blocked,canonical ontology edit;benchmark promotion;Gate Chair verdict;completed derivation claim;semantic NoTargetH discharge;canonical NoTargetSyn adoption;general EqSrc discharge;canonical EqSrc adoption;canonical RetainH adoption;canonical GenH adoption;candidate reconstruction;candidate promotion;target metric import as source primitive;target proper time import as source primitive;target locality import;target observer protocol import;target favorable rank import;benchmark success evidence import;global theory rejection,ontology edit;benchmark promotion;Gate Chair verdict;derivation claim;candidate promotion;canonical ontology expansion adoption;canonical target-exclusion adoption;canonical equivalence adoption;canonical retention adoption;canonical generator adoption,research_control/tasks/RT-20260614-002/artifacts/44_LOCALIZATION_SOURCE_BASIS_AXIOM_SELECTOR_DOMAIN_EQSRC_SOURCE_RELABELING_ISOMORPHISM_DATUM_REFUTER_STRESS_TEST.tex,active,2026-06-14T04:37:19Z,2026-06-14T04:37:19Z,Local EqSrc source-relabeling isomorphism datum Refuter stress-test boundary only
CB-PROJECT-SYSTEM-GITHUB-FACING-READER-CONTRACT-001,task,research_control/tasks/RT-20260614-001,GitHub-facing Markdown pages are derived reader-facing explainers;GitHub-facing pages declare matching source spec related HTML and generated_noncanonical status;documentation-surface audit validates source binding reader sections source materials Mermaid parity and external-AI navigation;memory discovery records GitHub-facing pages as generated noncanonical surfaces derived from matching HTML explainer specs,canonical ontology edit;benchmark promotion;Gate Chair verdict;completed derivation claim;candidate reconstruction;physics claim promotion;generated HTML authority promotion;GitHub-facing Markdown scientific authority;GitHub-facing Markdown routing authority;validator weakening,ontology edit;benchmark promotion;Gate Chair verdict;derivation claim;candidate promotion;permanent role registration;validator weakening,research_control/tasks/RT-20260614-001/DDR-20260614-001.md,active,2026-06-14T03:56:10Z,2026-06-14T03:56:10Z,Project-system GitHub-facing reader explainer contract boundary only
CB-LOCALIZATION-SOURCE-BASIS-AXIOM-SELECTOR-DOMAIN-EQSRC-SOURCE-RELABELING-ISOMORPHISM-DATUM-SMUGGLING-AUDIT-001,task,research_control/tasks/RT-20260613-027,local EqSrc source-relabeling isomorphism datum smuggling audit conditionally passed;notation manifest proxy annotation influence and authority-label laundering screens completed;local EqIso draft control evidence retained only for manifest-bound relabeling pair;general EqSrc RetainH GenH candidate reconstruction promotion blocked,canonical ontology edit;benchmark promotion;Gate Chair verdict;completed derivation claim;semantic NoTargetH discharge;canonical NoTargetSyn adoption;general EqSrc discharge;canonical EqSrc adoption;canonical RetainH adoption;canonical GenH adoption;candidate reconstruction;candidate promotion;target metric import as source primitive;target proper time import as source primitive;target locality import;target observer protocol import;target favorable rank import;benchmark success evidence import;global theory rejection,ontology edit;benchmark promotion;Gate Chair verdict;derivation claim;candidate promotion;canonical ontology expansion adoption;canonical target-exclusion adoption;canonical equivalence adoption;canonical retention adoption;canonical generator adoption,research_control/tasks/RT-20260613-027/artifacts/43_LOCALIZATION_SOURCE_BASIS_AXIOM_SELECTOR_DOMAIN_EQSRC_SOURCE_RELABELING_ISOMORPHISM_DATUM_SMUGGLING_AUDIT.tex,active,2026-06-14T02:55:49Z,2026-06-14T02:55:49Z,Local EqSrc source-relabeling isomorphism datum smuggling audit boundary only
CB-LOCALIZATION-SOURCE-BASIS-AXIOM-SELECTOR-DOMAIN-EQSRC-SOURCE-RELABELING-ISOMORPHISM-DATUM-001,task,research_control/tasks/RT-20260613-026,local EqSrc source-relabeling isomorphism datum supplied;Obj Inv Cmp Ann Infl supplied for one manifest-bound witness pair;negative controls return Block for annotation weakening and unmapped proxy use;local EqIso draft control evidence recorded;general EqSrc RetainH GenH candidate reconstruction promotion blocked,canonical ontology edit;benchmark promotion;Gate Chair verdict;completed derivation claim;semantic NoTargetH discharge;canonical NoTargetSyn adoption;general EqSrc discharge;canonical EqSrc adoption;canonical RetainH adoption;canonical GenH adoption;candidate reconstruction;candidate promotion;target metric import as source primitive;target proper time import as source primitive;target locality import;target observer protocol import;target favorable rank import;benchmark success evidence import;global theory rejection,ontology edit;benchmark promotion;Gate Chair verdict;derivation claim;candidate promotion;canonical ontology expansion adoption;canonical target-exclusion adoption;canonical equivalence adoption;canonical retention adoption;canonical generator adoption,research_control/tasks/RT-20260613-026/artifacts/42_LOCALIZATION_SOURCE_BASIS_AXIOM_SELECTOR_DOMAIN_EQSRC_SOURCE_RELABELING_ISOMORPHISM_DATUM.tex,active,2026-06-14T02:43:17Z,2026-06-14T02:43:17Z,Local EqSrc source-relabeling isomorphism datum boundary only
CB-LOCALIZATION-SOURCE-BASIS-AXIOM-SELECTOR-DOMAIN-EQSRC-SOURCE-EQUIVALENCE-OBLIGATION-PACKET-OR-CONTROLLED-PAUSE-001,task,research_control/tasks/RT-20260613-025,EqSrc source-equivalence obligation packet stated;source-equivalence relation domain witness-pair invariants and source-only comparison rule remain missing;NoTargetSyn source-syntax guard used only as blocker input;PT-002 ST-002 AN-002 IE-006 identified as obligations not discharge;controlled pause recorded;RetainH GenH candidate reconstruction promotion blocked,canonical ontology edit;benchmark promotion;Gate Chair verdict;completed derivation claim;semantic NoTargetH discharge;canonical NoTargetSyn adoption;canonical EqSrc adoption;canonical RetainH adoption;canonical GenH adoption;candidate reconstruction;candidate promotion;target metric import as source primitive;target proper time import as source primitive;target locality import;target observer protocol import;target favorable rank import;benchmark success evidence import;global theory rejection,ontology edit;benchmark promotion;Gate Chair verdict;derivation claim;candidate promotion;canonical ontology expansion adoption;canonical target-exclusion adoption;canonical equivalence adoption;canonical retention adoption;canonical generator adoption,research_control/tasks/RT-20260613-025/artifacts/41_LOCALIZATION_SOURCE_BASIS_AXIOM_SELECTOR_DOMAIN_EQSRC_SOURCE_EQUIVALENCE_OBLIGATION_PACKET_OR_CONTROLLED_PAUSE.tex,active,2026-06-14T02:18:18Z,2026-06-14T02:18:18Z,EqSrc obligation packet and controlled-pause boundary only
CB-LOCALIZATION-SOURCE-BASIS-AXIOM-SELECTOR-DOMAIN-NO-TARGET-SOURCE-SYNTAX-BENCHMARK-INDEPENDENCE-PROXY-VARIATION-STRESS-TEST-001,task,research_control/tasks/RT-20260613-024,benchmark-label erasure stress survived narrowly;source-neutral isomorphism stress survived narrowly;proxy omissions block;new target-success proxies block or require superseding manifest;influence-ledger perturbations block or require superseding manifest;annotation weakening blocks;semantic target comparison blocks;downstream EqSrc RetainH GenH candidate reconstruction promotion blocked,canonical ontology edit;benchmark promotion;Gate Chair verdict;completed derivation claim;semantic NoTargetH discharge;canonical NoTargetSyn adoption;canonical EqSrc adoption;canonical RetainH adoption;canonical GenH adoption;candidate reconstruction;candidate promotion;target metric import as source primitive;target proper time import as source primitive;target locality import;target observer protocol import;target favorable rank import;benchmark success evidence import;global theory rejection,ontology edit;benchmark promotion;Gate Chair verdict;derivation claim;candidate promotion;canonical ontology expansion adoption;canonical target-exclusion adoption;canonical equivalence adoption;canonical retention adoption;canonical generator adoption,research_control/tasks/RT-20260613-024/artifacts/40_LOCALIZATION_SOURCE_BASIS_AXIOM_SELECTOR_DOMAIN_NO_TARGET_SOURCE_SYNTAX_BENCHMARK_INDEPENDENCE_PROXY_VARIATION_STRESS_TEST.tex,active,2026-06-14T01:55:35Z,2026-06-14T01:55:35Z,NoTarget source-syntax stress-test boundary only
CB-LOCALIZATION-SOURCE-BASIS-AXIOM-SELECTOR-DOMAIN-NO-TARGET-SOURCE-SYNTAX-THEOREM-RETRY-001,task,research_control/tasks/RT-20260613-023,manifest-bound NoTargetSyn source-syntax retry passed locally;audited freeze manifest used as frozen input;unlisted tokens block;unmapped proxies block;empty annotations block;implicit influence-edge absence blocks;semantic target dependence blocks;target-channel leakage blocks;downstream EqSrc RetainH GenH candidate reconstruction promotion blocked,canonical ontology edit;benchmark promotion;Gate Chair verdict;completed derivation claim;semantic NoTargetH discharge;canonical NoTargetSyn adoption;canonical EqSrc adoption;canonical RetainH adoption;canonical GenH adoption;candidate reconstruction;candidate promotion;target metric import as source primitive;target proper time import as source primitive;target locality import;target observer protocol import;target favorable rank import;benchmark success evidence import;global theory rejection,ontology edit;benchmark promotion;Gate Chair verdict;derivation claim;candidate promotion;canonical ontology expansion adoption;canonical target-exclusion adoption;canonical equivalence adoption;canonical retention adoption;canonical generator adoption,research_control/tasks/RT-20260613-023/artifacts/39_LOCALIZATION_SOURCE_BASIS_AXIOM_SELECTOR_DOMAIN_NO_TARGET_SOURCE_SYNTAX_THEOREM_RETRY.tex,active,2026-06-13T23:38:59Z,2026-06-13T23:38:59Z,NoTarget source-syntax theorem retry boundary only
CB-LOCALIZATION-SOURCE-BASIS-AXIOM-SELECTOR-DOMAIN-NO-TARGET-SOURCE-REGISTERED-FREEZE-MANIFEST-SMUGGLING-AUDIT-001,task,research_control/tasks/RT-20260613-022,source-registered freeze manifest audited;bounded local pass as future-use audit object;prospective independence preserved;target-import exclusion guard preserved;proxy coverage guard preserved;annotation checkability guard preserved;influence-edge no-closed-world guard preserved;candidate reconstruction blocked;no derivation claim promoted,canonical ontology edit;benchmark promotion;Gate Chair verdict;completed derivation claim;candidate reconstruction;target metric import as source primitive;target proper time import as source primitive;target locality import;target observer protocol import;target favorable rank import;benchmark success evidence;candidate promotion;canonical NoTargetH adoption;canonical NoTargetSyn adoption;canonical EqSrc adoption;canonical RetainH adoption;canonical GenH adoption;target-exclusion theorem discharge;global theory rejection,ontology edit;benchmark promotion;Gate Chair verdict;derivation claim;candidate promotion;canonical ontology expansion adoption;canonical target-exclusion adoption;canonical equivalence adoption;canonical retention adoption;canonical generator adoption,research_control/tasks/RT-20260613-022/artifacts/38_LOCALIZATION_SOURCE_BASIS_AXIOM_SELECTOR_DOMAIN_NO_TARGET_SOURCE_REGISTERED_FREEZE_MANIFEST_SMUGGLING_AUDIT.tex,active,2026-06-13T22:11:41Z,2026-06-13T22:11:41Z,NoTarget source-registered freeze manifest smuggling-audit boundary only
CB-LOCALIZATION-SOURCE-BASIS-AXIOM-SELECTOR-DOMAIN-NO-TARGET-SOURCE-REGISTERED-FREEZE-MANIFEST-001,task,research_control/tasks/RT-20260613-021,source-registered freeze manifest supplied;complete local SrcTok inventory supplied;complete local Forbid_T inventory supplied;complete local Proxy_T inventory supplied;checkable Ann table supplied;complete local Infl edge ledger supplied;source paths and hashes recorded;audit required before theorem retry;candidate reconstruction blocked;no derivation claim promoted,canonical ontology edit;benchmark promotion;Gate Chair verdict;completed derivation claim;candidate reconstruction;target metric import as source primitive;target proper time import as source primitive;target locality import;target observer protocol import;target favorable rank import;benchmark success evidence;candidate promotion;canonical NoTargetH adoption;canonical NoTargetSyn adoption;canonical EqSrc adoption;canonical RetainH adoption;canonical GenH adoption;target-exclusion theorem discharge;global theory rejection,ontology edit;benchmark promotion;Gate Chair verdict;derivation claim;candidate promotion;canonical ontology expansion adoption;canonical target-exclusion adoption;canonical equivalence adoption;canonical retention adoption;canonical generator adoption,research_control/tasks/RT-20260613-021/artifacts/37_LOCALIZATION_SOURCE_BASIS_AXIOM_SELECTOR_DOMAIN_NO_TARGET_SOURCE_REGISTERED_FREEZE_MANIFEST.tex,active,2026-06-13T21:54:45Z,2026-06-13T21:54:45Z,NoTarget source-registered freeze manifest boundary only
CB-LOCALIZATION-SOURCE-BASIS-AXIOM-SELECTOR-DOMAIN-NO-TARGET-SOURCE-FREEZE-INVENTORY-ANNOTATION-INFLUENCE-PACKET-ATTEMPT-OR-CONTROLLED-PAUSE-001,task,research_control/tasks/RT-20260613-020,source-freeze packet requirements stated;registered-source evidence check completed;complete SrcTok not supplied;independently frozen Forbid_T not supplied;complete Proxy_T not supplied;checkable Ann not supplied;complete Infl coverage not supplied;conservative Block result preserved;candidate reconstruction blocked;no derivation claim promoted,canonical ontology edit;benchmark promotion;Gate Chair verdict;completed derivation claim;candidate reconstruction;target metric import;target proper time import;target locality import;target observer protocol import;target favorable rank import;benchmark success evidence;candidate promotion;canonical NoTargetH adoption;canonical NoTargetSyn adoption;canonical EqSrc adoption;canonical RetainH adoption;canonical GenH adoption;target-exclusion theorem discharge;global theory rejection,ontology edit;benchmark promotion;Gate Chair verdict;derivation claim;candidate promotion;canonical ontology expansion adoption;canonical target-exclusion adoption;canonical equivalence adoption;canonical retention adoption;canonical generator adoption,research_control/tasks/RT-20260613-020/artifacts/36_LOCALIZATION_SOURCE_BASIS_AXIOM_SELECTOR_DOMAIN_NO_TARGET_SOURCE_FREEZE_INVENTORY_ANNOTATION_INFLUENCE_PACKET_ATTEMPT_OR_CONTROLLED_PAUSE.tex,active,2026-06-13T21:22:29Z,2026-06-13T21:22:29Z,NoTarget source-freeze inventory and annotation influence packet attempt or controlled-pause boundary only
CB-LOCALIZATION-SOURCE-BASIS-AXIOM-SELECTOR-DOMAIN-NO-TARGET-SOURCE-SYNTAX-THEOREM-ATTEMPT-OR-CONTROLLED-PAUSE-001,task,research_control/tasks/RT-20260613-019,NoTarget_H^syn theorem target stated;frozen provenance packet defined;complete frozen SrcTok not proved;independently frozen Forbid_T not proved;complete Proxy_T not proved;checkable Ann not proved;complete Infl coverage not proved;conservative Block result preserved;candidate reconstruction blocked;no derivation claim promoted,canonical ontology edit;benchmark promotion;Gate Chair verdict;completed derivation claim;candidate reconstruction;target metric import;target proper time import;target locality import;target observer protocol import;target favorable rank import;benchmark success evidence;candidate promotion;canonical LangPlus adoption;canonical NoTargetH adoption;canonical NoTargetSyn adoption;canonical EqSrc adoption;canonical RetainH adoption;canonical GenH adoption;target-exclusion theorem discharge;global theory rejection,ontology edit;benchmark promotion;Gate Chair verdict;derivation claim;candidate promotion;canonical ontology expansion adoption;canonical target-exclusion adoption;canonical equivalence adoption;canonical retention adoption;canonical generator adoption,research_control/tasks/RT-20260613-019/artifacts/35_LOCALIZATION_SOURCE_BASIS_AXIOM_SELECTOR_DOMAIN_NO_TARGET_SOURCE_SYNTAX_THEOREM_ATTEMPT_OR_CONTROLLED_PAUSE.tex,active,2026-06-13T20:36:25Z,2026-06-13T20:36:25Z,NoTarget source-syntax theorem attempt or controlled-pause boundary only
CB-LOCALIZATION-SOURCE-BASIS-AXIOM-SELECTOR-DOMAIN-NO-TARGET-SOURCE-SYNTAX-REPAIR-TARGET-SMUGGLING-AUDIT-001,task,research_control/tasks/RT-20260613-018,NoTarget_H source-syntax repair target audited;conditional local pass as repair target;forbidden-token inventory freeze burden preserved;proxy-risk completeness burden preserved;annotation provenance burden preserved;conservative influence Block burden preserved;candidate reconstruction blocked;no derivation claim promoted,canonical ontology edit;benchmark promotion;Gate Chair verdict;completed derivation claim;candidate reconstruction;target metric import;target proper time import;target locality import;target observer protocol import;target favorable rank import;benchmark success evidence;candidate promotion;canonical LangPlus adoption;canonical NoTargetH adoption;canonical NoTargetSyn adoption;canonical EqSrc adoption;canonical RetainH adoption;canonical GenH adoption;target-exclusion theorem discharge;global theory rejection,ontology edit;benchmark promotion;Gate Chair verdict;derivation claim;candidate promotion;canonical ontology expansion adoption;canonical target-exclusion adoption;canonical equivalence adoption;canonical retention adoption;canonical generator adoption,research_control/tasks/RT-20260613-018/artifacts/34_LOCALIZATION_SOURCE_BASIS_AXIOM_SELECTOR_DOMAIN_NO_TARGET_SOURCE_SYNTAX_REPAIR_TARGET_SMUGGLING_AUDIT.tex,active,2026-06-13T20:19:48Z,2026-06-13T20:19:48Z,NoTarget source-syntax repair-target smuggling-audit boundary only
CB-LOCALIZATION-SOURCE-BASIS-AXIOM-SELECTOR-DOMAIN-NO-TARGET-SOURCE-SYNTAX-REPAIR-TARGET-PACKET-001,task,research_control/tasks/RT-20260613-017,NoTarget_H selected as least broad repair target;NoTarget_H source-syntax theorem target specified;pass block and failure conditions defined;EqSrc Retain_H and Gen_H deferred;candidate reconstruction blocked;no derivation claim promoted,canonical ontology edit;benchmark promotion;Gate Chair verdict;completed derivation claim;candidate reconstruction;target metric import;target proper time import;target locality import;target observer protocol import;target favorable rank import;benchmark success evidence;candidate promotion;canonical LangPlus adoption;canonical NoTargetH adoption;canonical EqSrc adoption;canonical RetainH adoption;canonical GenH adoption;selection law canonical adoption;global theory rejection,ontology edit;benchmark promotion;Gate Chair verdict;derivation claim;candidate promotion;canonical ontology expansion adoption;canonical target-exclusion adoption;canonical equivalence adoption;canonical retention adoption;canonical generator adoption,research_control/tasks/RT-20260613-017/artifacts/33_LOCALIZATION_SOURCE_BASIS_AXIOM_SELECTOR_DOMAIN_NO_TARGET_SOURCE_SYNTAX_REPAIR_TARGET_PACKET.tex,active,2026-06-13T20:04:51Z,2026-06-13T20:04:51Z,NoTarget source-syntax repair-target packet boundary only
CB-LOCALIZATION-SOURCE-BASIS-AXIOM-SELECTOR-DOMAIN-LEDGER-GENERATION-ONTOLOGY-EXPANSION-PROPOSAL-CONSERVATIVITY-BENCHMARK-INDEPENDENCE-REFUTATION-001,task,research_control/tasks/RT-20260613-016,conservativity stress test completed;benchmark independence not proved;admissible variation reopens favorable ledger selection risk;source equivalence retention and target-exclusion burdens preserved;candidate reconstruction blocked;no derivation claim promoted,canonical ontology edit;benchmark promotion;Gate Chair verdict;completed derivation claim;candidate reconstruction;target metric import;target proper time import;target locality import;target observer protocol import;target favorable rank import;benchmark success evidence;candidate promotion;canonical LangPlus adoption;canonical GenH adoption;canonical EqSrc adoption;canonical RetainH adoption;canonical NoTargetH adoption;selection law canonical adoption;global theory rejection,ontology edit;benchmark promotion;Gate Chair verdict;derivation claim;candidate promotion;canonical ontology expansion adoption;canonical generator adoption;canonical equivalence adoption;canonical retention adoption;canonical target-exclusion adoption,research_control/tasks/RT-20260613-016/artifacts/32_LOCALIZATION_SOURCE_BASIS_AXIOM_SELECTOR_DOMAIN_LEDGER_GENERATION_ONTOLOGY_EXPANSION_PROPOSAL_CONSERVATIVITY_BENCHMARK_INDEPENDENCE_REFUTATION.tex,active,2026-06-13T19:51:37Z,2026-06-13T19:51:37Z,Source basis axiom selector-domain ledger-generation ontology-expansion proposal conservativity and benchmark-independence refutation boundary only
CB-LOCALIZATION-SOURCE-BASIS-AXIOM-SELECTOR-DOMAIN-LEDGER-GENERATION-ONTOLOGY-EXPANSION-PROPOSAL-SMUGGLING-AUDIT-001,task,research_control/tasks/RT-20260613-015,ledger-generation proposal smuggling audit completed;direct target primitive import not found in declaration;canonical adoption blocked;quotient laundering risk preserved;retention completeness burden preserved;status laundering blocked;candidate reconstruction blocked;no derivation claim promoted,canonical ontology edit;benchmark promotion;Gate Chair verdict;completed derivation claim;target metric import;target proper time import;target locality import;target observer protocol import;target favorable rank import;benchmark success evidence;candidate promotion;canonical LangPlus adoption;canonical GenH adoption;canonical NoTargetH adoption;selection law canonical adoption;global theory rejection,ontology edit;benchmark promotion;Gate Chair verdict;derivation claim;candidate promotion;canonical ontology expansion adoption;canonical generator adoption;canonical target-exclusion adoption,research_control/tasks/RT-20260613-015/artifacts/31_LOCALIZATION_SOURCE_BASIS_AXIOM_SELECTOR_DOMAIN_LEDGER_GENERATION_ONTOLOGY_EXPANSION_PROPOSAL_SMUGGLING_AUDIT.tex,active,2026-06-13T19:28:55Z,2026-06-13T19:28:55Z,Source basis axiom selector-domain ledger-generation ontology-expansion proposal smuggling audit boundary only
CB-PROJECT-SYSTEM-README-MERMAID-BENCHMARK-ROUTE-CLARITY-001,task,research_control/tasks/RT-20260613-014,README Mermaid benchmark route constraints updated;Exact-GR benchmark package node lowered for visual clarity;memory wiki registry derivatives refreshed;no physics claim changed,canonical ontology edit;benchmark promotion;Gate Chair verdict;science draft edit;generated derivative authority;direct generated wiki edit;direct generated HTML edit as independent authority;physics claim promotion;runtime Mermaid import;claim-boundary meaning change,ontology edit;benchmark promotion;Gate Chair verdict;science draft authority expansion;HTML authority expansion;physics claim promotion;claim-boundary meaning change,research_control/tasks/RT-20260613-014/documentation_impact.yaml,active,2026-06-13T19:04:45Z,2026-06-13T19:04:45Z,README Mermaid benchmark-node route-clarity repair boundary completed without scientific authority
CB-PROJECT-SYSTEM-README-MERMAID-ROUTE-CLARITY-001,task,research_control/tasks/RT-20260613-013,README Mermaid route constraints updated;claim-gates node lowered for visual clarity;memory wiki registry derivatives refreshed;no physics claim changed,canonical ontology edit;benchmark promotion;Gate Chair verdict;science draft edit;generated derivative authority;direct generated wiki edit;direct generated HTML edit as independent authority;physics claim promotion;runtime Mermaid import;claim-boundary meaning change,ontology edit;benchmark promotion;Gate Chair verdict;science draft authority expansion;HTML authority expansion;physics claim promotion;claim-boundary meaning change,research_control/tasks/RT-20260613-013/documentation_impact.yaml,active,2026-06-13T18:45:29Z,2026-06-13T18:45:29Z,README Mermaid route-clarity repair boundary completed without scientific authority
CB-PROJECT-SYSTEM-MERMAID-LABEL-FIT-REPAIR-001,task,research_control/tasks/RT-20260613-012,Mermaid labels wrapped with explicit line breaks;source-backed project overview HTML regenerated;GitHub-facing mirror synchronized;memory wiki registry derivatives refreshed;no physics claim changed,canonical ontology edit;benchmark promotion;Gate Chair verdict;science draft edit;generated derivative authority;direct generated wiki edit;direct generated HTML edit as independent authority;physics claim promotion;runtime Mermaid import;claim-boundary meaning change,ontology edit;benchmark promotion;Gate Chair verdict;science draft authority expansion;HTML authority expansion;physics claim promotion;claim-boundary meaning change,research_control/tasks/RT-20260613-012/documentation_impact.yaml,active,2026-06-13T18:02:26Z,2026-06-13T18:02:26Z,Mermaid label wrapping repair boundary completed without scientific authority
CB-PROJECT-SYSTEM-USER-MODIFIED-PROJECT-SKILL-001,task,research_control/tasks/RT-20260613-011,user-modified-project skill contract created;manual-edit intake route documented;classification-first integration required;physics edits remain proposals;project-system edits route through improve-project-system;memory wiki registry refresh remains bootstrap-controlled;no physics claim changed,canonical ontology edit;benchmark promotion;Gate Chair verdict;science draft edit;generated derivative authority;direct generated wiki edit;direct generated HTML edit;PDF edit;checkpoint bypass;direct adoption of human physics edits;autonomous proof claim;physics claim promotion,ontology edit;benchmark promotion;Gate Chair verdict;science draft authority expansion;checkpoint bypass;human physics edit adoption,research_control/tasks/RT-20260613-011/documentation_impact.yaml,active,2026-06-13T17:31:36Z,2026-06-13T17:31:36Z,User-modified project skill boundary completed without scientific authority
CB-LOCALIZATION-SOURCE-BASIS-AXIOM-SELECTOR-DOMAIN-LEDGER-GENERATION-ONTOLOGY-EXPANSION-PROPOSAL-001,task,research_control/tasks/RT-20260613-010,noncanonical ontology-expansion proposal stated;source-only ledger-generation envelope proposed;family-first generated ledger family proposed;source equivalence burden stated;complete negative-control retention burden stated;target exclusion burden stated;smuggling audit recommended;controlled pause preserved;candidate reconstruction blocked;no derivation claim promoted,canonical ontology edit;benchmark promotion;Gate Chair verdict;completed derivation claim;target metric import;target proper time import;target locality import;target observer protocol import;target favorable rank import;benchmark success evidence;candidate promotion;canonical axiom adoption;selection law canonical adoption;global theory rejection,ontology edit;benchmark promotion;Gate Chair verdict;derivation claim;candidate promotion;canonical axiom adoption;ontology expansion adoption,research_control/tasks/RT-20260613-010/artifacts/30_LOCALIZATION_SOURCE_BASIS_AXIOM_SELECTOR_DOMAIN_LEDGER_GENERATION_ONTOLOGY_EXPANSION_PROPOSAL.tex,active,2026-06-13T16:15:23Z,2026-06-13T16:15:23Z,Source basis axiom selector-domain ledger-generation ontology-expansion proposal boundary only
CB-LOCALIZATION-SOURCE-BASIS-AXIOM-SELECTOR-DOMAIN-LEDGER-PROVENANCE-THEOREM-ATTEMPT-OR-CONTROLLED-PAUSE-001,task,research_control/tasks/RT-20260613-009,ledger provenance theorem target stated;source-forced ledger generator absent;ledger uniqueness not proved;complete admissible ledger retention not proved;controlled pause preserved;candidate reconstruction blocked;no derivation claim promoted,canonical ontology edit;benchmark promotion;Gate Chair verdict;completed derivation claim;target metric import;target proper time import;target locality import;target observer protocol import;target favorable rank import;benchmark success evidence;candidate promotion;canonical axiom adoption;selection law canonical adoption;global theory rejection,ontology edit;benchmark promotion;Gate Chair verdict;derivation claim;candidate promotion;canonical axiom adoption;ontology expansion,research_control/tasks/RT-20260613-009/artifacts/29_LOCALIZATION_SOURCE_BASIS_AXIOM_SELECTOR_DOMAIN_LEDGER_PROVENANCE_THEOREM_ATTEMPT_OR_CONTROLLED_PAUSE.tex,active,2026-06-13T15:51:30Z,2026-06-13T15:51:30Z,Source basis axiom selector-domain ledger-provenance theorem attempt or controlled-pause boundary only
CB-LOCALIZATION-SOURCE-BASIS-AXIOM-SELECTOR-DOMAIN-SOURCE-FORCING-DISCHARGE-PROTOCOL-BENCHMARK-INDEPENDENCE-REFUTATION-001,task,research_control/tasks/RT-20260613-008,source-forcing discharge protocol benchmark-independence refutation completed;four-cell ledger classification instability identified;ledger provenance variation blocker identified;horizon universality variation blocker identified;meta-grammar variation blocker identified;certificate invariance variation blocker identified;output-basis variation blocker identified;D_F status-rule variation blocker identified;candidate reconstruction blocked pending single-surface theorem attempt or controlled pause;no derivation claim promoted,canonical ontology edit;benchmark promotion;Gate Chair verdict;completed derivation claim;target metric import;target proper time import;candidate promotion;canonical axiom adoption;selection law canonical adoption;global theory rejection,ontology edit;benchmark promotion;Gate Chair verdict;derivation claim;candidate promotion;canonical axiom adoption,research_control/tasks/RT-20260613-008/artifacts/28_LOCALIZATION_SOURCE_BASIS_AXIOM_SELECTOR_DOMAIN_SOURCE_FORCING_DISCHARGE_PROTOCOL_BENCHMARK_INDEPENDENCE_REFUTATION.tex,active,2026-06-13T14:06:34Z,2026-06-13T14:06:34Z,Source basis axiom selector-domain source-forcing discharge protocol benchmark-independence refutation boundary only
CB-LOCALIZATION-SOURCE-BASIS-AXIOM-SELECTOR-DOMAIN-SOURCE-FORCING-DISCHARGE-PROTOCOL-SMUGGLING-AUDIT-001,task,research_control/tasks/RT-20260613-007,source-forcing discharge protocol smuggling audit completed;four-cell separation screen passed;hidden target import not found in protocol declarations;protected authority-expansion triggers preserved;status laundering blocked;candidate reconstruction blocked pending benchmark-independence stress test and theorem discharge;no derivation claim promoted,canonical ontology edit;benchmark promotion;Gate Chair verdict;completed derivation claim;target metric import;target proper time import;candidate promotion;canonical axiom adoption;selection law canonical adoption;global theory rejection,ontology edit;benchmark promotion;Gate Chair verdict;derivation claim;candidate promotion;canonical axiom adoption,research_control/tasks/RT-20260613-007/artifacts/27_LOCALIZATION_SOURCE_BASIS_AXIOM_SELECTOR_DOMAIN_SOURCE_FORCING_DISCHARGE_PROTOCOL_SMUGGLING_AUDIT.tex,active,2026-06-13T13:53:55Z,2026-06-13T13:53:55Z,Source basis axiom selector-domain source-forcing discharge protocol smuggling audit boundary only
CB-LOCALIZATION-SOURCE-BASIS-AXIOM-SELECTOR-DOMAIN-SOURCE-FORCING-DISCHARGE-PROTOCOL-001,task,research_control/tasks/RT-20260613-006,source-forcing discharge protocol specified;current-language theorem obligations separated;negative-control families preserved;protected authority-expansion triggers identified;unresolved statuses preserved;candidate reconstruction blocked pending protocol audit and theorem discharge;no derivation claim promoted,canonical ontology edit;benchmark promotion;Gate Chair verdict;completed derivation claim;target metric import;target proper time import;candidate promotion;canonical axiom adoption;selection law canonical adoption;global theory rejection,ontology edit;benchmark promotion;Gate Chair verdict;derivation claim;candidate promotion;canonical axiom adoption,research_control/tasks/RT-20260613-006/artifacts/26_LOCALIZATION_SOURCE_BASIS_AXIOM_SELECTOR_DOMAIN_SOURCE_FORCING_DISCHARGE_PROTOCOL.tex,active,2026-06-13T13:31:39Z,2026-06-13T13:31:39Z,Source basis axiom selector-domain source-forcing discharge protocol boundary only
CB-LOCALIZATION-SOURCE-BASIS-AXIOM-SELECTOR-DOMAIN-SOURCE-FORCING-SMUGGLING-AUDIT-001,task,research_control/tasks/RT-20260613-005,source-forcing smuggling audit completed;no direct target primitive declaration screen passed;authority-expansion risks identified;candidate reconstruction blocked pending source-forcing discharge protocol or controlled pause;no derivation claim promoted,canonical ontology edit;benchmark promotion;Gate Chair verdict;completed derivation claim;target metric import;target proper time import;candidate promotion;canonical axiom adoption;selection law canonical adoption;global theory rejection,ontology edit;benchmark promotion;Gate Chair verdict;derivation claim;candidate promotion;canonical axiom adoption,research_control/tasks/RT-20260613-005/artifacts/25_LOCALIZATION_SOURCE_BASIS_AXIOM_SELECTOR_DOMAIN_SOURCE_FORCING_SMUGGLING_AUDIT.tex,active,2026-06-13T13:03:40Z,2026-06-13T13:03:40Z,Source basis axiom selector-domain source-forcing smuggling audit boundary only
CB-LOCALIZATION-SOURCE-BASIS-AXIOM-SELECTOR-DOMAIN-SOURCE-FORCING-OBLIGATION-PACKET-001,task,research_control/tasks/RT-20260613-004,source-forcing obligation packet stated;ledger provenance obligations stated;horizon universality obligations stated;admissibility meta-grammar obligations stated;certificate invariance obligations stated;output-basis generator obligations stated;D_F status-transition theorem obligations stated;candidate reconstruction blocked pending smuggling audit and theorem discharge;no derivation claim promoted,canonical ontology edit;benchmark promotion;Gate Chair verdict;completed derivation claim;target metric import;target proper time import;candidate promotion;canonical axiom adoption;selection law canonical adoption;global theory rejection,ontology edit;benchmark promotion;Gate Chair verdict;derivation claim;candidate promotion;canonical axiom adoption,research_control/tasks/RT-20260613-004/artifacts/24_LOCALIZATION_SOURCE_BASIS_AXIOM_SELECTOR_DOMAIN_SOURCE_FORCING_OBLIGATION_PACKET.tex,active,2026-06-13T12:46:21Z,2026-06-13T12:46:21Z,Source basis axiom selector-domain source-forcing obligation packet boundary only
CB-PROJECT-SYSTEM-DOCUMENTATION-SURFACE-AUDIT-001,task,research_control/tasks/RT-20260613-003,documentation surface audit script added;focused audit tests added;README command surface updated;project-control validation entrypoint uses skip-local mode;generated memory/wiki registry surfaces refreshed;no physics claim changed,canonical ontology edit;benchmark promotion;Gate Chair verdict;science draft edit;generated derivative as independent authority;direct generated edit;physics claim promotion;model judgment as validator substitute,ontology edit;benchmark promotion;Gate Chair verdict;science draft authority expansion;physics claim promotion;validator policy expansion without human decision,research_control/tasks/RT-20260613-003/documentation_impact.yaml,active,2026-06-13T03:22:30Z,2026-06-13T03:22:30Z,Documentation surface audit tooling boundary completed without scientific authority
CB-PROJECT-SYSTEM-GITHUB-FACING-MARKDOWN-ROOT-MIRROR-001,task,research_control/tasks/RT-20260613-002,GitHub-facing Markdown folder moved to root;root files mirror explainer spec bodies without YAML metadata;old nested README SOURCE_MANIFEST and compact pages removed;README links Markdown files;registry discovery classifier validator and tests updated;generated memory/wiki surfaces refreshed;no physics claim changed,canonical ontology edit;benchmark promotion;Gate Chair verdict;science draft edit;generated derivative as independent authority;control decision authority expansion;physics claim promotion;direct generated edit,ontology edit;benchmark promotion;Gate Chair verdict;science draft authority expansion;control authority expansion;physics claim promotion,research_control/tasks/RT-20260613-002/documentation_impact.yaml,active,2026-06-13T02:40:38Z,2026-06-13T02:40:38Z,GitHub-facing root Markdown mirror boundary completed without scientific authority
CB-PROJECT-SYSTEM-GITHUB-FACING-MARKDOWN-LAYER-001,task,research_control/tasks/RT-20260613-001,GitHub-facing Markdown docs added;source manifest registered;Markdown registry discovery updated;classifier and documentation-impact gates updated;generated memory/wiki surfaces refreshed;no physics claim changed,canonical ontology edit;benchmark promotion;Gate Chair verdict;science draft edit;generated derivative as independent authority;control decision authority expansion;physics claim promotion;direct generated edit,ontology edit;benchmark promotion;Gate Chair verdict;science draft authority expansion;control authority expansion;physics claim promotion,research_control/tasks/RT-20260613-001/documentation_impact.yaml,active,2026-06-13T01:42:25Z,2026-06-13T01:42:25Z,GitHub-facing Markdown documentation layer boundary completed without scientific authority
CB-LOCALIZATION-SOURCE-BASIS-AXIOM-SELECTOR-DOMAIN-FINITE-VARIATION-BENCHMARK-INDEPENDENCE-REFUTATION-001,task,research_control/tasks/RT-20260611-006,finite-variation benchmark-independence refutation completed;source-forcing not established;candidate reconstruction blocked pending source-forcing repair or controlled pause;no derivation claim promoted,canonical ontology edit;benchmark promotion;Gate Chair verdict;completed derivation claim;target metric import;target proper time import;candidate promotion;canonical axiom adoption;selection law canonical adoption;global theory rejection,ontology edit;benchmark promotion;Gate Chair verdict;derivation claim;candidate promotion;canonical axiom adoption,research_control/tasks/RT-20260611-006/artifacts/23_LOCALIZATION_SOURCE_BASIS_AXIOM_SELECTOR_DOMAIN_FINITE_VARIATION_BENCHMARK_INDEPENDENCE_REFUTATION.tex,active,2026-06-11T03:40:07Z,2026-06-11T03:40:07Z,Source basis axiom selector-domain finite-variation benchmark-independence refutation boundary only
CB-LOCALIZATION-SOURCE-BASIS-AXIOM-SELECTOR-DOMAIN-FINITE-VARIATION-SMUGGLING-AUDIT-001,task,research_control/tasks/RT-20260608-023,finite-variation smuggling audit completed;hidden target-import risks identified;candidate reconstruction blocked pending benchmark-independence refutation;no derivation claim promoted,canonical ontology edit;benchmark promotion;Gate Chair verdict;completed derivation claim;target metric import;target proper time import;candidate promotion;canonical axiom adoption;selection law canonical adoption;global theory rejection,ontology edit;benchmark promotion;Gate Chair verdict;derivation claim;candidate promotion;canonical axiom adoption,research_control/tasks/RT-20260608-023/artifacts/22_LOCALIZATION_SOURCE_BASIS_AXIOM_SELECTOR_DOMAIN_FINITE_VARIATION_SMUGGLING_AUDIT.tex,active,2026-06-10T16:21:25Z,2026-06-10T16:21:25Z,Source basis axiom selector-domain finite-variation smuggling audit boundary only
CB-LOCALIZATION-SOURCE-BASIS-AXIOM-SELECTOR-DOMAIN-FINITE-VARIATION-REPAIR-PACKET-001,task,research_control/tasks/RT-20260608-022,finite-variation repair packet proposed;benchmark-blind packet-family selection stated;enumerator-family completeness obligations stated;certificate-exclusion proof obligations stated;output-map stability criteria stated;D_F status-transition evidence gates stated;candidate reconstruction blocked pending smuggling audit and refutation;no derivation claim promoted,canonical ontology edit;benchmark promotion;Gate Chair verdict;completed derivation claim;target metric import;target proper time import;candidate promotion;canonical axiom adoption;selection law canonical adoption;global theory rejection,ontology edit;benchmark promotion;Gate Chair verdict;derivation claim;candidate promotion;canonical axiom adoption,research_control/tasks/RT-20260608-022/artifacts/21_LOCALIZATION_SOURCE_BASIS_AXIOM_SELECTOR_DOMAIN_FINITE_VARIATION_REPAIR_PACKET.tex,active,2026-06-10T05:42:24Z,2026-06-10T05:42:24Z,Source basis axiom selector-domain finite-variation repair packet boundary only
CB-PROJECT-001,project,.,open derivation status;process tooling status;registered benchmark package exists,GR derived from ontology;exact GR recovered from ontology;benchmark promotion without approval;ontology promotion without approval;GR_DERIVED_FROM_ANTHOLOGY,ontology promotion;benchmark promotion;Gate Chair verdict;GR-derived claim,AGENTS.md,active,2026-06-08T00:00:00Z,2026-06-08T00:00:00Z,Project wide bootstrap boundary
CB-BOOTSTRAP-001,task,research_control/tasks/RT-20260608-001,control spine installed;validators added;roles registered;bootstrap completed,new physics result;ontology source edit;Gate Chair verdict;benchmark status change;GR derived from ontology,ontology edit;role promotion;claim promotion,research_control/design/director_led_agent_architecture_grill_decisions.md,active,2026-06-08T00:00:00Z,2026-06-08T00:00:00Z,Bootstrap may claim process results only
CB-GATE0-ONTOLOGY-001,task,research_control/tasks/RT-20260608-002,source primitives formalized;forbidden imports recorded;localization burden stated;no candidate derivation constructed,canonical ontology edit;benchmark promotion;Gate Chair verdict;completed derivation claim;candidate promotion,ontology edit;benchmark promotion;Gate Chair verdict;derivation claim;candidate promotion,research_control/tasks/RT-20260608-002/artifacts/01_GATE0_ONTOLOGY_FORMALIZATION.tex,active,2026-06-08T22:03:50Z,2026-06-08T22:03:50Z,Gate 0 draft boundary only
CB-LOCALIZATION-CANDIDATE-001,task,research_control/tasks/RT-20260608-003,source localization packet proposed;anti-smuggling constraints stated;failure tests stated;no derivation claim promoted,canonical ontology edit;benchmark promotion;Gate Chair verdict;completed derivation claim;target metric import;candidate promotion,ontology edit;benchmark promotion;Gate Chair verdict;derivation claim;candidate promotion,research_control/tasks/RT-20260608-003/artifacts/02_LOCALIZATION_CANDIDATE_PACKET.tex,active,2026-06-08T22:17:47Z,2026-06-08T22:17:47Z,Candidate packet boundary only
CB-LOCALIZATION-SMUGGLING-AUDIT-001,task,research_control/tasks/RT-20260608-004,smuggling audit completed;target-import risks identified;promotion blocked pending repair or refutation;no derivation claim promoted,canonical ontology edit;benchmark promotion;Gate Chair verdict;completed derivation claim;target null import;target clock import;candidate promotion,ontology edit;benchmark promotion;Gate Chair verdict;derivation claim;candidate promotion,research_control/tasks/RT-20260608-004/artifacts/03_LOCALIZATION_SMUGGLING_AUDIT.tex,active,2026-06-08T23:41:47Z,2026-06-08T23:41:47Z,Smuggling audit boundary only
CB-LOCALIZATION-SOURCE-REPAIR-001,task,research_control/tasks/RT-20260608-005,source-only repair definitions stated;invariance ledger stated;benchmark separation stated;no derivation claim promoted,canonical ontology edit;benchmark promotion;Gate Chair verdict;completed derivation claim;target null import;target clock import;target spatial distance import;candidate promotion,ontology edit;benchmark promotion;Gate Chair verdict;derivation claim;candidate promotion,research_control/tasks/RT-20260608-005/artifacts/04_LOCALIZATION_SOURCE_REPAIR_PACKET.tex,active,2026-06-08T23:53:45Z,2026-06-08T23:53:45Z,Source repair boundary only
CB-LOCALIZATION-REPAIR-REFUTATION-001,task,research_control/tasks/RT-20260608-006,refutation completed;source-repair underdetermination identified;promotion blocked pending source-basis repair;no derivation claim promoted,canonical ontology edit;benchmark promotion;Gate Chair verdict;completed derivation claim;global theory rejection;candidate promotion;target metric import,ontology edit;benchmark promotion;Gate Chair verdict;derivation claim;candidate promotion,research_control/tasks/RT-20260608-006/artifacts/05_LOCALIZATION_REPAIR_REFUTATION.tex,active,2026-06-09T00:04:12Z,2026-06-09T00:04:12Z,Refuter boundary only
CB-LOCALIZATION-SOURCE-BASIS-001,task,research_control/tasks/RT-20260608-007,source-basis definitions stated;admissibility laws stated;invariance and dimensional ledgers stated;no derivation claim promoted,canonical ontology edit;benchmark promotion;Gate Chair verdict;completed derivation claim;target metric topology import;target proper time import;target observer protocol import;candidate promotion;global theory rejection,ontology edit;benchmark promotion;Gate Chair verdict;derivation claim;candidate promotion,research_control/tasks/RT-20260608-007/artifacts/06_LOCALIZATION_SOURCE_BASIS_FORMALIZATION.tex,active,2026-06-09T00:14:36Z,2026-06-09T00:14:36Z,Source basis boundary only
CB-LOCALIZATION-SOURCE-BASIS-SMUGGLING-AUDIT-001,task,research_control/tasks/RT-20260608-008,source-basis smuggling audit completed;target-import risks identified;candidate reconstruction blocked pending conservativity test;no derivation claim promoted,canonical ontology edit;benchmark promotion;Gate Chair verdict;completed derivation claim;target metric import;target proper time import;candidate promotion;global theory rejection,ontology edit;benchmark promotion;Gate Chair verdict;derivation claim;candidate promotion,research_control/tasks/RT-20260608-008/artifacts/07_LOCALIZATION_SOURCE_BASIS_SMUGGLING_AUDIT.tex,active,2026-06-09T00:22:21Z,2026-06-09T00:22:21Z,Source basis smuggling audit boundary only
CB-LOCALIZATION-SOURCE-BASIS-CONSERVATIVITY-REFUTATION-001,task,research_control/tasks/RT-20260608-009,source-basis conservativity refutation completed;nonconservative extension risk identified;candidate reconstruction blocked pending source-basis axiom justification;no derivation claim promoted,canonical ontology edit;benchmark promotion;Gate Chair verdict;completed derivation claim;target metric import;target proper time import;candidate promotion;global theory rejection,ontology edit;benchmark promotion;Gate Chair verdict;derivation claim;candidate promotion,research_control/tasks/RT-20260608-009/artifacts/08_LOCALIZATION_SOURCE_BASIS_CONSERVATIVITY_REFUTATION.tex,active,2026-06-09T00:36:03Z,2026-06-09T00:36:03Z,Source basis conservativity refutation boundary only
CB-LOCALIZATION-SOURCE-BASIS-AXIOM-JUSTIFICATION-001,task,research_control/tasks/RT-20260608-010,source-basis axiom justification completed;ontology-extension status identified;candidate reconstruction blocked pending smuggling audit;no derivation claim promoted,canonical ontology edit;benchmark promotion;Gate Chair verdict;completed derivation claim;target metric import;target proper time import;candidate promotion;source-basis axiom adoption as canonical;global theory rejection,ontology edit;benchmark promotion;Gate Chair verdict;derivation claim;candidate promotion;canonical axiom adoption,research_control/tasks/RT-20260608-010/artifacts/09_LOCALIZATION_SOURCE_BASIS_AXIOM_JUSTIFICATION.tex,active,2026-06-09T00:46:46Z,2026-06-09T00:46:46Z,Source basis axiom justification boundary only
CB-LOCALIZATION-SOURCE-BASIS-AXIOM-SMUGGLING-AUDIT-001,task,research_control/tasks/RT-20260608-011,source-basis axiom smuggling audit completed;target-import risks identified;candidate reconstruction blocked pending benchmark-independence refutation;no derivation claim promoted,canonical ontology edit;benchmark promotion;Gate Chair verdict;completed derivation claim;target metric import;target proper time import;candidate promotion;canonical axiom adoption;global theory rejection,ontology edit;benchmark promotion;Gate Chair verdict;derivation claim;candidate promotion;canonical axiom adoption,research_control/tasks/RT-20260608-011/artifacts/10_LOCALIZATION_SOURCE_BASIS_AXIOM_SMUGGLING_AUDIT.tex,active,2026-06-09T13:39:04Z,2026-06-09T13:39:04Z,Source basis axiom smuggling audit boundary only
CB-LOCALIZATION-SOURCE-BASIS-AXIOM-BENCHMARK-INDEPENDENCE-REFUTATION-001,task,research_control/tasks/RT-20260608-012,source-basis axiom benchmark-independence refutation completed;source-internal necessity not established;candidate reconstruction blocked pending source-internal selection law;no derivation claim promoted,canonical ontology edit;benchmark promotion;Gate Chair verdict;completed derivation claim;target metric import;target proper time import;candidate promotion;canonical axiom adoption;global theory rejection,ontology edit;benchmark promotion;Gate Chair verdict;derivation claim;candidate promotion;canonical axiom adoption,research_control/tasks/RT-20260608-012/artifacts/11_LOCALIZATION_SOURCE_BASIS_AXIOM_BENCHMARK_INDEPENDENCE_REFUTATION.tex,active,2026-06-09T13:53:43Z,2026-06-09T13:53:43Z,Source basis axiom benchmark-independence refutation boundary only
CB-LOCALIZATION-SOURCE-BASIS-AXIOM-SELECTION-LAW-PACKET-001,task,research_control/tasks/RT-20260608-013,source-internal selection laws proposed;invariance obligations stated;failure reporting stated;candidate reconstruction blocked pending smuggling audit;no derivation claim promoted,canonical ontology edit;benchmark promotion;Gate Chair verdict;completed derivation claim;target metric import;target proper time import;candidate promotion;canonical axiom adoption;selection law canonical adoption;global theory rejection,ontology edit;benchmark promotion;Gate Chair verdict;derivation claim;candidate promotion;canonical axiom adoption,research_control/tasks/RT-20260608-013/artifacts/12_LOCALIZATION_SOURCE_BASIS_AXIOM_SELECTION_LAW_PACKET.tex,active,2026-06-09T14:04:04Z,2026-06-09T14:04:04Z,Source basis axiom selection-law packet boundary only
CB-LOCALIZATION-SOURCE-BASIS-AXIOM-SELECTION-LAW-SMUGGLING-AUDIT-001,task,research_control/tasks/RT-20260608-014,selection-law smuggling audit completed;target-import risks identified;candidate reconstruction blocked pending benchmark-independence test;no derivation claim promoted,canonical ontology edit;benchmark promotion;Gate Chair verdict;completed derivation claim;target metric import;target proper time import;candidate promotion;canonical axiom adoption;selection law canonical adoption;global theory rejection,ontology edit;benchmark promotion;Gate Chair verdict;derivation claim;candidate promotion;canonical axiom adoption,research_control/tasks/RT-20260608-014/artifacts/13_LOCALIZATION_SOURCE_BASIS_AXIOM_SELECTION_LAW_SMUGGLING_AUDIT.tex,active,2026-06-09T23:33:06Z,2026-06-09T23:33:06Z,Source basis axiom selection-law smuggling audit boundary only
CB-LOCALIZATION-SOURCE-BASIS-AXIOM-SELECTION-LAW-BENCHMARK-INDEPENDENCE-REFUTATION-001,task,research_control/tasks/RT-20260608-015,selection-law benchmark-independence refutation completed;source-internal selector invariance not established;candidate reconstruction blocked pending selector-domain repair or controlled pause;no derivation claim promoted,canonical ontology edit;benchmark promotion;Gate Chair verdict;completed derivation claim;target metric import;target proper time import;candidate promotion;canonical axiom adoption;selection law canonical adoption;global theory rejection,ontology edit;benchmark promotion;Gate Chair verdict;derivation claim;candidate promotion;canonical axiom adoption,research_control/tasks/RT-20260608-015/artifacts/14_LOCALIZATION_SOURCE_BASIS_AXIOM_SELECTION_LAW_BENCHMARK_INDEPENDENCE_REFUTATION.tex,active,2026-06-09T23:40:31Z,2026-06-09T23:40:31Z,Source basis axiom selection-law benchmark-independence refutation boundary only
CB-LOCALIZATION-SOURCE-BASIS-AXIOM-SELECTOR-DOMAIN-REPAIR-PACKET-001,task,research_control/tasks/RT-20260608-016,selector-domain repair packet proposed;survey domains stated;invariance criteria stated;negative-result status rules stated;candidate reconstruction blocked pending smuggling audit and refutation;no derivation claim promoted,canonical ontology edit;benchmark promotion;Gate Chair verdict;completed derivation claim;target metric import;target proper time import;candidate promotion;canonical axiom adoption;selection law canonical adoption;global theory rejection,ontology edit;benchmark promotion;Gate Chair verdict;derivation claim;candidate promotion;canonical axiom adoption,research_control/tasks/RT-20260608-016/artifacts/15_LOCALIZATION_SOURCE_BASIS_AXIOM_SELECTOR_DOMAIN_REPAIR_PACKET.tex,active,2026-06-09T23:49:55Z,2026-06-09T23:49:55Z,Source basis axiom selector-domain repair packet boundary only
CB-LOCALIZATION-SOURCE-BASIS-AXIOM-SELECTOR-DOMAIN-SMUGGLING-AUDIT-001,task,research_control/tasks/RT-20260608-017,selector-domain smuggling audit completed;target-import risks identified;candidate reconstruction blocked pending benchmark-independence test;no derivation claim promoted,canonical ontology edit;benchmark promotion;Gate Chair verdict;completed derivation claim;target metric import;target proper time import;candidate promotion;canonical axiom adoption;selection law canonical adoption;global theory rejection,ontology edit;benchmark promotion;Gate Chair verdict;derivation claim;candidate promotion;canonical axiom adoption,research_control/tasks/RT-20260608-017/artifacts/16_LOCALIZATION_SOURCE_BASIS_AXIOM_SELECTOR_DOMAIN_SMUGGLING_AUDIT.tex,active,2026-06-10T00:02:41Z,2026-06-10T00:02:41Z,Source basis axiom selector-domain smuggling audit boundary only
CB-LOCALIZATION-SOURCE-BASIS-AXIOM-SELECTOR-DOMAIN-BENCHMARK-INDEPENDENCE-REFUTATION-001,task,research_control/tasks/RT-20260608-018,selector-domain benchmark-independence refutation completed;source-fixed finite enumerators not established;invariance ledgers incomplete;candidate reconstruction blocked pending finite survey protocol or controlled pause;no derivation claim promoted,canonical ontology edit;benchmark promotion;Gate Chair verdict;completed derivation claim;target metric import;target proper time import;candidate promotion;canonical axiom adoption;selection law canonical adoption;global theory rejection,ontology edit;benchmark promotion;Gate Chair verdict;derivation claim;candidate promotion;canonical axiom adoption,research_control/tasks/RT-20260608-018/artifacts/17_LOCALIZATION_SOURCE_BASIS_AXIOM_SELECTOR_DOMAIN_BENCHMARK_INDEPENDENCE_REFUTATION.tex,active,2026-06-10T00:22:08Z,2026-06-10T00:22:08Z,Source basis axiom selector-domain benchmark-independence refutation boundary only
CB-LOCALIZATION-SOURCE-BASIS-AXIOM-SELECTOR-DOMAIN-FINITE-SURVEY-PROTOCOL-PACKET-001,task,research_control/tasks/RT-20260608-019,finite survey protocol packet proposed;source-fixed enumerator grammars stated;closure-completeness criteria stated;invariance-ledger schema stated;candidate reconstruction blocked pending smuggling audit and refutation;no derivation claim promoted,canonical ontology edit;benchmark promotion;Gate Chair verdict;completed derivation claim;target metric import;target proper time import;candidate promotion;canonical axiom adoption;selection law canonical adoption;global theory rejection,ontology edit;benchmark promotion;Gate Chair verdict;derivation claim;candidate promotion;canonical axiom adoption,research_control/tasks/RT-20260608-019/artifacts/18_LOCALIZATION_SOURCE_BASIS_AXIOM_SELECTOR_DOMAIN_FINITE_SURVEY_PROTOCOL_PACKET.tex,active,2026-06-10T00:40:21Z,2026-06-10T00:40:21Z,Source basis axiom selector-domain finite survey protocol packet boundary only
CB-LOCALIZATION-SOURCE-BASIS-AXIOM-SELECTOR-DOMAIN-FINITE-SURVEY-PROTOCOL-SMUGGLING-AUDIT-001,task,research_control/tasks/RT-20260608-020,finite survey protocol smuggling audit completed;hidden target-import risks identified;candidate reconstruction blocked pending benchmark-independence refutation;no derivation claim promoted,canonical ontology edit;benchmark promotion;Gate Chair verdict;completed derivation claim;target metric import;target proper time import;candidate promotion;canonical axiom adoption;selection law canonical adoption;global theory rejection,ontology edit;benchmark promotion;Gate Chair verdict;derivation claim;candidate promotion;canonical axiom adoption,research_control/tasks/RT-20260608-020/artifacts/19_LOCALIZATION_SOURCE_BASIS_AXIOM_SELECTOR_DOMAIN_FINITE_SURVEY_PROTOCOL_SMUGGLING_AUDIT.tex,active,2026-06-10T00:50:44Z,2026-06-10T00:50:44Z,Source basis axiom selector-domain finite survey protocol smuggling audit boundary only
CB-PROJECT-SYSTEM-IMPROVEMENT-001,task,research_control/tasks/RT-20260610-001,project-system roles registered;documentation-impact validation added;project-control classifier added;no physics claim changed,canonical ontology edit;benchmark promotion;Gate Chair verdict;science draft edit;generated derivative hand edit;physics claim promotion,ontology edit;benchmark promotion;Gate Chair verdict;science draft authority expansion,research_control/tasks/RT-20260610-001/documentation_impact.yaml,active,2026-06-10T02:22:13Z,2026-06-10T02:22:13Z,Project-system improvement boundary without scientific authority
CB-PROJECT-SYSTEM-SIGNAL-REGISTRATION-GATE-001,task,research_control/tasks/RT-20260610-002,structural project-improvement signal detection added;canonical project-improvement signal-type registry added;project-improvement signal registration validation added;project-improvement resolution evidence gate added;project-improvement resolution evidence type validation added;multi-signal resolution boundary added;canonical completion path shared-closure gate added;project-system documentation-impact record requirement added;project-improvement severity routing added;documentation-impact receipt validation added;advisory resolver metadata added;checkpoint signal gate added;no physics claim changed,canonical ontology edit;benchmark promotion;Gate Chair verdict;science draft edit;generated derivative hand edit;physics claim promotion,ontology edit;benchmark promotion;Gate Chair verdict;science draft authority expansion,research_control/tasks/RT-20260610-002/documentation_impact.yaml,active,2026-06-10T03:10:45Z,2026-06-10T03:10:45Z,Structural signal canonical-type registry canonical-completion multi-signal resolution-evidence type validation documentation-impact severity-routing receipt and advisory-resolver boundary without scientific authority
CB-LOCALIZATION-SOURCE-BASIS-AXIOM-SELECTOR-DOMAIN-FINITE-SURVEY-PROTOCOL-BENCHMARK-INDEPENDENCE-REFUTATION-001,task,research_control/tasks/RT-20260608-021,finite survey protocol benchmark-independence refutation completed;sealed-packet invariance not established;enumerator certificate output-map and status-transition variation blockers identified;candidate reconstruction blocked pending finite-variation repair or controlled pause;no derivation claim promoted,canonical ontology edit;benchmark promotion;Gate Chair verdict;completed derivation claim;target metric import;target proper time import;candidate promotion;canonical axiom adoption;selection law canonical adoption;global theory rejection,ontology edit;benchmark promotion;Gate Chair verdict;derivation claim;candidate promotion;canonical axiom adoption,research_control/tasks/RT-20260608-021/artifacts/20_LOCALIZATION_SOURCE_BASIS_AXIOM_SELECTOR_DOMAIN_FINITE_SURVEY_PROTOCOL_BENCHMARK_INDEPENDENCE_REFUTATION.tex,active,2026-06-10T05:30:09Z,2026-06-10T05:30:09Z,Source basis axiom selector-domain finite survey protocol benchmark-independence refutation boundary only
CB-PROJECT-SYSTEM-DIRECTOR-ROLE-FLEXIBILITY-001,task,research_control/tasks/RT-20260610-003,execution-role taxonomy clarified;task_overlay preserved as core Director functionality;one-job provisional roles support brand-new or template-derived roles;protected expansion gate implemented;three-use provisional recurrence signal implemented;no physics claim changed,canonical ontology edit;benchmark promotion;Gate Chair verdict;science draft edit;generated derivative hand edit;physics claim promotion;permanent role registration without human authorization,ontology edit;benchmark promotion;Gate Chair verdict;science draft authority expansion;role registration without human authorization,research_control/tasks/RT-20260610-003/documentation_impact.yaml,active,2026-06-10T17:36:36Z,2026-06-10T17:36:36Z,Director role-flexibility project-system boundary without scientific authority
CB-PROJECT-SYSTEM-README-DECISION-VOCABULARY-001,task,research_control/tasks/RT-20260610-004,README decision vocabulary clarified;project-system role boundaries documented;no physics claim changed,canonical ontology edit;benchmark promotion;Gate Chair verdict;science draft edit;generated derivative hand edit;physics claim promotion,ontology edit;benchmark promotion;Gate Chair verdict;science draft authority expansion,research_control/tasks/RT-20260610-004/documentation_impact.yaml,active,2026-06-10T17:58:14Z,2026-06-10T17:58:14Z,README glossary boundary without scientific authority
CB-PROJECT-SYSTEM-CONTROL-MARKDOWN-AUTHORITY-SPLIT-001,task,research_control/tasks/RT-20260610-005,Project-Control Maintainer registered with human authorization;Documentation Curator narrowed to explanatory documentation;mixed Markdown authority markers enforced;skill files treated as control-only;no physics claim changed,canonical ontology edit;benchmark promotion;Gate Chair verdict;science draft edit;generated derivative hand edit;physics claim promotion;role registration without human authorization,ontology edit;benchmark promotion;Gate Chair verdict;science draft authority expansion;role registration without human authorization,research_control/tasks/RT-20260610-005/documentation_impact.yaml,active,2026-06-10T18:13:01Z,2026-06-10T18:13:01Z,Control-markdown authority split without scientific authority
CB-PROJECT-SYSTEM-DOCUMENTATION-CURATOR-HTML-EXPLAINER-001,task,research_control/tasks/RT-20260610-006,Documentation Curator v0.2.0 registered with human authorization;role references validate by role_id and version;tracked HTML explainers require registered Markdown source specs;direct HTML-only edits remain blocked;first source-backed human HTML explainer generated;no physics claim changed,canonical ontology edit;benchmark promotion;Gate Chair verdict;science draft edit;generated HTML as independent authority;direct HTML-only edit;physics claim promotion;role registration without human authorization,ontology edit;benchmark promotion;Gate Chair verdict;science draft authority expansion;HTML authority expansion;role registration without human authorization,research_control/tasks/RT-20260610-006/documentation_impact.yaml,active,2026-06-10T19:27:19Z,2026-06-10T19:27:19Z,Documentation Curator v0.2.0 and source-backed HTML governance without scientific authority
CB-PROJECT-SYSTEM-DOCUMENTATION-CURATOR-FIRST-CONTENT-PASS-001,task,research_control/tasks/RT-20260610-007,README explanatory overview completed;three Markdown HTML explainer specs created;three human-only HTML explainers generated from source specs;existing research-control-system explainer preserved and linked;no physics claim changed,canonical ontology edit;benchmark promotion;Gate Chair verdict;science draft edit;generated HTML as independent authority;direct HTML-only edit;control contract edit;validator edit;physics claim promotion,ontology edit;benchmark promotion;Gate Chair verdict;science draft authority expansion;HTML authority expansion;control contract change;validator change,research_control/tasks/RT-20260610-007/documentation_impact.yaml,active,2026-06-10T22:28:04Z,2026-06-10T22:28:04Z,Documentation Curator content pass boundary without scientific or control-contract authority
CB-PROJECT-SYSTEM-INTERACTIVE-HTML-EXPLAINER-001,task,research_control/tasks/RT-20260610-008,interactive explainer contract implemented;source specs updated;marker validation added;generated HTML derivatives refreshed;no physics claim changed,canonical ontology edit;benchmark promotion;Gate Chair verdict;science draft edit;generated HTML as independent authority;public deployment;autonomous proof claim;physics claim promotion,ontology edit;benchmark promotion;Gate Chair verdict;science draft authority expansion;HTML authority expansion;public deployment;autonomous proof claim,research_control/tasks/RT-20260610-008/documentation_impact.yaml,active,2026-06-10T23:22:58Z,2026-06-10T23:22:58Z,Interactive HTML explainer contract boundary without scientific authority
CB-PROJECT-SYSTEM-HUMAN-VISUAL-EXPLAINER-QA-001,task,research_control/tasks/RT-20260610-009,human visual explainer QA completed;source drilldowns made expandable;simple/deep navigation polished;visible code formatting corrected;generated HTML derivatives refreshed;no physics claim changed,canonical ontology edit;benchmark promotion;Gate Chair verdict;science draft edit;generated HTML as independent authority;direct HTML-only edit;public deployment;autonomous proof claim;physics claim promotion;validator change;control contract change,ontology edit;benchmark promotion;Gate Chair verdict;science draft authority expansion;HTML authority expansion;public deployment;autonomous proof claim;validator change;control contract change,research_control/tasks/RT-20260610-009/documentation_impact.yaml,active,2026-06-10T23:45:22Z,2026-06-10T23:45:22Z,Human visual explainer QA polish boundary without scientific or control-contract authority
CB-PROJECT-SYSTEM-DEEP-FIRST-HTML-EXPLAINER-001,task,research_control/tasks/RT-20260610-010,deep-first HTML explainer contract completed;source specs updated;obsolete depth toggle removed;validator tests and generated HTML derivatives refreshed;no physics claim changed,canonical ontology edit;benchmark promotion;Gate Chair verdict;science draft edit;generated HTML as independent authority;direct HTML-only edit;public deployment;autonomous proof claim;physics claim promotion,ontology edit;benchmark promotion;Gate Chair verdict;science draft authority expansion;HTML authority expansion;public deployment;autonomous proof claim,research_control/tasks/RT-20260610-010/documentation_impact.yaml,active,2026-06-11T00:06:37Z,2026-06-11T00:06:37Z,Deep-first HTML explainer contract boundary without scientific authority
CB-PROJECT-SYSTEM-MERMAID-DOCUMENTATION-SUBSKILL-001,task,research_control/tasks/RT-20260611-001,Mermaid Documentation subskill implemented;source-first Markdown diagram governance added;tracked HTML Mermaid parity validator added;local Mermaid runtime asset pinned;no physics claim changed,canonical ontology edit;benchmark promotion;Gate Chair verdict;science draft edit;tracked HTML content retrofit;generated HTML as independent authority;Mermaid CDN import in tracked HTML;physics claim promotion,ontology edit;benchmark promotion;Gate Chair verdict;science draft authority expansion;tracked HTML content retrofit;HTML authority expansion;Mermaid CDN dependency in tracked HTML,research_control/tasks/RT-20260611-001/documentation_impact.yaml,active,2026-06-11T01:04:15Z,2026-06-11T01:23:22Z,Mermaid documentation subskill and validator boundary without scientific authority
CB-PROJECT-SYSTEM-MERMAID-CONTENT-PILOT-001,task,research_control/tasks/RT-20260611-002,one governed Mermaid diagram added to research-control-system explainer;Markdown source spec remains authoritative;tracked HTML regenerated as human-only derivative;no physics claim changed,canonical ontology edit;benchmark promotion;Gate Chair verdict;science draft edit;generated HTML as independent authority;direct HTML-only edit;Mermaid CDN import in tracked HTML;validator change;control contract change;physics claim promotion,ontology edit;benchmark promotion;Gate Chair verdict;science draft authority expansion;HTML authority expansion;Mermaid CDN dependency in tracked HTML;validator change;control contract change,research_control/tasks/RT-20260611-002/documentation_impact.yaml,active,2026-06-11T01:32:43Z,2026-06-11T01:41:58Z,Mermaid content pilot boundary without scientific or control-contract authority
CB-PROJECT-SYSTEM-MERMAID-INLINE-SVG-RUNTIME-001,task,research_control/tasks/RT-20260611-003,standalone inline-SVG Mermaid runtime contract implemented;subskill-local renderer added;tracked HTML Mermaid source parity preserved;obsolete browser Mermaid runtime assets removed after proof;no physics claim changed,canonical ontology edit;benchmark promotion;Gate Chair verdict;science draft edit;generated HTML as independent authority;browser Mermaid runtime import in tracked HTML;remote Mermaid dependency;physics claim promotion,ontology edit;benchmark promotion;Gate Chair verdict;science draft authority expansion;HTML authority expansion;browser Mermaid runtime dependency in tracked HTML;remote Mermaid dependency,research_control/tasks/RT-20260611-003/documentation_impact.yaml,active,2026-06-11T02:18:55Z,2026-06-11T02:18:55Z,Standalone inline-SVG Mermaid runtime boundary without scientific authority
CB-PROJECT-SYSTEM-MERMAID-INLINE-SVG-CSS-REPAIR-001,task,research_control/tasks/RT-20260611-004,Mermaid inline SVG CSS ID selector rewrite repaired;browser standalone file smoke proof added;affected tracked HTML regenerated;no physics claim changed,canonical ontology edit;benchmark promotion;Gate Chair verdict;science draft edit;generated HTML as independent authority;browser Mermaid runtime import in tracked HTML;remote Mermaid dependency;physics claim promotion,ontology edit;benchmark promotion;Gate Chair verdict;science draft authority expansion;HTML authority expansion;browser Mermaid runtime dependency in tracked HTML;remote Mermaid dependency,research_control/tasks/RT-20260611-004/documentation_impact.yaml,active,2026-06-11T03:06:25Z,2026-06-11T03:06:25Z,Standalone inline-SVG CSS selector repair boundary without scientific authority
CB-PROJECT-SYSTEM-MERMAID-LIVE-SERVER-SCRIPT-INJECTION-001,task,research_control/tasks/RT-20260611-005,Mermaid interaction script live-server injection repaired;Chrome localhost zoom proof added;affected tracked HTML and reusable template updated;no physics claim changed,canonical ontology edit;benchmark promotion;Gate Chair verdict;science draft edit;generated HTML as independent authority;browser Mermaid runtime import in tracked HTML;remote Mermaid dependency;physics claim promotion,ontology edit;benchmark promotion;Gate Chair verdict;science draft authority expansion;HTML authority expansion;browser Mermaid runtime dependency in tracked HTML;remote Mermaid dependency,research_control/tasks/RT-20260611-005/documentation_impact.yaml,active,2026-06-11T03:32:00Z,2026-06-11T03:32:00Z,Standalone interaction-script injection repair boundary without scientific authority
CB-PROJECT-SYSTEM-RESEARCH-ATLAS-EXPLAINER-001,task,research_control/tasks/RT-20260611-007,research-atlas explainer specs updated;new role routing claim gates and source authority explainers added;tracked HTML regenerated from source specs;governed Mermaid diagrams rendered inline;no physics claim changed,canonical ontology edit;benchmark promotion;Gate Chair verdict;science draft edit;generated HTML as independent authority;direct HTML-only edit;public deployment;autonomous proof claim;physics claim promotion;validator change;control contract change,ontology edit;benchmark promotion;Gate Chair verdict;science draft authority expansion;HTML authority expansion;public deployment;autonomous proof claim;validator change;control contract change,research_control/tasks/RT-20260611-007/documentation_impact.yaml,active,2026-06-11T16:16:53Z,2026-06-11T16:35:44Z,Research-atlas explainer expansion boundary completed without scientific or control-contract authority
CB-PROJECT-SYSTEM-THREE-LAYER-HTML-READABILITY-001,task,research_control/tasks/RT-20260611-008,three-layer HTML explainer readability contract updated;source specs updated;validator layout guard added;tracked HTML regenerated from source specs;browser viewport smoke proof required;no physics claim changed,canonical ontology edit;benchmark promotion;Gate Chair verdict;science draft edit;generated HTML as independent authority;direct HTML-only edit;public deployment;autonomous proof claim;physics claim promotion;claim-boundary meaning change,ontology edit;benchmark promotion;Gate Chair verdict;science draft authority expansion;HTML authority expansion;public deployment;autonomous proof claim;claim-boundary meaning change,research_control/tasks/RT-20260611-008/documentation_impact.yaml,active,2026-06-11T17:10:34Z,2026-06-11T17:20:32Z,Three-layer HTML readability repair boundary completed without scientific authority
CB-PROJECT-SYSTEM-ADAPTIVE-MERMAID-FIT-001,task,research_control/tasks/RT-20260611-009,adaptive Mermaid diagram fit contract updated;source specs updated;validator layout guard added;tracked HTML regenerated from source specs;browser geometry smoke proof required;no physics claim changed,canonical ontology edit;benchmark promotion;Gate Chair verdict;science draft edit;generated HTML as independent authority;direct HTML-only edit;public deployment;autonomous proof claim;physics claim promotion;claim-boundary meaning change,ontology edit;benchmark promotion;Gate Chair verdict;science draft authority expansion;HTML authority expansion;public deployment;autonomous proof claim;claim-boundary meaning change,research_control/tasks/RT-20260611-009/documentation_impact.yaml,active,2026-06-11T18:37:39Z,2026-06-11T18:45:51Z,Adaptive Mermaid diagram fit repair boundary completed without scientific authority
CB-PROJECT-SYSTEM-FLEXIBLE-HTML-EXPLAINER-001,task,research_control/tasks/RT-20260611-010,flexible HTML explainer presentation contract added;presentation_profile layout_intent and required_content_blocks validated structurally;three new explainers added;all tracked explainers migrated;README technical tiers updated;registered design document added;no physics claim changed,canonical ontology edit;benchmark promotion;Gate Chair verdict;science draft edit;generated HTML as independent authority;direct HTML-only edit;public deployment;autonomous proof claim;physics claim promotion;claim-boundary meaning change;new presentation profile registry,ontology edit;benchmark promotion;Gate Chair verdict;science draft authority expansion;HTML authority expansion;public deployment;autonomous proof claim;claim-boundary meaning change;new presentation profile registry,research_control/tasks/RT-20260611-010/documentation_impact.yaml,active,2026-06-11T20:21:49Z,2026-06-11T21:11:34Z,Flexible HTML explainer presentation contract boundary completed without scientific authority
CB-PROJECT-SYSTEM-HTML-EXPLAINER-UI-CLEANUP-001,task,research_control/tasks/RT-20260611-011,source-spec-first HTML explainer UI cleanup authorized;source_materials_section control added;legacy source_drilldowns and claim_boundary_toggle made optional;all tracked explainers regenerated;Mermaid SVG sizing repaired;no physics claim changed,canonical ontology edit;benchmark promotion;Gate Chair verdict;science draft edit;generated HTML as independent authority;direct HTML-only edit;public deployment;autonomous proof claim;physics claim promotion;claim-boundary meaning change;registry semantics change outside task-local control evidence,ontology edit;benchmark promotion;Gate Chair verdict;science draft authority expansion;HTML authority expansion;public deployment;autonomous proof claim;claim-boundary meaning change;registry semantics change outside task-local control evidence,research_control/tasks/RT-20260611-011/documentation_impact.yaml,active,2026-06-11T22:37:13Z,2026-06-11T23:20:59Z,HTML explainer UI cleanup and Mermaid render repair boundary completed without scientific authority
CB-PROJECT-SYSTEM-HTML-EXPLAINER-SUBJECT-SUMMARY-001,task,research_control/tasks/RT-20260612-001,source-backed subject_summary contract authorized;Documentation Curator v0.3.0 registration authorized;all tracked explainers require first-block summaries;all tracked explainers regenerated;no physics claim changed,canonical ontology edit;benchmark promotion;Gate Chair verdict;science draft edit;generated HTML as independent authority;direct HTML-only edit;public deployment;autonomous proof claim;physics claim promotion;claim-boundary meaning change;registry semantics change outside task-local control evidence,ontology edit;benchmark promotion;Gate Chair verdict;science draft authority expansion;HTML authority expansion;public deployment;autonomous proof claim;claim-boundary meaning change;registry semantics change outside task-local control evidence,research_control/tasks/RT-20260612-001/documentation_impact.yaml,active,2026-06-12T01:38:51Z,2026-06-12T02:22:44Z,Subject summary HTML explainer contract migration boundary completed without scientific authority
CB-PROJECT-SYSTEM-HTML-EXPLAINER-SUMMARY-CORRECTION-001,task,research_control/tasks/RT-20260612-002,source-backed Summary of subject correction authorized;Documentation Curator v0.4.0 registration authorized;all tracked explainers require first-block summary_text and source_basis summaries;all tracked explainers regenerated;no physics claim changed,canonical ontology edit;benchmark promotion;Gate Chair verdict;science draft edit;generated HTML as independent authority;direct HTML-only edit;public deployment;autonomous proof claim;physics claim promotion;claim-boundary meaning change;registry semantics change outside task-local control evidence,ontology edit;benchmark promotion;Gate Chair verdict;science draft authority expansion;HTML authority expansion;public deployment;autonomous proof claim;claim-boundary meaning change;registry semantics change outside task-local control evidence,research_control/tasks/RT-20260612-002/documentation_impact.yaml,active,2026-06-12T03:23:00Z,2026-06-12T03:59:06Z,Source-backed Summary of subject correction boundary completed without scientific authority
CB-PROJECT-SYSTEM-SOURCE-BACKED-COVERAGE-LAYOUT-001,task,research_control/tasks/RT-20260612-003,Source-Backed Coverage rows authorized;all tracked explainer specs updated;all tracked HTML explainers regenerated from source specs;coverage tables use readable scoped overflow;no physics claim changed,canonical ontology edit;benchmark promotion;Gate Chair verdict;science draft edit;generated HTML as independent authority;direct HTML-only edit;public deployment;autonomous proof claim;physics claim promotion;claim-boundary meaning change;validator contract change;skill contract change,ontology edit;benchmark promotion;Gate Chair verdict;science draft authority expansion;HTML authority expansion;public deployment;autonomous proof claim;claim-boundary meaning change;validator contract change;skill contract change,research_control/tasks/RT-20260612-003/documentation_impact.yaml,active,2026-06-12T04:37:04Z,2026-06-12T04:53:22Z,Source-backed Coverage layout repair completed without scientific authority
CB-PROJECT-SYSTEM-HTML-SUMMARY-GROUNDING-CONTRACT-001,task,research_control/tasks/RT-20260612-004,summary_text source-list restatements removed;source_basis remains grounding field;explainer skills forbid prose summary grounding sentences;all tracked explainers regenerated from source specs;no physics claim changed,canonical ontology edit;benchmark promotion;Gate Chair verdict;science draft edit;generated HTML as independent authority;direct HTML-only edit;public deployment;autonomous proof claim;physics claim promotion;claim-boundary meaning change;validator contract change;role contract change,ontology edit;benchmark promotion;Gate Chair verdict;science draft authority expansion;HTML authority expansion;public deployment;autonomous proof claim;claim-boundary meaning change;validator contract change;role contract change,research_control/tasks/RT-20260612-004/documentation_impact.yaml,active,2026-06-12T13:17:10Z,2026-06-12T13:17:10Z,HTML summary-grounding contract hardening completed without scientific authority
CB-PROJECT-SYSTEM-HTML-EXPLAINER-DEPTH-UPGRADE-001,task,research_control/tasks/RT-20260612-005,HTML explainer depth contract authorized;advisory depth lint authorized;Documentation Curator v0.5.0 registration authorized;all tracked explainer specs may be upgraded for documentation depth;all tracked HTML explainers may be regenerated from source specs;shared reader controls authorized;no physics claim changed,canonical ontology edit;benchmark promotion;Gate Chair verdict;science draft edit;generated HTML as independent authority;direct HTML-only edit;public deployment;autonomous proof claim;physics claim promotion;Mermaid diagram definition change;runtime Mermaid import;claim-boundary meaning change outside task-local control evidence,ontology edit;benchmark promotion;Gate Chair verdict;science draft authority expansion;HTML authority expansion;public deployment;autonomous proof claim;Mermaid diagram definition change;runtime Mermaid import;claim-boundary meaning change outside task-local control evidence,research_control/tasks/RT-20260612-005/documentation_impact.yaml,active,2026-06-12T19:14:43Z,2026-06-12T19:48:54Z,HTML explainer depth upgrade kit boundary completed without scientific authority
CB-PROJECT-SYSTEM-HTML-EXPLAINER-READER-LAYER-CLEANUP-001,task,research_control/tasks/RT-20260612-006,visible file-metadata hero chips removed;global reader mode and expand-collapse toolbar buttons removed;Documentation Curator v0.6.0 registration authorized;validator guards added;all tracked HTML explainers regenerated;no physics claim changed,canonical ontology edit;benchmark promotion;Gate Chair verdict;science draft edit;generated HTML as independent authority;direct HTML-only edit;public deployment;autonomous proof claim;physics claim promotion;Mermaid diagram definition change;runtime Mermaid import;claim-boundary meaning change outside task-local control evidence,ontology edit;benchmark promotion;Gate Chair verdict;science draft authority expansion;HTML authority expansion;public deployment;autonomous proof claim;Mermaid diagram definition change;runtime Mermaid import;claim-boundary meaning change outside task-local control evidence;global reader control reintroduction without source-backed task,research_control/tasks/RT-20260612-006/documentation_impact.yaml,active,2026-06-12T20:42:00Z,2026-06-12T20:42:00Z,HTML explainer reader-layer cleanup boundary completed without scientific authority
CB-PROJECT-SYSTEM-HTML-EXPLAINER-ANALYSIS-CAPSULE-REMOVAL-001,task,research_control/tasks/RT-20260612-007,analysis capsule source-spec contract removed;obsolete analysis section and nav removed;generic claim-boundary boilerplate removed from content blocks;Documentation Curator v0.7.0 registration authorized;validator guards added;all tracked HTML explainers regenerated;no physics claim changed,canonical ontology edit;benchmark promotion;Gate Chair verdict;science draft edit;generated HTML as independent authority;direct HTML-only edit;public deployment;autonomous proof claim;physics claim promotion;Mermaid diagram definition change;runtime Mermaid import;claim-boundary meaning change outside task-local control evidence,ontology edit;benchmark promotion;Gate Chair verdict;science draft authority expansion;HTML authority expansion;public deployment;autonomous proof claim;Mermaid diagram definition change;runtime Mermaid import;claim-boundary meaning change outside task-local control evidence;analysis-capsule reintroduction without source-backed task;generic claim-boundary boilerplate recurrence,research_control/tasks/RT-20260612-007/documentation_impact.yaml,active,2026-06-12T23:36:46Z,2026-06-12T23:36:46Z,HTML explainer analysis-capsule removal boundary completed without scientific authority
CB-PROJECT-SYSTEM-HTML-TEACHING-LOOP-001,task,research_control/tasks/RT-20260617-004,teaching support roles registered;Teaching Q&A packet schema added;teaching validator and lint hooks added;role-routing exemplar teaching packet source spec HTML and GitHub-facing derivative refreshed;README Makefile bootstrap and registries updated;no physics claim changed,canonical ontology edit;benchmark promotion;Gate Chair verdict;science draft edit;generated HTML as independent authority;direct HTML-only authority;Teaching Q&A packet as canonical authority;Student or Teacher role as independent authority;batch rollout to every explainer cluster;physics claim promotion,ontology edit;benchmark promotion;Gate Chair verdict;science draft authority expansion;HTML authority expansion;Teaching Q&A authority expansion;independent Student or Teacher authority;batch explainer rollout without bounded task;physics claim promotion,research_control/tasks/RT-20260617-004/documentation_impact.yaml,active,2026-06-17T17:35:00Z,2026-06-17T17:51:06Z,HTML teaching enrichment loop boundary completed without scientific authority
CB-DOCUMENTATION-CURATOR-TEACHING-SURFACE-SYNC-001,task,research_control/tasks/RT-20260617-005,roles-and-skills and research-control source specs synchronized;matching HTML derivatives regenerated;matching GitHub-facing Markdown synchronized;role-routing GitHub-facing contract restored;no physics claim changed,canonical ontology edit;benchmark promotion;Gate Chair verdict;science draft edit;role contract change;schema contract change;validator change;routing behavior change;generated HTML as independent authority;teaching packet as canonical authority;batch rollout to every explainer cluster;physics claim promotion,ontology edit;benchmark promotion;Gate Chair verdict;science draft authority expansion;HTML authority expansion;Teaching Q&A authority expansion;role schema validator or routing change;batch explainer rollout without bounded task;physics claim promotion,research_control/tasks/RT-20260617-005/documentation_impact.yaml,active,2026-06-17T20:18:46Z,2026-06-17T20:31:44Z,Teaching-loop documentation surface sync boundary completed without scientific authority
CB-PROJECT-SYSTEM-SUBJECT-FIRST-EXPLAINER-RESET-001,task,research_control/tasks/RT-20260617-006,Documentation Curator v0.9.0 registered;subject-first teaching HTML and GitHub-facing contracts updated;self-reference depth-lint guard added;all registered explainer specs GitHub-facing Markdown and HTML derivatives reset around project functionality;project-overview teaching packet added;no physics claim changed,canonical ontology edit;benchmark promotion;Gate Chair verdict;science draft edit;generated HTML as independent authority;generated GitHub-facing Markdown as independent authority;teaching packet as canonical authority;unbounded role contract change;validator change outside subject-first guard;physics claim promotion,ontology edit;benchmark promotion;Gate Chair verdict;science draft authority expansion;HTML authority expansion;GitHub-facing authority expansion;Teaching Q&A authority expansion;role schema validator or routing change outside declared subject-first correction;physics claim promotion,research_control/tasks/RT-20260617-006/documentation_impact.yaml,active,2026-06-17T20:57:00Z,2026-06-17T21:08:27Z,Subject-first explainer reset boundary completed without scientific authority
CB-DOCUMENTATION-CURATOR-FUNCTIONALITY-COVERAGE-EXPANSION-001,task,research_control/tasks/RT-20260617-007,functionality coverage audit authorized;new source-backed explainer specs authorized where gaps are found;matching GitHub-facing Markdown and HTML derivatives authorized;overview README and context routing updates authorized;derivative source-list presentation repair authorized;no physics claim changed,canonical ontology edit;benchmark promotion;Gate Chair verdict;science draft edit;role contract change;skill contract change;validator change;routing behavior change;generated HTML as independent authority;generated GitHub-facing Markdown as independent authority;teaching packet as canonical authority;physics claim promotion;advisory formatting scripts as canonical content law,ontology edit;benchmark promotion;Gate Chair verdict;science draft authority expansion;HTML authority expansion;GitHub-facing authority expansion;Teaching Q&A authority expansion;role schema validator or routing change;physics claim promotion;formatting-script authority expansion,research_control/tasks/RT-20260617-007/documentation_impact.yaml,active,2026-06-17T21:44:49Z,2026-06-17T22:01:18Z,Functionality coverage expansion completed without scientific authority
CB-PROJECT-SYSTEM-WORKFLOW-STEP-INSPECTOR-ROLLOUT-001,task,research_control/tasks/RT-20260617-008,workflow-step inspector contract guard authorized;workflow/control source-spec inspector basis authorized;matching GitHub-facing Markdown and HTML derivatives authorized;curator applicability audit authorized;no physics claim changed,canonical ontology edit;benchmark promotion;Gate Chair verdict;science draft edit;generated HTML as independent authority;generated GitHub-facing Markdown as independent authority;conceptual page process-authority inflation;validator change outside workflow-step guard;routing behavior change;physics claim promotion,ontology edit;benchmark promotion;Gate Chair verdict;science draft authority expansion;HTML authority expansion;GitHub-facing authority expansion;conceptual page process-authority inflation;validator change outside workflow-step guard;routing behavior change;physics claim promotion,research_control/tasks/RT-20260617-008/documentation_impact.yaml,active,2026-06-17T22:29:49Z,2026-06-17T22:39:54Z,Workflow-step inspector rollout boundary completed without scientific authority
CB-PROJECT-SYSTEM-GITHUB-FACING-MARKDOWN-RESET-001,task,research_control/tasks/RT-20260617-009,GitHub-facing Markdown contract reset authorized;fixed section-template enforcement may become guidance;source binding source-material coverage Mermaid parity stale-reference guard and unsafe-claim guard remain hard checks;all root GitHub-facing Markdown may be rebuilt from source-backed Curator synthesis;no physics claim changed,canonical ontology edit;benchmark promotion;Gate Chair verdict;science draft edit;generated HTML as independent authority;generated GitHub-facing Markdown as independent authority;Teaching Q&A packet as canonical authority;role schema routing or broad validator change outside the GitHub-facing Markdown guard;physics claim promotion,ontology edit;benchmark promotion;Gate Chair verdict;science draft authority expansion;HTML authority expansion;GitHub-facing authority expansion;Teaching Q&A authority expansion;role schema routing or broad validator change;physics claim promotion,research_control/tasks/RT-20260617-009/DDR-20260617-009.md,active,2026-06-17T23:07:05Z,2026-06-17T23:19:04Z,GitHub-facing Markdown reset boundary completed without scientific authority
CB-PROJECT-SYSTEM-GITHUB-FACING-MARKDOWN-TRANSCRIPT-REPAIR-001,task,research_control/tasks/RT-20260617-010,GitHub-facing Markdown transcript-leakage repair authorized;raw Student/Teacher transcript markers may be rejected by audit;teaching-loop exchanges may be used only as internal Curator synthesis support;root GitHub-facing Markdown may be corrected as finished reader documentation;no physics claim changed,canonical ontology edit;benchmark promotion;Gate Chair verdict;science draft edit;generated HTML as independent authority;generated GitHub-facing Markdown as independent authority;Teaching Q&A packet as canonical authority;raw teaching-loop transcript as public GitHub-facing page structure;role schema routing or broad validator change outside the GitHub-facing transcript guard;physics claim promotion,ontology edit;benchmark promotion;Gate Chair verdict;science draft authority expansion;HTML authority expansion;GitHub-facing authority expansion;Teaching Q&A authority expansion;raw teaching-loop transcript as public documentation authority;role schema routing or broad validator change;physics claim promotion,research_control/tasks/RT-20260617-010/DDR-20260617-010.md,active,2026-06-17T23:43:13Z,2026-06-17T23:43:13Z,GitHub-facing Markdown transcript repair boundary completed without scientific authority
CB-PROJECT-SYSTEM-FOLDER-README-COVERAGE-001,task,research_control/tasks/RT-20260618-001,folder README coverage authorized;explicit folder README bootstrap allowlist authorized;folder_readme_documentation metadata authorized;focused discovery test authorized;generated registry and wiki refresh through bootstrap authorized;no physics claim changed,canonical ontology TeX edit;benchmark promotion;Gate Chair verdict;science draft edit;role contract change;schema contract change;skill contract change;validator requirement change;routing behavior change;checkpoint gate change;generated HTML as independent authority;generated wiki hand edit;GitHub-facing Markdown rebuild;physics claim promotion,ontology edit;benchmark promotion;Gate Chair verdict;science draft authority expansion;HTML authority expansion;GitHub-facing authority expansion;role schema skill validator routing or checkpoint change;physics claim promotion,research_control/tasks/RT-20260618-001/documentation_impact.yaml,active,2026-06-18T00:16:52Z,2026-06-18T00:16:52Z,Folder README coverage boundary completed without scientific authority
CB-PROJECT-SYSTEM-CODEX-APP-HARNESS-DOCUMENTATION-001,task,research_control/tasks/RT-20260618-002,Codex app documented as current governed AI-agent harness;read-only inspection outside Codex app preserved;Python validator tier outside Codex app preserved;future harness support conditional on preserving tracked state authority role boundaries allowlists validators checkpoints and generated-derivative boundaries;no physics claim changed,canonical ontology edit;benchmark promotion;Gate Chair verdict;science draft edit;Codex app access as scientific authority;Codex app access as control authority by itself;permanent harness lock-in claim;unsupported future harness parity claim;generated HTML as independent authority;generated GitHub-facing Markdown as independent authority;physics claim promotion,ontology edit;benchmark promotion;Gate Chair verdict;science draft authority expansion;HTML authority expansion;GitHub-facing authority expansion;Codex app as independent project authority;unsupported harness-portability claim;physics claim promotion,research_control/tasks/RT-20260618-002/documentation_impact.yaml,active,2026-06-18T00:40:02Z,2026-06-18T00:40:02Z,Codex app current harness documentation boundary completed without scientific authority
CB-DOCUMENTATION-CURATOR-POST-MIGRATION-PHASE4-OPERATOR-PAGES-001,task,research_control/tasks/RT-20260619-007,Post-migration Phase 4 page family authorized;six operational page stacks rewritten;expanded openings added;footer authority placement applied;source specs GitHub-facing Markdown and tracked HTML synchronized;screenshot QA and publication evidence refreshed;public surfaces remain generated noncanonical derivatives,tool availability as authorization;memory retrieval as authority;validator PASS as scientific or editorial authority;role catalog as current execution authority;dependency change;routing behavior change;role authority expansion;schema edit;validator behavior change;checkpoint behavior change;canonical ontology edit;benchmark promotion;Gate Chair verdict;science draft execution;physics claim promotion;generated derivative authority;external runtime dependency;Phase 5 implementation;corpus-wide migration without explicit user approval,role schema skill validator routing dependency or checkpoint change;ontology edit;benchmark promotion;Gate Chair verdict;derivation claim;role registration;generated derivative authority expansion;Phase 5 implementation;corpus-wide migration,research_control/tasks/RT-20260619-007/artifacts/phase4_operator_pages_footer_authority_review.md,active,2026-06-19T17:32:24Z,2026-06-19T17:32:24Z,Post-migration Phase 4 operator-page footer-authority boundary only
CB-DOCUMENTATION-CURATOR-POST-MIGRATION-PHASE5-OVERVIEW-SOURCE-AUTHORITY-001,task,research_control/tasks/RT-20260619-008,Post-migration Phase 5 page family authorized;overview and source-authority page stacks rewritten;expanded openings added;footer authority placement applied;source specs GitHub-facing Markdown and tracked HTML synchronized;screenshot QA and publication evidence refreshed;public surfaces remain generated noncanonical derivatives,overview as authority;source-authority page as registry replacement;generated page as source authority;validator PASS as scientific or editorial authority;routing behavior change;role authority expansion;schema edit;validator behavior change;checkpoint behavior change;canonical ontology edit;benchmark promotion;Gate Chair verdict;science draft execution;physics claim promotion;generated derivative authority;external runtime dependency;Phase 6 implementation;corpus-wide migration without explicit user approval,role schema skill validator routing dependency or checkpoint change;ontology edit;benchmark promotion;Gate Chair verdict;derivation claim;role registration;generated derivative authority expansion;Phase 6 implementation;corpus-wide migration,research_control/tasks/RT-20260619-008/artifacts/phase5_overview_source_authority_footer_coherence_review.md,active,2026-06-19T18:10:00Z,2026-06-19T18:10:00Z,Post-migration Phase 5 overview and source-authority footer/coherence boundary only
CB-DOCUMENTATION-CURATOR-POST-MIGRATION-PHASE6-FULL-CORPUS-QA-001,task,research_control/tasks/RT-20260619-009,Post-migration Phase 6 full-corpus QA authorized;17 reviewed page stacks verified;publication evidence paths refreshed;desktop and mobile screenshots captured;bootstrap derivatives refreshed;public surfaces remain generated noncanonical derivatives,direct HTML-only rewrite;publication brief rewrite;generated page as source authority;validator PASS as scientific or editorial authority;role authority expansion;schema edit;validator behavior change;checkpoint behavior change;canonical ontology edit;benchmark promotion;Gate Chair verdict;science draft execution;physics claim promotion;generated derivative authority;external runtime dependency;optional or deferred page migration without explicit user approval,role schema skill validator routing dependency or checkpoint change;ontology edit;benchmark promotion;Gate Chair verdict;derivation claim;role registration;generated derivative authority expansion;optional or deferred publication migration,research_control/tasks/RT-20260619-009/artifacts/phase6_full_corpus_qa_review.md,active,2026-06-19T18:20:00Z,2026-06-19T18:20:00Z,Post-migration Phase 6 full-corpus QA boundary only
CB-DOCUMENTATION-CURATOR-READER-SCOPE-FOOTER-RELOCATION-PLAN-001,task,research_control/tasks/RT-20260619-010,Reader Scope footer relocation planning authorized;phased modification plan written;future implementation packets defined;public page outputs remain unchanged;generated surfaces remain noncanonical derivatives,source spec rewrite;GitHub-facing Markdown rewrite;tracked HTML rewrite;publication brief change;validator behavior change;schema change;role authority expansion;routing behavior change;checkpoint behavior change;canonical ontology edit;benchmark promotion;Gate Chair verdict;science draft execution;physics claim promotion;generated derivative authority;external runtime dependency;implementation without separate bounded packet,ontology edit;benchmark promotion;Gate Chair verdict;derivation claim;public page migration;validator role schema routing or checkpoint change;generated derivative authority expansion;external runtime dependency;implementation without separate bounded packet,research_control/design/documentation_curator_reader_scope_footer_relocation_plan.md,active,2026-06-19T18:40:00Z,2026-06-19T18:40:00Z,Reader Scope footer relocation planning boundary only
CB-DOCUMENTATION-CURATOR-READER-SCOPE-FOOTER-RELOCATION-PHASE0-001,task,research_control/tasks/RT-20260619-011,Reader Scope footer relocation Phase 0 audit authorized;17 reviewed page stacks inspected;current Reader scope placement footer hooks exact boundary text and later phase work recorded;public page outputs remain unchanged;generated surfaces remain noncanonical derivatives,source spec rewrite;GitHub-facing Markdown rewrite;tracked HTML rewrite;publication brief change;validator behavior change;schema change;role authority expansion;routing behavior change;checkpoint behavior change;canonical ontology edit;benchmark promotion;Gate Chair verdict;science draft execution;physics claim promotion;generated derivative authority;external runtime dependency;Phase 1 implementation without separate bounded packet,ontology edit;benchmark promotion;Gate Chair verdict;derivation claim;public page migration;validator role schema routing or checkpoint change;generated derivative authority expansion;external runtime dependency;Phase 1 implementation without separate bounded packet,research_control/tasks/RT-20260619-011/artifacts/reader_scope_footer_relocation_phase0_audit.md,active,2026-06-19T18:53:00Z,2026-06-19T18:53:00Z,Reader Scope footer relocation Phase 0 audit boundary only
CB-DOCUMENTATION-CURATOR-READER-SCOPE-FOOTER-RELOCATION-PHASE1-001,task,research_control/tasks/RT-20260619-012,Reader Scope footer relocation Phase 1 guardrail authorized;bottom Markdown and HTML hook pattern locked;validator guardrail added as opt-in for migrated pages;public page outputs remain unchanged;generated surfaces remain noncanonical derivatives,source spec rewrite;GitHub-facing Markdown rewrite;tracked HTML rewrite;publication brief change;role authority expansion;schema change;routing behavior change;checkpoint behavior change;canonical ontology edit;benchmark promotion;Gate Chair verdict;science draft execution;physics claim promotion;generated derivative authority;external runtime dependency;Phase 2 implementation without separate bounded packet,ontology edit;benchmark promotion;Gate Chair verdict;derivation claim;public page migration;role schema routing or checkpoint change;generated derivative authority expansion;external runtime dependency;Phase 2 implementation without separate bounded packet,research_control/tasks/RT-20260619-012/artifacts/reader_scope_footer_relocation_phase1_guardrail.md,active,2026-06-19T19:09:31Z,2026-06-19T19:09:31Z,Reader Scope footer relocation Phase 1 guardrail boundary only
CB-DOCUMENTATION-CURATOR-READER-SCOPE-FOOTER-RELOCATION-PHASE2-001,task,research_control/tasks/RT-20260619-013,Reader Scope footer relocation Phase 2 pilot pair authorized;project-overview and source-authority page stacks migrated to bottom Reader Scope hook;source specs GitHub-facing Markdown and tracked HTML synchronized;screenshot QA and publication evidence refreshed;public surfaces remain generated noncanonical derivatives,publication brief rewrite;validator behavior change;role authority expansion;schema change;skill contract change;routing behavior change;checkpoint behavior change;canonical ontology edit;benchmark promotion;Gate Chair verdict;science draft execution;physics claim promotion;generated derivative authority;external runtime dependency;Phase 3 implementation without explicit approval;corpus-wide migration without explicit approval,ontology edit;benchmark promotion;Gate Chair verdict;derivation claim;role schema skill validator routing or checkpoint change;generated derivative authority expansion;external runtime dependency;Phase 3 implementation without explicit approval;corpus-wide migration without explicit approval,research_control/tasks/RT-20260619-013/artifacts/reader_scope_footer_relocation_phase2_pilot_review.md,active,2026-06-19T21:55:20Z,2026-06-19T21:55:20Z,Reader Scope footer relocation Phase 2 pilot pair boundary only
CB-DOCUMENTATION-CURATOR-READER-SCOPE-FOOTER-RELOCATION-PHASE5-001,task,research_control/tasks/RT-20260619-016,Reader Scope footer relocation Phase 5 authorized;six project-system memory operator role and requirement page stacks migrated;source specs GitHub-facing Markdown and tracked HTML synchronized;screenshot QA and publication evidence refreshed;public surfaces remain generated noncanonical derivatives,canonical ontology edit;benchmark promotion;Gate Chair verdict;science draft execution;physics claim promotion;completed derivation claim;role registration;role authority expansion;schema change;validator behavior change;memory-system behavior change;skill-contract change;routing behavior change;checkpoint behavior change;dependency change;generated derivative authority;external runtime dependency;Phase 6 implementation without explicit approval;corpus-wide migration without explicit approval,ontology edit;benchmark promotion;Gate Chair verdict;derivation claim;role registration;role schema skill validator routing memory-system or checkpoint change;dependency change;generated derivative authority expansion;external runtime dependency;Phase 6 implementation without explicit approval;corpus-wide migration,research_control/tasks/RT-20260619-016/artifacts/reader_scope_footer_relocation_phase5_project_system_operator_review.md,active,2026-06-19T23:10:33Z,2026-06-19T23:17:53Z,Reader Scope footer relocation Phase 5 project-system/operator boundary only
CB-DOCUMENTATION-CURATOR-READER-SCOPE-FOOTER-RELOCATION-PHASE6-001,task,research_control/tasks/RT-20260619-017,Reader Scope footer relocation Phase 6 authorized;full-corpus QA completed for 17 migrated page stacks;publication evidence paths and screenshot QA refreshed;generated memory wiki registry derivatives refreshed;public surfaces remain generated noncanonical derivatives,canonical ontology edit;benchmark promotion;Gate Chair verdict;science draft execution;physics claim promotion;completed derivation claim;role registration;role authority expansion;schema change;validator behavior change;memory-system behavior change;skill-contract change;routing behavior change;checkpoint behavior change;dependency change;generated derivative authority;external runtime dependency;public page rewrite without detected defect;new corpus migration without explicit approval,ontology edit;benchmark promotion;Gate Chair verdict;derivation claim;role registration;role schema skill validator routing memory-system or checkpoint change;dependency change;generated derivative authority expansion;external runtime dependency;public page rewrite beyond placement-defect repair;new corpus migration,research_control/tasks/RT-20260619-017/artifacts/reader_scope_footer_relocation_phase6_full_corpus_qa_review.md,active,2026-06-19T23:28:36Z,2026-06-19T23:31:30Z,Reader Scope footer relocation Phase 6 full-corpus QA boundary only
CB-DOCUMENTATION-CURATOR-README-READER-CORPUS-REFRESH-001,task,research_control/tasks/RT-20260619-018,README refresh after reader corpus closure authorized;root and scoped README files updated for 17 reviewed page stacks;wiki CSV Obsidian and memory derivatives refreshed;public surfaces remain generated noncanonical derivatives,canonical ontology edit;benchmark promotion;Gate Chair verdict;science draft execution;physics claim promotion;completed derivation claim;role registration;role authority expansion;schema change;validator behavior change;memory-system behavior change;skill-contract change;routing behavior change;checkpoint behavior change;dependency change;generated derivative authority;public page content rewrite;new publication corpus migration,ontology edit;benchmark promotion;Gate Chair verdict;derivation claim;role registration;role schema skill validator routing memory-system or checkpoint change;dependency change;generated derivative authority expansion;public page rewrite;new corpus migration,research_control/tasks/RT-20260619-018/artifacts/readme_refresh_after_reader_corpus_closure_audit.md,active,2026-06-19T23:54:48Z,2026-06-19T23:59:30Z,README refresh after reader corpus closure boundary only
CB-PROJECT-SYSTEM-ONTOLOGY-LAW-RESEARCH-PACKET-PHASE0-001,task,research_control/tasks/RT-20260620-001,Ontology-law research packet Phase 0 intake authorized;bounded AgentJob ownership and requirement audit recorded;active route schemas validators roles skills and physics sources remain unchanged;PRD and plan remain proposal and planning authority only,canonical ontology edit;benchmark promotion;Gate Chair verdict;science draft execution;physics claim promotion;completed derivation claim;AtlasGlue_src+ adoption;M_src adoption;g_eff claim;matter coupling claim;Einstein equation claim;route activation;validator behavior change;role authority expansion;schema change;skill-contract change;routing behavior change;checkpoint behavior change;generated derivative authority;external runtime dependency;Phase 1 implementation without separate bounded packet,ontology edit;benchmark promotion;Gate Chair verdict;derivation claim;route activation;role schema skill validator routing or checkpoint change;generated derivative authority expansion;external runtime dependency;Phase 1 implementation without separate bounded packet,research_control/tasks/RT-20260620-001/artifacts/ontology_law_research_packet_phase0_requirement_audit.md,active,2026-06-20T04:18:57Z,2026-06-20T04:18:57Z,Ontology-law research packet Phase 0 intake boundary only
CB-PROJECT-SYSTEM-ONTOLOGY-LAW-RESEARCH-PACKET-PHASE1-001,task,research_control/tasks/RT-20260620-002,Ontology-law research packet Phase 1 route contract authorized;active guidance may name the route trigger non-triggers vocabulary and underdetermination language;receipt schema validators fixtures and physics artifacts remain deferred,canonical ontology edit;benchmark promotion;Gate Chair verdict;science draft execution;physics claim promotion;completed derivation claim;AtlasGlue_src+ adoption;AtlasGlueDisc_src+ adoption;M_src adoption;g_eff claim;matter coupling claim;Einstein equation claim;validator behavior change;receipt schema enforcement;checkpoint behavior change;generated derivative authority;external runtime dependency;Phase 2 implementation without separate bounded packet,ontology edit;benchmark promotion;Gate Chair verdict;derivation claim;validator behavior or receipt enforcement;role authority expansion beyond this overlay;generated derivative authority expansion;external runtime dependency;Phase 2 implementation without separate bounded packet,research_control/tasks/RT-20260620-002/artifacts/ontology_law_research_packet_phase1_route_contract.md,active,2026-06-20T04:33:37Z,2026-06-20T04:33:37Z,Ontology-law research packet Phase 1 route contract and vocabulary boundary only
CB-PROJECT-SYSTEM-ONTOLOGY-LAW-RESEARCH-PACKET-PHASE2-001,task,research_control/tasks/RT-20260620-003,Ontology-law research packet Phase 2 receipt schema authorized;schema and completion template may define the ontology_law_research_packet block required fields payload modes audit scope and human-gate boundary;validator enforcement tests routing integration and physics artifacts remain deferred,canonical ontology edit;benchmark promotion;Gate Chair verdict;science draft execution;physics claim promotion;completed derivation claim;AtlasGlue_src+ adoption;AtlasGlueDisc_src+ adoption;M_src adoption;g_eff claim;matter coupling claim;Einstein equation claim;validator behavior change;test fixture change;routing behavior change;checkpoint behavior change;generated derivative authority;external runtime dependency;Phase 3 implementation without separate bounded packet,ontology edit;benchmark promotion;Gate Chair verdict;derivation claim;validator behavior or test fixture change;routing integration;role authority expansion beyond this overlay;generated derivative authority expansion;external runtime dependency;Phase 3 implementation without separate bounded packet,research_control/tasks/RT-20260620-003/artifacts/ontology_law_research_packet_phase2_receipt_schema.md,active,2026-06-20T05:00:15Z,2026-06-20T05:00:15Z,Ontology-law research packet Phase 2 receipt schema boundary only
CB-PROJECT-SYSTEM-ONTOLOGY-LAW-RESEARCH-PACKET-PHASE3-001,task,research_control/tasks/RT-20260620-004,Ontology-law research packet Phase 3 routing integration authorized;Director continue-research selector and active physics role guidance may route ontology-law packets through one outer AgentJob existing roles task overlays and parent-child synthesis;validator enforcement tests and physics artifacts remain deferred,canonical ontology edit;benchmark promotion;Gate Chair verdict;science draft execution;physics claim promotion;completed derivation claim;AtlasGlue_src+ adoption;AtlasGlueDisc_src+ adoption;M_src adoption;g_eff claim;matter coupling claim;Einstein equation claim;validator behavior change;test fixture change;permanent role registration;checkpoint behavior change;generated derivative authority;external runtime dependency;Phase 4 implementation without separate bounded packet,ontology edit;benchmark promotion;Gate Chair verdict;derivation claim;validator behavior or test fixture change;permanent role registration;role authority expansion beyond this overlay;generated derivative authority expansion;external runtime dependency;Phase 4 implementation without separate bounded packet,research_control/tasks/RT-20260620-004/artifacts/ontology_law_research_packet_phase3_routing_role_integration.md,active,2026-06-20T15:16:07Z,2026-06-20T15:16:07Z,Ontology-law research packet Phase 3 routing and role integration boundary only
CB-PROJECT-SYSTEM-ONTOLOGY-LAW-RESEARCH-PACKET-PHASE4-001,task,research_control/tasks/RT-20260620-005,Ontology-law research packet Phase 4 validator enforcement authorized;validator may enforce completion receipt fields trigger labels blocked adoption open continuation exact-GR obligations no-target-import scope human-gate boundary and focused regression tests;physics truth remains outside validator scope,canonical ontology edit;benchmark promotion;Gate Chair verdict;science draft execution;physics claim promotion;completed derivation claim;AtlasGlue_src+ adoption;AtlasGlueDisc_src+ adoption;M_src adoption;g_eff claim;matter coupling claim;Einstein equation claim;checkpoint behavior change;generated derivative authority;external runtime dependency;permanent role registration;Phase 5 fixture expansion without separate bounded packet,ontology edit;benchmark promotion;Gate Chair verdict;derivation claim;checkpoint behavior change;generated derivative authority expansion;external runtime dependency;permanent role registration;Phase 5 fixture expansion without separate bounded packet,research_control/tasks/RT-20260620-005/artifacts/ontology_law_research_packet_phase4_validator_enforcement.md,active,2026-06-20T15:38:03Z,2026-06-20T15:38:03Z,Ontology-law research packet Phase 4 validator enforcement boundary only
CB-PROJECT-SYSTEM-ONTOLOGY-LAW-RESEARCH-PACKET-PHASE5-001,task,research_control/tasks/RT-20260620-006,Ontology-law research packet Phase 5 tests and fixtures authorized;broader research-control fixtures cover positive AtlasGlue underdetermination ordinary-gap rejection target-import rejection premature-impossibility rejection human-gated canonical-candidate handling and missing receipt boundaries;physics truth remains outside validator scope,canonical ontology edit;benchmark promotion;Gate Chair verdict;science draft execution;physics claim promotion;completed derivation claim;AtlasGlue_src+ adoption;AtlasGlueDisc_src+ adoption;M_src adoption;g_eff claim;matter coupling claim;Einstein equation claim;validator behavior change;checkpoint behavior change;generated derivative authority;external runtime dependency;permanent role registration;Phase 6 documentation change without separate bounded packet,ontology edit;benchmark promotion;Gate Chair verdict;derivation claim;validator behavior change;checkpoint behavior change;generated derivative authority expansion;external runtime dependency;permanent role registration;Phase 6 documentation change without separate bounded packet,research_control/tasks/RT-20260620-006/artifacts/ontology_law_research_packet_phase5_tests_fixtures.md,active,2026-06-20T15:55:35Z,2026-06-20T15:55:35Z,Ontology-law research packet Phase 5 tests and fixtures boundary only
CB-PROJECT-SYSTEM-CHECKPOINT-TRACKED-LOCAL-STAGING-001,task,research_control/tasks/RT-20260620-007,Checkpoint tracked-local staging fix authorized;tracked .local generated derivatives may be staged by checkpoint;untracked .local scratch caches remain excluded;.local remains retrieval support not authority,canonical ontology edit;benchmark promotion;Gate Chair verdict;science draft execution;physics claim promotion;completed derivation claim;generated derivative authority expansion;untracked local cache staging;external runtime dependency;permanent role registration;physics artifact creation,ontology edit;benchmark promotion;Gate Chair verdict;derivation claim;generated derivative authority expansion;untracked .local staging;external runtime dependency;permanent role registration,research_control/tasks/RT-20260620-007/artifacts/checkpoint_tracked_local_staging_fix.md,active,2026-06-20T16:06:37Z,2026-06-20T16:06:37Z,Checkpoint tracked-local staging boundary only
CB-PROJECT-SYSTEM-ONTOLOGY-LAW-RESEARCH-PACKET-PHASE6-001,task,research_control/tasks/RT-20260620-008,Ontology-law research packet Phase 6 documentation and generated sync authorized;research_control README may clarify receipt evidence boundary;bootstrap may refresh generated memory derivatives;no physics status changes are authorized,canonical ontology edit;benchmark promotion;Gate Chair verdict;science draft execution;physics claim promotion;completed derivation claim;AtlasGlue_src+ adoption;AtlasGlueDisc_src+ adoption;M_src adoption;g_eff claim;matter coupling claim;Einstein equation claim;validator behavior change;checkpoint behavior change;generated derivative authority expansion;external runtime dependency;permanent role registration;physics artifact creation,ontology edit;benchmark promotion;Gate Chair verdict;derivation claim;validator behavior change;checkpoint behavior change;generated derivative authority expansion;external runtime dependency;permanent role registration;physics artifact creation,research_control/tasks/RT-20260620-008/artifacts/ontology_law_research_packet_phase6_documentation_generated_sync.md,active,2026-06-20T16:22:11Z,2026-06-20T16:22:11Z,Ontology-law research packet Phase 6 documentation and generated sync boundary only
CB-PROJECT-SYSTEM-MISSING-SOURCE-LAW-INVENTORY-PHASE0-001,task,research_control/tasks/RT-20260620-009,Missing-source-law inventory Phase 0 schema decision authorized;artifact and registry strategy audit recorded;Option A selected for first rollout;inventory creation route behavior validators and physics sources remain unchanged,canonical ontology edit;benchmark promotion;Gate Chair verdict;science draft execution;physics claim promotion;completed derivation claim;AtlasGlue_src+ adoption;AtlasGlueDisc_src+ adoption;M_src adoption;g_eff claim;matter coupling claim;Einstein equation claim;inventory artifact creation;dedicated registry creation;route behavior change;validator behavior change;checkpoint behavior change;generated derivative authority expansion;external runtime dependency;permanent role registration;physics artifact creation,ontology edit;benchmark promotion;Gate Chair verdict;derivation claim;inventory creation;dedicated registry creation;route behavior change;validator behavior change;checkpoint behavior change;generated derivative authority expansion;external runtime dependency;permanent role registration;physics artifact creation,research_control/tasks/RT-20260620-009/artifacts/missing_source_law_inventory_phase0_requirement_audit.md,active,2026-06-20T17:35:13Z,2026-06-20T17:35:13Z,Missing-source-law inventory Phase 0 schema and registry decision boundary only
CB-PROJECT-SYSTEM-MISSING-SOURCE-LAW-INVENTORY-PHASE1-001,task,research_control/tasks/RT-20260620-010,Missing-source-law inventory Phase 1 artifact creation authorized;tracked YAML inventory and Markdown companion created;evidence-backed seed candidates recorded;inventory remains navigation evidence for /continue-research only,canonical ontology edit;benchmark promotion;Gate Chair verdict;science draft execution;physics claim promotion;completed derivation claim;AtlasGlue_src+ adoption;AtlasGlueDisc_src+ adoption;M_src adoption;full M_src construction;g_eff claim;matter coupling claim;Einstein equation claim;dedicated registry creation;route behavior change;validator behavior change;checkpoint behavior change;skill contract change;role contract change;schema contract change;generated derivative authority expansion;external runtime dependency;permanent role registration;physics artifact creation,ontology edit;benchmark promotion;Gate Chair verdict;derivation claim;AtlasGlue_src+ adoption;AtlasGlueDisc_src+ adoption;M_src adoption;full M_src construction;g_eff claim;matter coupling claim;Einstein equation claim;dedicated registry creation;route behavior change;validator behavior change;checkpoint behavior change;generated derivative authority expansion;external runtime dependency;permanent role registration;physics artifact creation,research_control/missing_laws/missing_source_law_inventory.md,active,2026-06-20T19:19:28Z,2026-06-20T19:19:28Z,Missing-source-law inventory Phase 1 artifact creation boundary only
CB-PROJECT-SYSTEM-MISSING-SOURCE-LAW-INVENTORY-PHASE2-001,task,research_control/tasks/RT-20260620-011,Missing-source-law inventory Phase 2 registration authorized;Markdown companion registered in MARKDOWN_SOURCE_REGISTRY;generated wiki semantic index support may refresh;YAML remains tracked control data by stable path;dedicated missing-law CSV registry remains deferred,canonical ontology edit;benchmark promotion;Gate Chair verdict;science draft execution;physics claim promotion;completed derivation claim;AtlasGlue_src+ adoption;AtlasGlueDisc_src+ adoption;M_src adoption;full M_src construction;g_eff claim;matter coupling claim;Einstein equation claim;YAML source registry creation;dedicated registry creation;route behavior change;validator behavior change;skill contract change;role contract change;schema contract change;checkpoint behavior change;generated derivative authority expansion;external runtime dependency;permanent role registration;physics artifact creation,ontology edit;benchmark promotion;Gate Chair verdict;derivation claim;AtlasGlue_src+ adoption;AtlasGlueDisc_src+ adoption;M_src adoption;full M_src construction;g_eff claim;matter coupling claim;Einstein equation claim;YAML source registration;dedicated registry creation;route behavior change;validator behavior change;generated derivative authority expansion;external runtime dependency;permanent role registration;physics artifact creation,research_control/tasks/RT-20260620-011/artifacts/missing_source_law_inventory_phase2_registration_audit.md,active,2026-06-20T19:38:16Z,2026-06-20T19:38:16Z,Missing-source-law inventory Phase 2 registration and indexing boundary only
CB-RESP-LC-M-SRC-ONTOLOGY-LAW-GENERAL-SOURCE-COVER-SMUGGLING-AUDIT-001,task,research_control/tasks/RT-20260614-085,Audit GSC_src for hidden target import authority laundering general-cover overread finite-witness overread and premature adoption;classify as conditional source-extension data pending Refuter stress;preserve blocked_adoption_open_continuation,canonical ontology edit;benchmark promotion;Gate Chair verdict;completed derivation claim;MSL-MSRC-ATLASGLUE-LAW adoption;AtlasGlue_src+ adoption;AtlasGlueDisc_src+ adoption;M_src adoption;full M_src construction;g_eff claim;matter coupling claim;Einstein equation claim;future source-extension impossibility;global theory rejection;target-atlas import;target-metric import;validation authority laundering;registry authority laundering;role authority laundering;handoff authority laundering;generated derivative authority;general-cover overread;finite-witness overread,ontology edit;benchmark promotion;Gate Chair verdict;source-authority adoption;M_src adoption;full M_src construction;g_eff matter coupling Einstein equation or completed-derivation claim;future source-extension impossibility;global theory rejection,research_control/tasks/RT-20260614-085/DDR-20260614-085.md,active,2026-06-21T13:34:18Z,2026-06-21T13:34:18Z,Smuggling Auditor boundary for GSC_src audit only
CB-RESP-LC-M-SRC-ONTOLOGY-LAW-GENERAL-SOURCE-COVER-REFUTER-STRESS-001,task,research_control/tasks/RT-20260614-086,Stress audited GSC_src for profile collapse selector ties inverse defects cocycle defects quotient-support noncanonicity Var_GSC fragility source-authority laundering process-authority laundering target-atlas side-door import and bridge-ladder collapse;classify as stress-passed source-extension data pending human gate or precise obstruction;preserve blocked_adoption_open_continuation,canonical ontology edit;benchmark promotion;Gate Chair verdict;completed derivation claim;MSL-MSRC-ATLASGLUE-LAW adoption;AtlasGlue_src+ adoption;AtlasGlueDisc_src+ adoption;M_src adoption;full M_src construction;g_eff claim;matter coupling claim;Einstein equation claim;future source-extension impossibility;global theory rejection;target-atlas import;target-metric import;validation authority laundering;registry authority laundering;role authority laundering;handoff authority laundering;generated derivative authority;general-cover overread;finite-witness overread;stress-pass adoption overread;arbitrary finite-variation overread,ontology edit;benchmark promotion;Gate Chair verdict;source-authority adoption;M_src adoption;full M_src construction;g_eff matter coupling Einstein equation or completed-derivation claim;future source-extension impossibility;global theory rejection,research_control/tasks/RT-20260614-086/DDR-20260614-086.md,active,2026-06-21T13:54:45Z,2026-06-21T13:54:45Z,Refuter boundary for GSC_src stress test only
CB-RESP-LC-M-SRC-GENERAL-SOURCE-COVER-HUMAN-GATE-ADOPTION-001,task,research_control/tasks/RT-20260614-087,human-approved source-extension-law adoption completed for GSC_src;GSC_src adopted only as admissible general source-cover source-extension law for source_manifold_m_src continuation;Q_src_GSC remains conditional source quotient support;next route bounded Candidate Constructor source_manifold_m_src attempt only,canonical ontology TeX edit;MSL-MSRC-ATLASGLUE-LAW canonical adoption;AtlasGlue_src+ adoption;AtlasGlueDisc_src+ adoption;M_src adoption;full M_src construction;g_eff claim;matter coupling claim;Einstein equations claim;benchmark promotion;completed derivation claim;future source-extension impossibility;global theory rejection;candidate reconstruction beyond next bounded attempt;Gate Chair closure or suspension,canonical ontology TeX edit;benchmark promotion;Gate Chair closure;derivation claim;M_src adoption;full M_src construction;g_eff adoption;matter coupling adoption;Einstein equations adoption;future source-extension impossibility claim;global theory rejection,research_control/tasks/RT-20260614-087/artifacts/128_RESP_LC_M_SRC_GENERAL_SOURCE_COVER_HUMAN_GATE_ADOPTION_DECISION.tex,active,2026-06-22T20:00:12Z,2026-06-22T20:00:12Z,GSC_src source-extension-law adoption boundary only
CB-PROJECT-SYSTEM-MEMORY-RETRIEVAL-VALIDATOR-GUIDANCE-001,task,research_control/tasks/RT-20260621-010,Memory retrieval exact-ID fallback literal search freshness classification strict YAML empty-list support and documentation-impact guidance only,canonical ontology edit;benchmark promotion;Gate Chair verdict;science artifact rewrite;physics claim promotion;source-law adoption;M_src adoption;full M_src construction;g_eff claim;matter coupling claim;Einstein equation claim;completed derivation claim;generated-output authority expansion;checkpoint behavior change;permanent role registration;hand-edited generated artifact,ontology edit;benchmark promotion;Gate Chair verdict;source-authority adoption;physics claim promotion;generated-output authority expansion;checkpoint behavior change;permanent role registration,research_control/tasks/RT-20260621-010/DDR-20260621-010.md,active,2026-06-21T17:47:42Z,2026-06-21T17:47:42Z,Memory retrieval and validator guidance boundary only
CB-PROJECT-SYSTEM-RESEARCH-IMPROVEMENT-BRIDGE-PHASE0-001,task,research_control/tasks/RT-20260622-001,Research improvement bridge Phase 0 audit authorized;current signal registries latest-handoff resolver signal collection resolver scripts templates and memory registration status may be recorded;no bridge functional implementation is authorized,canonical ontology edit;benchmark promotion;Gate Chair verdict;science draft execution;physics claim promotion;completed derivation claim;project-improvement sidecar creation;bridge template creation;generator script creation;validator behavior change;resolver behavior change;checkpoint behavior change;skill contract change;role contract change;schema contract change;generated derivative authority expansion;external runtime dependency;permanent role registration;physics artifact creation,ontology edit;benchmark promotion;Gate Chair verdict;derivation claim;project-improvement sidecar creation;template creation;generator script creation;validator resolver checkpoint skill role or schema behavior change;generated derivative authority expansion;external runtime dependency;permanent role registration;physics artifact creation,research_control/tasks/RT-20260622-001/artifacts/project_improvement_bridge_audit.md,active,2026-06-22T01:57:59Z,2026-06-22T01:57:59Z,Research improvement bridge Phase 0 audit boundary only
CB-PROJECT-SYSTEM-RESEARCH-IMPROVEMENT-BRIDGE-PHASE1-001,task,research_control/tasks/RT-20260622-002,Research improvement bridge Phase 1 authorized;inert project-improvement handoff templates test-only sidecar fixtures and focused resolver-isolation tests may be added;live sidecar generation and enforcement remain deferred,canonical ontology edit;benchmark promotion;Gate Chair verdict;science draft execution;physics claim promotion;completed derivation claim;live project-improvement sidecar creation;generator script creation;validator behavior change;resolver behavior change;checkpoint behavior change;skill contract change;role contract change;schema contract change;generated derivative authority expansion;external runtime dependency;permanent role registration;physics artifact creation,ontology edit;benchmark promotion;Gate Chair verdict;derivation claim;live sidecar creation;generator script creation;validator resolver checkpoint skill role or schema behavior change;generated derivative authority expansion;external runtime dependency;permanent role registration;physics artifact creation,research_control/tasks/RT-20260622-002/artifacts/project_improvement_bridge_phase1_templates_tests.md,active,2026-06-22T03:27:07Z,2026-06-22T03:27:07Z,Research improvement bridge Phase 1 templates and tests boundary only
CB-PROJECT-SYSTEM-RESEARCH-IMPROVEMENT-BRIDGE-PHASE2-001,task,research_control/tasks/RT-20260622-003,Research improvement bridge Phase 2 authorized;deterministic generator script and focused tests may be added;live sidecar instances validator resolver checkpoint skill role and schema integration remain deferred,canonical ontology edit;benchmark promotion;Gate Chair verdict;science draft execution;physics claim promotion;completed derivation claim;live project-improvement sidecar instance creation;validator behavior change;resolver behavior change;checkpoint behavior change;skill contract change;role contract change;schema contract change;generated derivative authority expansion;external runtime dependency;permanent role registration;physics artifact creation,ontology edit;benchmark promotion;Gate Chair verdict;derivation claim;live sidecar instance creation;validator resolver checkpoint skill role or schema behavior change;generated derivative authority expansion;external runtime dependency;permanent role registration;physics artifact creation,research_control/tasks/RT-20260622-003/artifacts/project_improvement_bridge_phase2_generator.md,active,2026-06-22T03:47:07Z,2026-06-22T03:47:07Z,Research improvement bridge Phase 2 generator boundary only
CB-PROJECT-SYSTEM-RESEARCH-IMPROVEMENT-BRIDGE-PHASE3-001,task,research_control/tasks/RT-20260622-004,Research improvement bridge Phase 3 authorized;prospective sidecar schema source bridge references validator integration and focused tests may be added;live sidecar instances resolver checkpoint skill role and optional sidecar registry integration remain deferred,canonical ontology edit;benchmark promotion;Gate Chair verdict;science draft execution;physics claim promotion;completed derivation claim;live project-improvement sidecar instance creation;resolver behavior change;checkpoint behavior change;skill contract change;role contract change;sidecar registry creation;generated derivative authority expansion;external runtime dependency;permanent role registration;physics artifact creation,ontology edit;benchmark promotion;Gate Chair verdict;derivation claim;live sidecar instance creation;resolver checkpoint skill role or sidecar registry behavior change;generated derivative authority expansion;external runtime dependency;permanent role registration;physics artifact creation,research_control/tasks/RT-20260622-004/artifacts/project_improvement_bridge_phase3_sidecar_validation.md,active,2026-06-22T04:00:43Z,2026-06-22T04:00:43Z,Research improvement bridge Phase 3 sidecar validation boundary only
CB-PROJECT-SYSTEM-RESEARCH-IMPROVEMENT-BRIDGE-PHASE4-001,task,research_control/tasks/RT-20260622-005,Research improvement bridge Phase 4 authorized;controlled generator source bridge updates and advisory resolver sidecar context may be added;normal research handoff replacement live sidecar creation checkpoint skill role and sidecar registry integration remain deferred,canonical ontology edit;benchmark promotion;Gate Chair verdict;science draft execution;physics claim promotion;completed derivation claim;live project-improvement sidecar instance creation;normal research handoff replacement;checkpoint behavior change;skill contract change;role contract change;sidecar registry creation;generated derivative authority expansion;external runtime dependency;permanent role registration;physics artifact creation,ontology edit;benchmark promotion;Gate Chair verdict;derivation claim;live sidecar instance creation;normal handoff replacement;checkpoint skill role or sidecar registry behavior change;generated derivative authority expansion;external runtime dependency;permanent role registration;physics artifact creation,research_control/tasks/RT-20260622-005/artifacts/project_improvement_bridge_phase4_activation.md,active,2026-06-22T04:26:47Z,2026-06-22T04:26:47Z,Research improvement bridge Phase 4 activation boundary only
CB-PROJECT-SYSTEM-RESEARCH-IMPROVEMENT-BRIDGE-PHASE5-001,task,research_control/tasks/RT-20260622-006,Research improvement bridge Phase 5 authorized;skill contract role contract AGENTS guidance and role registry version integration may be added;checkpoint validator resolver live sidecar and sidecar registry integration remain deferred,canonical ontology edit;benchmark promotion;Gate Chair verdict;science draft execution;physics claim promotion;completed derivation claim;live project-improvement sidecar instance creation;normal research handoff replacement;checkpoint behavior change;validator behavior change;resolver behavior change;sidecar registry creation;new role identity registration;generated derivative authority expansion;external runtime dependency;physics artifact creation,ontology edit;benchmark promotion;Gate Chair verdict;derivation claim;live sidecar instance creation;normal handoff replacement;checkpoint validator resolver or sidecar registry behavior change;generated derivative authority expansion;external runtime dependency;new role identity registration;physics artifact creation,research_control/tasks/RT-20260622-006/artifacts/project_improvement_bridge_phase5_contract_integration.md,active,2026-06-22T05:46:20Z,2026-06-22T05:46:20Z,Research improvement bridge Phase 5 contract integration boundary only
CB-PROJECT-SYSTEM-RESEARCH-IMPROVEMENT-BRIDGE-PHASE6-001,task,research_control/tasks/RT-20260622-007,Research improvement bridge Phase 6 authorized;checkpoint conditional sidecar allowlist and diff-validator integration may be added;sidecar paths remain conditional on generated source bridge proof;live sidecar creation resolver skill role and sidecar registry integration remain blocked,canonical ontology edit;benchmark promotion;Gate Chair verdict;science draft execution;physics claim promotion;completed derivation claim;live project-improvement sidecar instance creation;normal research handoff replacement;unconditional sidecar directory allowlist;resolver behavior change;skill contract change;role contract change;sidecar registry creation;generated derivative authority expansion;external runtime dependency;physics artifact creation,ontology edit;benchmark promotion;Gate Chair verdict;derivation claim;live sidecar instance creation;normal handoff replacement;unconditional sidecar directory allowlist;resolver skill role or sidecar registry behavior change;generated derivative authority expansion;external runtime dependency;physics artifact creation,research_control/tasks/RT-20260622-007/artifacts/project_improvement_bridge_phase6_checkpoint_allowlist_governance.md,active,2026-06-22T06:23:40Z,2026-06-22T06:23:40Z,Research improvement bridge Phase 6 checkpoint allowlist boundary only
CB-PROJECT-SYSTEM-PHASE6-BRIDGE-CHECKPOINT-DOCS-PHASE0-001,task,research_control/tasks/RT-20260622-008,Phase 6 bridge checkpoint documentation Phase 0 authorized;evidence lock source-surface inventory and page-impact matrix may be recorded;README public page source-spec GitHub-facing Markdown HTML validator resolver checkpoint role schema sidecar and physics changes remain blocked,canonical ontology edit;benchmark promotion;Gate Chair verdict;science draft execution;physics claim promotion;completed derivation claim;live project-improvement sidecar instance creation;README rewrite;publication brief rewrite;source spec rewrite;GitHub-facing Markdown rewrite;tracked HTML rewrite;validator behavior change;resolver behavior change;checkpoint behavior change;role contract change;schema contract change;skill contract change;sidecar registry creation;generated derivative authority expansion;external runtime dependency;physics artifact creation,ontology edit;benchmark promotion;Gate Chair verdict;derivation claim;public page rewrite;live sidecar instance creation;normal handoff replacement;validator resolver checkpoint role schema skill or sidecar registry behavior change;generated derivative authority expansion;external runtime dependency;physics artifact creation,research_control/tasks/RT-20260622-008/artifacts/phase6_bridge_checkpoint_documentation_phase0_audit.md,active,2026-06-22T13:45:53Z,2026-06-22T13:45:53Z,Phase 0 evidence lock and page-impact audit boundary only
CB-PROJECT-SYSTEM-PHASE6-BRIDGE-CHECKPOINT-DOCS-PHASE1-001,task,research_control/tasks/RT-20260622-009,Phase 6 bridge checkpoint documentation Phase 1 authorized;root README front-door workflow text may describe bridge sidecars normal handoff authority improve-project-system consumption and conditional checkpoint allowlisting;validator-required historical memory-preflight README hash refresh may be performed;public explainer source-spec GitHub-facing Markdown HTML validator resolver checkpoint role schema sidecar and physics changes remain blocked,canonical ontology edit;benchmark promotion;Gate Chair verdict;science draft execution;physics claim promotion;completed derivation claim;live project-improvement sidecar instance creation;normal research handoff replacement;publication brief rewrite;source spec rewrite;GitHub-facing Markdown rewrite;tracked HTML rewrite;validator behavior change;resolver behavior change;checkpoint behavior change;role contract change;schema contract change;skill contract change;sidecar registry creation;generated derivative authority expansion;external runtime dependency;physics artifact creation,ontology edit;benchmark promotion;Gate Chair verdict;derivation claim;live sidecar instance creation;normal handoff replacement;public explainer rewrite;validator resolver checkpoint role schema skill or sidecar registry behavior change;generated derivative authority expansion;external runtime dependency;physics artifact creation,README.md,active,2026-06-22T14:11:54Z,2026-06-22T14:11:54Z,Phase 1 root README front-door clarification plus historical memory-preflight hash refresh boundary only
CB-PROJECT-SYSTEM-PHASE6-BRIDGE-CHECKPOINT-DOCS-PHASE2-001,task,research_control/tasks/RT-20260622-010,Phase 6 bridge checkpoint documentation Phase 2 authorized for impact audit only;selected publication briefs and source specs may be inspected;live publication corpus mutation remains blocked;source spec GitHub-facing Markdown HTML validator resolver checkpoint role schema sidecar and physics changes remain blocked,canonical ontology edit;benchmark promotion;Gate Chair verdict;science draft execution;physics claim promotion;completed derivation claim;live project-improvement sidecar instance creation;normal research handoff replacement;publication brief rewrite;publication brief registry row update;source spec rewrite;GitHub-facing Markdown rewrite;tracked HTML rewrite;validator behavior change;resolver behavior change;checkpoint behavior change;role contract change;schema contract change;skill contract change;sidecar registry creation;generated derivative authority expansion;external runtime dependency;physics artifact creation,ontology edit;benchmark promotion;Gate Chair verdict;derivation claim;live sidecar instance creation;normal handoff replacement;publication brief rewrite;publication brief registry row update;source spec rewrite;public derivative rewrite;validator resolver checkpoint role schema skill or sidecar registry behavior change;generated derivative authority expansion;external runtime dependency;physics artifact creation,research_control/tasks/RT-20260622-010/artifacts/phase6_bridge_checkpoint_documentation_phase2_publication_brief_impact_audit.md,active,2026-06-22T14:46:44Z,2026-06-22T14:46:44Z,Phase 2 publication brief and source-spec impact audit boundary only
CB-PROJECT-SYSTEM-PHASE6-BRIDGE-CHECKPOINT-DOCS-PHASE3-001,task,research_control/tasks/RT-20260622-011,Phase 6 bridge checkpoint documentation Phase 3 authorized for synchronized publication updates to two selected public explainer stacks;brief registry source spec GitHub-facing Markdown tracked HTML screenshot and review evidence may be updated together;validator resolver checkpoint sidecar role schema script test and physics changes remain blocked,canonical ontology edit;benchmark promotion;Gate Chair verdict;science draft execution;physics claim promotion;completed derivation claim;live project-improvement sidecar instance creation;normal research handoff replacement;global sidecar directory allowlist claim;sidecar adoption claim;validator behavior change;resolver behavior change;checkpoint behavior change;role contract change;schema contract change;skill contract change;script behavior change;test behavior change;sidecar registry creation;generated derivative authority expansion;external runtime dependency;physics artifact creation,ontology edit;benchmark promotion;Gate Chair verdict;derivation claim;live sidecar instance creation;normal handoff replacement;global sidecar directory allowance;sidecar adoption;validator resolver checkpoint role schema skill script test or sidecar registry behavior change;generated derivative authority expansion;external runtime dependency;physics artifact creation,research_control/tasks/RT-20260622-011/artifacts/phase6_bridge_checkpoint_publication_sync_review.md,active,2026-06-22T18:28:08Z,2026-06-22T18:28:08Z,Phase 3 synchronized publication packet boundary only
CB-RESP-LC-M-SRC-GSC-SOURCE-MANIFOLD-CANDIDATE-001,task,research_control/tasks/RT-20260614-088,Draft/control construction of M_src^GSC-cand from adopted GSC_src source-extension-law data only;source quotient support source charts transition tokens Var_GSC and Stab_GSC may be packaged as a source-manifold candidate,canonical ontology edit;benchmark promotion;Gate Chair verdict;source-law adoption;M_src adoption;full M_src construction;g_eff claim;matter coupling claim;Einstein equation claim;completed derivation claim;future source-extension impossibility;global theory rejection;target manifold import;target topology import;target smooth atlas import;target coordinate transition import;target metric import;validation status as physics evidence;role authority as physics evidence;registry authority as physics evidence;generated derivative authority as physics evidence,ontology edit;source-authority adoption;M_src adoption;full M_src construction;g_eff matter coupling Einstein equation or completed-derivation claim;benchmark promotion;Gate Chair verdict;future source-extension impossibility;global theory rejection,research_control/tasks/RT-20260614-088/artifacts/129_RESP_LC_M_SRC_GSC_SOURCE_MANIFOLD_CANDIDATE.tex,active,2026-06-22T20:15:40Z,2026-06-22T20:15:40Z,GSC source-manifold candidate boundary only
CB-RESP-LC-M-SRC-GSC-SOURCE-MANIFOLD-CANDIDATE-SMUGGLING-AUDIT-001,task,research_control/tasks/RT-20260614-089,Hidden-import audit of M_src^GSC-cand as draft/control source-manifold candidate data only;conditional source-purity pass may be recorded as written under explicit source-cover assumptions,canonical ontology edit;benchmark promotion;Gate Chair verdict;source-law adoption;M_src adoption;full M_src construction;g_eff claim;matter coupling claim;Einstein equation claim;completed derivation claim;future source-extension impossibility;global theory rejection;target manifold import;target topology import;target smooth atlas import;target coordinate transition import;target metric import;topology or differentiability smuggling;source-regularity overread;quotient-support overread;process-authority laundering;validation status as physics evidence;role authority as physics evidence;registry authority as physics evidence;generated derivative authority as physics evidence,ontology edit;source-authority adoption;M_src adoption;full M_src construction;g_eff matter coupling Einstein equation or completed-derivation claim;benchmark promotion;Gate Chair verdict;future source-extension impossibility;global theory rejection,research_control/tasks/RT-20260614-089/artifacts/130_RESP_LC_M_SRC_GSC_SOURCE_MANIFOLD_CANDIDATE_SMUGGLING_AUDIT.tex,active,2026-06-22T20:42:52Z,2026-06-22T20:42:52Z,GSC source-manifold candidate smuggling audit boundary only
CB-RESP-LC-M-SRC-GSC-SOURCE-MANIFOLD-CANDIDATE-REFUTER-STRESS-001,task,research_control/tasks/RT-20260614-090,Refuter stress of audited M_src^GSC-cand as draft/control candidate data only;scoped obstruction to adoption-level M_src may be recorded without refuting future source-extension repair,canonical ontology edit;benchmark promotion;Gate Chair verdict;source-law adoption;M_src adoption;full M_src construction;g_eff claim;matter coupling claim;Einstein equation claim;completed derivation claim;future source-extension impossibility;global theory rejection;target manifold import;target topology import;target smooth atlas import;target coordinate transition import;target metric import;topology or differentiability overread;source-regularity overread;quotient-support overread;process-authority laundering;validation status as physics evidence;role authority as physics evidence;registry authority as physics evidence;generated derivative authority as physics evidence,ontology edit;source-authority adoption;M_src adoption;full M_src construction;g_eff matter coupling Einstein equation or completed-derivation claim;benchmark promotion;Gate Chair verdict;future source-extension impossibility;global theory rejection,research_control/tasks/RT-20260614-090/artifacts/131_RESP_LC_M_SRC_GSC_SOURCE_MANIFOLD_CANDIDATE_REFUTER_STRESS_TEST.tex,active,2026-06-22T20:58:18Z,2026-06-22T20:58:18Z,GSC source-manifold candidate Refuter stress boundary only
CB-RESP-LC-M-SRC-GSC-REGULAR-SOLDERING-SELECTOR-001,task,research_control/tasks/RT-20260614-091,Selector may choose one proposal-only same-milestone route after M_src^GSC-cand scoped obstruction;source-manifold regularity and soldering law formalization may be selected as an ontology-law research packet,canonical ontology edit;benchmark promotion;Gate Chair verdict;source-law adoption;M_src adoption;full M_src construction;g_eff claim;matter coupling claim;Einstein equation claim;completed derivation claim;future source-extension impossibility;global theory rejection;target manifold import;target topology import;target smooth atlas import;target coordinate transition import;target metric import;concrete witness construction inside selector;scoped no-go theorem proof inside selector;validation status as physics evidence;role authority as physics evidence;registry authority as physics evidence;generated derivative authority as physics evidence,ontology edit;source-authority adoption;M_src adoption;full M_src construction;g_eff matter coupling Einstein equation or completed-derivation claim;benchmark promotion;Gate Chair verdict;future source-extension impossibility;global theory rejection,research_control/tasks/RT-20260614-091/artifacts/132_RESP_LC_M_SRC_GSC_REGULAR_SOLDERING_SELECTOR_DECISION.yaml,active,2026-06-22T21:29:49Z,2026-06-22T21:29:49Z,GSC source-manifold regularity and soldering selector boundary only
CB-RESP-LC-M-SRC-GSC-REGULARITY-SOLDERING-LAW-FORMALIZATION-001,task,research_control/tasks/RT-20260614-092,Ontology Formalizer may define proposal-only RegSold_src^GSC with source-side formal objects theorem obligations bottom branches and M_src^{GSC-reg-cand} as draft/control candidate-law data only,canonical ontology edit;benchmark promotion;Gate Chair verdict;source-law adoption;RegSold_src adoption;M_src adoption;full M_src construction;g_eff claim;matter coupling claim;Einstein equation claim;completed derivation claim;future source-extension impossibility;global theory rejection;target topology import;target smooth atlas import;target coordinate transition import;target metric import;proper time import;empirical detector semantics import;concrete witness construction inside formalization;validation status as physics evidence;role authority as physics evidence;registry authority as physics evidence;generated derivative authority as physics evidence,ontology edit;source-authority adoption;RegSold_src adoption;M_src adoption;full M_src construction;g_eff matter coupling Einstein equation or completed-derivation claim;benchmark promotion;Gate Chair verdict;future source-extension impossibility;global theory rejection,research_control/tasks/RT-20260614-092/artifacts/133_RESP_LC_M_SRC_GSC_REGULARITY_SOLDERING_LAW_FORMALIZATION.tex,active,2026-06-23T00:13:33Z,2026-06-23T00:13:33Z,GSC source-manifold regularity and soldering law formalization boundary only
CB-PROJECT-SYSTEM-CONTINUE-RESEARCH-LOCAL-RETRIEVAL-REFRESH-001,task,research_control/tasks/RT-20260622-012,Add deterministic /continue-research local retrieval refresh before Director routing;Obsidian notes raw mirrors semantic extracts and SQLite index may be refreshed only as retrieval support,canonical ontology edit;benchmark promotion;Gate Chair verdict;science draft execution;physics claim promotion;completed derivation claim;source-law adoption;M_src adoption;downstream GR claim;generated derivative authority expansion;permanent role registration;physics artifact creation,ontology edit;benchmark promotion;Gate Chair verdict;physics claim;source-law adoption;M_src adoption;downstream GR claim;generated retrieval authority expansion;permanent role registration,research_control/tasks/RT-20260622-012/artifacts/continue_research_memory_preflight_refresh_integration.md,active,2026-06-22T22:45:04Z,2026-06-22T22:45:04Z,Continue-research local retrieval refresh boundary only
CB-RESP-LC-M-SRC-GSC-REGULARITY-SOLDERING-LAW-SMUGGLING-AUDIT-001,task,research_control/tasks/RT-20260614-093,Hidden-import audit of proposal-only RegSold_src^GSC as draft/control source-extension candidate data only;conditional source-purity pass may be recorded as written under explicit source-domain and Bottom_src assumptions,canonical ontology edit;benchmark promotion;Gate Chair verdict;source-law adoption;RegSold_src adoption;M_src adoption;full M_src construction;g_eff claim;matter coupling claim;Einstein equation claim;completed derivation claim;future source-extension impossibility;global theory rejection;target topology import;target smooth atlas import;target coordinate transition import;target metric import;proper time import;empirical detector semantics import;theorem-obligation overread;process-authority laundering;validation status as physics evidence;role authority as physics evidence;registry authority as physics evidence;generated derivative authority as physics evidence;witness construction inside audit,ontology edit;source-authority adoption;RegSold_src adoption;M_src adoption;full M_src construction;g_eff matter coupling Einstein equation or completed-derivation claim;benchmark promotion;Gate Chair verdict;future source-extension impossibility;global theory rejection,research_control/tasks/RT-20260614-093/artifacts/134_RESP_LC_M_SRC_GSC_REGULARITY_SOLDERING_LAW_SMUGGLING_AUDIT.tex,active,2026-06-23T00:34:13Z,2026-06-23T00:34:13Z,GSC source-manifold regularity and soldering law smuggling audit boundary only
CB-RESP-LC-M-SRC-GSC-REGULARITY-SOLDERING-LAW-REFUTER-STRESS-001,task,research_control/tasks/RT-20260614-094,Refuter stress of audited proposal-only RegSold_src^GSC as draft/control source-extension candidate data only;finite-local stress survival may be recorded as witness scaffolding without source-law adoption or M_src adoption,canonical ontology edit;benchmark promotion;Gate Chair verdict;source-law adoption;RegSold_src adoption;M_src adoption;full M_src construction;g_eff claim;matter coupling claim;Einstein equation claim;completed derivation claim;future source-extension impossibility;global theory rejection;target topology import;target smooth atlas import;target coordinate transition import;target metric import;proper time import;empirical detector semantics import;theorem-obligation overread;process-authority laundering;validation status as physics evidence;role authority as physics evidence;registry authority as physics evidence;generated derivative authority as physics evidence;witness construction inside stress,ontology edit;source-authority adoption;RegSold_src adoption;M_src adoption;full M_src construction;g_eff matter coupling Einstein equation or completed-derivation claim;benchmark promotion;Gate Chair verdict;future source-extension impossibility;global theory rejection,research_control/tasks/RT-20260614-094/artifacts/135_RESP_LC_M_SRC_GSC_REGULARITY_SOLDERING_LAW_REFUTER_STRESS_TEST.tex,active,2026-06-23T00:54:45Z,2026-06-23T00:54:45Z,GSC source-manifold regularity and soldering law Refuter stress boundary only
CB-RESP-LC-M-SRC-GSC-REGULARITY-SOLDERING-FINITE-SOURCE-WITNESS-001,task,research_control/tasks/RT-20260614-095,Candidate Constructor may construct a finite-local RegSold_src^GSC source witness as draft/control source-extension data with explicit source tokens quotient support finite cover transition certificates rank analogue soldering equivalence bounded variation and bottom branches only,canonical ontology edit;benchmark promotion;Gate Chair verdict;source-law adoption;RegSold_src adoption;M_src adoption;full M_src construction;g_eff claim;matter coupling claim;Einstein equation claim;completed derivation claim;future source-extension impossibility;global theory rejection;target topology import;target smooth atlas import;target coordinate transition import;target metric import;proper time import;empirical detector semantics import;finite-witness overread;process-authority laundering;validation status as physics evidence;role authority as physics evidence;registry authority as physics evidence;generated derivative authority as physics evidence,ontology edit;source-authority adoption;RegSold_src adoption;M_src adoption;full M_src construction;g_eff matter coupling Einstein equation or completed-derivation claim;benchmark promotion;Gate Chair verdict;future source-extension impossibility;global theory rejection,research_control/tasks/RT-20260614-095/artifacts/136_RESP_LC_M_SRC_GSC_REGULARITY_SOLDERING_FINITE_SOURCE_WITNESS.tex,active,2026-06-23T01:13:21Z,2026-06-23T01:13:21Z,GSC source-manifold regularity and soldering finite source witness boundary only
CB-RESP-LC-M-SRC-GSC-REGULARITY-SOLDERING-FINITE-SOURCE-WITNESS-SMUGGLING-AUDIT-001,task,research_control/tasks/RT-20260614-096,Hidden-import audit of finite-local RegSold_src^GSC source witness as draft/control source-extension data only;conditional source-purity pass may be recorded as written under explicit source-domain and Bottom_src assumptions,canonical ontology edit;benchmark promotion;Gate Chair verdict;source-law adoption;RegSold_src adoption;M_src adoption;full M_src construction;g_eff claim;matter coupling claim;Einstein equation claim;completed derivation claim;future source-extension impossibility;global theory rejection;target topology import;target smooth atlas import;target coordinate transition import;target metric import;proper time import;empirical detector semantics import;finite-witness overread;process-authority laundering;validation status as physics evidence;role authority as physics evidence;registry authority as physics evidence;generated derivative authority as physics evidence;Refuter stress inside audit,ontology edit;source-authority adoption;RegSold_src adoption;M_src adoption;full M_src construction;g_eff matter coupling Einstein equation or completed-derivation claim;benchmark promotion;Gate Chair verdict;future source-extension impossibility;global theory rejection,research_control/tasks/RT-20260614-096/artifacts/137_RESP_LC_M_SRC_GSC_REGULARITY_SOLDERING_FINITE_SOURCE_WITNESS_SMUGGLING_AUDIT.tex,active,2026-06-23T01:29:24Z,2026-06-23T01:29:24Z,GSC source-manifold regularity and soldering finite source witness smuggling audit boundary only
CB-RESP-LC-M-SRC-GSC-REGULARITY-SOLDERING-FINITE-SOURCE-WITNESS-REFUTER-STRESS-001,task,research_control/tasks/RT-20260614-097,Refuter stress of audited finite-local RegSold_src^GSC source witness as draft/control source-extension data only;bounded-scope survival may be recorded without source-law adoption or M_src adoption,canonical ontology edit;benchmark promotion;Gate Chair verdict;source-law adoption;RegSold_src adoption;M_src adoption;full M_src construction;g_eff claim;matter coupling claim;Einstein equation claim;completed derivation claim;future source-extension impossibility;global theory rejection;target topology import;target smooth atlas import;target coordinate transition import;target metric import;proper time import;empirical detector semantics import;finite-witness overread;process-authority laundering;validation status as physics evidence;role authority as physics evidence;registry authority as physics evidence;generated derivative authority as physics evidence;route selection inside stress,ontology edit;source-authority adoption;RegSold_src adoption;M_src adoption;full M_src construction;g_eff matter coupling Einstein equation or completed-derivation claim;benchmark promotion;Gate Chair verdict;future source-extension impossibility;global theory rejection,research_control/tasks/RT-20260614-097/artifacts/138_RESP_LC_M_SRC_GSC_REGULARITY_SOLDERING_FINITE_SOURCE_WITNESS_REFUTER_STRESS_TEST.tex,active,2026-06-23T01:45:45Z,2026-06-23T01:45:45Z,GSC source-manifold regularity and soldering finite source witness Refuter stress boundary only
CB-RESP-LC-M-SRC-GSC-FINITE-VARIATION-ROBUSTNESS-SELECTOR-001,task,research_control/tasks/RT-20260614-098,Selector may choose one proposal-only finite-variation robustness formalization route and next execution-role family as draft/control route selection only,canonical ontology edit;benchmark promotion;Gate Chair verdict;source-law adoption;finite-variation robustness law adoption;RegSold_src adoption;M_src adoption;full M_src construction;g_eff claim;matter coupling claim;Einstein equation claim;completed derivation claim;future source-extension impossibility;global theory rejection;target topology import;target smooth atlas import;target coordinate transition import;target metric import;proper time import;empirical detector semantics import;process-authority laundering;validation status as physics evidence;role authority as physics evidence;registry authority as physics evidence;generated derivative authority as physics evidence;law formalization inside selector,ontology edit;source-authority adoption;RegSold_src adoption;M_src adoption;full M_src construction;g_eff matter coupling Einstein equation or completed-derivation claim;benchmark promotion;Gate Chair verdict;future source-extension impossibility;global theory rejection,research_control/tasks/RT-20260614-098/artifacts/139_RESP_LC_M_SRC_GSC_FINITE_VARIATION_ROBUSTNESS_SELECTOR_DECISION.yaml,active,2026-06-23T02:01:05Z,2026-06-23T02:01:05Z,GSC source-manifold finite-variation robustness selector boundary only
CB-RESP-LC-M-SRC-GSC-FINITE-VARIATION-ROBUSTNESS-LAW-FORMALIZATION-001,task,research_control/tasks/RT-20260614-099,Ontology Formalizer may define proposal-only FVR_src^GSC with source-side finite variation domains admissibility predicates transport certificate families preservation maps theorem obligations bottom branches and blocked_adoption_open_continuation only,canonical ontology edit;benchmark promotion;Gate Chair verdict;source-law adoption;finite-variation robustness law adoption;RegSold_src adoption;M_src adoption;full M_src construction;g_eff claim;matter coupling claim;Einstein equation claim;completed derivation claim;future source-extension impossibility;global theory rejection;target topology import;target smooth atlas import;target coordinate transition import;target metric import;proper time import;empirical detector semantics import;concrete witness construction inside formalization;witness generalization inside formalization;validation status as physics evidence;role authority as physics evidence;registry authority as physics evidence;handoff authority as physics evidence;generated derivative authority as physics evidence,ontology edit;source-authority adoption;finite-variation robustness law adoption;RegSold_src adoption;M_src adoption;full M_src construction;g_eff matter coupling Einstein equation or completed-derivation claim;benchmark promotion;Gate Chair verdict;future source-extension impossibility;global theory rejection,research_control/tasks/RT-20260614-099/artifacts/140_RESP_LC_M_SRC_GSC_FINITE_VARIATION_ROBUSTNESS_LAW_FORMALIZATION.tex,active,2026-06-23T02:16:28Z,2026-06-23T02:16:28Z,GSC finite-variation robustness law formalization boundary only
CB-RESP-LC-M-SRC-GSC-FINITE-VARIATION-ROBUSTNESS-LAW-SMUGGLING-AUDIT-001,task,research_control/tasks/RT-20260614-100,Smuggling Auditor may audit proposal-only FVR_src^GSC for hidden target import process-authority laundering and adoption overread as draft/control source-extension candidate data only;conditional source-purity pass may be recorded as written under source-domain and Bottom_src assumptions,canonical ontology edit;benchmark promotion;Gate Chair verdict;source-law adoption;finite-variation robustness law adoption;RegSold_src adoption;M_src adoption;full M_src construction;g_eff claim;matter coupling claim;Einstein equation claim;completed derivation claim;future source-extension impossibility;global theory rejection;target topology import;target smooth atlas import;target coordinate transition import;target metric import;proper time import;empirical detector semantics import;arbitrary finite-variation robustness proof;witness construction inside audit;witness generalization inside audit;process-authority laundering;validation status as physics evidence;role authority as physics evidence;registry authority as physics evidence;handoff authority as physics evidence;generated derivative authority as physics evidence,ontology edit;source-authority adoption;finite-variation robustness law adoption;RegSold_src adoption;M_src adoption;full M_src construction;g_eff matter coupling Einstein equation or completed-derivation claim;benchmark promotion;Gate Chair verdict;future source-extension impossibility;global theory rejection,research_control/tasks/RT-20260614-100/artifacts/141_RESP_LC_M_SRC_GSC_FINITE_VARIATION_ROBUSTNESS_LAW_SMUGGLING_AUDIT.tex,active,2026-06-23T02:33:48Z,2026-06-23T02:33:48Z,GSC finite-variation robustness law Smuggling Auditor boundary only
CB-RESP-LC-M-SRC-GSC-FINITE-VARIATION-ROBUSTNESS-LAW-REFUTER-STRESS-001,task,research_control/tasks/RT-20260614-101,Refuter may stress audited proposal-only FVR_src^GSC as draft/control source-extension candidate data only;bridge-facing fail-closed survival may be recorded without arbitrary robustness proof source-law adoption RegSold_src adoption or M_src adoption,canonical ontology edit;benchmark promotion;Gate Chair verdict;source-law adoption;finite-variation robustness law adoption;RegSold_src adoption;M_src adoption;full M_src construction;g_eff claim;matter coupling claim;Einstein equation claim;completed derivation claim;future source-extension impossibility;global theory rejection;target topology import;target smooth atlas import;target coordinate transition import;target metric import;proper time import;empirical detector semantics import;arbitrary finite-variation robustness proof;witness construction inside stress;witness generalization inside stress;process-authority laundering;validation status as physics evidence;role authority as physics evidence;registry authority as physics evidence;handoff authority as physics evidence;generated derivative authority as physics evidence,ontology edit;source-authority adoption;finite-variation robustness law adoption;RegSold_src adoption;M_src adoption;full M_src construction;g_eff matter coupling Einstein equation or completed-derivation claim;benchmark promotion;Gate Chair verdict;future source-extension impossibility;global theory rejection,research_control/tasks/RT-20260614-101/artifacts/142_RESP_LC_M_SRC_GSC_FINITE_VARIATION_ROBUSTNESS_LAW_REFUTER_STRESS_TEST.tex,active,2026-06-23T02:46:16Z,2026-06-23T02:46:16Z,GSC finite-variation robustness law Refuter stress boundary only
CB-SOURCE-MANIFOLD-PHASE9-TYPED-SPEC-001,task,research_control/tasks/RT-20260614-102,Validator Engineer may create typed Python source-manifold interfaces and focused tests as draft/control semantic hardening only;proposal-only RegSoldLaw records may be represented without proof adoption or downstream GR promotion,canonical ontology edit;benchmark promotion;Gate Chair verdict;source-law adoption;finite-variation robustness law adoption;RegSold_src adoption;M_src adoption;full M_src construction;regularity proof claim;soldering proof claim;g_eff claim;matter coupling claim;Einstein equation claim;completed derivation claim;future source-extension impossibility;global theory rejection;target topology import;target smooth atlas import;target coordinate transition import;target metric import;proper time import;empirical detector semantics import;validation status as proof;role authority as physics evidence;registry authority as physics evidence;handoff authority as physics evidence;generated derivative authority as physics evidence,ontology edit;source-authority adoption;finite-variation robustness law adoption;RegSold_src adoption;M_src adoption;full M_src construction;g_eff matter coupling Einstein equation or completed-derivation claim;benchmark promotion;Gate Chair verdict;future source-extension impossibility;global theory rejection,scripts/research_control/source_manifold_types.py,active,2026-06-23T03:07:56Z,2026-06-23T03:07:56Z,Phase 9 typed source-manifold specification boundary only
CB-SOURCE-MANIFOLD-PHASE10-ROUTE-DECISION-001,task,research_control/tasks/RT-20260614-103,Theoretical Continuation Selector may decide not_frozen human-gate-required or constructive continuation status and may select finite source-cover checker implementation and witness replay as draft/control continuation only,canonical ontology edit;benchmark promotion;Gate Chair verdict;source-law adoption;finite-variation robustness law adoption;FVR_src adoption;RegSold_src adoption;M_src adoption;full M_src construction;regularity proof claim;soldering proof claim;arbitrary finite-variation robustness proof;g_eff claim;matter coupling claim;Einstein equation claim;completed derivation claim;future source-extension impossibility;global theory rejection;target topology import;target smooth atlas import;target coordinate transition import;target metric import;proper time import;empirical detector semantics import;checker implementation inside selector;validation status as physics evidence;role authority as physics evidence;registry authority as physics evidence;handoff authority as physics evidence;generated derivative authority as physics evidence,ontology edit;source-authority adoption;finite-variation robustness law adoption;RegSold_src adoption;M_src adoption;full M_src construction;g_eff matter coupling Einstein equation or completed-derivation claim;benchmark promotion;Gate Chair verdict;future source-extension impossibility;global theory rejection,research_control/tasks/RT-20260614-103/artifacts/143_SOURCE_MANIFOLD_PHASE10_ROUTE_DECISION.yaml,active,2026-06-23T03:22:35Z,2026-06-23T03:22:35Z,Phase 10 route decision boundary only
CB-FINITE-SOURCE-COVER-MODEL-CHECKER-001,task,research_control/tasks/RT-20260614-104,Validator Engineer may implement deterministic finite source-cover checker tooling tests design documentation and replay the existing finite witness as draft/control source-extension data only,canonical ontology edit;benchmark promotion;Gate Chair verdict;source-law adoption;finite-variation robustness law adoption;FVR_src adoption;RegSold_src adoption;M_src adoption;full M_src construction;regularity proof claim;soldering proof claim;arbitrary finite-variation robustness proof;g_eff claim;matter coupling claim;Einstein equation claim;completed derivation claim;future source-extension impossibility;global theory rejection;science-draft edit;target topology import;target smooth atlas import;target coordinate transition import;target metric import;proper time import;empirical detector semantics import;checker pass as proof;validation status as physics evidence;role authority as physics evidence;registry authority as physics evidence;handoff authority as physics evidence;generated derivative authority as physics evidence,ontology edit;source-authority adoption;finite-variation robustness law adoption;RegSold_src adoption;M_src adoption;full M_src construction;g_eff matter coupling Einstein equation or completed-derivation claim;benchmark promotion;Gate Chair verdict;future source-extension impossibility;global theory rejection,scripts/research_control/finite_source_cover_model_checker.py,active,2026-06-23T03:41:49Z,2026-06-23T03:41:49Z,Finite source-cover model checker boundary only
CB-CURRENT-FRONTIER-NO-TARGET-GUARD-SURFACES-001,task,research_control/tasks/RT-20260614-105,Memory-System Maintainer may add current-frontier and no-target-import guard control Markdown plus minimal source discovery support as project-control routing evidence only,canonical ontology edit;benchmark promotion;Gate Chair verdict;source-law adoption;finite-variation robustness law adoption;FVR_src adoption;RegSold_src adoption;M_src adoption;full M_src construction;regularity proof claim;soldering proof claim;arbitrary finite-variation robustness proof;g_eff claim;matter coupling claim;Einstein equation claim;completed derivation claim;future source-extension impossibility;global theory rejection;science-draft edit;current-frontier report as proof;guard map as theorem;validation status as physics evidence;role authority as physics evidence;registry authority as physics evidence;handoff authority as physics evidence;generated derivative authority as physics evidence,ontology edit;source-authority adoption;finite-variation robustness law adoption;RegSold_src adoption;M_src adoption;full M_src construction;g_eff matter coupling Einstein equation or completed-derivation claim;benchmark promotion;Gate Chair verdict;future source-extension impossibility;global theory rejection,research_control/current_frontier.md,active,2026-06-23T04:12:18Z,2026-06-23T04:12:18Z,Current-frontier and no-target-import guard surface boundary only
CB-CHECKER-REPLAY-CONSUMPTION-SELECTOR-001,task,research_control/tasks/RT-20260614-106,Theoretical Continuation Selector may classify finite source-cover checker replay as draft/control source-extension data and select one next consumption route only,canonical ontology edit;benchmark promotion;Gate Chair verdict;source-law adoption;finite-variation robustness law adoption;FVR_src adoption;RegSold_src adoption;M_src adoption;full M_src construction;regularity proof claim;soldering proof claim;arbitrary finite-variation robustness proof;general source-cover existence proof;g_eff claim;matter coupling claim;Einstein equation claim;completed derivation claim;future source-extension impossibility;global theory rejection;target topology import;target smooth atlas import;target coordinate transition import;target metric import;proper time import;empirical detector semantics import;checker pass as proof;validation status as physics evidence;role authority as physics evidence;registry authority as physics evidence;handoff authority as physics evidence;generated derivative authority as physics evidence;replay audit inside selector;replay stress inside selector,ontology edit;source-authority adoption;finite-variation robustness law adoption;RegSold_src adoption;M_src adoption;full M_src construction;g_eff matter coupling Einstein equation or completed-derivation claim;benchmark promotion;Gate Chair verdict;future source-extension impossibility;global theory rejection,research_control/tasks/RT-20260614-106/artifacts/144_CHECKER_REPLAY_CONSUMPTION_SELECTOR_DECISION.yaml,active,2026-06-23T13:03:18Z,2026-06-23T13:03:18Z,Checker replay consumption selector boundary only
CB-CHECKER-REPLAY-CONSUMPTION-SMUGGLING-AUDIT-001,task,research_control/tasks/RT-20260614-107,Smuggling Auditor may audit finite source-cover checker replay and finite/local witness linkage as draft/control source-extension data only and may record conditional source-purity pass as written,canonical ontology edit;benchmark promotion;Gate Chair verdict;source-law adoption;finite-variation robustness law adoption;FVR_src adoption;RegSold_src adoption;M_src adoption;full M_src construction;regularity proof claim;soldering proof claim;arbitrary finite-variation robustness proof;general source-cover existence proof;g_eff claim;matter coupling claim;Einstein equation claim;completed derivation claim;future source-extension impossibility;global theory rejection;target topology import;target smooth atlas import;target coordinate transition import;target metric import;proper time import;empirical detector semantics import;checker pass as proof;audit pass as adoption;validation status as physics evidence;role authority as physics evidence;registry authority as physics evidence;handoff authority as physics evidence;generated derivative authority as physics evidence;Refuter stress inside audit,ontology edit;source-authority adoption;finite-variation robustness law adoption;RegSold_src adoption;M_src adoption;full M_src construction;g_eff matter coupling Einstein equation or completed-derivation claim;benchmark promotion;Gate Chair verdict;future source-extension impossibility;global theory rejection,research_control/tasks/RT-20260614-107/artifacts/145_CHECKER_REPLAY_CONSUMPTION_SMUGGLING_AUDIT.tex,active,2026-06-23T13:16:01Z,2026-06-23T13:16:01Z,Checker replay Smuggling Auditor boundary only
CB-CHECKER-REPLAY-CONSUMPTION-REFUTER-STRESS-001,task,research_control/tasks/RT-20260614-108,Refuter may stress finite source-cover checker replay and finite/local witness linkage as draft/control source-extension data only and may record bounded_scope_only stress survival,canonical ontology edit;benchmark promotion;Gate Chair verdict;source-law adoption;finite-variation robustness law adoption;FVR_src adoption;RegSold_src adoption;M_src adoption;full M_src construction;regularity proof claim;soldering proof claim;arbitrary finite-variation robustness proof;general source-cover existence proof;g_eff claim;matter coupling claim;Einstein equation claim;completed derivation claim;future source-extension impossibility;global theory rejection;target topology import;target smooth atlas import;target coordinate transition import;target metric import;proper time import;empirical detector semantics import;checker pass as proof;audit pass as adoption;Refuter stress survival as adoption;validation status as physics evidence;role authority as physics evidence;registry authority as physics evidence;handoff authority as physics evidence;generated derivative authority as physics evidence;Theoretical Selector inside stress,ontology edit;source-authority adoption;finite-variation robustness law adoption;FVR_src adoption;RegSold_src adoption;M_src adoption;full M_src construction;g_eff matter coupling Einstein equation or completed-derivation claim;benchmark promotion;Gate Chair verdict;future source-extension impossibility;global theory rejection,research_control/tasks/RT-20260614-108/artifacts/146_CHECKER_REPLAY_CONSUMPTION_REFUTER_STRESS_TEST.tex,active,2026-06-23T13:30:49Z,2026-06-23T13:30:49Z,Checker replay Refuter stress boundary only
CB-CHECKER-REPLAY-PHASE8C-ROUTE-SELECTOR-001,task,research_control/tasks/RT-20260614-109,Theoretical Continuation Selector may choose one Phase 8C next route and classify general source-cover law formalization as proposal-only source-extension candidate work,canonical ontology edit;benchmark promotion;Gate Chair verdict;source-law adoption;finite-variation robustness law adoption;FVR_src adoption;RegSold_src adoption;M_src adoption;full M_src construction;regularity proof claim;soldering proof claim;arbitrary finite-variation robustness proof;general source-cover existence proof;g_eff claim;matter coupling claim;Einstein equation claim;completed derivation claim;future source-extension impossibility;global theory rejection;target topology import;target smooth atlas import;target coordinate transition import;target metric import;proper time import;empirical detector semantics import;checker pass as proof;audit pass as adoption;Refuter stress survival as adoption;selector decision as adoption;validation status as physics evidence;role authority as physics evidence;registry authority as physics evidence;handoff authority as physics evidence;generated derivative authority as physics evidence;law formalization inside selector,ontology edit;source-authority adoption;finite-variation robustness law adoption;FVR_src adoption;RegSold_src adoption;M_src adoption;full M_src construction;g_eff matter coupling Einstein equation or completed-derivation claim;benchmark promotion;Gate Chair verdict;future source-extension impossibility;global theory rejection,research_control/tasks/RT-20260614-109/artifacts/147_CHECKER_REPLAY_PHASE8C_ROUTE_DECISION.yaml,active,2026-06-23T13:48:41Z,2026-06-23T13:48:41Z,Checker replay Phase 8C selector boundary only
CB-RESP-LC-M-SRC-GSC-GENERAL-SOURCE-COVER-LAW-FORMALIZATION-001,task,research_control/tasks/RT-20260614-110,Ontology Formalizer may define proposal-only GenCover_src^GSC general source-cover law interface theorem obligations certificate families and Bottom_src branches as draft/control source-extension candidate data only,canonical ontology edit;benchmark promotion;Gate Chair verdict;source-law adoption;finite-variation robustness law adoption;FVR_src adoption;RegSold_src adoption;M_src adoption;full M_src construction;regularity proof claim;soldering proof claim;arbitrary finite-variation robustness proof;general source-cover existence proof;g_eff claim;matter coupling claim;Einstein equation claim;completed derivation claim;future source-extension impossibility;global theory rejection;target topology import;target smooth atlas import;target coordinate transition import;target metric import;proper time import;empirical detector semantics import;finite checker replay as general proof;validation status as physics evidence;role authority as physics evidence;registry authority as physics evidence;handoff authority as physics evidence;generated derivative authority as physics evidence;Smuggling Auditor audit inside formalization,ontology edit;source-authority adoption;finite-variation robustness law adoption;FVR_src adoption;RegSold_src adoption;M_src adoption;full M_src construction;g_eff matter coupling Einstein equation or completed-derivation claim;benchmark promotion;Gate Chair verdict;future source-extension impossibility;global theory rejection,research_control/tasks/RT-20260614-110/artifacts/148_RESP_LC_M_SRC_GSC_GENERAL_SOURCE_COVER_LAW_FORMALIZATION.tex,active,2026-06-23T14:01:51Z,2026-06-23T14:10:50Z,General source-cover law formalization boundary only
CB-RESP-LC-M-SRC-GSC-GENERAL-SOURCE-COVER-LAW-SMUGGLING-AUDIT-001,task,research_control/tasks/RT-20260614-111,Smuggling Auditor may audit proposal-only GenCover_src^GSC and record conditional source-purity as written or hidden-import failure as draft/control source-extension audit data only,canonical ontology edit;benchmark promotion;Gate Chair verdict;source-law adoption;GenCover_src adoption;finite-variation robustness law adoption;FVR_src adoption;RegSold_src adoption;M_src adoption;full M_src construction;regularity proof claim;soldering proof claim;arbitrary finite-variation robustness proof;general source-cover existence proof;g_eff claim;matter coupling claim;Einstein equation claim;completed derivation claim;future source-extension impossibility;global theory rejection;target topology import as source premise;target smooth atlas import as source premise;target coordinate transition import as source premise;target metric import as source premise;proper time import as source premise;empirical detector semantics import as source premise;finite checker replay as general proof;audit pass as adoption;validation status as physics evidence;role authority as physics evidence;registry authority as physics evidence;handoff authority as physics evidence;generated derivative authority as physics evidence;Refuter stress inside audit,ontology edit;source-authority adoption;GenCover_src adoption;finite-variation robustness law adoption;FVR_src adoption;RegSold_src adoption;M_src adoption;full M_src construction;g_eff matter coupling Einstein equation or completed-derivation claim;benchmark promotion;Gate Chair verdict;future source-extension impossibility;global theory rejection,research_control/tasks/RT-20260614-111/artifacts/149_RESP_LC_M_SRC_GSC_GENERAL_SOURCE_COVER_LAW_SMUGGLING_AUDIT.tex,active,2026-06-23T14:20:21Z,2026-06-23T14:20:21Z,General source-cover law Smuggling Auditor boundary only
CB-RESP-LC-M-SRC-GSC-GENERAL-SOURCE-COVER-LAW-REFUTER-STRESS-001,task,research_control/tasks/RT-20260614-112,Refuter may stress proposal-only GenCover_src^GSC and record fail-closed stress survival scoped obstruction or route freeze as draft/control source-extension stress data only,canonical ontology edit;benchmark promotion;Gate Chair verdict;source-law adoption;GenCover_src adoption;finite-variation robustness law adoption;FVR_src adoption;RegSold_src adoption;M_src adoption;full M_src construction;regularity proof claim;soldering proof claim;arbitrary finite-variation robustness proof;general source-cover existence proof;g_eff claim;matter coupling claim;Einstein equation claim;completed derivation claim;future source-extension impossibility;global theory rejection;target topology import as source premise;target smooth atlas import as source premise;target coordinate transition import as source premise;target metric import as source premise;proper time import as source premise;empirical detector semantics import as source premise;finite checker replay as general proof;audit pass as adoption;Refuter stress survival as adoption;validation status as physics evidence;role authority as physics evidence;registry authority as physics evidence;handoff authority as physics evidence;generated derivative authority as physics evidence;Gate Chair decision inside Refuter stress,ontology edit;source-authority adoption;GenCover_src adoption;finite-variation robustness law adoption;FVR_src adoption;RegSold_src adoption;M_src adoption;full M_src construction;g_eff matter coupling Einstein equation or completed-derivation claim;benchmark promotion;Gate Chair verdict;future source-extension impossibility;global theory rejection,research_control/tasks/RT-20260614-112/artifacts/150_RESP_LC_M_SRC_GSC_GENERAL_SOURCE_COVER_LAW_REFUTER_STRESS_TEST.tex,active,2026-06-23T14:34:43Z,2026-06-23T14:34:43Z,General source-cover law Refuter stress boundary only
CB-CURRENT-FRONTIER-HANDOFF0153-SYNC-001,current_frontier_handoff0153_sync,research_control/current_frontier.md,Update project-control current-frontier context to handoff-0153 and preserve human-gated route boundary,source-law adoption;GenCover_src^GSC adoption;FVR_src^GSC adoption;RegSold_src^GSC adoption;M_src adoption;full_M_src_construction;g_eff;matter_coupling;einstein_equations;benchmark_promotion;Gate Chair closure;completed_derivation;future source-extension impossibility;global theory rejection,canonical ontology edit;source-law adoption;GenCover_src^GSC adoption;FVR_src^GSC adoption;RegSold_src^GSC adoption;M_src adoption;full_M_src_construction;downstream GR claims,research_control/tasks/RT-20260614-113/DDR-20260614-113.md,active,2026-06-23T14:52:27Z,2026-06-23T14:52:27Z,Current-frontier synchronization is control context only and cannot authorize physics claim promotion
CB-RESP-LC-M-SRC-GSC-GENERAL-SOURCE-COVER-LAW-HUMAN-GATE-REVIEW-001,task,research_control/tasks/RT-20260614-114,human-approved source-law review completed for GenCover_src^GSC;GenCover_src^GSC adopted only as admissible general source-cover source-extension law for source_manifold_m_src continuation;Q_src^GSC remains conditional source quotient support;next route bounded Candidate Constructor source_manifold_m_src attempt only,canonical ontology TeX edit;FVR_src^GSC adoption;RegSold_src^GSC adoption;M_src adoption;full M_src construction;g_eff claim;matter coupling claim;Einstein equations claim;benchmark promotion;completed derivation claim;future source-extension impossibility;global theory rejection;candidate reconstruction beyond next bounded attempt;Gate Chair closure or suspension,canonical ontology TeX edit;benchmark promotion;Gate Chair closure;derivation claim;FVR_src^GSC adoption;RegSold_src^GSC adoption;M_src adoption;full M_src construction;g_eff adoption;matter coupling adoption;Einstein equations adoption;future source-extension impossibility claim;global theory rejection,research_control/tasks/RT-20260614-114/artifacts/151_RESP_LC_M_SRC_GSC_GENERAL_SOURCE_COVER_LAW_HUMAN_GATE_REVIEW.tex,active,2026-06-23T16:37:50Z,2026-06-23T16:37:50Z,GenCover_src^GSC source-law review boundary only
CB-CURRENT-FRONTIER-POST-RT114-SYNC-001,current_frontier_post_rt114_sync,research_control/current_frontier.md,Update project-control current-frontier context to handoff-0154 and clarify m_src ledger wording while preserving GenCover_src^GSC source-extension-law-only scope,canonical ontology edit;FVR_src^GSC adoption;RegSold_src^GSC adoption;M_src adoption;full_M_src_construction;g_eff;matter_coupling;einstein_equations;benchmark_promotion;Gate Chair closure;completed_derivation;future source-extension impossibility;global theory rejection;current-frontier report as proof;ledger wording as proof;validator success as physics evidence,canonical ontology edit;source-authority adoption beyond RT-114;FVR_src^GSC adoption;RegSold_src^GSC adoption;M_src adoption;full_M_src_construction;downstream GR claims,research_control/tasks/RT-20260614-115/DDR-20260614-115.md,active,2026-06-23T21:06:25Z,2026-06-23T21:06:25Z,Current-frontier synchronization is control context only and cannot authorize physics claim promotion
CB-LOCAL-TRACKING-GOVERNANCE-CLEANUP-001,local_tracking_governance_cleanup,research_control/tasks/RT-20260614-116,Remove tracked .local retrieval/cache files from Git index and document .local as ignored non-authoritative local state;route next to Candidate Constructor bridge attempt only,canonical ontology edit;science-draft edit;FVR_src^GSC adoption;RegSold_src^GSC adoption;M_src adoption;full_M_src_construction;g_eff;matter_coupling;einstein_equations;benchmark_promotion;Gate Chair closure;completed_derivation;future source-extension impossibility;global theory rejection;.local as authority;.local committed transaction evidence,canonical ontology edit;source-authority adoption;FVR_src^GSC adoption;RegSold_src^GSC adoption;M_src adoption;full_M_src_construction;downstream GR claims,research_control/tasks/RT-20260614-116/DDR-20260614-116.md,active,2026-06-23T21:21:39Z,2026-06-23T21:21:39Z,.local tracking governance boundary only
CB-RESP-LC-M-SRC-GSC-GENCOVER-TO-MSRC-BRIDGE-ATTEMPT-001,task,research_control/tasks/RT-20260614-117,Construct draft/control M_src^{GSC-cand}(E) bridge candidate from RT-114 GenCover_src^GSC source-extension-law input;record interface table no-target-import precheck proof-obligation matrix and Smuggling Auditor next route only,canonical ontology edit;FVR_src^GSC adoption;RegSold_src^GSC adoption;M_src adoption;full M_src construction;g_eff claim;matter coupling claim;Einstein equations claim;benchmark promotion;completed derivation claim;future source-extension impossibility;global theory rejection;target topology import;target atlas import;target metric import;proper time import;validator as proof;registry as proof;Q_src^GSC as adopted M_src,canonical ontology TeX edit;source-law adoption beyond RT-114;FVR_src^GSC adoption;RegSold_src^GSC adoption;M_src adoption;full M_src construction;g_eff adoption;matter coupling adoption;Einstein equations adoption;benchmark promotion;Gate Chair closure;future source-extension impossibility claim;global theory rejection,research_control/tasks/RT-20260614-117/artifacts/152_RESP_LC_M_SRC_GSC_GENCOVER_TO_MSRC_BRIDGE_ATTEMPT.tex,active,2026-06-23T21:46:14Z,2026-06-23T21:46:14Z,GenCover_src^GSC-to-M_src bridge candidate boundary only
CB-RESP-LC-M-SRC-GSC-BRIDGE-CANDIDATE-SMUGGLING-AUDIT-001,task,research_control/tasks/RT-20260614-118,Audit RT-117 M_src^{GSC-cand}(E) for target import authority overread unadopted FVR_src^GSC or RegSold_src^GSC consumption and Q_src^GSC-to-M_src notation collapse;record conditional source-purity pass and Refuter next route only,canonical ontology edit;GenCover_src^GSC adoption beyond RT-114 scope;FVR_src^GSC adoption;RegSold_src^GSC adoption;M_src adoption;full M_src construction;g_eff claim;matter coupling claim;Einstein equations claim;benchmark promotion;completed derivation claim;future source-extension impossibility;global theory rejection;target topology import;target atlas import;target metric import;proper time import;validator as proof;registry as proof;Q_src^GSC as adopted M_src,canonical ontology TeX edit;source-authority adoption beyond RT-114;FVR_src^GSC adoption;RegSold_src^GSC adoption;M_src adoption;full M_src construction;g_eff adoption;matter coupling adoption;Einstein equations adoption;benchmark promotion;Gate Chair closure;future source-extension impossibility claim;global theory rejection,research_control/tasks/RT-20260614-118/artifacts/153_RESP_LC_M_SRC_GSC_BRIDGE_CANDIDATE_SMUGGLING_AUDIT.tex,active,2026-06-23T22:02:46Z,2026-06-23T22:02:46Z,GenCover_src^GSC-to-M_src bridge candidate smuggling audit boundary only
CB-RESP-LC-M-SRC-GSC-BRIDGE-CANDIDATE-REFUTER-STRESS-001,task,research_control/tasks/RT-20260614-119,Stress RT-117 M_src^{GSC-cand}(E) as audited by RT-118;record candidate_stress_passed_pending_gate human-gated adoption boundary and Phase 6 project-system next step only,canonical ontology edit;GenCover_src^GSC adoption beyond RT-114 scope;FVR_src^GSC adoption;RegSold_src^GSC adoption;M_src adoption;full M_src construction;g_eff claim;matter coupling claim;Einstein equations claim;benchmark promotion;completed derivation claim;future source-extension impossibility;global theory rejection;target topology import;target atlas import;target metric import;proper time import;validator as proof;registry as proof;Q_src^GSC as adopted M_src;autonomous Gate Chair route,canonical ontology TeX edit;source-authority adoption beyond RT-114;FVR_src^GSC adoption;RegSold_src^GSC adoption;M_src adoption;full M_src construction;g_eff adoption;matter coupling adoption;Einstein equations adoption;benchmark promotion;Gate Chair closure without explicit human approval;future source-extension impossibility claim;global theory rejection,research_control/tasks/RT-20260614-119/artifacts/154_RESP_LC_M_SRC_GSC_BRIDGE_CANDIDATE_REFUTER_STRESS_TEST.tex,active,2026-06-23T22:16:35Z,2026-06-23T22:16:35Z,GenCover_src^GSC-to-M_src bridge candidate Refuter stress boundary only
CB-PROJECT-SYSTEM-METRICS-SEPARATION-PHASE6-001,task,research_control/tasks/RT-20260614-120,Separate operational validation metrics from scientific progress metrics;add deterministic separation guard and focused test;update script README and generated Phase 6 report only,physics claim promotion;canonical science source edit;science artifact creation;validator checkpoint behavior change;skill contract change;role contract change;generated derivative hand edit;M_src adoption;g_eff claim;matter coupling claim;Einstein equations claim;benchmark promotion;Gate Chair verdict;completed derivation claim,canonical ontology edit;source-authority adoption;M_src adoption;downstream GR claims;checkpoint gate change;scripting behavior beyond metrics reporting,research_control/tasks/RT-20260614-120/DDR-20260614-120.md,active,2026-06-23T22:28:21Z,2026-06-23T22:28:21Z,Phase 6 metrics separation boundary only
CB-PROJECT-SYSTEM-EXTERNAL-REVIEW-PACKET-PHASE7-001,task,research_control/tasks/RT-20260614-121,Create internal source-backed external-review packet for RT-119 stressed M_src^{GSC-cand}(E) candidate;cite registered source artifacts by path;preserve candidate-only and human-gated claim boundary,physics claim promotion;canonical science source edit;science-bearing TeX creation;public page publication;publication brief rewrite;M_src adoption;full M_src construction;FVR_src^GSC adoption;RegSold_src^GSC adoption;g_eff claim;matter coupling claim;Einstein equations claim;benchmark promotion;Gate Chair verdict;completed derivation claim,canonical ontology edit;source-authority adoption;M_src adoption;downstream GR claims;public promotion;human-gated adoption authority,research_control/tasks/RT-20260614-121/DDR-20260614-121.md,active,2026-06-23T22:41:08Z,2026-06-23T22:41:08Z,Phase 7 internal external-review packet boundary only
CB-PROJECT-SYSTEM-RECOMMENDATIONS-PHASE8-CLOSURE-001,task,research_control/tasks/RT-20260614-122,Record final validation commit handoff next-packet signal and claim-boundary status for recommendations implementation plan closure,physics claim promotion;canonical science source edit;science-bearing TeX creation;public page publication;publication brief rewrite;M_src adoption;full M_src construction;FVR_src^GSC adoption;RegSold_src^GSC adoption;g_eff claim;matter coupling claim;Einstein equations claim;benchmark promotion;Gate Chair verdict;completed derivation claim,canonical ontology edit;source-authority adoption;M_src adoption;downstream GR claims;public promotion;human-gated adoption authority,research_control/tasks/RT-20260614-122/DDR-20260614-122.md,active,2026-06-23T22:49:22Z,2026-06-23T22:49:22Z,Phase 8 closure handoff boundary only
CB-RESP-LC-M-SRC-GSC-BRIDGE-CANDIDATE-HUMAN-GATE-ADOPTION-REVIEW-001,task,research_control/tasks/RT-20260614-123,Review M_src^{GSC-cand}(E) under tracked human approval and classify full M_src adoption readiness;retain candidate as reviewed source-extension bridge-candidate data if adoption theorem obligations remain open,canonical ontology edit;full M_src construction;FVR_src^GSC adoption;RegSold_src^GSC adoption;g_eff claim;matter coupling claim;Einstein equations claim;benchmark promotion;Gate Chair closure;completed derivation claim;future source-extension impossibility;global theory rejection;target topology import;target atlas import;target metric import;proper time import;validator as proof;registry as proof;handoff as proof,canonical ontology TeX edit;full M_src construction;g_eff adoption;matter coupling adoption;Einstein equations adoption;benchmark promotion;Gate Chair closure;future source-extension impossibility claim;global theory rejection,research_control/tasks/RT-20260614-123/artifacts/155_RESP_LC_M_SRC_GSC_BRIDGE_CANDIDATE_HUMAN_GATE_ADOPTION_REVIEW.tex,active,2026-06-23T23:39:55Z,2026-06-23T23:39:55Z,M_src^{GSC-cand}(E) human-gated adoption review boundary with full M_src adoption not granted
CB-RESP-LC-M-SRC-GSC-MINIMUM-SOURCE-ONLY-ADOPTION-THEOREM-ENVELOPE-001,task,research_control/tasks/RT-20260614-124,Formulate minimum source-only M_src adoption theorem envelope A1-A9 obstruction labels dependency map forbidden inference table and Phase 2 topology-route next action only;retain M_src^{GSC-cand}(E) as reviewed source-extension bridge-candidate data,canonical ontology edit;full M_src adoption;full M_src construction;FVR_src^GSC adoption;RegSold_src^GSC adoption;g_eff claim;matter coupling claim;Einstein equations claim;benchmark promotion;Gate Chair closure;completed derivation claim;future source-extension impossibility;global theory rejection;target topology import;target atlas import;target metric import;proper time import;detector semantics import;benchmark success as proof;validator as proof;registry as proof;handoff as proof;finite checker pass as proof,canonical ontology TeX edit;full M_src adoption;full M_src construction;g_eff adoption;matter coupling adoption;Einstein equations adoption;benchmark promotion;Gate Chair closure;future source-extension impossibility claim;global theory rejection,research_control/tasks/RT-20260614-124/artifacts/156_M_SRC_GSC_MINIMUM_SOURCE_ONLY_ADOPTION_THEOREM_ENVELOPE.tex,active,2026-06-24T13:01:42Z,2026-06-24T13:01:42Z,Theorem-envelope boundary only with M_src adoption and downstream GR claim blocks preserved
CB-RESP-LC-M-SRC-GSC-SOURCE-TOPOLOGY-ROUTE-001,task,research_control/tasks/RT-20260614-125,Select one source-only topology or topology-analogue route for M_src^{GSC-cand}(E);record site_coverage as theorem input only;retain candidate as reviewed source-extension bridge-candidate data,canonical ontology edit;full M_src adoption;full M_src construction;FVR_src^GSC adoption;RegSold_src^GSC adoption;g_eff claim;matter coupling claim;Einstein equations claim;benchmark promotion;Gate Chair closure;completed derivation claim;future source-extension impossibility;global theory rejection;target topology import;target atlas import;target metric import;proper time import;detector semantics import;benchmark success as proof;validator as proof;registry as proof;handoff as proof;finite checker pass as proof,canonical ontology TeX edit;full M_src adoption;full M_src construction;g_eff adoption;matter coupling adoption;Einstein equations adoption;benchmark promotion;Gate Chair closure;future source-extension impossibility claim;global theory rejection,research_control/tasks/RT-20260614-125/artifacts/157_M_SRC_GSC_SOURCE_TOPOLOGY_ANALOGUE_ROUTE_DECISION.yaml,active,2026-06-24T13:32:48Z,2026-06-24T13:32:48Z,Phase 2 topology analogue route boundary only with M_src adoption and downstream GR claim blocks preserved
CB-RESP-LC-M-SRC-GSC-TRANSITION-GROUPOID-CONDITIONS-001,task,research_control/tasks/RT-20260614-126,Formalize source transition-token groupoid candidate conditions over site_coverage;record identity inverse composition cocycle and Bottom_src or OB-MSRC transition obstruction branches;retain candidate as reviewed source-extension bridge-candidate data,canonical ontology edit;full M_src adoption;full M_src construction;transition structure adoption;FVR_src^GSC adoption;RegSold_src^GSC adoption;g_eff claim;matter coupling claim;Einstein equations claim;benchmark promotion;Gate Chair closure;completed derivation claim;future source-extension impossibility;global theory rejection;target topology import;target atlas import;target coordinate transition import;target metric import;proper time import;detector semantics import;benchmark success as proof;validator as proof;registry as proof;handoff as proof;finite checker pass as proof,canonical ontology TeX edit;full M_src adoption;full M_src construction;transition structure adoption;g_eff adoption;matter coupling adoption;Einstein equations adoption;benchmark promotion;Gate Chair closure;future source-extension impossibility claim;global theory rejection,research_control/tasks/RT-20260614-126/artifacts/158_M_SRC_GSC_SOURCE_TRANSITION_TOKEN_GROUPOID_CONDITIONS.tex,active,2026-06-24T13:44:47Z,2026-06-24T13:44:47Z,Phase 3 transition-token groupoid-condition boundary only with M_src adoption and downstream GR claim blocks preserved
CB-RESP-LC-M-SRC-GSC-FINITE-LOCAL-WITNESS-CLASSIFICATION-001,task,research_control/tasks/RT-20260614-127,Artifact-local finite/local-to-global classification levels L0-L5;finite/local survival non-implication lemma;OB-MSRC-LOCAL-GLOBAL-GAP inference-blocking label;prior-surface inventory;Phase 5 no-target-import criterion route,canonical ontology edit;full M_src adoption;full M_src construction;finite/local witness as adoption proof;transition structure adoption;FVR_src^GSC adoption;RegSold_src^GSC adoption;g_eff claim;matter coupling claim;Einstein equations claim;benchmark promotion;Gate Chair closure;completed derivation claim;future source-extension impossibility;global theory rejection;target topology import;target atlas import;target coordinate transition import;target metric import;proper time import;detector semantics import;benchmark success as proof;validator as proof;registry as proof;handoff as proof;finite checker pass as proof,canonical ontology TeX edit;full M_src adoption;full M_src construction;transition structure adoption;g_eff adoption;matter coupling adoption;Einstein equations adoption;benchmark promotion;Gate Chair closure;future source-extension impossibility claim;global theory rejection,research_control/tasks/RT-20260614-127/artifacts/159_M_SRC_GSC_FINITE_LOCAL_WITNESS_CLASSIFICATION.tex,active,2026-06-24T14:04:54Z,2026-06-24T14:04:54Z,Phase 4 finite-local witness classification boundary only with M_src adoption and downstream GR claim blocks preserved
CB-RESP-LC-M-SRC-GSC-NO-TARGET-IMPORT-CRITERION-001,task,research_control/tasks/RT-20260614-128,Target-context replacement notation;source-only factorization C_src(E;T)=F_src(E);no-target-import criterion theorem;import-class proof obligations;criterion_formalized_pending_audit status;Phase 6 counterexample-factory route,canonical ontology edit;full M_src adoption;full M_src construction;finite/local witness as adoption proof;transition structure adoption;FVR_src^GSC adoption;RegSold_src^GSC adoption;g_eff claim;matter coupling claim;Einstein equations claim;benchmark promotion;Gate Chair closure;completed derivation claim;future source-extension impossibility;global theory rejection;target topology import;target atlas import;target coordinate transition import;target metric import;proper time import;detector semantics import;benchmark success as proof;validator as proof;registry as proof;handoff as proof;role as proof;generated derivative as proof;local cache as proof;file order as proof;commit status as proof;finite checker pass as proof,canonical ontology TeX edit;full M_src adoption;full M_src construction;transition structure adoption;g_eff adoption;matter coupling adoption;Einstein equations adoption;benchmark promotion;Gate Chair closure;future source-extension impossibility claim;global theory rejection,research_control/tasks/RT-20260614-128/artifacts/160_M_SRC_GSC_NO_TARGET_IMPORT_CRITERION.tex,active,2026-06-24T14:23:06Z,2026-06-24T14:23:06Z,Phase 5 no-target-import criterion boundary only with M_src adoption and downstream GR claim blocks preserved
CB-RESP-LC-M-SRC-GSC-FINITE-CHECKER-COUNTEREXAMPLE-CATALOG-001,task,research_control/tasks/RT-20260614-129,Finite/local counterexample catalog;checker-status evidence with all authority flags false;obstruction-label map;Phase 7 integrated theorem or obstruction route,canonical ontology edit;full M_src adoption;full M_src construction;checker pass as adoption proof;checker failure as global no-go theorem;finite/local counterexample as future source-extension impossibility;transition structure adoption;FVR_src^GSC adoption;RegSold_src^GSC adoption;g_eff claim;matter coupling claim;Einstein equations claim;benchmark promotion;Gate Chair closure;completed derivation claim;future source-extension impossibility;global theory rejection;target topology import as proof;target atlas import as proof;target coordinate transition import as proof;target metric import as proof;proper time import as proof;detector semantics import as proof;benchmark success as proof;validator as proof;registry as proof;handoff as proof;finite checker pass as proof,canonical ontology TeX edit;full M_src adoption;full M_src construction;transition structure adoption;g_eff adoption;matter coupling adoption;Einstein equations adoption;benchmark promotion;Gate Chair closure;future source-extension impossibility claim;global theory rejection,research_control/tasks/RT-20260614-129/artifacts/161_M_SRC_GSC_FINITE_SOURCE_COVER_COUNTEREXAMPLE_CATALOG.tex,active,2026-06-24T14:35:21Z,2026-06-24T14:35:21Z,Phase 6 finite checker counterexample catalog boundary only with M_src adoption and downstream GR claim blocks preserved
CB-RESP-LC-M-SRC-GSC-INTEGRATED-ADOPTION-THEOREM-ATTEMPT-001,task,research_control/tasks/RT-20260614-130,Integrated conditional source-only adoption theorem candidate;H1-H13 assumptions;obligation matrix;obstruction branch map;Phase 8A Smuggling Auditor route,canonical ontology edit;full M_src adoption;full M_src construction;integrated theorem candidate as adoption proof;finite/local witness as adoption proof;finite checker pass as adoption proof;finite checker failure as global no-go theorem;transition structure adoption;FVR_src^GSC adoption;RegSold_src^GSC adoption;g_eff claim;matter coupling claim;Einstein equations claim;benchmark promotion;Gate Chair closure;completed derivation claim;future source-extension impossibility;global theory rejection;target topology import as proof;target atlas import as proof;target coordinate transition import as proof;target metric import as proof;proper time import as proof;detector semantics import as proof;benchmark success as proof;validator as proof;registry as proof;handoff as proof;role as proof;generated derivative as proof;local cache as proof;file order as proof;commit status as proof,canonical ontology TeX edit;full M_src adoption;full M_src construction;transition structure adoption;g_eff adoption;matter coupling adoption;Einstein equations adoption;benchmark promotion;Gate Chair closure;future source-extension impossibility claim;global theory rejection,research_control/tasks/RT-20260614-130/artifacts/162_M_SRC_GSC_INTEGRATED_SOURCE_ONLY_ADOPTION_THEOREM_ATTEMPT.tex,active,2026-06-24T14:50:26Z,2026-06-24T14:50:26Z,Phase 7 integrated theorem candidate boundary only with M_src adoption and downstream GR claim blocks preserved
CB-RESP-LC-M-SRC-GSC-INTEGRATED-ADOPTION-THEOREM-SMUGGLING-AUDIT-001,task,research_control/tasks/RT-20260614-131,Integrated theorem hidden-import audit;conditional source-purity pass as written;Phase 8B Refuter route;no target-import or process-authority premise detected,canonical ontology edit;full M_src adoption;full M_src construction;audit pass as adoption proof;integrated theorem candidate as adoption proof;finite/local witness as adoption proof;finite checker pass as adoption proof;finite checker failure as global no-go theorem;transition structure adoption;FVR_src^GSC adoption;RegSold_src^GSC adoption;g_eff claim;matter coupling claim;Einstein equations claim;benchmark promotion;Gate Chair closure;completed derivation claim;future source-extension impossibility;global theory rejection;target topology import as proof;target atlas import as proof;target coordinate transition import as proof;target metric import as proof;proper time import as proof;detector semantics import as proof;benchmark success as proof;validator as proof;registry as proof;handoff as proof;role as proof;generated derivative as proof;local cache as proof;file order as proof;commit status as proof,canonical ontology TeX edit;full M_src adoption;full M_src construction;transition structure adoption;g_eff adoption;matter coupling adoption;Einstein equations adoption;benchmark promotion;Gate Chair closure;future source-extension impossibility claim;global theory rejection,research_control/tasks/RT-20260614-131/artifacts/163_M_SRC_GSC_INTEGRATED_SOURCE_ONLY_ADOPTION_THEOREM_SMUGGLING_AUDIT.tex,active,2026-06-24T15:05:38Z,2026-06-24T15:05:38Z,Phase 8A integrated theorem smuggling audit boundary only with M_src adoption and downstream GR claim blocks preserved
CB-RESP-LC-M-SRC-GSC-INTEGRATED-ADOPTION-THEOREM-REFUTER-STRESS-001,task,research_control/tasks/RT-20260614-132,Integrated theorem Refuter stress pass conditionally as written;human-gated Phase 9 route;no M_src adoption or downstream GR unlock,canonical ontology edit;full M_src adoption;full M_src construction;Refuter stress pass as adoption proof;integrated theorem candidate as adoption proof;finite/local witness as adoption proof;finite checker pass as adoption proof;finite checker failure as global no-go theorem;transition structure adoption;FVR_src^GSC adoption;RegSold_src^GSC adoption;g_eff claim;matter coupling claim;Einstein equations claim;benchmark promotion;Gate Chair closure;completed derivation claim;future source-extension impossibility;global theory rejection;target topology import as proof;target atlas import as proof;target coordinate transition import as proof;target metric import as proof;proper time import as proof;detector semantics import as proof;benchmark success as proof;validator as proof;registry as proof;handoff as proof;role as proof;generated derivative as proof;local cache as proof;file order as proof;commit status as proof,canonical ontology TeX edit;full M_src adoption;full M_src construction;transition structure adoption;g_eff adoption;matter coupling adoption;Einstein equations adoption;benchmark promotion;Gate Chair closure;future source-extension impossibility claim;global theory rejection,research_control/tasks/RT-20260614-132/artifacts/164_M_SRC_GSC_INTEGRATED_SOURCE_ONLY_ADOPTION_THEOREM_REFUTER_STRESS.tex,active,2026-06-24T15:18:45Z,2026-06-24T15:18:45Z,Phase 8B integrated theorem Refuter stress boundary only with M_src adoption and downstream GR claim blocks preserved
CB-PROJECT-SYSTEM-M-SRC-GSC-EXTERNAL-REVIEW-BRIEF-PHASE10-001,task,research_control/tasks/RT-20260614-133,Internal source-backed external-review mathematical brief;one-page status summary;definitions;status table;theorem candidate summary;no-target-import discipline;local/global witness boundary;Distance-to-GR matrix;single next gate request,canonical ontology edit;science draft execution;full M_src adoption;full M_src construction;brief as proof;review readiness as adoption;transition structure adoption;FVR_src^GSC adoption;RegSold_src^GSC adoption;g_eff claim;matter coupling claim;Einstein equations claim;benchmark promotion;Gate Chair closure;completed derivation claim;future source-extension impossibility;global theory rejection;public publication output,canonical ontology TeX edit;full M_src adoption;full M_src construction;transition structure adoption;g_eff adoption;matter coupling adoption;Einstein equations adoption;benchmark promotion;Gate Chair closure;future source-extension impossibility claim;global theory rejection,research_control/tasks/RT-20260614-133/artifacts/external_review_brief_m_src_gsc_integrated_theorem.md,active,2026-06-24T15:35:03Z,2026-06-24T15:35:03Z,Phase 10 external-review brief boundary only with no physics claim promotion
CB-M-SRC-GSC-INTEGRATED-THEOREM-GATE-CHAIR-REVIEW-001,task,research_control/tasks/RT-20260614-134,Scoped source-only M_src adoption for M_src^{GSC-cand}(E) under H1-H13 selected site_coverage source chart-support source transition-token finite-local no-target-import and fail-closed Bottom_src or OB-MSRC obstruction discipline;bounded effective_metric_g_eff preflight selector may follow,canonical ontology TeX edit;target topology import;target atlas import;target transition-map import;target metric import;proper time import;detector semantics import;benchmark success as proof;generated derivative as proof;registry as proof;validator as proof;role as proof;handoff as proof;approval as proof;local cache as proof;file order as proof;commit status as proof;g_eff construction;matter coupling claim;Einstein equations claim;benchmark promotion;benchmark Gate Chair closure;completed derivation claim;future source-extension impossibility;global theory rejection,canonical ontology TeX edit;target-import claim;g_eff construction;matter coupling adoption;Einstein equations adoption;benchmark promotion;benchmark Gate Chair closure;completed derivation;future source-extension impossibility claim;global theory rejection,research_control/tasks/RT-20260614-134/artifacts/165_M_SRC_GSC_INTEGRATED_SOURCE_ONLY_ADOPTION_THEOREM_GATE_CHAIR_REVIEW.tex,active,2026-06-24T22:49:32Z,2026-06-24T22:49:32Z,Phase 9 Gate Chair boundary grants scoped source-only M_src adoption and preserves downstream GR claim blocks
CB-M-SRC-GSC-EFFECTIVE-METRIC-PREFLIGHT-001,task,research_control/tasks/RT-20260614-135,Phase 11 effective_metric_g_eff preflight route selection;proposal-only MetricLaw_src^{GSC} formalization or OB-GEFF obstruction may follow;minimum source-only metric-law prerequisites and refusal conditions recorded;no g_eff construction,canonical ontology TeX edit;M_src adoption scope change;target topology import;target atlas import;target transition-map import;target metric import;Lorentzian signature import;proper time import;detector semantics import;benchmark success as proof;generated derivative as proof;registry as proof;validator as proof;role as proof;handoff as proof;approval as proof;local cache as proof;file order as proof;commit status as proof;g_eff construction;matter coupling claim;Einstein equations claim;benchmark promotion;benchmark Gate Chair closure;completed derivation claim;future source-extension impossibility;global theory rejection,canonical ontology TeX edit;M_src adoption scope change;target-import claim;g_eff construction;g_eff adoption;matter coupling adoption;Einstein equations adoption;benchmark promotion;benchmark Gate Chair closure;completed derivation;future source-extension impossibility claim;global theory rejection,research_control/tasks/RT-20260614-135/artifacts/166_M_SRC_GSC_EFFECTIVE_METRIC_PREFLIGHT_SELECTOR_DECISION.yaml,active,2026-06-24T23:09:49Z,2026-06-24T23:09:49Z,Phase 11 selector boundary permits only source-to-effective-metric law formalization or obstruction as next packet and preserves downstream GR claim blocks
CB-M-SRC-GSC-METRIC-LAW-FORMALIZATION-001,task,research_control/tasks/RT-20260614-136,Proposal-only MetricLaw_src^{GSC} source-to-effective-metric law interface and OB-GEFF obstruction family over scoped adopted M_src;Smuggling Auditor audit may follow;no MetricLaw adoption or g_eff construction,canonical ontology TeX edit;M_src adoption scope change;MetricLaw_src adoption;target topology import;target atlas import;target transition-map import;target metric import;Lorentzian signature import;proper time import;detector semantics import;benchmark success as proof;generated derivative as proof;registry as proof;validator as proof;role as proof;handoff as proof;approval as proof;local cache as proof;file order as proof;commit status as proof;g_eff construction;matter coupling claim;Einstein equations claim;benchmark promotion;benchmark Gate Chair closure;completed derivation claim;future source-extension impossibility;global theory rejection,canonical ontology TeX edit;M_src adoption scope change;MetricLaw_src adoption;target-import claim;g_eff construction;g_eff adoption;matter coupling adoption;Einstein equations adoption;benchmark promotion;benchmark Gate Chair closure;completed derivation;future source-extension impossibility claim;global theory rejection,research_control/tasks/RT-20260614-136/artifacts/167_M_SRC_GSC_METRIC_LAW_SOURCE_FORMALIZATION_OR_OBSTRUCTION.tex,active,2026-06-24T23:38:42Z,2026-06-24T23:38:42Z,MetricLaw formalization boundary permits only audit of proposal-only source-law interface and preserves downstream GR claim blocks
CB-M-SRC-GSC-METRIC-LAW-SMUGGLING-AUDIT-001,task,research_control/tasks/RT-20260614-137,Proposal-only MetricLaw_src^{GSC} hidden-import audit;conditional source-purity pass may route to Refuter stress;no MetricLaw adoption or g_eff construction,canonical ontology TeX edit;M_src adoption scope change;MetricLaw_src adoption;target topology import;target atlas import;target transition-map import;target metric import;Lorentzian signature import;proper time import;detector semantics import;benchmark success as proof;generated derivative as proof;registry as proof;validator as proof;role as proof;handoff as proof;approval as proof;local cache as proof;file order as proof;commit status as proof;g_eff construction;matter coupling claim;Einstein equations claim;benchmark promotion;benchmark Gate Chair closure;completed derivation claim;future source-extension impossibility;global theory rejection,canonical ontology TeX edit;M_src adoption scope change;MetricLaw_src adoption;target-import claim;g_eff construction;g_eff adoption;matter coupling adoption;Einstein equations adoption;benchmark promotion;benchmark Gate Chair closure;completed derivation;future source-extension impossibility claim;global theory rejection,research_control/tasks/RT-20260614-137/artifacts/168_M_SRC_GSC_METRIC_LAW_SMUGGLING_AUDIT.tex,active,2026-06-24T23:44:18Z,2026-06-24T23:44:18Z,MetricLaw smuggling audit boundary permits only Refuter stress as next packet and preserves downstream GR claim blocks
CB-M-SRC-GSC-METRIC-LAW-REFUTER-STRESS-001,task,research_control/tasks/RT-20260614-138,Proposal-only MetricLaw_src^{GSC} Refuter stress;fail-closed stress pass may route only to protected human-gated adoption review if explicitly authorized;no MetricLaw adoption or g_eff construction,canonical ontology TeX edit;M_src adoption scope change;MetricLaw_src adoption;target topology import;target atlas import;target transition-map import;target metric import;Lorentzian signature import;proper time import;detector semantics import;benchmark success as proof;generated derivative as proof;registry as proof;validator as proof;role as proof;handoff as proof;approval as proof;local cache as proof;file order as proof;commit status as proof;g_eff construction;matter coupling claim;Einstein equations claim;benchmark promotion;benchmark Gate Chair closure;completed derivation claim;future source-extension impossibility;global theory rejection,canonical ontology TeX edit;M_src adoption scope change;MetricLaw_src adoption;target-import claim;g_eff construction;g_eff adoption;matter coupling adoption;Einstein equations adoption;benchmark promotion;benchmark Gate Chair closure;completed derivation;future source-extension impossibility claim;global theory rejection,research_control/tasks/RT-20260614-138/artifacts/169_M_SRC_GSC_METRIC_LAW_REFUTER_STRESS_TEST.tex,active,2026-06-24T23:56:49Z,2026-06-24T23:56:49Z,MetricLaw Refuter stress boundary preserves protected human gate before law adoption and all downstream GR claim blocks
CB-M-SRC-GSC-METRIC-LAW-GATE-CHAIR-REVIEW-001,task,research_control/tasks/RT-20260614-139,MetricLaw_src^{GSC} adopted only as fail-closed source-law interface over scoped M_src^{GSC}(E);bounded non-bottom metric-law data selector may follow;no g_eff construction,canonical ontology TeX edit;M_src adoption scope change;non-bottom MetricData existence claim;selector existence claim;selector uniqueness claim;target topology import;target atlas import;target transition-map import;target metric import;Lorentzian signature import;proper time import;detector semantics import;benchmark success as proof;generated derivative as proof;registry as proof;validator as proof;role as proof;handoff as proof;approval as proof;local cache as proof;file order as proof;commit status as proof;g_eff construction;matter coupling claim;Einstein equations claim;benchmark promotion;benchmark Gate Chair closure;completed derivation claim;future source-extension impossibility;global theory rejection,canonical ontology TeX edit;M_src adoption scope change;target-import claim;g_eff construction;g_eff adoption;matter coupling adoption;Einstein equations adoption;benchmark promotion;benchmark Gate Chair closure;completed derivation;future source-extension impossibility claim;global theory rejection,research_control/tasks/RT-20260614-139/artifacts/170_M_SRC_GSC_METRIC_LAW_GATE_CHAIR_REVIEW.tex,active,2026-06-25T00:13:55Z,2026-06-25T00:13:55Z,MetricLaw Gate Chair boundary grants source-law interface adoption only and preserves all downstream GR claim blocks
CB-M-SRC-GSC-NONBOTTOM-METRIC-DATA-SELECTOR-001,task,research_control/tasks/RT-20260614-140,Selector-only routing to Candidate Constructor for source-only MetricData(E) prerequisite data or one primary OB-GEFF obstruction;no non-bottom data existence claim;no g_eff construction,canonical ontology TeX edit;M_src adoption scope change;non-bottom MetricData existence claim;selector existence claim;selector uniqueness claim;target topology import;target atlas import;target transition-map import;target metric import;Lorentzian signature import;proper time import;detector semantics import;benchmark success as proof;generated derivative as proof;registry as proof;validator as proof;role as proof;handoff as proof;approval as proof;local cache as proof;file order as proof;commit status as proof;g_eff construction;g_eff adoption;matter coupling claim;Einstein equations claim;benchmark promotion;benchmark Gate Chair closure;completed derivation claim;future source-extension impossibility;global theory rejection,canonical ontology TeX edit;M_src adoption scope change;target-import claim;g_eff construction;g_eff adoption;matter coupling adoption;Einstein equations adoption;benchmark promotion;benchmark Gate Chair closure;completed derivation;future source-extension impossibility claim;global theory rejection,research_control/tasks/RT-20260614-140/artifacts/171_M_SRC_GSC_NONBOTTOM_METRIC_DATA_SELECTOR_DECISION.yaml,active,2026-06-25T00:29:13Z,2026-06-25T00:29:13Z,Selector boundary permits only Candidate Constructor witness-or-primary-obstruction work and preserves all downstream GR claim blocks
CB-M-SRC-GSC-NONBOTTOM-METRIC-DATA-WITNESS-OR-OBSTRUCTION-001,task,research_control/tasks/RT-20260614-141,Precise obstruction OB-GEFF-RESPONSE-TOKEN-MISSING to source-only non-bottom MetricData(E) under current inputs;missing response-token primitive recorded;no MetricData witness;no g_eff construction,canonical ontology TeX edit;M_src adoption scope change;MetricData existence claim;source-law adoption;target topology import;target atlas import;target transition-map import;target metric import;Lorentzian signature import;proper time import;detector semantics import;benchmark success as proof;generated derivative as proof;registry as proof;validator as proof;role as proof;handoff as proof;approval as proof;local cache as proof;file order as proof;commit status as proof;g_eff construction;g_eff adoption;matter coupling claim;Einstein equations claim;benchmark promotion;benchmark Gate Chair closure;completed derivation claim;future source-extension impossibility;global theory rejection,canonical ontology TeX edit;M_src adoption scope change;source-law adoption;target-import claim;MetricData adoption;g_eff construction;g_eff adoption;matter coupling adoption;Einstein equations adoption;benchmark promotion;benchmark Gate Chair closure;completed derivation;future source-extension impossibility claim;global theory rejection,research_control/tasks/RT-20260614-141/artifacts/172_M_SRC_GSC_NONBOTTOM_METRIC_DATA_WITNESS_OR_OBSTRUCTION.tex,active,2026-06-25T00:43:43Z,2026-06-25T00:43:43Z,Candidate Constructor boundary records a local response-token obstruction and preserves all downstream GR claim blocks
CB-M-SRC-GSC-RESPONSE-TOKEN-ROUTE-SELECTOR-001,task,research_control/tasks/RT-20260614-142,Selector-only routing to Ontology Formalizer for proposal-only response-token source-extension candidate and sufficiency criteria;no source-law adoption;no g_eff construction,canonical ontology TeX edit;source-law adoption;MetricData existence claim;target topology import;target atlas import;target transition-map import;target metric import;Lorentzian signature import;proper time import;detector semantics import;benchmark success as proof;generated derivative as proof;registry as proof;validator as proof;role as proof;handoff as proof;approval as proof;local cache as proof;file order as proof;commit status as proof;g_eff construction;g_eff adoption;matter coupling claim;Einstein equations claim;benchmark promotion;benchmark Gate Chair closure;completed derivation claim;future source-extension impossibility;global theory rejection,canonical ontology TeX edit;source-law adoption;target-import claim;MetricData adoption;g_eff construction;g_eff adoption;matter coupling adoption;Einstein equations adoption;benchmark promotion;benchmark Gate Chair closure;completed derivation;future source-extension impossibility claim;global theory rejection,research_control/tasks/RT-20260614-142/artifacts/173_M_SRC_GSC_RESPONSE_TOKEN_ROUTE_SELECTOR_DECISION.yaml,active,2026-06-25T01:08:12Z,2026-06-25T01:08:12Z,Selector boundary permits only proposal-only response-token source-extension candidate work and preserves all downstream GR claim blocks
CB-M-SRC-GSC-RESPONSE-TOKEN-SOURCE-EXTENSION-CANDIDATE-001,task,research_control/tasks/RT-20260614-143,Proposal-only MetricRespTok_src source-extension candidate data and MRT1-MRT8 sufficiency criteria;no candidate adoption;no MetricData existence claim;no g_eff construction,canonical ontology TeX edit;source-law adoption;MetricRespTok_src adoption;MetricData existence claim;MetricData adoption;target topology import;target atlas import;target transition-map import;target metric import;Lorentzian signature import;proper time import;detector semantics import;benchmark success as proof;generated derivative as proof;registry metadata as proof;validator as proof;role as proof;handoff as proof;approval as proof;local cache as proof;file order as proof;commit status as proof;g_eff construction;g_eff adoption;matter coupling claim;Einstein equations claim;benchmark promotion;benchmark Gate Chair closure;completed derivation claim;future source-extension impossibility;global theory rejection,canonical ontology TeX edit;source-law adoption;MetricRespTok_src adoption;MetricData adoption;target-import claim;g_eff construction;g_eff adoption;matter coupling adoption;Einstein equations adoption;benchmark promotion;benchmark Gate Chair closure;completed derivation;future source-extension impossibility claim;global theory rejection,research_control/tasks/RT-20260614-143/artifacts/174_M_SRC_GSC_RESPONSE_TOKEN_SOURCE_EXTENSION_CANDIDATE.tex,active,2026-06-25T01:14:37Z,2026-06-25T01:14:37Z,Ontology Formalizer boundary records proposal-only response-token source-extension candidate data and preserves all downstream GR claim blocks
CB-M-SRC-GSC-RESPONSE-TOKEN-SOURCE-EXTENSION-SMUGGLING-AUDIT-001,task,research_control/tasks/RT-20260614-144,Proposal-only MetricRespTok_src hidden-import audit;conditional source-purity pass may route to Refuter stress;no candidate adoption;no MetricData existence claim;no g_eff construction,canonical ontology TeX edit;source-law adoption;MetricRespTok_src adoption;MetricData existence claim;MetricData adoption;target topology import;target atlas import;target transition-map import;target metric import;Lorentzian signature import;proper time import;detector semantics import;benchmark success as proof;generated derivative as proof;registry metadata as proof;validator as proof;role as proof;handoff as proof;approval as proof;local cache as proof;file order as proof;commit status as proof;g_eff construction;g_eff adoption;matter coupling claim;Einstein equations claim;benchmark promotion;benchmark Gate Chair closure;completed derivation claim;future source-extension impossibility;global theory rejection,canonical ontology TeX edit;source-law adoption;MetricRespTok_src adoption;MetricData adoption;target-import claim;g_eff construction;g_eff adoption;matter coupling adoption;Einstein equations adoption;benchmark promotion;benchmark Gate Chair closure;completed derivation;future source-extension impossibility claim;global theory rejection,research_control/tasks/RT-20260614-144/artifacts/175_M_SRC_GSC_RESPONSE_TOKEN_SOURCE_EXTENSION_SMUGGLING_AUDIT.tex,active,2026-06-25T01:32:15Z,2026-06-25T01:32:15Z,Response-token smuggling audit boundary permits only Refuter stress as next packet and preserves all downstream GR claim blocks
CB-M-SRC-GSC-RESPONSE-TOKEN-SOURCE-EXTENSION-REFUTER-STRESS-001,task,research_control/tasks/RT-20260614-145,Proposal-only MetricRespTok_src Refuter stress;fail-closed stress pass may route only to protected human-gated adoption review if explicitly authorized;no candidate adoption;no MetricData existence claim;no g_eff construction,canonical ontology TeX edit;M_src adoption scope change;source-law adoption;MetricRespTok_src adoption;MetricData existence claim;MetricData adoption;target topology import;target atlas import;target transition-map import;target metric import;Lorentzian signature import;proper time import;detector semantics import;benchmark success as proof;generated derivative as proof;registry metadata as proof;validator as proof;role as proof;handoff as proof;approval as proof;local cache as proof;file order as proof;commit status as proof;g_eff construction;g_eff adoption;matter coupling claim;Einstein equations claim;benchmark promotion;benchmark Gate Chair closure;completed derivation claim;future source-extension impossibility;global theory rejection,canonical ontology TeX edit;M_src adoption scope change;source-law adoption;MetricRespTok_src adoption;MetricData adoption;target-import claim;g_eff construction;g_eff adoption;matter coupling adoption;Einstein equations adoption;benchmark promotion;benchmark Gate Chair closure;completed derivation;future source-extension impossibility claim;global theory rejection,research_control/tasks/RT-20260614-145/artifacts/176_M_SRC_GSC_RESPONSE_TOKEN_SOURCE_EXTENSION_REFUTER_STRESS_TEST.tex,active,2026-06-25T01:47:25Z,2026-06-25T01:47:25Z,Response-token Refuter stress boundary preserves protected human gate before candidate adoption and all downstream GR claim blocks
CB-M-SRC-GSC-RESPONSE-TOKEN-SOURCE-EXTENSION-GATE-CHAIR-REVIEW-001,task,research_control/tasks/RT-20260614-146,MetricRespTok_src^{GSC} adopted only as fail-closed response-token source-extension data over scoped M_src^{GSC}(E) and adopted fail-closed MetricLaw_src^{GSC};bounded non-bottom MetricData(E) witness-or-obstruction work may follow;no MetricData(E) construction in this packet;no g_eff construction,canonical ontology TeX edit;M_src adoption scope change;MetricData(E) construction;MetricData(E) adoption;target topology import;target atlas import;target transition-map import;target metric import;Lorentzian signature import;proper time import;detector semantics import;benchmark success as proof;generated derivative as proof;registry metadata as proof;validator as proof;role as proof;handoff as proof;approval as proof;local cache as proof;file order as proof;commit status as proof;g_eff construction;g_eff adoption;matter coupling claim;Einstein equations claim;benchmark promotion;benchmark Gate Chair closure;completed derivation claim;future source-extension impossibility;global theory rejection,canonical ontology TeX edit;M_src adoption scope change;target-import claim;MetricData(E) construction;MetricData(E) adoption;g_eff construction;g_eff adoption;matter coupling adoption;Einstein equations adoption;benchmark promotion;benchmark Gate Chair closure;completed derivation;future source-extension impossibility claim;global theory rejection,research_control/tasks/RT-20260614-146/artifacts/177_M_SRC_GSC_RESPONSE_TOKEN_SOURCE_EXTENSION_GATE_CHAIR_REVIEW.tex,active,2026-06-25T04:10:24Z,2026-06-25T04:10:24Z,MetricRespTok Gate Chair boundary grants response-token source-extension adoption only and preserves all downstream GR claim blocks
CB-M-SRC-GSC-METRIC-DATA-AFTER-RESPONSE-TOKEN-WITNESS-OR-OBSTRUCTION-001,task,research_control/tasks/RT-20260614-147,Post-MetricRespTok non-bottom MetricData(E) witness-or-obstruction attempt;may consume adopted fail-closed MetricRespTok_src^{GSC} as input;may emit OB-GEFF-METRIC-DATA-TOKEN-VALUATION-MISSING;no MetricData(E) adoption;no g_eff construction,canonical ontology TeX edit;M_src adoption scope change;MetricData(E) adoption;target topology import;target atlas import;target transition-map import;target metric import;Lorentzian signature import;proper time import;detector semantics import;benchmark success as proof;generated derivative as proof;registry metadata as proof;validator as proof;role as proof;handoff as proof;approval as proof;local cache as proof;file order as proof;commit status as proof;g_eff construction;g_eff adoption;matter coupling claim;Einstein equations claim;benchmark promotion;benchmark Gate Chair closure;completed derivation claim;future source-extension impossibility;global theory rejection,canonical ontology TeX edit;M_src adoption scope change;target-import claim;MetricData(E) adoption;g_eff construction;g_eff adoption;matter coupling adoption;Einstein equations adoption;benchmark promotion;benchmark Gate Chair closure;completed derivation;future source-extension impossibility claim;global theory rejection,research_control/tasks/RT-20260614-147/artifacts/178_M_SRC_GSC_METRIC_DATA_AFTER_RESPONSE_TOKEN_WITNESS_OR_OBSTRUCTION.tex,active,2026-06-25T04:28:27Z,2026-06-25T04:28:27Z,Post-response-token MetricData boundary permits only a witness-or-primary-obstruction result and preserves all downstream GR claim blocks
CB-M-SRC-GSC-METRICDATA-TOKEN-VALUATION-ROUTE-SELECTOR-001,task,research_control/tasks/RT-20260614-148,Selector-only routing after OB-GEFF-METRIC-DATA-TOKEN-VALUATION-MISSING to strict MetricData(E) witness-schema formalization;no MetricData(E) construction;no g_eff construction,canonical ontology TeX edit;M_src adoption scope change;source-law adoption;MetricData(E) construction;MetricData(E) adoption;target topology import;target atlas import;target transition-map import;target metric import;Lorentzian signature import;proper time import;detector semantics import;benchmark success as proof;generated derivative as proof;registry metadata as proof;validator as proof;role as proof;handoff as proof;approval as proof;local cache as proof;file order as proof;commit status as proof;g_eff construction;g_eff adoption;matter coupling claim;Einstein equations claim;benchmark promotion;benchmark Gate Chair closure;completed derivation claim;future source-extension impossibility;global theory rejection,canonical ontology TeX edit;M_src adoption scope change;source-law adoption;target-import claim;MetricData(E) construction;MetricData(E) adoption;g_eff construction;g_eff adoption;matter coupling adoption;Einstein equations adoption;benchmark promotion;benchmark Gate Chair closure;completed derivation;future source-extension impossibility claim;global theory rejection,research_control/tasks/RT-20260614-148/artifacts/179_M_SRC_GSC_METRICDATA_TOKEN_VALUATION_ROUTE_SELECTOR_DECISION.yaml,active,2026-06-25T15:46:07Z,2026-06-25T15:46:07Z,Selector boundary permits only strict MetricData witness-schema formalization next and preserves all downstream GR claim blocks
CB-M-SRC-GSC-STRICT-METRICDATA-WITNESS-SCHEMA-001,task,research_control/tasks/RT-20260614-149,Strict NonBottomMetricDataWitness_src GSC schema formalization;no empty constructive slots;no name-only satisfaction;fail-closed OB-GEFF token-valuation branches;no MetricData(E) construction;no g_eff construction,canonical ontology TeX edit;M_src adoption scope change;source-law adoption;MetricData(E) construction;MetricData(E) adoption;target topology import;target atlas import;target transition-map import;target metric import;Lorentzian signature import;proper time import;detector semantics import;benchmark success as proof;generated derivative as proof;registry metadata as proof;validator as proof;role as proof;handoff as proof;approval as proof;local cache as proof;file order as proof;commit status as proof;g_eff construction;g_eff adoption;matter coupling claim;Einstein equations claim;benchmark promotion;benchmark Gate Chair closure;completed derivation claim;future source-extension impossibility;global theory rejection,canonical ontology TeX edit;M_src adoption scope change;source-law adoption;target-import claim;MetricData(E) construction;MetricData(E) adoption;g_eff construction;g_eff adoption;matter coupling adoption;Einstein equations adoption;benchmark promotion;benchmark Gate Chair closure;completed derivation;future source-extension impossibility claim;global theory rejection,research_control/tasks/RT-20260614-149/artifacts/180_M_SRC_GSC_STRICT_METRICDATA_WITNESS_SCHEMA.tex,active,2026-06-25T15:58:44Z,2026-06-25T15:58:44Z,Strict schema boundary permits only a later Candidate Constructor witness attempt or precise obstruction and preserves all downstream GR claim blocks
CB-M-SRC-GSC-CONCRETE-METRICDATA-TOKEN-VALUATION-WITNESS-OR-OBSTRUCTION-001,task,research_control/tasks/RT-20260614-150,Concrete MetricData source-token valuation witness attempt under strict schema;may emit OB-GEFF-TOKEN-VALUATION-MISSING;no MetricData(E) adoption;no g_eff construction,canonical ontology TeX edit;M_src adoption scope change;source-law adoption;MetricRespTok_src expansion;MetricData(E) adoption;target topology import;target atlas import;target transition-map import;target metric import;Lorentzian signature import;proper time import;detector semantics import;benchmark success as proof;generated derivative as proof;registry metadata as proof;validator as proof;role as proof;handoff as proof;approval as proof;local cache as proof;file order as proof;commit status as proof;g_eff construction;g_eff adoption;matter coupling claim;Einstein equations claim;benchmark promotion;benchmark Gate Chair closure;completed derivation claim;future source-extension impossibility;global theory rejection,canonical ontology TeX edit;M_src adoption scope change;source-law adoption;MetricRespTok_src expansion;target-import claim;MetricData(E) adoption;g_eff construction;g_eff adoption;matter coupling adoption;Einstein equations adoption;benchmark promotion;benchmark Gate Chair closure;completed derivation;future source-extension impossibility claim;global theory rejection,research_control/tasks/RT-20260614-150/artifacts/181_M_SRC_GSC_CONCRETE_METRICDATA_TOKEN_VALUATION_WITNESS_OR_OBSTRUCTION.tex,active,2026-06-25T16:19:02Z,2026-06-25T16:19:02Z,Phase 4 boundary permits only strict-schema witness construction or precise obstruction and preserves all downstream GR claim blocks
CB-M-SRC-GSC-GEFF-CURRENT-ROUTE-FREEZE-OR-HARD-FAIL-REVIEW-001,task,research_control/tasks/RT-20260614-151,Phase F current g_eff route freeze review;may record route_freeze_current_inputs_only and HFAIL-GEFF-CURRENT-ROUTE-TOKEN-VALUATION-MISSING;no MetricData(E) construction;no g_eff construction;no global theory rejection,canonical ontology TeX edit;M_src adoption scope change;source-law adoption;MetricRespTok_src expansion;MetricData(E) construction;MetricData(E) adoption;target topology import;target atlas import;target transition-map import;target metric import;Lorentzian signature import;proper time import;detector semantics import;benchmark success as proof;generated derivative as proof;registry metadata as proof;validator as proof;role as proof;handoff as proof;approval as proof;local cache as proof;file order as proof;commit status as proof;g_eff definition;g_eff construction;g_eff adoption;matter coupling claim;Einstein equations claim;benchmark promotion;benchmark Gate Chair closure;completed derivation claim;future source-extension impossibility;global theory rejection,canonical ontology TeX edit;M_src adoption scope change;source-law adoption;MetricRespTok_src expansion;target-import claim;MetricData(E) construction;MetricData(E) adoption;g_eff construction;g_eff adoption;matter coupling adoption;Einstein equations adoption;benchmark promotion;benchmark Gate Chair closure;completed derivation;future source-extension impossibility claim;global theory rejection,research_control/tasks/RT-20260614-151/artifacts/182_M_SRC_GSC_GEFF_CURRENT_ROUTE_FREEZE_OR_HARD_FAIL_REVIEW.yaml,active,2026-06-25T16:36:37Z,2026-06-25T16:36:37Z,Phase F boundary permits only route-local freeze classification and preserves all downstream GR claim blocks
CB-M-SRC-GSC-GEFF-POST-FREEZE-ONTOLOGY-LAW-SELECTOR-001,task,research_control/tasks/RT-20260614-152,Post-freeze selector may select ontology-law-research-packet for proposal-only MetricTokenVal source-side valuation selector formalization;no MetricData(E) construction;no g_eff construction;current route remains frozen negative,canonical ontology TeX edit;M_src adoption scope change;source-law adoption;MetricRespTok_src expansion;same-shape MetricData(E) construction;MetricData(E) construction;MetricData(E) adoption;target topology import;target atlas import;target transition-map import;target metric import;Lorentzian signature import;proper time import;detector semantics import;benchmark success as proof;generated derivative as proof;registry metadata as proof;validator as proof;role as proof;handoff as proof;approval as proof;local cache as proof;file order as proof;commit status as proof;g_eff definition;g_eff construction;g_eff adoption;matter coupling claim;Einstein equations claim;benchmark promotion;benchmark Gate Chair closure;completed derivation claim;future source-extension impossibility;global theory rejection,canonical ontology TeX edit;M_src adoption scope change;source-law adoption;MetricRespTok_src expansion;target-import claim;MetricData(E) construction;MetricData(E) adoption;g_eff construction;g_eff adoption;matter coupling adoption;Einstein equations adoption;benchmark promotion;benchmark Gate Chair closure;completed derivation;future source-extension impossibility claim;global theory rejection,research_control/tasks/RT-20260614-152/artifacts/183_M_SRC_GSC_POST_FREEZE_ONTOLOGY_LAW_ROUTE_SELECTOR.yaml,active,2026-06-25T17:22:16Z,2026-06-25T17:22:16Z,Post-freeze selector boundary permits only a new proposal-only ontology-law formalization route and preserves all downstream GR claim blocks
CB-CURRENT-FRONTIER-POST-RT152-SYNC-001,current_frontier_post_rt152_sync,research_control/current_frontier.md,Update project-control current-frontier context to handoff-0187 and preserve proposal-only MetricTokenVal route boundary,canonical ontology edit;source-law adoption;MetricTokenVal_src adoption;MetricData(E) construction;MetricData(E) adoption;g_eff definition;g_eff construction;g_eff adoption;matter_coupling;einstein_equations;benchmark_promotion;Gate Chair closure;completed_derivation;future source-extension impossibility;global theory rejection;current-frontier report as proof;validator success as physics evidence,canonical ontology edit;source-law adoption;MetricTokenVal_src adoption;MetricData(E) construction;MetricData(E) adoption;g_eff adoption;downstream GR claims,research_control/tasks/RT-20260614-153/DDR-20260614-153.md,active,2026-06-25T18:47:13Z,2026-06-25T18:47:13Z,Current-frontier synchronization is control context only and cannot authorize physics claim promotion
CB-M-SRC-GSC-METRIC-TOKEN-VALUATION-SELECTOR-CANDIDATE-001,task,research_control/tasks/RT-20260614-154,Proposal-only MetricTokenVal_src GSC selector candidate definition;Dom_MTV_src GSC;typed valuation record fields;classification map;no-target-import predicate;proof obligations;fail-closed OB-GEFF token-valuation branches;no source-law adoption;no MetricData(E) construction;no g_eff construction,canonical ontology TeX edit;source-law adoption;MetricTokenVal_src adoption;M_src adoption scope change;MetricRespTok_src expansion;MetricData(E) construction;MetricData(E) adoption;target topology import;target atlas import;target transition-map import;target metric import;Lorentzian signature import;proper time import;detector semantics import;benchmark success as proof;candidate reconstruction as proof;generated derivative as proof;registry metadata as proof;validator as proof;role as proof;handoff as proof;approval as proof;local cache as proof;file order as proof;commit status as proof;g_eff definition;g_eff construction;g_eff adoption;matter coupling claim;Einstein equations claim;benchmark promotion;benchmark Gate Chair closure;completed derivation claim;future source-extension impossibility;global theory rejection,canonical ontology TeX edit;source-law adoption;MetricTokenVal_src adoption;target-import claim;MetricData(E) construction;MetricData(E) adoption;g_eff construction;g_eff adoption;matter coupling adoption;Einstein equations adoption;benchmark promotion;benchmark Gate Chair closure;completed derivation;future source-extension impossibility claim;global theory rejection,research_control/tasks/RT-20260614-154/artifacts/184_M_SRC_GSC_METRIC_TOKEN_VALUATION_SELECTOR_CANDIDATE.tex,active,2026-06-25T19:04:46Z,2026-06-25T19:04:46Z,MetricTokenVal selector-candidate boundary permits only proposal-only formalization and next Smuggling Auditor audit while preserving all downstream GR claim blocks
CB-M-SRC-GSC-METRIC-TOKEN-VALUATION-SELECTOR-SMUGGLING-AUDIT-001,task,research_control/tasks/RT-20260614-155,Proposal-only MetricTokenVal_src GSC selector smuggling audit;conditional source-purity pass may route only to Refuter stress;no source-law adoption;no MetricData(E) construction;no g_eff construction,canonical ontology TeX edit;source-law adoption;MetricTokenVal_src adoption;M_src adoption scope change;MetricRespTok_src expansion;MetricData(E) construction;MetricData(E) adoption;target topology import;target atlas import;target transition-map import;target metric import;Lorentzian signature import;proper time import;detector semantics import;benchmark success as proof;candidate reconstruction as proof;generated derivative as proof;registry metadata as proof;validator as proof;role as proof;handoff as proof;approval as proof;local cache as proof;file order as proof;commit status as proof;g_eff definition;g_eff construction;g_eff adoption;matter coupling claim;Einstein equations claim;benchmark promotion;benchmark Gate Chair closure;completed derivation claim;future source-extension impossibility;global theory rejection,canonical ontology TeX edit;source-law adoption;MetricTokenVal_src adoption;target-import claim;MetricData(E) construction;MetricData(E) adoption;g_eff construction;g_eff adoption;matter coupling adoption;Einstein equations adoption;benchmark promotion;benchmark Gate Chair closure;completed derivation;future source-extension impossibility claim;global theory rejection,research_control/tasks/RT-20260614-155/artifacts/185_M_SRC_GSC_METRIC_TOKEN_VALUATION_SELECTOR_SMUGGLING_AUDIT.tex,active,2026-06-25T19:21:02Z,2026-06-25T19:21:02Z,MetricTokenVal selector smuggling audit boundary permits only Refuter stress next and preserves all downstream GR claim blocks
CB-M-SRC-GSC-METRIC-TOKEN-VALUATION-SELECTOR-REFUTER-STRESS-001,task,research_control/tasks/RT-20260614-156,Proposal-only MetricTokenVal_src GSC selector Refuter stress;stress survival may route only to Phase 5 classification or narrow gate question;no source-law adoption;no MetricData(E) construction;no g_eff construction,canonical ontology TeX edit;source-law adoption;MetricTokenVal_src adoption;M_src adoption scope change;MetricRespTok_src expansion;MetricData(E) construction;MetricData(E) adoption;target topology import;target atlas import;target transition-map import;target metric import;Lorentzian signature import;proper time import;detector semantics import;benchmark success as proof;candidate reconstruction as proof;generated derivative as proof;registry metadata as proof;validator as proof;role as proof;handoff as proof;approval as proof;local cache as proof;file order as proof;commit status as proof;g_eff definition;g_eff construction;g_eff adoption;matter coupling claim;Einstein equations claim;benchmark promotion;benchmark Gate Chair closure;completed derivation claim;future source-extension impossibility;global theory rejection,canonical ontology TeX edit;source-law adoption;MetricTokenVal_src adoption;target-import claim;MetricData(E) construction;MetricData(E) adoption;g_eff construction;g_eff adoption;matter coupling adoption;Einstein equations adoption;benchmark promotion;benchmark Gate Chair closure;completed derivation;future source-extension impossibility claim;global theory rejection,research_control/tasks/RT-20260614-156/artifacts/186_M_SRC_GSC_METRIC_TOKEN_VALUATION_SELECTOR_REFUTER_STRESS_TEST.tex,active,2026-06-25T19:37:01Z,2026-06-25T19:37:01Z,MetricTokenVal selector Refuter stress boundary permits only Phase 5 classification or narrow gate question next and preserves all downstream GR claim blocks
CB-M-SRC-GSC-METRIC-TOKEN-VALUATION-SELECTOR-PHASE5-CLASSIFICATION-001,task,research_control/tasks/RT-20260614-157,Selector may classify audited and stress-tested proposal-only MetricTokenVal selector candidate;may prepare exact narrow Gate Chair source-extension-law-data question;may update g_eff ledger as frozen negative evidence with gate-ready next route,canonical ontology TeX edit;source-law adoption;MetricTokenVal_src adoption;M_src adoption scope change;MetricRespTok_src expansion;MetricData(E) construction;MetricData(E) adoption;target topology import;target atlas import;target transition-map import;target metric import;Lorentzian signature import;proper time import;detector semantics import;benchmark success as proof;candidate reconstruction as proof;generated derivative as proof;registry metadata as proof;validator as proof;role as proof;handoff as proof;approval as proof;local cache as proof;file order as proof;commit status as proof;g_eff definition;g_eff construction;g_eff adoption;matter coupling claim;Einstein equations claim;benchmark promotion;benchmark Gate Chair closure;completed derivation claim;future source-extension impossibility;global theory rejection,canonical ontology TeX edit;source-law adoption;MetricTokenVal_src adoption;target-import claim;MetricData(E) construction;MetricData(E) adoption;g_eff construction;g_eff adoption;matter coupling adoption;Einstein equations adoption;benchmark promotion;benchmark Gate Chair closure;completed derivation;future source-extension impossibility claim;global theory rejection,research_control/tasks/RT-20260614-157/artifacts/187_M_SRC_GSC_METRIC_TOKEN_VALUATION_SELECTOR_PHASE5_CLASSIFICATION.yaml,active,2026-06-25T19:52:56Z,2026-06-25T19:52:56Z,Phase 5 classification boundary permits only source-extension classification and narrow gate-question preparation with all downstream GR claim blocks preserved
CB-M-SRC-GSC-METRIC-TOKEN-VALUATION-SELECTOR-GATE-CHAIR-REVIEW-001,task,research_control/tasks/RT-20260614-158,Gate Chair may adopt MetricTokenVal_src GSC only as source-extension law data for future effective_metric_g_eff continuation;no MetricData(E) construction;no g_eff construction;downstream GR claims blocked,canonical ontology TeX edit;MetricData(E) construction;MetricData(E) adoption;target topology import;target atlas import;target transition-map import;target metric import;Lorentzian signature import;proper time import;detector semantics import;benchmark success as proof;candidate reconstruction as proof;generated derivative as proof;registry metadata as proof;validator as proof;role as proof;handoff as proof;approval as proof;local cache as proof;file order as proof;commit status as proof;g_eff definition;g_eff construction;g_eff adoption;matter coupling claim;Einstein equations claim;benchmark promotion;benchmark Gate Chair closure;completed derivation claim;future source-extension impossibility;global theory rejection,canonical ontology TeX edit;target-import claim;MetricData(E) construction;MetricData(E) adoption;g_eff construction;g_eff adoption;matter coupling adoption;Einstein equations adoption;benchmark promotion;benchmark Gate Chair closure;completed derivation;future source-extension impossibility claim;global theory rejection,research_control/tasks/RT-20260614-158/artifacts/188_M_SRC_GSC_METRIC_TOKEN_VALUATION_SELECTOR_GATE_CHAIR_REVIEW.tex,active,2026-06-25T20:18:18Z,2026-06-25T20:18:18Z,MetricTokenVal selector Gate Chair boundary permits only source-extension-law-data adoption and preserves all downstream GR claim blocks
CB-NONBOTTOM-METRICDATA-WITNESS-SRC-GSC-001,task,research_control/tasks/RT-20260614-159,Construct one finite/local draft/control NonBottomMetricDataWitness_src GSC E_0 candidate or emit one precise obstruction minimal countermodel or invalid-under-claim-boundary result;MetricTokenVal_src GSC may be used only as source-extension law data;next route may be Smuggling Auditor audit,canonical ontology TeX edit;source-law adoption;M_src adoption scope change;MetricData(E) adoption;general MetricData(E) inhabitation theorem;target topology import;target atlas import;target transition-map import;target metric import;Lorentzian signature import;proper time import;detector semantics import;benchmark success as proof;candidate reconstruction as proof;generated derivative as proof;registry metadata as proof;validator as proof;role as proof;handoff as proof;approval as proof;local cache as proof;file order as proof;commit status as proof;g_eff definition;g_eff construction;g_eff adoption;matter coupling claim;Einstein equations claim;benchmark promotion;benchmark Gate Chair closure;completed derivation claim;future source-extension impossibility;global theory rejection,canonical ontology TeX edit;source-law adoption;target-import claim;MetricData(E) adoption;g_eff construction;g_eff adoption;matter coupling adoption;Einstein equations adoption;benchmark promotion;benchmark Gate Chair closure;completed derivation;future source-extension impossibility claim;global theory rejection,research_control/tasks/RT-20260614-159/artifacts/189_NONBOTTOM_METRICDATA_WITNESS_SRC_GSC_CANDIDATE_OR_OBSTRUCTION.tex,active,2026-06-25T21:25:37Z,2026-06-25T21:25:37Z,NonBottomMetricData witness candidate boundary permits only draft/control finite/local candidate construction and next Smuggling Auditor audit while preserving all downstream GR claim blocks
CB-NONBOTTOM-METRICDATA-WITNESS-SRC-GSC-SMUGGLING-AUDIT-001,task,research_control/tasks/RT-20260614-160,Audit finite/local draft/control NonBottomMetricDataWitness_src GSC E_0 candidate for hidden target import process-authority laundering circularity finite/local overread and premature promotion;conditional source-purity pass may route only to Refuter stress;no MetricData(E) adoption;no g_eff construction,canonical ontology TeX edit;source-law adoption;M_src adoption scope change;MetricData(E) adoption;general MetricData(E) inhabitation theorem;target topology import;target atlas import;target transition-map import;target metric import;Lorentzian signature import;proper time import;detector semantics import;benchmark success as proof;candidate reconstruction as proof;generated derivative as proof;registry metadata as proof;validator as proof;role as proof;handoff as proof;approval as proof;local cache as proof;file order as proof;commit status as proof;g_eff definition;g_eff construction;g_eff adoption;matter coupling claim;Einstein equations claim;benchmark promotion;benchmark Gate Chair closure;completed derivation claim;future source-extension impossibility;global theory rejection,canonical ontology TeX edit;source-law adoption;target-import claim;MetricData(E) adoption;g_eff construction;g_eff adoption;matter coupling adoption;Einstein equations adoption;benchmark promotion;benchmark Gate Chair closure;completed derivation;future source-extension impossibility claim;global theory rejection,research_control/tasks/RT-20260614-160/artifacts/190_NONBOTTOM_METRICDATA_WITNESS_SRC_GSC_SMUGGLING_AUDIT.tex,active,2026-06-25T23:07:43Z,2026-06-25T23:07:43Z,NonBottomMetricData witness audit boundary permits only Refuter stress next and preserves all downstream GR claim blocks
CB-NONBOTTOM-METRICDATA-WITNESS-SRC-GSC-REFUTER-STRESS-001,task,research_control/tasks/RT-20260614-161,Refuter may stress finite/local NonBottomMetricDataWitness_src GSC E_0 candidate for collapse nonuniqueness covariance finite-variation bottom completeness finite/local overread and premature promotion;may record finite/local stress survival or precise fail-closed obstruction;no MetricData(E) adoption;no g_eff construction,canonical ontology TeX edit;source-law adoption;M_src adoption scope change;MetricData(E) adoption;general MetricData(E) inhabitation theorem;target topology import;target atlas import;target transition-map import;target metric import;Lorentzian signature import;proper time import;detector semantics import;benchmark success as proof;candidate reconstruction as proof;generated derivative as proof;registry metadata as proof;validator as proof;role as proof;handoff as proof;approval as proof;local cache as proof;file order as proof;commit status as proof;g_eff definition;g_eff construction;g_eff adoption;matter coupling claim;Einstein equations claim;benchmark promotion;benchmark Gate Chair closure;completed derivation claim;future source-extension impossibility;global theory rejection,canonical ontology TeX edit;source-law adoption;target-import claim;MetricData(E) adoption;g_eff construction;g_eff adoption;matter coupling adoption;Einstein equations adoption;benchmark promotion;benchmark Gate Chair closure;completed derivation;future source-extension impossibility claim;global theory rejection,research_control/tasks/RT-20260614-161/artifacts/191_NONBOTTOM_METRICDATA_WITNESS_SRC_GSC_REFUTER_STRESS_TEST.tex,active,2026-06-25T23:21:36Z,2026-06-25T23:21:36Z,NonBottomMetricData witness stress boundary permits only finite/local stress result and preserves all downstream GR claim blocks
CB-NONBOTTOM-METRICDATA-WITNESS-SRC-GSC-POST-STRESS-ROUTE-SELECTOR-001,task,research_control/tasks/RT-20260614-162,Selector may classify the finite/local stress-survived NonBottomMetricDataWitness_src GSC E_0 route;may select broader witness-family construction repair scoped obstruction protected gate review or route freeze;no MetricData(E) adoption;no general witness theorem;no g_eff construction,canonical ontology TeX edit;source-law adoption;M_src adoption scope change;MetricData(E) adoption;general MetricData(E) inhabitation theorem;target topology import;target atlas import;target transition-map import;target metric import;Lorentzian signature import;proper time import;detector semantics import;benchmark success as proof;candidate reconstruction as proof;generated derivative as proof;registry metadata as proof;validator as proof;role as proof;handoff as proof;approval as proof;local cache as proof;file order as proof;commit status as proof;g_eff definition;g_eff construction;g_eff adoption;matter coupling claim;Einstein equations claim;benchmark promotion;benchmark Gate Chair closure;completed derivation claim;future source-extension impossibility;global theory rejection,canonical ontology TeX edit;source-law adoption;target-import claim;MetricData(E) adoption;g_eff construction;g_eff adoption;matter coupling adoption;Einstein equations adoption;benchmark promotion;benchmark Gate Chair closure;completed derivation;future source-extension impossibility claim;global theory rejection,research_control/tasks/RT-20260614-162/artifacts/192_NONBOTTOM_METRICDATA_WITNESS_SRC_GSC_POST_STRESS_ROUTE_SELECTOR.yaml,active,2026-06-25T23:43:38Z,2026-06-25T23:43:38Z,Post-stress selector boundary permits only next-packet classification and preserves all downstream GR claim blocks
CB-NONBOTTOM-METRICDATA-WITNESS-SRC-GSC-WITNESS-FAMILY-CONSTRUCTOR-001,task,research_control/tasks/RT-20260614-163,Candidate Constructor may construct or obstruct declared finite directed chain family NonBottomMetricDataWitness_src GSC E_n for n >= 2;may include diamond pressure case and finite graph support artifacts;may route next to family-level Smuggling Auditor audit;no MetricData(E) adoption;no arbitrary source package witness theorem;no g_eff construction,canonical ontology TeX edit;source-law adoption;M_src adoption scope change;MetricData(E) adoption;general MetricData(E) inhabitation theorem;arbitrary finite source package witness theorem;target topology import;target atlas import;target transition-map import;target metric import;Lorentzian signature import;proper time import;detector semantics import;benchmark success as proof;candidate reconstruction as proof;generated derivative as proof;registry metadata as proof;validator as proof;role as proof;handoff as proof;approval as proof;local cache as proof;file order as proof;commit status as proof;g_eff definition;g_eff construction;g_eff adoption;matter coupling claim;Einstein equations claim;benchmark promotion;benchmark Gate Chair closure;completed derivation claim;future source-extension impossibility;global theory rejection,canonical ontology TeX edit;source-law adoption;target-import claim;MetricData(E) adoption;g_eff construction;g_eff adoption;matter coupling adoption;Einstein equations adoption;benchmark promotion;benchmark Gate Chair closure;completed derivation;future source-extension impossibility claim;global theory rejection,research_control/tasks/RT-20260614-163/artifacts/193_NONBOTTOM_METRICDATA_WITNESS_SRC_GSC_WITNESS_FAMILY_CANDIDATE_OR_OBSTRUCTION.tex,active,2026-06-26T01:24:38Z,2026-06-26T01:24:38Z,Witness-family constructor boundary permits only draft control finite chain-family candidate construction and preserves all downstream GR claim blocks
CB-NONBOTTOM-METRICDATA-WITNESS-SRC-GSC-WITNESS-FAMILY-SMUGGLING-AUDIT-001,task,research_control/tasks/RT-20260614-164,Smuggling Auditor may audit finite directed chain family NonBottomMetricDataWitness_src GSC E_n for hidden target import process authority laundering candidate reconstruction finite family overread non-chain overread source-extension inflation and premature promotion;conditional source purity pass may route only to Refuter stress;no MetricData(E) adoption;no arbitrary source package witness theorem;no g_eff construction,canonical ontology TeX edit;source-law adoption;M_src adoption scope change;MetricData(E) adoption;general MetricData(E) inhabitation theorem;arbitrary finite source package witness theorem;arbitrary finite DAG witness theorem;target topology import;target atlas import;target transition-map import;target metric import;Lorentzian signature import;proper time import;detector semantics import;benchmark success as proof;candidate reconstruction as proof;generated derivative as proof;registry metadata as proof;validator as proof;role as proof;handoff as proof;approval as proof;local cache as proof;file order as proof;commit status as proof;g_eff definition;g_eff construction;g_eff adoption;matter coupling claim;Einstein equations claim;benchmark promotion;benchmark Gate Chair closure;completed derivation claim;future source-extension impossibility;global theory rejection,canonical ontology TeX edit;source-law adoption;target-import claim;MetricData(E) adoption;arbitrary source package theorem;arbitrary finite DAG theorem;g_eff construction;g_eff adoption;matter coupling adoption;Einstein equations adoption;benchmark promotion;benchmark Gate Chair closure;completed derivation;future source-extension impossibility claim;global theory rejection,research_control/tasks/RT-20260614-164/artifacts/194_NONBOTTOM_METRICDATA_WITNESS_SRC_GSC_WITNESS_FAMILY_SMUGGLING_AUDIT.tex,active,2026-06-26T01:40:38Z,2026-06-26T01:40:38Z,Witness-family smuggling audit boundary permits only Refuter stress next and preserves all downstream GR claim blocks
CB-NONBOTTOM-METRICDATA-WITNESS-SRC-GSC-BETA-SEPARATED-MARKED-FINITE-GRAPH-FAMILY-GATE-CHAIR-REVIEW-001,task,research_control/tasks/RT-20260614-186,Gate Chair may accept the beta-separated marked finite graph NonBottomMetricDataWitness_src GSC G beta family only as source-extension metric-data-family evidence under declared scope;no BranchDisc source-law adoption;no MetricData(E) adoption;no checker proof authority;no g_eff;downstream GR claims blocked,canonical ontology TeX edit;source-law adoption;BranchDisc_src GSC adoption;MetricData(E) construction;MetricData(E) adoption;checker proof authority;arbitrary finite-source-package witness theorem;arbitrary finite-DAG witness theorem;target topology import;target atlas import;target transition-map import;target metric import;Lorentzian signature import;proper time import;detector semantics import;benchmark success as proof;candidate reconstruction as proof;generated derivative as proof;registry metadata as proof;validator as proof;role as proof;handoff as proof;approval as proof;local cache as proof;file order as proof;commit status as proof;g_eff definition;g_eff construction;g_eff adoption;matter coupling claim;Einstein equations claim;benchmark promotion;benchmark Gate Chair closure;completed derivation claim;future source-extension impossibility;global theory rejection,canonical ontology TeX edit;source-law adoption;BranchDisc_src GSC adoption;MetricData(E) construction;MetricData(E) adoption;checker proof authority;g_eff definition;g_eff construction;g_eff adoption;matter coupling adoption;Einstein equations adoption;benchmark promotion;benchmark Gate Chair closure;completed derivation;future source-extension impossibility claim;global theory rejection,research_control/tasks/RT-20260614-186/artifacts/215_NONBOTTOM_METRICDATA_WITNESS_SRC_GSC_BETA_SEPARATED_MARKED_FINITE_GRAPH_FAMILY_SOURCE_EXTENSION_EVIDENCE_GATE_CHAIR_REVIEW.tex,active,2026-06-26T09:00:00Z,2026-06-26T09:00:00Z,Gate Chair boundary permits only source-extension metric-data-family evidence-status acceptance under declared beta-separated marked finite graph scope and preserves all downstream GR claim blocks
CB-NONBOTTOM-METRICDATA-WITNESS-SRC-GSC-POST-GATE-ROUTE-SELECTOR-001,task,research_control/tasks/RT-20260614-187,Theoretical Continuation Selector may classify the post-Gate beta-separated marked finite graph source-extension evidence route;may select one Candidate Constructor metric-data precursor or precise obstruction packet;no BranchDisc source-law adoption;no MetricData(E) construction or adoption;no checker proof authority;no arbitrary finite-DAG theorem;no g_eff construction,canonical ontology TeX edit;source-law adoption;BranchDisc_src GSC adoption;MetricData(E) construction;MetricData(E) adoption;checker proof authority;arbitrary finite-source-package witness theorem;arbitrary finite-DAG witness theorem;target topology import;target atlas import;target transition-map import;target metric import;Lorentzian signature import;proper time import;detector semantics import;benchmark success as proof;candidate reconstruction as proof;generated derivative as proof;registry metadata as proof;validator as proof;role as proof;handoff as proof;approval as proof;local cache as proof;file order as proof;commit status as proof;g_eff definition;g_eff construction;g_eff adoption;matter coupling claim;Einstein equations claim;benchmark promotion;benchmark Gate Chair closure;completed derivation claim;future source-extension impossibility;global theory rejection,canonical ontology TeX edit;source-law adoption;BranchDisc_src GSC adoption;MetricData(E) construction;MetricData(E) adoption;checker proof authority;arbitrary finite-DAG theorem;g_eff construction;g_eff adoption;matter coupling adoption;Einstein equations adoption;benchmark promotion;benchmark Gate Chair closure;completed derivation;future source-extension impossibility claim;global theory rejection,research_control/tasks/RT-20260614-187/artifacts/216_NONBOTTOM_METRICDATA_WITNESS_SRC_GSC_POST_GATE_ROUTE_SELECTOR.yaml,active,2026-06-26T11:24:36Z,2026-06-26T11:24:36Z,Post-Gate route selector boundary permits only next-packet classification and preserves all downstream GR claim blocks
CB-NONBOTTOM-METRICDATA-WITNESS-SRC-GSC-POST-GATE-METRICDATA-PRECURSOR-CONSTRUCTOR-001,task,research_control/tasks/RT-20260614-188,Candidate Constructor may construct one source-only draft control PreMetricData_src GSC-cand G beta prerequisite-data precursor or one precise OB-GEFF obstruction;may use accepted beta-separated marked finite graph evidence only as bounded source-extension input;may route next to Smuggling Auditor audit;no BranchDisc source-law adoption;no MetricData(E) construction or adoption;no checker proof authority;no arbitrary finite-DAG theorem;no g_eff construction,canonical ontology TeX edit;source-law adoption;BranchDisc_src GSC adoption;MetricData(E) construction;MetricData(E) adoption;checker proof authority;arbitrary finite-source-package witness theorem;arbitrary finite-DAG witness theorem;target topology import;target atlas import;target transition-map import;target metric import;Lorentzian signature import;proper time import;detector semantics import;benchmark success as proof;candidate reconstruction as proof;generated derivative as proof;registry metadata as proof;validator as proof;role as proof;handoff as proof;approval as proof;local cache as proof;file order as proof;commit status as proof;g_eff definition;g_eff construction;g_eff adoption;matter coupling claim;Einstein equations claim;benchmark promotion;benchmark Gate Chair closure;completed derivation claim;future source-extension impossibility;global theory rejection,canonical ontology TeX edit;source-law adoption;BranchDisc_src GSC adoption;MetricData(E) construction;MetricData(E) adoption;checker proof authority;arbitrary finite-DAG theorem;g_eff construction;g_eff adoption;matter coupling adoption;Einstein equations adoption;benchmark promotion;benchmark Gate Chair closure;completed derivation;future source-extension impossibility claim;global theory rejection,research_control/tasks/RT-20260614-188/artifacts/217_NONBOTTOM_METRICDATA_WITNESS_SRC_GSC_POST_GATE_METRICDATA_PREREQUISITE_PRECURSOR_OR_OBSTRUCTION.tex,active,2026-06-26T18:47:01Z,2026-06-26T18:47:01Z,Post-Gate precursor constructor boundary permits only source-only draft control prerequisite-data construction and preserves all downstream GR claim blocks
CB-NONBOTTOM-METRICDATA-WITNESS-SRC-GSC-POST-GATE-METRICDATA-PRECURSOR-SMUGGLING-AUDIT-001,task,research_control/tasks/RT-20260614-189,Smuggling Auditor may audit the source-only draft control PreMetricData_src GSC-cand G beta prerequisite-data precursor for hidden target import MetricData(E) laundering beta-label source-law laundering transition-covariance overread nondegeneracy smuggling checker proof-authority overread process-authority laundering arbitrary finite-DAG overread and premature g_eff or downstream GR promotion;conditional source-purity pass may route only to Refuter stress;no BranchDisc source-law adoption;no MetricData(E) construction or adoption;no checker proof authority;no arbitrary finite-DAG theorem;no g_eff construction,canonical ontology TeX edit;source-law adoption;BranchDisc_src GSC adoption;MetricData(E) construction;MetricData(E) adoption;checker proof authority;arbitrary finite-source-package witness theorem;arbitrary finite-DAG witness theorem;target topology import;target atlas import;target transition-map import;target metric import;Lorentzian signature import;proper time import;detector semantics import;benchmark success as proof;candidate reconstruction as proof;generated derivative as proof;registry metadata as proof;validator as proof;role as proof;handoff as proof;approval as proof;local cache as proof;file order as proof;commit status as proof;g_eff definition;g_eff construction;g_eff adoption;matter coupling claim;Einstein equations claim;benchmark promotion;benchmark Gate Chair closure;completed derivation claim;future source-extension impossibility;global theory rejection,canonical ontology TeX edit;source-law adoption;BranchDisc_src GSC adoption;MetricData(E) construction;MetricData(E) adoption;checker proof authority;arbitrary finite-DAG theorem;g_eff construction;g_eff adoption;matter coupling adoption;Einstein equations adoption;benchmark promotion;benchmark Gate Chair closure;completed derivation;future source-extension impossibility claim;global theory rejection,research_control/tasks/RT-20260614-189/artifacts/218_NONBOTTOM_METRICDATA_WITNESS_SRC_GSC_POST_GATE_METRICDATA_PREREQUISITE_PRECURSOR_SMUGGLING_AUDIT.tex,active,2026-06-26T19:11:04Z,2026-06-26T19:11:04Z,Post-Gate precursor smuggling audit boundary permits only source-purity audit and Refuter stress routing while preserving all downstream GR claim blocks
CB-NONBOTTOM-METRICDATA-WITNESS-SRC-GSC-POST-GATE-METRICDATA-PRECURSOR-REFUTER-STRESS-001,task,research_control/tasks/RT-20260614-190,Refuter may stress the source-only draft control PreMetricData_src GSC-cand G beta prerequisite-data precursor for beta source-law pressure beta nonuniqueness transition inverse and cocycle behavior relabeling finite-variation nondegeneracy checker proof-authority process-authority arbitrary finite-DAG MetricData(E) g_eff and downstream promotion pressure;stress survival may route only to Theoretical Continuation Selector classification;no BranchDisc source-law adoption;no MetricData(E) construction or adoption;no checker proof authority;no arbitrary finite-DAG theorem;no g_eff construction,canonical ontology TeX edit;source-law adoption;BranchDisc_src GSC adoption;MetricData(E) construction;MetricData(E) adoption;checker proof authority;arbitrary finite-source-package witness theorem;arbitrary finite-DAG witness theorem;target topology import;target atlas import;target transition-map import;target metric import;Lorentzian signature import;proper time import;detector semantics import;benchmark success as proof;candidate reconstruction as proof;generated derivative as proof;registry metadata as proof;validator as proof;role as proof;handoff as proof;approval as proof;local cache as proof;file order as proof;commit status as proof;g_eff definition;g_eff construction;g_eff adoption;matter coupling claim;Einstein equations claim;benchmark promotion;benchmark Gate Chair closure;completed derivation claim;future source-extension impossibility;global theory rejection,canonical ontology TeX edit;source-law adoption;BranchDisc_src GSC adoption;MetricData(E) construction;MetricData(E) adoption;checker proof authority;arbitrary finite-DAG theorem;g_eff construction;g_eff adoption;matter coupling adoption;Einstein equations adoption;benchmark promotion;benchmark Gate Chair closure;completed derivation;future source-extension impossibility claim;global theory rejection,research_control/tasks/RT-20260614-190/artifacts/219_NONBOTTOM_METRICDATA_WITNESS_SRC_GSC_POST_GATE_METRICDATA_PREREQUISITE_PRECURSOR_REFUTER_STRESS_TEST.tex,active,2026-06-26T19:32:32Z,2026-06-26T19:32:32Z,Post-Gate precursor Refuter stress boundary permits only stress result and selector routing while preserving all downstream GR claim blocks
