decision_id,task_id,decision_path,director_version,decision_type,selected_role_id,selected_role_version,agent_job_id,status,supersedes_decision_id,requires_human_gate,created_at,activated_at,completed_at,validation_status,notes
DDR-20260621-009,RT-20260621-009,research_control/tasks/RT-20260621-009/DDR-20260621-009.md,project-system-director@0.1.0,task_overlay,project-control-maintainer,0.1.0,AJ-RT-20260621-009-001,completed,DDR-20260621-008,false,2026-06-21T05:39:59Z,2026-06-21T05:39:59Z,2026-06-21T05:39:59Z,PASS,README synchronization routed to Project-Control Maintainer for control-marked front-door docs and generated-system refresh
DDR-20260621-008,RT-20260621-008,research_control/tasks/RT-20260621-008/DDR-20260621-008.md,project-system-director@0.1.0,task_overlay,validator-engineer,0.1.0,AJ-RT-20260621-008-001,completed,DDR-20260621-007,false,2026-06-21T05:09:53Z,2026-06-21T05:09:53Z,2026-06-21T05:09:53Z,PASS,Phase 9 routed to Validator Engineer for operational metrics reporting without physics claim authority
DDR-20260621-007,RT-20260621-007,research_control/tasks/RT-20260621-007/DDR-20260621-007.md,project-system-director@0.1.0,task_overlay,project-control-maintainer,0.1.0,AJ-RT-20260621-007-001,completed,DDR-20260621-006,false,2026-06-21T04:56:16Z,2026-06-21T04:56:16Z,2026-06-21T04:56:16Z,PASS,Phase 8 routed to Project-Control Maintainer for metadata-only backfill of recent high-value pre-contract tasks
DDR-20260621-006,RT-20260621-006,research_control/tasks/RT-20260621-006/DDR-20260621-006.md,project-system-director@0.1.0,task_overlay,project-control-maintainer,0.1.0,AJ-RT-20260621-006-001,completed,DDR-20260614-084,false,2026-06-21T04:39:00Z,2026-06-21T04:39:00Z,2026-06-21T04:39:00Z,PASS,Branch-level check-diff scope cleanup routed to Project-Control Maintainer with Phase 8 Phase 9 deferred
DDR-20260614-084,RT-20260614-084,research_control/tasks/RT-20260614-084/DDR-20260614-084.md,director-of-research@0.2.0,task_overlay,candidate-constructor,0.2.0,AJ-RT-20260614-084-001,completed,DDR-20260614-083,false,2026-06-21T04:06:23Z,2026-06-21T04:06:23Z,2026-06-21T04:06:23Z,PASS,Phase 6 routed to Candidate Constructor for no-fog GSC_src general source-cover construction under ontology-law-research-packet
DDR-20260621-005,RT-20260621-005,research_control/tasks/RT-20260621-005/DDR-20260621-005.md,project-system-director@0.1.0,task_overlay,validator-engineer,0.1.0,AJ-RT-20260621-005-001,completed,DDR-20260621-004,false,2026-06-21T03:44:31Z,2026-06-21T03:44:31Z,2026-06-21T03:44:31Z,PASS,Mathematical decisiveness Phase 5 routed to Validator Engineer for Candidate Constructor no-fog role guidance and validator fixtures
DDR-20260621-004,RT-20260621-004,research_control/tasks/RT-20260621-004/DDR-20260621-004.md,project-system-director@0.1.0,task_overlay,validator-engineer,0.1.0,AJ-RT-20260621-004-001,completed,DDR-20260621-003,false,2026-06-21T03:20:31Z,2026-06-21T03:20:31Z,2026-06-21T03:20:31Z,PASS,Mathematical decisiveness Phase 4 routed to Validator Engineer for obstruction freeze-control and route-cycle receipt machinery
DDR-20260621-003,RT-20260621-003,research_control/tasks/RT-20260621-003/DDR-20260621-003.md,project-system-director@0.1.0,task_overlay,validator-engineer,0.1.0,AJ-RT-20260621-003-001,completed,DDR-20260621-002,false,2026-06-21T03:05:53Z,2026-06-21T03:05:53Z,2026-06-21T03:05:53Z,PASS,Mathematical decisiveness Phase 3 routed to Validator Engineer for hard enforcement on opted-in future physics completions
DDR-20260621-002,RT-20260621-002,research_control/tasks/RT-20260621-002/DDR-20260621-002.md,project-system-director@0.1.0,task_overlay,validator-engineer,0.1.0,AJ-RT-20260621-002-001,completed,DDR-20260621-001,false,2026-06-21T02:32:39Z,2026-06-21T02:32:39Z,2026-06-21T02:32:39Z,PASS,Mathematical decisiveness Phase 2 routed to Validator Engineer for schema template and warning-only validator support
DDR-20260621-001,RT-20260621-001,research_control/tasks/RT-20260621-001/DDR-20260621-001.md,project-system-director@0.1.0,task_overlay,project-control-maintainer,0.1.0,AJ-RT-20260621-001-001,completed,,false,2026-06-21T01:56:33Z,2026-06-21T01:56:33Z,2026-06-21T01:56:33Z,PASS,Mathematical decisiveness completion contract routed to Project-Control Maintainer with validator enforcement deferred
DDR-20260614-083,RT-20260614-083,research_control/tasks/RT-20260614-083/DDR-20260614-083.md,director-of-research@0.2.0,task_overlay,theoretical-continuation-selector,0.1.0,AJ-RT-20260614-083-001,completed,DDR-20260614-082,false,2026-06-20T22:49:22Z,2026-06-20T22:49:22Z,2026-06-20T22:49:22Z,PASS,Ontology-law selector routed to Theoretical Continuation Selector and selected Candidate Constructor general source-cover construction packet without adoption
DDR-20260614-082,RT-20260614-082,research_control/tasks/RT-20260614-082/DDR-20260614-082.md,director-of-research@0.2.0,task_overlay,refuter,0.2.0,AJ-RT-20260614-082-001,completed,DDR-20260614-081,false,2026-06-20T22:26:40Z,2026-06-20T22:26:40Z,2026-06-20T22:26:40Z,PASS,Ontology-law bridge witness Refuter stress routed to Refuter and completed as exact finite/local concrete witness path without adoption
DDR-20260614-081,RT-20260614-081,research_control/tasks/RT-20260614-081/DDR-20260614-081.md,director-of-research@0.2.0,task_overlay,smuggling-auditor,0.2.0,AJ-RT-20260614-081-001,completed,DDR-20260614-080,false,2026-06-20T22:03:28Z,2026-06-20T22:03:28Z,2026-06-20T22:03:28Z,PASS,Ontology-law bridge witness Smuggling Auditor audit completed hidden-import audit without adoption
DDR-20260614-080,RT-20260614-080,research_control/tasks/RT-20260614-080/DDR-20260614-080.md,director-of-research@0.2.0,task_overlay,candidate-constructor,0.2.0,AJ-RT-20260614-080-001,completed,DDR-20260614-079,false,2026-06-20T21:44:38Z,2026-06-20T21:44:38Z,2026-06-20T21:44:38Z,PASS,Ontology-law Candidate Constructor routed to construct finite/local non-bottom bridge witness without adoption authority
DDR-20260614-079,RT-20260614-079,research_control/tasks/RT-20260614-079/DDR-20260614-079.md,director-of-research@0.2.0,task_overlay,refuter,0.2.0,AJ-RT-20260614-079-001,completed,DDR-20260614-078,false,2026-06-20T21:26:45Z,2026-06-20T21:26:45Z,2026-06-20T21:26:45Z,PASS,Ontology-law Refuter stress routed to Refuter and completed as bridge-facing candidate path without adoption authority
DDR-20260614-078,RT-20260614-078,research_control/tasks/RT-20260614-078/DDR-20260614-078.md,director-of-research@0.2.0,task_overlay,smuggling-auditor,0.2.0,AJ-RT-20260614-078-001,completed,DDR-20260614-077,false,2026-06-20T21:11:13Z,2026-06-20T21:11:13Z,2026-06-20T21:11:13Z,PASS,Ontology-law atlas-glue Smuggling Auditor overlay completed hidden-import audit without adoption
DDR-20260614-077,RT-20260614-077,research_control/tasks/RT-20260614-077/DDR-20260614-077.md,director-of-research@0.2.0,task_overlay,ontology-formalizer,0.2.0,AJ-RT-20260614-077-001,completed,DDR-20260614-076,false,2026-06-20T20:56:21Z,2026-06-20T20:56:21Z,2026-06-20T20:56:21Z,PASS,Ontology-law atlas-glue formalization routed to Ontology Formalizer overlay and drafted MSL-MSRC-ATLASGLUE-LAW without adoption
DDR-20260614-076,RT-20260614-076,research_control/tasks/RT-20260614-076/DDR-20260614-076.md,director-of-research@0.2.0,task_overlay,theoretical-continuation-selector,0.1.0,AJ-RT-20260614-076-001,completed,DDR-20260614-075,false,2026-06-20T20:22:50Z,2026-06-20T20:22:50Z,2026-06-20T20:22:50Z,PASS,Ontology-law atlas-glue selector routed to Theoretical Continuation Selector overlay and selected MSL-MSRC-ATLASGLUE-LAW without adoption
DDR-20260614-075,RT-20260614-075,research_control/tasks/RT-20260614-075/DDR-20260614-075.md,director-of-research@0.2.0,existing_role,ontology-formalizer,0.2.0,AJ-RT-20260614-075-001,completed,DDR-20260614-074,false,2026-06-20T03:06:26Z,2026-06-20T03:06:26Z,2026-06-20T03:06:26Z,PASS,Current ontology derivation attempt routed to Ontology Formalizer without ontology edit or claim promotion
DDR-20260614-074,RT-20260614-074,research_control/tasks/RT-20260614-074/DDR-20260614-074.md,director-of-research@0.2.0,existing_role,refuter,0.2.0,AJ-RT-20260614-074-001,completed,DDR-20260614-073,false,2026-06-20T02:47:11Z,2026-06-20T02:47:11Z,2026-06-20T02:47:11Z,PASS,Resp_lc source-extension M_src AtlasGlueDisc_src^+ finite witness Refuter stress authorized and completed as scoped obstruction with human-gated source-extension adoption boundary
DDR-20260614-073,RT-20260614-073,research_control/tasks/RT-20260614-073/DDR-20260614-073.md,director-of-research@0.2.0,existing_role,smuggling-auditor,0.2.0,AJ-RT-20260614-073-001,completed,DDR-20260614-072,false,2026-06-20T02:33:47Z,2026-06-20T02:33:47Z,2026-06-20T02:33:47Z,PASS,Resp_lc source-extension M_src AtlasGlueDisc_src^+ finite witness smuggling audit authorized and completed as conditional source-purity pass with finite-witness guards
DDR-20260614-072,RT-20260614-072,research_control/tasks/RT-20260614-072/DDR-20260614-072.md,director-of-research@0.2.0,existing_role,candidate-constructor,0.2.0,AJ-RT-20260614-072-001,completed,DDR-20260614-071,false,2026-06-20T02:19:35Z,2026-06-20T02:19:35Z,2026-06-20T02:19:35Z,PASS,Resp_lc source-extension M_src AtlasGlueDisc_src^+ finite repaired source-atlas witness authorized and completed with adoption and downstream GR claim blocks preserved
DDR-20260614-071,RT-20260614-071,research_control/tasks/RT-20260614-071/DDR-20260614-071.md,director-of-research@0.2.0,existing_role,refuter,0.2.0,AJ-RT-20260614-071-001,completed,DDR-20260614-070,false,2026-06-20T02:03:33Z,2026-06-20T02:03:33Z,2026-06-20T02:03:33Z,PASS,Resp_lc source-extension M_src AtlasGlueDisc_src^+ Refuter stress authorized and completed as bridge-facing candidate path with fail-closed guards
DDR-20260614-070,RT-20260614-070,research_control/tasks/RT-20260614-070/DDR-20260614-070.md,director-of-research@0.2.0,existing_role,smuggling-auditor,0.2.0,AJ-RT-20260614-070-001,completed,DDR-20260614-069,false,2026-06-20T01:47:13Z,2026-06-20T01:47:13Z,2026-06-20T01:47:13Z,PASS,Resp_lc source-extension M_src AtlasGlueDisc_src^+ smuggling audit authorized and completed as conditional source-purity pass with discriminator-authority guards
DDR-20260614-069,RT-20260614-069,research_control/tasks/RT-20260614-069/DDR-20260614-069.md,director-of-research@0.2.0,existing_role,ontology-formalizer,0.2.0,AJ-RT-20260614-069-001,completed,DDR-20260614-068,false,2026-06-20T01:32:25Z,2026-06-20T01:32:25Z,2026-06-20T01:32:25Z,PASS,Resp_lc source-extension M_src AtlasGlueDisc_src^+ discriminator repair primitive authorized and completed as source-side draft with uniqueness and failure conditions
DDR-20260614-068,RT-20260614-068,research_control/tasks/RT-20260614-068/DDR-20260614-068.md,director-of-research@0.2.0,existing_role,theoretical-continuation-selector,0.1.0,AJ-RT-20260614-068-001,completed,DDR-20260614-067,false,2026-06-20T01:20:36Z,2026-06-20T01:20:36Z,2026-06-20T01:20:36Z,PASS,Resp_lc source-extension M_src theoretical selector authorized and completed with source-side discriminator repair primitive selected
DDR-20260614-067,RT-20260614-067,research_control/tasks/RT-20260614-067/DDR-20260614-067.md,director-of-research@0.2.0,existing_role,refuter,0.2.0,AJ-RT-20260614-067-001,completed,DDR-20260614-066,false,2026-06-20T01:01:52Z,2026-06-20T01:01:52Z,2026-06-20T01:01:52Z,PASS,Resp_lc source-extension M_src AtlasGlue_src^+ Refuter stress authorized and completed as scoped transition-token and label-compatibility obstruction with selector next
DDR-20260614-066,RT-20260614-066,research_control/tasks/RT-20260614-066/DDR-20260614-066.md,director-of-research@0.2.0,existing_role,smuggling-auditor,0.2.0,AJ-RT-20260614-066-001,completed,DDR-20260614-065,false,2026-06-20T00:38:19Z,2026-06-20T00:38:19Z,2026-06-20T00:38:19Z,PASS,Resp_lc source-extension M_src AtlasGlue_src^+ smuggling audit authorized and completed as conditional source-purity pass with source-authority guards
DDR-20260619-015,RT-20260619-015,research_control/tasks/RT-20260619-015/DDR-20260619-015.md,project-system-director@0.1.0,task_overlay,documentation-curator,2.0.0,AJ-RT-20260619-015-001,completed,DDR-20260619-014,false,2026-06-19T22:47:30Z,2026-06-19T22:47:30Z,2026-06-19T22:52:57Z,PASS,Reader Scope footer relocation Phase 4 research-control operation page migration routed to Documentation Curator without contract validator role schema routing checkpoint or physics claim authority
DDR-20260619-014,RT-20260619-014,research_control/tasks/RT-20260619-014/DDR-20260619-014.md,project-system-director@0.1.0,task_overlay,documentation-curator,2.0.0,AJ-RT-20260619-014-001,completed,DDR-20260619-013,false,2026-06-19T22:16:11Z,2026-06-19T22:16:11Z,2026-06-19T22:16:11Z,PASS,Reader Scope footer relocation Phase 3 physics and claim-boundary page migration routed to Documentation Curator without contract validator role schema routing checkpoint or physics claim authority
DDR-20260619-006,RT-20260619-006,research_control/tasks/RT-20260619-006/DDR-20260619-006.md,project-system-director@0.1.0,task_overlay,documentation-curator,2.0.0,AJ-RT-20260619-006-001,completed,DDR-20260619-005,false,2026-06-19T16:58:43Z,2026-06-19T16:58:43Z,2026-06-19T16:58:43Z,PASS,Post-migration Phase 3 research-control operation page rewrite routed to Documentation Curator without contract validator role schema routing checkpoint or physics claim authority
DDR-20260619-005,RT-20260619-005,research_control/tasks/RT-20260619-005/DDR-20260619-005.md,project-system-director@0.1.0,task_overlay,documentation-curator,2.0.0,AJ-RT-20260619-005-001,completed,DDR-20260619-004,false,2026-06-19T16:32:55Z,2026-06-19T16:32:55Z,2026-06-19T16:32:55Z,PASS,Post-migration Phase 2 footer-authority page rewrite routed to Documentation Curator without contract validator role schema routing checkpoint or physics claim authority
DDR-20260619-004,RT-20260619-004,research_control/tasks/RT-20260619-004/DDR-20260619-004.md,project-system-director@0.1.0,task_overlay,project-control-maintainer,0.1.0,AJ-RT-20260619-004-001,completed,DDR-20260619-003,false,2026-06-19T16:01:27Z,2026-06-19T16:01:27Z,2026-06-19T16:09:15Z,PASS,Phase 1 publication contract and validator guard routed to Project-Control Maintainer without public page rewrite or physics claim authority
DDR-20260619-003,RT-20260619-003,research_control/tasks/RT-20260619-003/DDR-20260619-003.md,project-system-director@0.1.0,task_overlay,documentation-curator,2.0.0,AJ-RT-20260619-003-001,completed,DDR-20260619-002,false,2026-06-19T15:42:37Z,2026-06-19T15:42:37Z,2026-06-19T15:42:37Z,PASS,Phase 0 post-migration page audit routed to Documentation Curator without public page output contract validator schema routing checkpoint or physics claim changes
DDR-20260619-002,RT-20260619-002,research_control/tasks/RT-20260619-002/DDR-20260619-002.md,project-system-director@0.1.0,task_overlay,project-control-maintainer,0.1.0,AJ-RT-20260619-002-001,completed,DDR-20260619-001,false,2026-06-19T14:32:37Z,2026-06-19T14:32:37Z,2026-06-19T14:32:37Z,PASS,Post-migration quality plan routed to Project-Control Maintainer as planning-only control design note
DDR-20260619-001,RT-20260619-001,research_control/tasks/RT-20260619-001/DDR-20260619-001.md,project-system-director@0.1.0,existing_role,documentation-curator,2.0.0,AJ-RT-20260619-001-001,completed,DDR-20260618-022,false,2026-06-19T13:35:00Z,2026-06-19T13:35:00Z,2026-06-19T13:35:00Z,PASS,Phase 5C technical requirements routed to Documentation Curator without dependency validator Makefile command-semantics harness-policy role-authority routing checkpoint or physics claim changes
DDR-20260618-022,RT-20260618-022,research_control/tasks/RT-20260618-022/DDR-20260618-022.md,project-system-director@0.1.0,existing_role,documentation-curator,2.0.0,AJ-RT-20260618-022-001,completed,DDR-20260618-021,false,2026-06-19T04:55:00Z,2026-06-19T04:55:00Z,2026-06-19T04:55:00Z,PASS,Phase 5B roles-and-skills catalog routed to Documentation Curator without role status role registration skill-contract validator routing checkpoint or physics claim changes
DDR-20260618-021,RT-20260618-021,research_control/tasks/RT-20260618-021/DDR-20260618-021.md,project-system-director@0.1.0,existing_role,documentation-curator,2.0.0,AJ-RT-20260618-021-001,completed,DDR-20260618-020,false,2026-06-19T04:30:00Z,2026-06-19T04:30:00Z,2026-06-19T04:30:00Z,PASS,Phase 5A memory-system reference routed to Documentation Curator without memory-system behavior registry schema validator routing role-authority checkpoint generated-output authority or physics claim changes
DDR-20260618-020,RT-20260618-020,research_control/tasks/RT-20260618-020/DDR-20260618-020.md,project-system-director@0.1.0,existing_role,documentation-curator,2.0.0,AJ-RT-20260618-020-001,completed,DDR-20260618-019,false,2026-06-19T03:00:00Z,2026-06-19T03:00:00Z,2026-06-19T03:00:00Z,PASS,Phase 4C validator and operator workflow routed to Documentation Curator without validator behavior command-semantics role-authority schema routing checkpoint or physics claim changes
DDR-20260618-019,RT-20260618-019,research_control/tasks/RT-20260618-019/DDR-20260618-019.md,project-system-director@0.1.0,existing_role,documentation-curator,2.0.0,AJ-RT-20260618-019-001,completed,DDR-20260618-018,false,2026-06-19T02:40:00Z,2026-06-19T02:40:00Z,2026-06-19T02:40:00Z,PASS,Phase 4B publication process routed to Documentation Curator without validator role-authority schema routing or physics claim changes
DDR-20260618-018,RT-20260618-018,research_control/tasks/RT-20260618-018/DDR-20260618-018.md,project-system-director@0.1.0,existing_role,documentation-curator,2.0.0,AJ-RT-20260618-018-001,completed,DDR-20260618-017,false,2026-06-19T01:38:00Z,2026-06-19T01:38:00Z,2026-06-19T01:38:00Z,PASS,Phase 4A project-system improvement routed to Documentation Curator without validator routing signal-registry role-authority schema or physics claim changes
DDR-20260618-017,RT-20260618-017,research_control/tasks/RT-20260618-017/DDR-20260618-017.md,project-system-director@0.1.0,task_overlay,project-control-maintainer,0.1.0,AJ-RT-20260618-017-001,completed,DDR-20260618-016,false,2026-06-19T01:22:00Z,2026-06-19T01:22:00Z,2026-06-19T01:22:00Z,PASS,Phase 3C research-control-system merged without public page migration or physics claim authority
DDR-20260618-016,RT-20260618-016,research_control/tasks/RT-20260618-016/DDR-20260618-016.md,project-system-director@0.1.0,existing_role,documentation-curator,2.0.0,AJ-RT-20260618-016-001,completed,DDR-20260618-015,false,2026-06-19T00:25:10Z,2026-06-19T00:25:10Z,2026-06-19T00:45:00Z,PASS,Phase 3B research-control operation routed to Documentation Curator without role schema routing validator or physics claim authority
DDR-20260618-015,RT-20260618-015,research_control/tasks/RT-20260618-015/DDR-20260618-015.md,project-system-director@0.1.0,existing_role,documentation-curator,2.0.0,AJ-RT-20260618-015-001,completed,DDR-20260618-014,false,2026-06-18T23:57:14Z,2026-06-18T23:57:14Z,2026-06-19T00:18:00Z,PASS,Phase 3A research-control operation routed to Documentation Curator without role schema routing validator or physics claim authority
DDR-20260618-014,RT-20260618-014,research_control/tasks/RT-20260618-014/DDR-20260618-014.md,project-system-director@0.1.0,existing_role,documentation-curator,2.0.0,AJ-RT-20260618-014-001,completed,DDR-20260618-013,false,2026-06-18T23:41:27Z,2026-06-18T23:41:27Z,2026-06-18T23:55:00Z,PASS,Phase 2B claim-gates routed to Documentation Curator without physics claim authority
DDR-20260618-013,RT-20260618-013,research_control/tasks/RT-20260618-013/DDR-20260618-013.md,project-system-director@0.1.0,existing_role,documentation-curator,2.0.0,AJ-RT-20260618-013-001,completed,DDR-20260618-012,false,2026-06-18T23:22:00Z,2026-06-18T23:22:00Z,2026-06-18T23:40:00Z,PASS,Phase 2A GR derivation roadmap routed to Documentation Curator without physics claim authority
DDR-20260618-012,RT-20260618-012,research_control/tasks/RT-20260618-012/DDR-20260618-012.md,project-system-director@0.1.0,existing_role,documentation-curator,2.0.0,AJ-RT-20260618-012-001,completed,DDR-20260618-011,false,2026-06-18T23:03:00Z,2026-06-18T23:03:00Z,2026-06-18T23:18:00Z,PASS,Phase 1B ontology routed to Documentation Curator without physics claim authority
DDR-20260618-011,RT-20260618-011,research_control/tasks/RT-20260618-011/DDR-20260618-011.md,project-system-director@0.1.0,existing_role,documentation-curator,2.0.0,AJ-RT-20260618-011-001,completed,DDR-20260618-010,false,2026-06-18T22:30:00Z,2026-06-18T22:30:00Z,2026-06-18T22:48:00Z,PASS,Phase 1A public physics status routed to Documentation Curator without physics claim authority
DDR-20260618-010,RT-20260618-010,research_control/tasks/RT-20260618-010/DDR-20260618-010.md,project-system-director@0.1.0,task_overlay,project-control-maintainer,0.1.0,AJ-RT-20260618-010-001,completed,DDR-20260618-009,false,2026-06-18T22:16:00Z,2026-06-18T22:16:00Z,2026-06-18T22:16:00Z,PASS,Phase 0 pilot baseline routed as maintenance verification without public page migration or physics claim authority
DDR-20260618-009,RT-20260618-009,research_control/tasks/RT-20260618-009/DDR-20260618-009.md,project-system-director@0.1.0,task_overlay,project-control-maintainer,0.1.0,AJ-RT-20260618-009-001,completed,DDR-20260618-008,false,2026-06-18T22:00:01Z,2026-06-18T22:00:01Z,2026-06-18T22:00:01Z,PASS,Documentation Curator corpus migration plan completed without public page migration or physics claim authority
DDR-20260618-008,RT-20260618-008,research_control/tasks/RT-20260618-008/DDR-20260618-008.md,project-system-director@0.1.0,task_overlay,project-control-maintainer,0.1.0,AJ-RT-20260618-008-001,completed,DDR-20260618-007,true,2026-06-18T21:12:26Z,2026-06-18T21:12:26Z,2026-06-18T21:27:59Z,PASS,Retired explainer creation process removal completed with publication-brief-only active path and no physics claim authority
DDR-20260618-007,RT-20260618-007,research_control/tasks/RT-20260618-007/DDR-20260618-007.md,project-system-director@0.1.0,task_overlay,project-control-maintainer,0.1.0,AJ-RT-20260618-007-001,completed,DDR-20260618-006,true,2026-06-18T18:20:00Z,2026-06-18T18:20:00Z,2026-06-18T18:20:00Z,PASS,Documentation Curator publication-process PRD routed as project-system overlay without physics claim authority
DDR-20260618-006,RT-20260618-006,research_control/tasks/RT-20260618-006/DDR-20260618-006.md,project-system-director@0.1.0,task_overlay,project-control-maintainer,0.1.0,AJ-RT-20260618-006-001,completed,DDR-20260618-005,true,2026-06-18T16:55:00Z,2026-06-18T16:55:00Z,2026-06-18T16:55:00Z,PASS,Documentation Curator Visual Atlas v2 implementation routed as project-system overlay without physics claim authority
DDR-20260614-065,RT-20260614-065,research_control/tasks/RT-20260614-065/DDR-20260614-065.md,director-of-research@0.2.0,existing_role,ontology-formalizer,0.2.0,AJ-RT-20260614-065-001,completed,DDR-20260614-064,false,2026-06-18T16:07:45Z,2026-06-18T16:07:45Z,2026-06-18T16:07:45Z,PASS,Resp_lc source-extension M_src AtlasGlue_src^+ primitive formalization authorized and completed with finite witness counterexample and limited stability
DDR-20260618-005,RT-20260618-005,research_control/tasks/RT-20260618-005/DDR-20260618-005.md,project-system-director@0.1.0,task_overlay,memory-system-maintainer,0.1.0,AJ-RT-20260618-005-001,completed,DDR-20260618-004,true,2026-06-18T15:41:47Z,2026-06-18T15:41:47Z,2026-06-18T15:41:47Z,PASS,Controlled memory preflight enforcement routed as memory-system project improvement without physics claim authority
DDR-20260618-004,RT-20260618-004,research_control/tasks/RT-20260618-004/DDR-20260618-004.md,project-system-director@0.1.0,existing_role,documentation-curator,0.9.0,AJ-RT-20260618-004-001,completed,DDR-20260618-003,false,2026-06-18T14:31:20Z,2026-06-18T14:31:20Z,2026-06-18T14:31:20Z,PASS,README legacy project link syntax repair routed as Documentation Curator work without physics claim authority
DDR-20260614-064,RT-20260614-064,research_control/tasks/RT-20260614-064/DDR-20260614-064.md,director-of-research@0.2.0,existing_role,theoretical-continuation-selector,0.1.0,AJ-RT-20260614-064-001,completed,DDR-20260614-063,false,2026-06-18T05:13:39Z,2026-06-18T05:13:39Z,2026-06-18T05:13:39Z,PASS,Resp_lc source-extension M_src theoretical selector authorized and completed with source-side AtlasGlue_src^+ primitive construction selected
DDR-20260614-063,RT-20260614-063,research_control/tasks/RT-20260614-063/DDR-20260614-063.md,director-of-research@0.2.0,existing_role,refuter,0.2.0,AJ-RT-20260614-063-001,completed,DDR-20260614-062,false,2026-06-18T04:37:53Z,2026-06-18T04:37:53Z,2026-06-18T04:37:53Z,PASS,Resp_lc source-extension M_src bridge Refuter stress authorized and completed as scoped AtlasGlue_src^+ obstruction with selector next route
DDR-20260614-062,RT-20260614-062,research_control/tasks/RT-20260614-062/DDR-20260614-062.md,director-of-research@0.2.0,existing_role,smuggling-auditor,0.2.0,AJ-RT-20260614-062-001,completed,DDR-20260614-061,false,2026-06-18T04:24:01Z,2026-06-18T04:24:01Z,2026-06-18T04:24:01Z,PASS,Resp_lc source-extension M_src bridge smuggling audit authorized and completed as conditional source-purity pass
DDR-20260614-061,RT-20260614-061,research_control/tasks/RT-20260614-061/DDR-20260614-061.md,director-of-research@0.2.0,existing_role,candidate-constructor,0.2.0,AJ-RT-20260614-061-001,completed,DDR-20260614-060,false,2026-06-18T04:09:32Z,2026-06-18T04:09:32Z,2026-06-18T04:09:32Z,PASS,Resp_lc source-extension M_src bridge attempt authorized after Xi_X^R adoption and completed as local chart germ with AtlasGlue_src^+ missing
DDR-20260618-003,RT-20260618-003,research_control/tasks/RT-20260618-003/DDR-20260618-003.md,project-system-director@0.1.0,task_overlay,memory-system-maintainer,0.1.0,AJ-RT-20260618-003-001,completed,DDR-20260618-002,true,2026-06-18T03:52:01Z,2026-06-18T03:52:01Z,2026-06-18T03:52:01Z,PASS,Legacy ontology snapshot lane routed as memory-system project improvement without physics claim authority
DDR-20260614-060,RT-20260614-060,research_control/tasks/RT-20260614-060/DDR-20260614-060.md,director-of-research@0.2.0,existing_role,gate-chair,0.1.0,AJ-RT-20260614-060-001,completed,DDR-20260614-059,false,2026-06-18T03:11:32Z,2026-06-18T03:11:32Z,2026-06-18T03:11:32Z,PASS,Human-approved Resp_lc source-extension adoption decision for Xi_X^R recorded with downstream claim blocks
DDR-20260614-059,RT-20260614-059,research_control/tasks/RT-20260614-059/DDR-20260614-059.md,director-of-research@0.2.0,existing_role,refuter,0.2.0,AJ-RT-20260614-059-001,completed,DDR-20260614-058,true,2026-06-18T03:02:00Z,2026-06-18T03:02:00Z,2026-06-18T03:02:00Z,PASS,Resp_lc source-extension candidate Refuter stress authorized after smuggling audit and routed to human-gated adoption boundary
DDR-20260614-058,RT-20260614-058,research_control/tasks/RT-20260614-058/DDR-20260614-058.md,director-of-research@0.2.0,existing_role,smuggling-auditor,0.2.0,AJ-RT-20260614-058-001,completed,DDR-20260614-057,false,2026-06-18T02:34:26Z,2026-06-18T02:34:26Z,2026-06-18T02:34:26Z,PASS,Resp_lc source-extension candidate smuggling audit authorized after source-extension candidate handoff
DDR-20260614-057,RT-20260614-057,research_control/tasks/RT-20260614-057/DDR-20260614-057.md,director-of-research@0.2.0,existing_role,ontology-formalizer,0.2.0,AJ-RT-20260614-057-001,completed,DDR-20260614-056,false,2026-06-18T02:22:01Z,2026-06-18T02:22:01Z,2026-06-18T02:22:01Z,PASS,Resp_lc source-extension candidate formalization authorized after selector chose source_extension_candidate
DDR-20260614-056,RT-20260614-056,research_control/tasks/RT-20260614-056/DDR-20260614-056.md,director-of-research@0.2.0,existing_role,theoretical-continuation-selector,0.1.0,AJ-RT-20260614-056-001,completed,DDR-20260614-055,false,2026-06-18T01:58:38Z,2026-06-18T01:58:38Z,2026-06-18T01:58:38Z,PASS,Resp_lc theoretical continuation selector authorized after explicit-tag finite toy route freeze
DDR-20260614-055,RT-20260614-055,research_control/tasks/RT-20260614-055/DDR-20260614-055.md,director-of-research@0.2.0,existing_role,refuter,0.2.0,AJ-RT-20260614-055-001,completed,DDR-20260614-054,false,2026-06-18T01:24:12Z,2026-06-18T01:24:12Z,2026-06-18T01:24:12Z,PASS,Resp_lc finite toy metric-response model Refuter stress authorized after smuggling audit
DDR-20260614-054,RT-20260614-054,research_control/tasks/RT-20260614-054/DDR-20260614-054.md,director-of-research@0.2.0,existing_role,smuggling-auditor,0.2.0,AJ-RT-20260614-054-001,completed,DDR-20260614-053,false,2026-06-18T01:06:20Z,2026-06-18T01:06:20Z,2026-06-18T01:06:20Z,PASS,Resp_lc finite toy metric-response model smuggling audit authorized after finite toy construction
DDR-20260614-053,RT-20260614-053,research_control/tasks/RT-20260614-053/DDR-20260614-053.md,director-of-research@0.2.0,existing_role,candidate-constructor,0.2.0,AJ-RT-20260614-053-001,completed,DDR-20260614-052,false,2026-06-18T00:54:37Z,2026-06-18T00:54:37Z,2026-06-18T00:54:37Z,PASS,Resp_lc finite toy metric-response model construction authorized after selector chose finite_toy_metric_response_model
DDR-20260614-052,RT-20260614-052,research_control/tasks/RT-20260614-052/DDR-20260614-052.md,director-of-research@0.2.0,existing_role,theoretical-continuation-selector,0.1.0,AJ-RT-20260614-052-001,completed,DDR-20260614-051,false,2026-06-17T17:16:02Z,2026-06-17T17:16:02Z,2026-06-17T17:16:02Z,PASS,Resp_lc theoretical continuation selector authorized after no-go theorem stress scoped obstruction
DDR-20260617-003,RT-20260617-003,research_control/tasks/RT-20260617-003/DDR-20260617-003.md,project-system-director@0.1.0,task_overlay,validator-engineer,0.1.0,AJ-RT-20260617-003-001,completed,DDR-20260617-002,true,2026-06-17T15:46:25Z,2026-06-17T15:46:25Z,2026-06-17T16:01:05Z,PASS,GR derivation roadmap control implementation authorized as validator-backed project-system transaction
DDR-20260614-051,RT-20260614-051,research_control/tasks/RT-20260614-051/DDR-20260614-051.md,director-of-research@0.2.0,existing_role,refuter,0.2.0,AJ-RT-20260614-051-001,completed,DDR-20260614-050,false,2026-06-17T06:37:06Z,2026-06-17T06:37:06Z,2026-06-17T06:37:06Z,PASS,Resp_lc source-side selector no-go theorem Refuter stress authorized after scoped no-go theorem packet
DDR-20260614-050,RT-20260614-050,research_control/tasks/RT-20260614-050/DDR-20260614-050.md,director-of-research@0.2.0,existing_role,ontology-formalizer,0.2.0,AJ-RT-20260614-050-001,completed,DDR-20260614-049,false,2026-06-17T06:10:40Z,2026-06-17T06:10:40Z,2026-06-17T06:10:40Z,PASS,Resp_lc source-side selector no-go theorem authorized after scoped no-go packet selection
DDR-20260614-049,RT-20260614-049,research_control/tasks/RT-20260614-049/DDR-20260614-049.md,director-of-research@0.2.0,existing_role,theoretical-continuation-selector,0.1.0,AJ-RT-20260614-049-001,completed,DDR-20260614-048,false,2026-06-17T05:53:09Z,2026-06-17T05:53:09Z,2026-06-17T05:53:09Z,PASS,Resp_lc theoretical continuation selector authorized after selector-instantiation scoped obstruction
DDR-20260614-048,RT-20260614-048,research_control/tasks/RT-20260614-048/DDR-20260614-048.md,director-of-research@0.2.0,existing_role,refuter,0.2.0,AJ-RT-20260614-048-001,completed,DDR-20260614-047,false,2026-06-17T05:40:52Z,2026-06-17T05:40:52Z,2026-06-17T05:40:52Z,PASS,Resp_lc source-side selector instantiation Refuter stress test authorized after selector contract smuggling audit
DDR-20260614-047,RT-20260614-047,research_control/tasks/RT-20260614-047/DDR-20260614-047.md,director-of-research@0.2.0,existing_role,smuggling-auditor,0.2.0,AJ-RT-20260614-047-001,completed,DDR-20260614-046,false,2026-06-17T05:28:00Z,2026-06-17T05:28:00Z,2026-06-17T05:28:00Z,PASS,Resp_lc source-side selector primitive smuggling audit authorized after selector contract packet
DDR-20260614-046,RT-20260614-046,research_control/tasks/RT-20260614-046/DDR-20260614-046.md,director-of-research@0.2.0,existing_role,ontology-formalizer,0.2.0,AJ-RT-20260614-046-001,completed,DDR-20260614-045,false,2026-06-17T05:16:13Z,2026-06-17T05:16:13Z,2026-06-17T05:16:13Z,PASS,Resp_lc source-side selector primitive packet authorized after quotient-burden obstruction
DDR-20260614-045,RT-20260614-045,research_control/tasks/RT-20260614-045/DDR-20260614-045.md,director-of-research@0.2.0,existing_role,ontology-formalizer,0.2.0,AJ-RT-20260614-045-001,completed,DDR-20260614-044,false,2026-06-17T05:04:43Z,2026-06-17T05:04:43Z,2026-06-17T05:04:43Z,PASS,Resp_lc source-side irrelevance theorem test authorized after selector packet selection
DDR-20260614-044,RT-20260614-044,research_control/tasks/RT-20260614-044/DDR-20260614-044.md,director-of-research@0.2.0,existing_role,theoretical-continuation-selector,0.1.0,AJ-RT-20260614-044-001,completed,DDR-20260614-043,false,2026-06-17T04:48:17Z,2026-06-17T04:48:17Z,2026-06-17T04:48:17Z,PASS,Resp_lc theoretical continuation selector authorized after scoped obstruction and future generic pause block
DDR-20260617-002,RT-20260617-002,research_control/tasks/RT-20260617-002/DDR-20260617-002.md,project-system-director@0.1.0,task_overlay,validator-engineer,0.1.0,AJ-RT-20260617-002-001,completed,DDR-20260617-001,true,2026-06-17T04:29:31Z,2026-06-17T04:29:31Z,2026-06-17T04:29:31Z,PASS,Theoretical continuation pause-gate policy authorized as validator-backed project-system transaction
DDR-20260617-001,RT-20260617-001,research_control/tasks/RT-20260617-001/DDR-20260617-001.md,project-system-director@0.1.0,task_overlay,validator-engineer,0.1.0,AJ-RT-20260617-001-001,completed,DDR-20260616-002,true,2026-06-17T04:09:41Z,2026-06-17T04:09:41Z,2026-06-17T04:09:41Z,PASS,Mandatory parent-child continue-research policy authorized as validator-backed project-system transaction
DDR-20260614-043,RT-20260614-043,research_control/tasks/RT-20260614-043/DDR-20260614-043.md,director-of-research@0.2.0,existing_role,refuter,0.2.0,AJ-RT-20260614-043-001,completed,DDR-20260614-042,false,2026-06-17T03:53:15Z,2026-06-17T03:53:15Z,2026-06-17T03:53:15Z,PASS,Resp_lc source-response obstruction theorem Refuter stress test authorized as scoped obstruction pressure with controlled pause recommendation
DDR-20260616-002,RT-20260616-002,research_control/tasks/RT-20260616-002/DDR-20260616-002.md,project-system-director@0.1.0,task_overlay,validator-engineer,0.1.0,AJ-RT-20260616-002-001,completed,,true,2026-06-17T01:23:00Z,2026-06-17T01:23:00Z,2026-06-17T01:23:00Z,PASS,Parent-child research roles implementation authorized as validator-backed project-system transaction
DDR-20260616-003,RT-20260616-003,research_control/tasks/RT-20260616-003/DDR-20260616-003.md,project-system-director@0.1.0,existing_role,documentation-curator,0.7.0,AJ-RT-20260616-003-001,completed,DDR-20260616-002,false,2026-06-17T02:01:37Z,2026-06-17T02:01:37Z,2026-06-17T02:01:37Z,PASS,Parent-child research-role documentation synchronization authorized through Documentation Curator
DDR-20260614-042,RT-20260614-042,research_control/tasks/RT-20260614-042/DDR-20260614-042.md,director-of-research@0.2.0,existing_role,ontology-formalizer,0.2.0,AJ-RT-20260614-042-001,completed,DDR-20260614-041,false,2026-06-17T03:42:04Z,2026-06-17T03:42:04Z,2026-06-17T03:42:04Z,PASS,Resp_lc source-response obstruction theorem authorized as Ontology Formalizer scoped obstruction construction
DDR-20260614-041,RT-20260614-041,research_control/tasks/RT-20260614-041/DDR-20260614-041.md,director-of-research@0.2.0,existing_role,candidate-constructor,0.2.0,AJ-RT-20260614-041-001,completed,DDR-20260614-040,false,2026-06-17T02:14:43Z,2026-06-17T02:14:43Z,2026-06-17T02:14:43Z,PASS,Metric-response-law bridge attempt authorized as Candidate Constructor missing-primitive construction
DDR-20260614-040,RT-20260614-040,research_control/tasks/RT-20260614-040/DDR-20260614-040.md,director-of-research@0.2.0,existing_role,refuter,0.2.0,AJ-RT-20260614-040-001,completed,DDR-20260614-039,false,2026-06-17T00:46:41Z,2026-06-17T00:46:41Z,2026-06-17T00:46:41Z,PASS,Exact-branch source observer-readout bridge map Refuter stress test authorized as bridge-facing candidate path classification
DDR-20260614-039,RT-20260614-039,research_control/tasks/RT-20260614-039/DDR-20260614-039.md,director-of-research@0.2.0,existing_role,smuggling-auditor,0.2.0,AJ-RT-20260614-039-001,completed,DDR-20260614-038,false,2026-06-17T00:24:14Z,2026-06-17T00:24:14Z,2026-06-17T00:24:14Z,PASS,Exact-branch source observer-readout bridge map Smuggling Auditor review authorized as source purity and bridge-ladder audit
DDR-20260614-038,RT-20260614-038,research_control/tasks/RT-20260614-038/DDR-20260614-038.md,director-of-research@0.2.0,existing_role,candidate-constructor,0.2.0,AJ-RT-20260614-038-001,completed,DDR-20260614-037,false,2026-06-16T23:14:27Z,2026-06-16T23:14:27Z,2026-06-16T23:14:27Z,PASS,Audited ObsLoc_lc observer-readout bridge attempt authorized as exact source candidate map with metric law missing
DDR-20260614-037,RT-20260614-037,research_control/tasks/RT-20260614-037/DDR-20260614-037.md,director-of-research@0.2.0,existing_role,smuggling-auditor,0.2.0,AJ-RT-20260614-037-001,completed,DDR-20260614-036,false,2026-06-16T22:51:50Z,2026-06-16T22:51:50Z,2026-06-16T22:51:50Z,PASS,ObsLoc_lc concrete witness Smuggling Auditor review authorized as exact branch source purity audit
DDR-20260614-036,RT-20260614-036,research_control/tasks/RT-20260614-036/DDR-20260614-036.md,director-of-research@0.2.0,existing_role,ontology-formalizer,0.2.0,AJ-RT-20260614-036-001,completed,DDR-20260614-035,false,2026-06-16T22:14:21Z,2026-06-16T22:14:21Z,2026-06-16T22:14:21Z,PASS,ObsLoc_lc concrete witness construction authorized as local exact source soldering rule with relaxed transport obstruction
DDR-20260614-035,RT-20260614-035,research_control/tasks/RT-20260614-035/DDR-20260614-035.md,director-of-research@0.2.0,existing_role,candidate-constructor,0.2.0,AJ-RT-20260614-035-001,completed,DDR-20260614-034,false,2026-06-16T20:18:09Z,2026-06-16T20:18:09Z,2026-06-16T20:18:09Z,PASS,Observer-readout bridge attempt authorized as missing ObsLoc_lc primitive test
DDR-20260616-001,RT-20260616-001,research_control/tasks/RT-20260616-001/DDR-20260616-001.md,project-system-director@0.1.0,task_overlay,validator-engineer,0.1.0,AJ-RT-20260616-001-001,completed,,true,2026-06-16T19:20:00Z,2026-06-16T19:20:00Z,2026-06-16T19:20:00Z,PASS,Bridge-or-fail loop-control implementation authorized as validator-backed project-system transaction
DDR-20260614-034,RT-20260614-034,research_control/tasks/RT-20260614-034/DDR-20260614-034.md,director-of-research@0.2.0,existing_role,refuter,0.2.0,AJ-RT-20260614-034-001,completed,DDR-20260614-033,false,2026-06-16T19:50:34Z,2026-06-16T19:50:34Z,2026-06-16T19:50:34Z,PASS,EqSrc ledger-complete source-family generator finite-variation repair-or-controlled-pause packet Refuter stress test authorized as repeated unmet burdens with controlled pause
DDR-20260614-033,RT-20260614-033,research_control/tasks/RT-20260614-033/DDR-20260614-033.md,director-of-research@0.1.0,existing_role,smuggling-auditor,0.1.0,AJ-RT-20260614-033-001,completed,DDR-20260614-032,false,2026-06-16T04:12:11Z,2026-06-16T04:12:11Z,2026-06-16T04:12:11Z,PASS,EqSrc ledger-complete source-family generator finite-variation repair-or-controlled-pause packet Smuggling Auditor review authorized as local conditional pass with Refuter stress required
DDR-20260614-032,RT-20260614-032,research_control/tasks/RT-20260614-032/DDR-20260614-032.md,director-of-research@0.1.0,existing_role,ontology-formalizer,0.1.0,AJ-RT-20260614-032-001,completed,DDR-20260614-031,false,2026-06-16T04:00:25Z,2026-06-16T04:00:25Z,2026-06-16T04:00:25Z,PASS,EqSrc ledger-complete source-family generator finite-variation repair-or-controlled-pause packet authorized as conservative source-side repair interface with unsupplied concrete witness burdens
DDR-20260614-031,RT-20260614-031,research_control/tasks/RT-20260614-031/DDR-20260614-031.md,director-of-research@0.1.0,existing_role,refuter,0.1.0,AJ-RT-20260614-031-001,completed,DDR-20260614-030,false,2026-06-16T03:49:04Z,2026-06-16T03:49:04Z,2026-06-16T03:49:04Z,PASS,EqSrc ledger-complete source-family generator finite-variation robustness and readout-discriminant obligation packet Refuter stress test authorized as obligation-interface retention with repair burdens
DDR-20260614-030,RT-20260614-030,research_control/tasks/RT-20260614-030/DDR-20260614-030.md,director-of-research@0.1.0,existing_role,smuggling-auditor,0.1.0,AJ-RT-20260614-030-001,completed,DDR-20260614-029,false,2026-06-16T03:37:50Z,2026-06-16T03:37:50Z,2026-06-16T03:37:50Z,PASS,EqSrc ledger-complete source-family generator finite-variation robustness and readout-discriminant obligation packet Smuggling Auditor review authorized as local conditional pass with Refuter stress required
DDR-20260614-029,RT-20260614-029,research_control/tasks/RT-20260614-029/DDR-20260614-029.md,director-of-research@0.1.0,existing_role,ontology-formalizer,0.1.0,AJ-RT-20260614-029-001,completed,DDR-20260614-028,false,2026-06-16T03:25:49Z,2026-06-16T03:25:49Z,2026-06-16T03:25:49Z,PASS,EqSrc ledger-complete source-family generator finite-variation robustness and readout-discriminant obligation packet authorized as source-side obligation suite with controlled pause
DDR-20260614-028,RT-20260614-028,research_control/tasks/RT-20260614-028/DDR-20260614-028.md,director-of-research@0.1.0,existing_role,refuter,0.1.0,AJ-RT-20260614-028-001,completed,DDR-20260614-027,false,2026-06-16T03:10:03Z,2026-06-16T03:10:03Z,2026-06-16T03:10:03Z,PASS,EqSrc ledger-complete source-family generator finite example and readout witness Refuter stress test authorized as local witness retention with robustness pause
DDR-20260614-027,RT-20260614-027,research_control/tasks/RT-20260614-027/DDR-20260614-027.md,director-of-research@0.1.0,existing_role,smuggling-auditor,0.1.0,AJ-RT-20260614-027-001,completed,DDR-20260614-026,false,2026-06-16T02:41:42Z,2026-06-16T02:41:42Z,2026-06-16T02:41:42Z,PASS,EqSrc ledger-complete source-family generator finite example and readout witness Smuggling Auditor review authorized as local conditional pass with Refuter stress required
DDR-20260614-026,RT-20260614-026,research_control/tasks/RT-20260614-026/DDR-20260614-026.md,director-of-research@0.1.0,existing_role,ontology-formalizer,0.1.0,AJ-RT-20260614-026-001,completed,DDR-20260614-025,false,2026-06-16T01:04:53Z,2026-06-16T01:04:53Z,2026-06-16T01:04:53Z,PASS,EqSrc ledger-complete source-family generator finite example and readout witness packet authorized as local source readout invariance with audit required
DDR-20260614-025,RT-20260614-025,research_control/tasks/RT-20260614-025/DDR-20260614-025.md,director-of-research@0.1.0,existing_role,refuter,0.1.0,AJ-RT-20260614-025-001,completed,DDR-20260614-024,false,2026-06-16T00:07:37Z,2026-06-16T00:07:37Z,2026-06-16T00:07:37Z,PASS,EqSrc ledger-complete source-family generator packet pre-bridge adequacy Refuter stress test authorized as control-object retention with scientific adequacy pause
DDR-20260614-024,RT-20260614-024,research_control/tasks/RT-20260614-024/DDR-20260614-024.md,director-of-research@0.1.0,existing_role,smuggling-auditor,0.1.0,AJ-RT-20260614-024-001,completed,DDR-20260614-023,false,2026-06-15T23:57:13Z,2026-06-15T23:57:13Z,2026-06-15T23:57:13Z,PASS,EqSrc ledger-complete source-family generator packet pre-bridge adequacy Smuggling Auditor review authorized as local conditional pass with Refuter stress required
DDR-20260614-023,RT-20260614-023,research_control/tasks/RT-20260614-023/DDR-20260614-023.md,director-of-research@0.1.0,existing_role,ontology-formalizer,0.1.0,AJ-RT-20260614-023-001,completed,DDR-20260614-022,false,2026-06-15T23:01:43Z,2026-06-15T23:01:43Z,2026-06-15T23:01:43Z,PASS,EqSrc ledger-complete source-family generator packet pre-bridge adequacy authorized as finite adequacy boundary with bridge blocks
DDR-20260614-022,RT-20260614-022,research_control/tasks/RT-20260614-022/DDR-20260614-022.md,director-of-research@0.1.0,existing_role,refuter,0.1.0,AJ-RT-20260614-022-001,completed,DDR-20260614-021,false,2026-06-15T19:31:44Z,2026-06-15T19:31:44Z,2026-06-15T19:31:44Z,PASS,EqSrc ledger-complete source-family generator packet Refuter stress test authorized as local formal retention with scientific adequacy controlled pause
DDR-20260614-021,RT-20260614-021,research_control/tasks/RT-20260614-021/DDR-20260614-021.md,director-of-research@0.1.0,existing_role,smuggling-auditor,0.1.0,AJ-RT-20260614-021-001,completed,DDR-20260614-020,false,2026-06-15T15:58:40Z,2026-06-15T15:58:40Z,2026-06-15T15:58:40Z,PASS,EqSrc ledger-complete source-family generator packet smuggling audit authorized as local conditional pass with general blocks
DDR-20260614-020,RT-20260614-020,research_control/tasks/RT-20260614-020/DDR-20260614-020.md,director-of-research@0.1.0,task_overlay,ontology-formalizer,0.1.0,AJ-RT-20260614-020-001,completed,DDR-20260614-019,false,2026-06-15T04:24:53Z,2026-06-15T04:24:53Z,2026-06-15T04:24:53Z,PASS,EqSrc ledger-complete source-family generator packet authorized as draft control evidence without general promotion
DDR-20260614-019,RT-20260614-019,research_control/tasks/RT-20260614-019/DDR-20260614-019.md,director-of-research@0.1.0,existing_role,ontology-formalizer,0.1.0,AJ-RT-20260614-019-001,completed,DDR-20260614-018,false,2026-06-15T04:08:10Z,2026-06-15T04:08:10Z,2026-06-15T04:08:10Z,PASS,EqSrc tri-family obstruction packet authorized as controlled pause without general promotion
DDR-20260614-018,RT-20260614-018,research_control/tasks/RT-20260614-018/DDR-20260614-018.md,director-of-research@0.1.0,existing_role,refuter,0.1.0,AJ-RT-20260614-018-001,completed,DDR-20260614-017,false,2026-06-15T03:43:53Z,2026-06-15T03:43:53Z,2026-06-15T03:43:53Z,PASS,EqSrc alternative branch-family guard-stability source packet Refuter stress test authorized without general promotion
DDR-20260614-017,RT-20260614-017,research_control/tasks/RT-20260614-017/DDR-20260614-017.md,director-of-research@0.1.0,existing_role,smuggling-auditor,0.1.0,AJ-RT-20260614-017-001,completed,DDR-20260614-016,false,2026-06-15T03:25:46Z,2026-06-15T03:25:46Z,2026-06-15T03:25:46Z,PASS,EqSrc alternative branch-family guard-stability source packet smuggling audit authorized without general promotion
DDR-20260614-016,RT-20260614-016,research_control/tasks/RT-20260614-016/DDR-20260614-016.md,director-of-research@0.1.0,task_overlay,ontology-formalizer,0.1.0,AJ-RT-20260614-016-001,completed,DDR-20260614-015,false,2026-06-15T03:12:25Z,2026-06-15T03:12:25Z,2026-06-15T03:12:25Z,PASS,EqSrc alternative branch-family guard-stability source packet authorized as local draft control evidence without general promotion
DDR-20260614-015,RT-20260614-015,research_control/tasks/RT-20260614-015/DDR-20260614-015.md,director-of-research@0.1.0,existing_role,ontology-formalizer,0.1.0,AJ-RT-20260614-015-001,completed,DDR-20260614-014,false,2026-06-15T02:57:40Z,2026-06-15T02:57:40Z,2026-06-15T02:57:40Z,PASS,EqSrc branch-refinement extension obstruction packet authorized as controlled pause without general promotion
DDR-20260614-014,RT-20260614-014,research_control/tasks/RT-20260614-014/DDR-20260614-014.md,director-of-research@0.1.0,existing_role,refuter,0.1.0,AJ-RT-20260614-014-001,completed,DDR-20260614-013,false,2026-06-15T02:30:01Z,2026-06-15T02:30:01Z,2026-06-15T02:30:01Z,PASS,EqSrc branch-refinement extension datum Refuter stress test authorized without general promotion
DDR-20260614-013,RT-20260614-013,research_control/tasks/RT-20260614-013/DDR-20260614-013.md,director-of-research@0.1.0,existing_role,smuggling-auditor,0.1.0,AJ-RT-20260614-013-001,completed,DDR-20260614-012,false,2026-06-15T01:31:07Z,2026-06-15T01:31:07Z,2026-06-15T01:31:07Z,PASS,EqSrc branch-refinement extension datum smuggling audit authorized as local conditional pass without general promotion
DDR-20260614-012,RT-20260614-012,research_control/tasks/RT-20260614-012/DDR-20260614-012.md,director-of-research@0.1.0,task_overlay,ontology-formalizer,0.1.0,AJ-RT-20260614-012-001,completed,DDR-20260614-011,false,2026-06-15T01:09:22Z,2026-06-15T01:09:22Z,2026-06-15T01:09:22Z,PASS,EqSrc branch-refinement extension datum authorized as local draft control evidence without general promotion
DDR-20260614-011,RT-20260614-011,research_control/tasks/RT-20260614-011/DDR-20260614-011.md,director-of-research@0.1.0,existing_role,ontology-formalizer,0.1.0,AJ-RT-20260614-011-001,completed,DDR-20260614-010,false,2026-06-15T00:56:02Z,2026-06-15T00:56:02Z,2026-06-15T00:56:02Z,PASS,EqSrc non-orbit refinement-family extension obstruction packet authorized as controlled pause without general promotion
DDR-20260614-010,RT-20260614-010,research_control/tasks/RT-20260614-010/DDR-20260614-010.md,director-of-research@0.1.0,existing_role,refuter,0.1.0,AJ-RT-20260614-010-001,completed,DDR-20260614-009,false,2026-06-15T00:45:15Z,2026-06-15T00:45:15Z,2026-06-15T00:45:15Z,PASS,EqSrc non-orbit refinement-family datum Refuter stress test authorized without general promotion
DDR-20260614-009,RT-20260614-009,research_control/tasks/RT-20260614-009/DDR-20260614-009.md,director-of-research@0.1.0,existing_role,smuggling-auditor,0.1.0,AJ-RT-20260614-009-001,completed,DDR-20260614-007,false,2026-06-15T00:32:01Z,2026-06-15T00:32:01Z,2026-06-15T00:32:01Z,PASS,EqSrc non-orbit refinement-family datum smuggling audit authorized as local conditional pass without general promotion
DDR-20260614-008,RT-20260614-008,research_control/tasks/RT-20260614-008/DDR-20260614-008.md,project-system-director@0.1.0,task_overlay,project-control-maintainer,0.1.0,AJ-RT-20260614-008-001,completed,DDR-20260614-007,false,2026-06-15T00:18:46Z,2026-06-15T00:18:46Z,2026-06-15T00:18:46Z,PASS,Novel datum acquisition routing contract authorized without physics claim authority
DDR-20260614-007,RT-20260614-007,research_control/tasks/RT-20260614-007/DDR-20260614-007.md,director-of-research@0.1.0,task_overlay,ontology-formalizer,0.1.0,AJ-RT-20260614-007-001,completed,DDR-20260614-006,false,2026-06-15T00:11:35Z,2026-06-15T00:11:35Z,2026-06-15T00:11:35Z,PASS,EqSrc non-orbit refinement-family datum construction authorized as draft control evidence without general promotion
DDR-20260614-006,RT-20260614-006,research_control/tasks/RT-20260614-006/DDR-20260614-006.md,director-of-research@0.1.0,existing_role,ontology-formalizer,0.1.0,AJ-RT-20260614-006-001,completed,DDR-20260614-005,false,2026-06-14T23:53:22Z,2026-06-14T23:53:22Z,2026-06-14T23:53:22Z,PASS,EqSrc non-orbit source-object family obligation packet authorized as controlled pause without general promotion
DDR-20260614-005,RT-20260614-005,research_control/tasks/RT-20260614-005/DDR-20260614-005.md,director-of-research@0.1.0,existing_role,smuggling-auditor,0.1.0,AJ-RT-20260614-005-001,completed,DDR-20260614-004,false,2026-06-14T22:56:27Z,2026-06-14T22:56:27Z,2026-06-14T22:56:27Z,PASS,EqSrc relabeling-orbit source-family packet smuggling audit authorized as local conditional pass without general promotion
DDR-20260614-004,RT-20260614-004,research_control/tasks/RT-20260614-004/DDR-20260614-004.md,director-of-research@0.1.0,existing_role,ontology-formalizer,0.1.0,AJ-RT-20260614-004-001,completed,DDR-20260614-003,false,2026-06-14T22:42:48Z,2026-06-14T22:42:48Z,2026-06-14T22:42:48Z,PASS,EqSrc relabeling-orbit source-family packet authorized as orbit-local evidence without general promotion
DDR-20260614-003,RT-20260614-003,research_control/tasks/RT-20260614-003/DDR-20260614-003.md,director-of-research@0.1.0,existing_role,ontology-formalizer,0.1.0,AJ-RT-20260614-003-001,completed,DDR-20260614-002,false,2026-06-14T04:47:07Z,2026-06-14T04:47:07Z,2026-06-14T04:47:07Z,PASS,EqSrc relabeling-orbit obstruction packet authorized as controlled pause without promotion
DDR-20260614-002,RT-20260614-002,research_control/tasks/RT-20260614-002/DDR-20260614-002.md,director-of-research@0.1.0,existing_role,refuter,0.1.0,AJ-RT-20260614-002-001,completed,DDR-20260613-027,false,2026-06-14T04:37:19Z,2026-06-14T04:37:19Z,2026-06-14T04:37:19Z,PASS,Local EqSrc source-relabeling isomorphism datum Refuter stress test authorized without promotion
DDR-20260614-001,RT-20260614-001,research_control/tasks/RT-20260614-001/DDR-20260614-001.md,project-system-director@0.1.0,task_overlay,project-control-maintainer,0.1.0,AJ-RT-20260614-001-001,completed,DDR-20260613-002,false,2026-06-14T03:56:10Z,2026-06-14T03:56:10Z,2026-06-14T03:56:10Z,PASS,GitHub-facing reader explainer contract authorized as Project-Control Maintainer overlay with documentation-curator-style explanatory Markdown permission
DDR-20260613-027,RT-20260613-027,research_control/tasks/RT-20260613-027/DDR-20260613-027.md,director-of-research@0.1.0,existing_role,smuggling-auditor,0.1.0,AJ-RT-20260613-027-001,completed,DDR-20260613-026,false,2026-06-14T02:55:49Z,2026-06-14T02:55:49Z,2026-06-14T02:55:49Z,PASS,Local EqSrc source-relabeling isomorphism datum smuggling audit authorized without promotion
DDR-20260613-026,RT-20260613-026,research_control/tasks/RT-20260613-026/DDR-20260613-026.md,director-of-research@0.1.0,existing_role,ontology-formalizer,0.1.0,AJ-RT-20260613-026-001,completed,DDR-20260613-025,false,2026-06-14T02:43:17Z,2026-06-14T02:43:17Z,2026-06-14T02:43:17Z,PASS,Local EqSrc source-relabeling isomorphism datum authorized without promotion
DDR-20260613-025,RT-20260613-025,research_control/tasks/RT-20260613-025/DDR-20260613-025.md,director-of-research@0.1.0,existing_role,ontology-formalizer,0.1.0,AJ-RT-20260613-025-001,completed,DDR-20260613-024,false,2026-06-14T02:18:18Z,2026-06-14T02:18:18Z,2026-06-14T02:18:18Z,PASS,EqSrc source-equivalence obligation packet authorized as controlled pause without promotion
DDR-20260613-024,RT-20260613-024,research_control/tasks/RT-20260613-024/DDR-20260613-024.md,director-of-research@0.1.0,existing_role,refuter,0.1.0,AJ-RT-20260613-024-001,completed,DDR-20260613-023,false,2026-06-14T01:55:35Z,2026-06-14T01:55:35Z,2026-06-14T01:55:35Z,PASS,NoTarget source-syntax benchmark-independence and proxy-variation stress test authorized without promotion
DDR-20260613-023,RT-20260613-023,research_control/tasks/RT-20260613-023/DDR-20260613-023.md,director-of-research@0.1.0,existing_role,ontology-formalizer,0.1.0,AJ-RT-20260613-023-001,completed,DDR-20260613-022,false,2026-06-13T23:38:59Z,2026-06-13T23:38:59Z,2026-06-13T23:38:59Z,PASS,NoTarget source-syntax theorem retry authorized without promotion
DDR-20260613-022,RT-20260613-022,research_control/tasks/RT-20260613-022/DDR-20260613-022.md,director-of-research@0.1.0,existing_role,smuggling-auditor,0.1.0,AJ-RT-20260613-022-001,completed,DDR-20260613-021,false,2026-06-13T22:11:41Z,2026-06-13T22:11:41Z,2026-06-13T22:11:41Z,PASS,NoTarget source-registered freeze manifest smuggling audit authorized without promotion
DDR-20260613-021,RT-20260613-021,research_control/tasks/RT-20260613-021/DDR-20260613-021.md,director-of-research@0.1.0,existing_role,ontology-formalizer,0.1.0,AJ-RT-20260613-021-001,completed,DDR-20260613-020,false,2026-06-13T21:54:45Z,2026-06-13T21:54:45Z,2026-06-13T22:02:32Z,PASS,Human-authorized NoTarget source-registered freeze manifest completed without promotion
DDR-20260613-020,RT-20260613-020,research_control/tasks/RT-20260613-020/DDR-20260613-020.md,director-of-research@0.1.0,existing_role,ontology-formalizer,0.1.0,AJ-RT-20260613-020-001,completed,DDR-20260613-019,false,2026-06-13T21:22:29Z,2026-06-13T21:22:29Z,2026-06-13T21:22:29Z,PASS,NoTarget source-freeze inventory and annotation influence packet attempt authorized without promotion and reached controlled pause
DDR-20260613-019,RT-20260613-019,research_control/tasks/RT-20260613-019/DDR-20260613-019.md,director-of-research@0.1.0,existing_role,ontology-formalizer,0.1.0,AJ-RT-20260613-019-001,completed,DDR-20260613-018,false,2026-06-13T20:36:25Z,2026-06-13T20:36:25Z,2026-06-13T20:36:25Z,PASS,NoTarget source-syntax theorem attempt authorized without promotion and reached controlled pause
DDR-20260613-018,RT-20260613-018,research_control/tasks/RT-20260613-018/DDR-20260613-018.md,director-of-research@0.1.0,existing_role,smuggling-auditor,0.1.0,AJ-RT-20260613-018-001,completed,DDR-20260613-017,false,2026-06-13T20:19:48Z,2026-06-13T20:19:48Z,2026-06-13T20:19:48Z,PASS,NoTarget source-syntax repair-target smuggling audit authorized without promotion
DDR-20260613-017,RT-20260613-017,research_control/tasks/RT-20260613-017/DDR-20260613-017.md,director-of-research@0.1.0,existing_role,ontology-formalizer,0.1.0,AJ-RT-20260613-017-001,completed,DDR-20260613-016,false,2026-06-13T20:04:51Z,2026-06-13T20:04:51Z,2026-06-13T20:04:51Z,PASS,NoTarget source-syntax repair-target packet authorized without promotion
DDR-20260613-016,RT-20260613-016,research_control/tasks/RT-20260613-016/DDR-20260613-016.md,director-of-research@0.1.0,existing_role,refuter,0.1.0,AJ-RT-20260613-016-001,completed,DDR-20260613-015,false,2026-06-13T19:51:37Z,2026-06-13T19:51:37Z,2026-06-13T19:51:37Z,PASS,Ledger-generation ontology-expansion proposal conservativity and benchmark-independence refutation authorized without promotion
DDR-20260613-015,RT-20260613-015,research_control/tasks/RT-20260613-015/DDR-20260613-015.md,director-of-research@0.1.0,existing_role,smuggling-auditor,0.1.0,AJ-RT-20260613-015-001,completed,DDR-20260613-010,false,2026-06-13T19:28:55Z,2026-06-13T19:28:55Z,2026-06-13T19:28:55Z,PASS,Ledger-generation ontology-expansion proposal smuggling audit authorized without promotion
DDR-20260613-014,RT-20260613-014,research_control/tasks/RT-20260613-014/DDR-20260613-014.md,project-system-director@0.1.0,existing_role,documentation-curator,0.7.0,AJ-RT-20260613-014-001,completed,,false,2026-06-13T19:04:45Z,2026-06-13T19:04:45Z,2026-06-13T19:04:45Z,PASS,README Mermaid benchmark-node route-clarity repair authorized without physics claim authority
DDR-20260613-013,RT-20260613-013,research_control/tasks/RT-20260613-013/DDR-20260613-013.md,project-system-director@0.1.0,existing_role,documentation-curator,0.7.0,AJ-RT-20260613-013-001,completed,,false,2026-06-13T18:45:29Z,2026-06-13T18:45:29Z,2026-06-13T18:45:29Z,PASS,README Mermaid route-clarity repair authorized without physics claim authority
DDR-20260613-012,RT-20260613-012,research_control/tasks/RT-20260613-012/DDR-20260613-012.md,project-system-director@0.1.0,existing_role,documentation-curator,0.7.0,AJ-RT-20260613-012-001,completed,,false,2026-06-13T18:02:26Z,2026-06-13T18:02:26Z,2026-06-13T18:02:26Z,PASS,Mermaid label wrapping repair authorized without physics claim authority
DDR-20260613-011,RT-20260613-011,research_control/tasks/RT-20260613-011/DDR-20260613-011.md,project-system-director@0.1.0,task_overlay,project-control-maintainer,0.1.0,AJ-RT-20260613-011-001,completed,,true,2026-06-13T17:31:36Z,2026-06-13T17:31:36Z,2026-06-13T17:31:36Z,PASS,User-modified project integration skill authorized without physics claim authority
DDR-20260613-010,RT-20260613-010,research_control/tasks/RT-20260613-010/DDR-20260613-010.md,director-of-research@0.1.0,existing_role,ontology-formalizer,0.1.0,AJ-RT-20260613-010-001,completed,DDR-20260613-009,true,2026-06-13T16:15:23Z,2026-06-13T16:15:23Z,2026-06-13T16:15:23Z,PASS,Ledger-generation ontology-expansion proposal human-authorized without adoption or promotion
DDR-20260613-009,RT-20260613-009,research_control/tasks/RT-20260613-009/DDR-20260613-009.md,director-of-research@0.1.0,existing_role,ontology-formalizer,0.1.0,AJ-RT-20260613-009-001,completed,DDR-20260613-008,false,2026-06-13T15:51:30Z,2026-06-13T15:51:30Z,2026-06-13T15:51:30Z,PASS,Ledger provenance theorem attempt authorized without promotion and reached controlled pause
DDR-20260613-008,RT-20260613-008,research_control/tasks/RT-20260613-008/DDR-20260613-008.md,director-of-research@0.1.0,existing_role,refuter,0.1.0,AJ-RT-20260613-008-001,completed,DDR-20260613-007,false,2026-06-13T14:06:34Z,2026-06-13T14:06:34Z,2026-06-13T14:06:34Z,PASS,Source forcing discharge protocol benchmark-independence refutation authorized without promotion
DDR-20260613-007,RT-20260613-007,research_control/tasks/RT-20260613-007/DDR-20260613-007.md,director-of-research@0.1.0,existing_role,smuggling-auditor,0.1.0,AJ-RT-20260613-007-001,completed,DDR-20260613-006,false,2026-06-13T13:53:55Z,2026-06-13T13:53:55Z,2026-06-13T13:53:55Z,PASS,Source forcing discharge protocol smuggling audit authorized without promotion
DDR-20260613-006,RT-20260613-006,research_control/tasks/RT-20260613-006/DDR-20260613-006.md,director-of-research@0.1.0,existing_role,ontology-formalizer,0.1.0,AJ-RT-20260613-006-001,completed,DDR-20260613-005,false,2026-06-13T13:31:39Z,2026-06-13T13:31:39Z,2026-06-13T13:31:39Z,PASS,Source forcing discharge protocol authorized without promotion
DDR-20260613-005,RT-20260613-005,research_control/tasks/RT-20260613-005/DDR-20260613-005.md,director-of-research@0.1.0,existing_role,smuggling-auditor,0.1.0,AJ-RT-20260613-005-001,completed,DDR-20260613-004,false,2026-06-13T13:03:40Z,2026-06-13T13:03:40Z,2026-06-13T13:03:40Z,PASS,Source forcing obligation smuggling audit authorized without promotion
DDR-20260613-004,RT-20260613-004,research_control/tasks/RT-20260613-004/DDR-20260613-004.md,director-of-research@0.1.0,existing_role,ontology-formalizer,0.1.0,AJ-RT-20260613-004-001,completed,DDR-20260611-006,false,2026-06-13T12:46:21Z,2026-06-13T12:46:21Z,2026-06-13T12:46:21Z,PASS,Source forcing obligation packet authorized without promotion
DDR-20260613-003,RT-20260613-003,research_control/tasks/RT-20260613-003/DDR-20260613-003.md,project-system-director@0.1.0,existing_role,validator-engineer,0.1.0,AJ-RT-20260613-003-001,completed,DDR-20260613-002,false,2026-06-13T03:22:30Z,2026-06-13T03:22:30Z,2026-06-13T03:22:30Z,PASS,Documentation surface audit tooling authorized and completed without physics claim authority
DDR-20260613-002,RT-20260613-002,research_control/tasks/RT-20260613-002/DDR-20260613-002.md,project-system-director@0.1.0,task_overlay,project-control-maintainer,0.1.0,AJ-RT-20260613-002-001,completed,DDR-20260613-001,true,2026-06-13T02:40:38Z,2026-06-13T02:40:38Z,2026-06-13T02:40:38Z,PASS,GitHub-facing root Markdown mirror correction completed without physics claim authority
DDR-20260613-001,RT-20260613-001,research_control/tasks/RT-20260613-001/DDR-20260613-001.md,project-system-director@0.1.0,task_overlay,project-control-maintainer,0.1.0,AJ-RT-20260613-001-001,completed,DDR-20260612-007,true,2026-06-13T01:42:25Z,2026-06-13T01:42:25Z,2026-06-13T01:42:25Z,PASS,GitHub-facing Markdown documentation layer completed without physics claim authority
DDR-20260611-006,RT-20260611-006,research_control/tasks/RT-20260611-006/DDR-20260611-006.md,director-of-research@0.1.0,existing_role,refuter,0.1.0,AJ-RT-20260611-006-001,completed,,false,2026-06-11T03:40:07Z,2026-06-11T03:40:07Z,2026-06-11T03:40:07Z,PASS,Source basis axiom selector-domain finite-variation benchmark-independence refutation authorized without promotion
DDR-20260608-023,RT-20260608-023,research_control/tasks/RT-20260608-023/DDR-20260608-023.md,director-of-research@0.1.0,existing_role,smuggling-auditor,0.1.0,AJ-RT-20260608-023-001,completed,,false,2026-06-10T16:21:25Z,2026-06-10T16:21:25Z,2026-06-10T16:21:25Z,PASS,Source basis axiom selector-domain finite-variation smuggling audit authorized without promotion
DDR-20260608-022,RT-20260608-022,research_control/tasks/RT-20260608-022/DDR-20260608-022.md,director-of-research@0.1.0,existing_role,ontology-formalizer,0.1.0,AJ-RT-20260608-022-001,completed,,false,2026-06-10T05:42:24Z,2026-06-10T05:42:24Z,2026-06-10T05:42:24Z,PASS,Source basis axiom selector-domain finite-variation repair packet authorized without promotion
DDR-20260608-001,RT-20260608-001,research_control/tasks/RT-20260608-001/DDR-20260608-001.md,director-of-research@0.1.0,provisional_role,control-spine-bootstrapper,provisional_one_job,AJ-RT-20260608-001-001,completed,,false,2026-06-08T00:00:00Z,2026-06-08T00:00:00Z,2026-06-08T00:00:00Z,PASS,Non-promotional bootstrap authorized by grill design decisions
DDR-20260608-002,RT-20260608-002,research_control/tasks/RT-20260608-002/DDR-20260608-002.md,director-of-research@0.1.0,existing_role,ontology-formalizer,0.1.0,AJ-RT-20260608-002-001,completed,,false,2026-06-08T22:03:50Z,2026-06-08T22:03:50Z,2026-06-08T22:03:50Z,PASS,Gate 0 formalization authorized without promotion
DDR-20260608-003,RT-20260608-003,research_control/tasks/RT-20260608-003/DDR-20260608-003.md,director-of-research@0.1.0,existing_role,candidate-constructor,0.1.0,AJ-RT-20260608-003-001,completed,,false,2026-06-08T22:17:47Z,2026-06-08T22:17:47Z,2026-06-08T22:17:47Z,PASS,Candidate localization packet authorized without promotion
DDR-20260608-004,RT-20260608-004,research_control/tasks/RT-20260608-004/DDR-20260608-004.md,director-of-research@0.1.0,existing_role,smuggling-auditor,0.1.0,AJ-RT-20260608-004-001,completed,,false,2026-06-08T23:41:47Z,2026-06-08T23:41:47Z,2026-06-08T23:41:47Z,PASS,Localization packet smuggling audit authorized without promotion
DDR-20260608-005,RT-20260608-005,research_control/tasks/RT-20260608-005/DDR-20260608-005.md,director-of-research@0.1.0,existing_role,candidate-constructor,0.1.0,AJ-RT-20260608-005-001,completed,,false,2026-06-08T23:53:45Z,2026-06-08T23:53:45Z,2026-06-08T23:53:45Z,PASS,Source-only localization repair authorized without promotion
DDR-20260608-006,RT-20260608-006,research_control/tasks/RT-20260608-006/DDR-20260608-006.md,director-of-research@0.1.0,existing_role,refuter,0.1.0,AJ-RT-20260608-006-001,completed,,false,2026-06-09T00:04:12Z,2026-06-09T00:04:12Z,2026-06-09T00:04:12Z,PASS,Localization repair refutation authorized without promotion
DDR-20260608-007,RT-20260608-007,research_control/tasks/RT-20260608-007/DDR-20260608-007.md,director-of-research@0.1.0,existing_role,ontology-formalizer,0.1.0,AJ-RT-20260608-007-001,completed,,false,2026-06-09T00:14:36Z,2026-06-09T00:14:36Z,2026-06-09T00:14:36Z,PASS,Source basis formalization authorized without promotion
DDR-20260608-008,RT-20260608-008,research_control/tasks/RT-20260608-008/DDR-20260608-008.md,director-of-research@0.1.0,existing_role,smuggling-auditor,0.1.0,AJ-RT-20260608-008-001,completed,,false,2026-06-09T00:22:21Z,2026-06-09T00:22:21Z,2026-06-09T00:22:21Z,PASS,Source basis smuggling audit authorized without promotion
DDR-20260608-009,RT-20260608-009,research_control/tasks/RT-20260608-009/DDR-20260608-009.md,director-of-research@0.1.0,existing_role,refuter,0.1.0,AJ-RT-20260608-009-001,completed,,false,2026-06-09T00:36:03Z,2026-06-09T00:36:03Z,2026-06-09T00:36:03Z,PASS,Source basis conservativity refutation authorized without promotion
DDR-20260608-010,RT-20260608-010,research_control/tasks/RT-20260608-010/DDR-20260608-010.md,director-of-research@0.1.0,existing_role,ontology-formalizer,0.1.0,AJ-RT-20260608-010-001,completed,,false,2026-06-09T00:46:46Z,2026-06-09T00:46:46Z,2026-06-09T00:46:46Z,PASS,Source basis axiom justification authorized without promotion
DDR-20260608-011,RT-20260608-011,research_control/tasks/RT-20260608-011/DDR-20260608-011.md,director-of-research@0.1.0,existing_role,smuggling-auditor,0.1.0,AJ-RT-20260608-011-001,completed,,false,2026-06-09T13:39:04Z,2026-06-09T13:39:04Z,2026-06-09T13:39:04Z,PASS,Source basis axiom smuggling audit authorized without promotion
DDR-20260608-012,RT-20260608-012,research_control/tasks/RT-20260608-012/DDR-20260608-012.md,director-of-research@0.1.0,existing_role,refuter,0.1.0,AJ-RT-20260608-012-001,completed,,false,2026-06-09T13:53:43Z,2026-06-09T13:53:43Z,2026-06-09T13:53:43Z,PASS,Source basis axiom benchmark-independence refutation authorized without promotion
DDR-20260608-013,RT-20260608-013,research_control/tasks/RT-20260608-013/DDR-20260608-013.md,director-of-research@0.1.0,existing_role,ontology-formalizer,0.1.0,AJ-RT-20260608-013-001,completed,,false,2026-06-09T14:04:04Z,2026-06-09T14:04:04Z,2026-06-09T14:04:04Z,PASS,Source basis axiom selection-law packet authorized without promotion
DDR-20260608-014,RT-20260608-014,research_control/tasks/RT-20260608-014/DDR-20260608-014.md,director-of-research@0.1.0,existing_role,smuggling-auditor,0.1.0,AJ-RT-20260608-014-001,completed,,false,2026-06-09T23:33:06Z,2026-06-09T23:33:06Z,2026-06-09T23:33:06Z,PASS,Source basis axiom selection-law smuggling audit authorized without promotion
DDR-20260608-015,RT-20260608-015,research_control/tasks/RT-20260608-015/DDR-20260608-015.md,director-of-research@0.1.0,existing_role,refuter,0.1.0,AJ-RT-20260608-015-001,completed,,false,2026-06-09T23:40:31Z,2026-06-09T23:40:31Z,2026-06-09T23:40:31Z,PASS,Source basis axiom selection-law benchmark-independence refutation authorized without promotion
DDR-20260608-016,RT-20260608-016,research_control/tasks/RT-20260608-016/DDR-20260608-016.md,director-of-research@0.1.0,existing_role,ontology-formalizer,0.1.0,AJ-RT-20260608-016-001,completed,,false,2026-06-09T23:49:55Z,2026-06-09T23:49:55Z,2026-06-09T23:49:55Z,PASS,Source basis axiom selector-domain repair packet authorized without promotion
DDR-20260608-017,RT-20260608-017,research_control/tasks/RT-20260608-017/DDR-20260608-017.md,director-of-research@0.1.0,existing_role,smuggling-auditor,0.1.0,AJ-RT-20260608-017-001,completed,,false,2026-06-10T00:02:41Z,2026-06-10T00:02:41Z,2026-06-10T00:02:41Z,PASS,Source basis axiom selector-domain smuggling audit authorized without promotion
DDR-20260608-018,RT-20260608-018,research_control/tasks/RT-20260608-018/DDR-20260608-018.md,director-of-research@0.1.0,existing_role,refuter,0.1.0,AJ-RT-20260608-018-001,completed,,false,2026-06-10T00:22:08Z,2026-06-10T00:22:08Z,2026-06-10T00:22:08Z,PASS,Source basis axiom selector-domain benchmark-independence refutation authorized without promotion
DDR-20260608-019,RT-20260608-019,research_control/tasks/RT-20260608-019/DDR-20260608-019.md,director-of-research@0.1.0,existing_role,ontology-formalizer,0.1.0,AJ-RT-20260608-019-001,completed,,false,2026-06-10T00:40:21Z,2026-06-10T00:40:21Z,2026-06-10T00:40:21Z,PASS,Source basis axiom selector-domain finite survey protocol packet authorized without promotion
DDR-20260608-020,RT-20260608-020,research_control/tasks/RT-20260608-020/DDR-20260608-020.md,director-of-research@0.1.0,existing_role,smuggling-auditor,0.1.0,AJ-RT-20260608-020-001,completed,,false,2026-06-10T00:50:44Z,2026-06-10T00:50:44Z,2026-06-10T00:50:44Z,PASS,Source basis axiom selector-domain finite survey protocol smuggling audit authorized without promotion
DDR-20260610-001,RT-20260610-001,research_control/tasks/RT-20260610-001/DDR-20260610-001.md,project-system-director@0.1.0,existing_role,validator-engineer,0.1.0,AJ-RT-20260610-001-001,completed,,false,2026-06-10T02:22:13Z,2026-06-10T02:22:13Z,2026-06-10T02:22:13Z,PASS,Project-system improvement implementation authorized without physics claim authority
DDR-20260610-002,RT-20260610-002,research_control/tasks/RT-20260610-002/DDR-20260610-002.md,project-system-director@0.1.0,existing_role,validator-engineer,0.1.0,AJ-RT-20260610-002-001,completed,,false,2026-06-10T03:10:45Z,2026-06-10T03:10:45Z,2026-06-10T03:10:45Z,PASS,Structural signal canonical-type registry canonical-completion multi-signal resolution-evidence type-validation documentation-impact severity-routing receipt and advisory-resolver gates authorized without physics claim authority
DDR-20260608-021,RT-20260608-021,research_control/tasks/RT-20260608-021/DDR-20260608-021.md,director-of-research@0.1.0,existing_role,refuter,0.1.0,AJ-RT-20260608-021-001,completed,,false,2026-06-10T05:30:09Z,2026-06-10T05:30:09Z,2026-06-10T05:30:09Z,PASS,Source basis axiom selector-domain finite survey protocol benchmark-independence refutation authorized without promotion
DDR-20260610-003,RT-20260610-003,research_control/tasks/RT-20260610-003/DDR-20260610-003.md,project-system-director@0.1.0,existing_role,validator-engineer,0.1.0,AJ-RT-20260610-003-001,completed,,false,2026-06-10T17:36:36Z,2026-06-10T17:36:36Z,2026-06-10T17:36:36Z,PASS,Director role-flexibility taxonomy recurrence signal and validator implementation authorized without physics claim authority
DDR-20260610-004,RT-20260610-004,research_control/tasks/RT-20260610-004/DDR-20260610-004.md,project-system-director@0.1.0,existing_role,documentation-curator,0.1.0,AJ-RT-20260610-004-001,completed,,false,2026-06-10T17:58:14Z,2026-06-10T17:58:14Z,2026-06-10T17:58:14Z,PASS,README project-system glossary authorized without physics claim authority
DDR-20260610-005,RT-20260610-005,research_control/tasks/RT-20260610-005/DDR-20260610-005.md,project-system-director@0.1.0,existing_role,project-control-maintainer,0.1.0,AJ-RT-20260610-005-001,completed,,true,2026-06-10T18:13:01Z,2026-06-10T18:13:01Z,2026-06-10T18:13:01Z,PASS,Control-markdown authority split and Project-Control Maintainer registration human-authorized without physics claim authority
DDR-20260610-006,RT-20260610-006,research_control/tasks/RT-20260610-006/DDR-20260610-006.md,project-system-director@0.1.0,existing_role,project-control-maintainer,0.1.0,AJ-RT-20260610-006-001,completed,,true,2026-06-10T19:27:19Z,2026-06-10T19:27:19Z,2026-06-10T19:27:19Z,PASS,Documentation Curator v0.2.0 source-backed HTML explainer governance human-authorized without physics claim authority
DDR-20260610-007,RT-20260610-007,research_control/tasks/RT-20260610-007/DDR-20260610-007.md,project-system-director@0.1.0,existing_role,documentation-curator,0.2.0,AJ-RT-20260610-007-001,completed,,false,2026-06-10T22:28:04Z,2026-06-10T22:28:04Z,2026-06-10T22:28:04Z,PASS,Documentation Curator first content pass authorized without physics claim authority
DDR-20260610-008,RT-20260610-008,research_control/tasks/RT-20260610-008/DDR-20260610-008.md,project-system-director@0.1.0,task_overlay,project-control-maintainer,0.1.0,AJ-RT-20260610-008-001,completed,,true,2026-06-10T23:22:58Z,2026-06-10T23:22:58Z,2026-06-10T23:22:58Z,PASS,Interactive HTML explainer contract and validator-backed source-spec governance human-authorized without physics claim authority
DDR-20260610-009,RT-20260610-009,research_control/tasks/RT-20260610-009/DDR-20260610-009.md,project-system-director@0.1.0,existing_role,documentation-curator,0.2.0,AJ-RT-20260610-009-001,completed,,false,2026-06-10T23:45:22Z,2026-06-10T23:45:22Z,2026-06-10T23:45:22Z,PASS,Human visual explainer QA polish authorized without physics claim authority
DDR-20260610-010,RT-20260610-010,research_control/tasks/RT-20260610-010/DDR-20260610-010.md,project-system-director@0.1.0,task_overlay,project-control-maintainer,0.1.0,AJ-RT-20260610-010-001,completed,,true,2026-06-11T00:06:37Z,2026-06-11T00:06:37Z,2026-06-11T00:06:37Z,PASS,Deep-first HTML explainer contract cleanup human-authorized without physics claim authority
DDR-20260611-001,RT-20260611-001,research_control/tasks/RT-20260611-001/DDR-20260611-001.md,project-system-director@0.1.0,task_overlay,validator-engineer,0.1.0,AJ-RT-20260611-001-001,completed,,true,2026-06-11T01:04:15Z,2026-06-11T01:04:15Z,2026-06-11T01:23:22Z,PASS,Mermaid documentation subskill validator and local runtime asset implementation completed without physics claim authority
DDR-20260611-002,RT-20260611-002,research_control/tasks/RT-20260611-002/DDR-20260611-002.md,project-system-director@0.1.0,existing_role,documentation-curator,0.2.0,AJ-RT-20260611-002-001,completed,,false,2026-06-11T01:32:43Z,2026-06-11T01:32:43Z,2026-06-11T01:41:58Z,PASS,Documentation Curator Mermaid content pilot completed without physics claim authority
DDR-20260611-003,RT-20260611-003,research_control/tasks/RT-20260611-003/DDR-20260611-003.md,project-system-director@0.1.0,task_overlay,validator-engineer,0.1.0,AJ-RT-20260611-003-001,completed,,true,2026-06-11T02:18:55Z,2026-06-11T02:18:55Z,2026-06-11T02:18:55Z,PASS,Standalone inline-SVG Mermaid runtime contract completed without physics claim authority
DDR-20260611-004,RT-20260611-004,research_control/tasks/RT-20260611-004/DDR-20260611-004.md,project-system-director@0.1.0,task_overlay,validator-engineer,0.1.0,AJ-RT-20260611-004-001,completed,,true,2026-06-11T03:06:25Z,2026-06-11T03:06:25Z,2026-06-11T03:06:25Z,PASS,Mermaid inline SVG CSS selector rewrite repair completed without physics claim authority
DDR-20260611-005,RT-20260611-005,research_control/tasks/RT-20260611-005/DDR-20260611-005.md,project-system-director@0.1.0,task_overlay,validator-engineer,0.1.0,AJ-RT-20260611-005-001,completed,,true,2026-06-11T03:32:00Z,2026-06-11T03:32:00Z,2026-06-11T03:32:00Z,PASS,Mermaid interaction script live-server injection repair completed without physics claim authority
DDR-20260611-007,RT-20260611-007,research_control/tasks/RT-20260611-007/DDR-20260611-007.md,project-system-director@0.1.0,existing_role,documentation-curator,0.2.0,AJ-RT-20260611-007-001,completed,,false,2026-06-11T16:16:53Z,2026-06-11T16:16:53Z,2026-06-11T16:35:44Z,PASS,Research-atlas explainer expansion completed without physics claim authority
DDR-20260611-008,RT-20260611-008,research_control/tasks/RT-20260611-008/DDR-20260611-008.md,project-system-director@0.1.0,task_overlay,project-control-maintainer,0.1.0,AJ-RT-20260611-008-001,completed,,true,2026-06-11T17:10:34Z,2026-06-11T17:10:34Z,2026-06-11T17:20:32Z,PASS,Three-layer HTML explainer readability repair completed without physics claim authority
DDR-20260611-009,RT-20260611-009,research_control/tasks/RT-20260611-009/DDR-20260611-009.md,project-system-director@0.1.0,task_overlay,project-control-maintainer,0.1.0,AJ-RT-20260611-009-001,completed,,true,2026-06-11T18:37:39Z,2026-06-11T18:37:39Z,2026-06-11T18:45:51Z,PASS,Adaptive Mermaid diagram fit repair completed without physics claim authority
DDR-20260611-010,RT-20260611-010,research_control/tasks/RT-20260611-010/DDR-20260611-010.md,project-system-director@0.1.0,task_overlay,project-control-maintainer,0.1.0,AJ-RT-20260611-010-001,completed,,true,2026-06-11T20:21:49Z,2026-06-11T20:21:49Z,2026-06-11T21:11:34Z,PASS,Flexible source-backed HTML explainer presentation contract migration completed without physics claim authority
DDR-20260611-011,RT-20260611-011,research_control/tasks/RT-20260611-011/DDR-20260611-011.md,project-system-director@0.1.0,task_overlay,project-control-maintainer,0.1.0,AJ-RT-20260611-011-001,completed,,true,2026-06-11T22:37:13Z,2026-06-11T22:37:13Z,2026-06-11T23:20:59Z,PASS,HTML explainer UI cleanup and Mermaid render repair completed without physics claim authority
DDR-20260612-001,RT-20260612-001,research_control/tasks/RT-20260612-001/DDR-20260612-001.md,project-system-director@0.1.0,task_overlay,project-control-maintainer,0.1.0,AJ-RT-20260612-001-001,completed,,true,2026-06-12T01:38:51Z,2026-06-12T01:38:51Z,2026-06-12T02:22:44Z,PASS,Subject summary HTML explainer contract migration completed without physics claim authority
DDR-20260612-002,RT-20260612-002,research_control/tasks/RT-20260612-002/DDR-20260612-002.md,project-system-director@0.1.0,task_overlay,project-control-maintainer,0.1.0,AJ-RT-20260612-002-001,completed,DDR-20260612-001,true,2026-06-12T03:23:00Z,2026-06-12T03:23:00Z,2026-06-12T03:59:06Z,PASS,Source-backed Summary of subject HTML explainer correction completed without physics claim authority
DDR-20260612-003,RT-20260612-003,research_control/tasks/RT-20260612-003/DDR-20260612-003.md,project-system-director@0.1.0,existing_role,documentation-curator,0.4.0,AJ-RT-20260612-003-001,completed,,false,2026-06-12T04:37:04Z,2026-06-12T04:41:32Z,2026-06-12T04:53:22Z,PASS,Source-backed Coverage layout repair completed without physics claim authority
DDR-20260612-004,RT-20260612-004,research_control/tasks/RT-20260612-004/DDR-20260612-004.md,project-system-director@0.1.0,task_overlay,project-control-maintainer,0.1.0,AJ-RT-20260612-004-001,completed,DDR-20260612-003,true,2026-06-12T13:17:10Z,2026-06-12T13:17:10Z,2026-06-12T13:17:10Z,PASS,Summary grounding contract hardening completed without physics claim authority
DDR-20260612-005,RT-20260612-005,research_control/tasks/RT-20260612-005/DDR-20260612-005.md,project-system-director@0.1.0,task_overlay,project-control-maintainer,0.1.0,AJ-RT-20260612-005-001,completed,DDR-20260612-004,true,2026-06-12T19:14:43Z,2026-06-12T19:14:43Z,2026-06-12T19:48:54Z,PASS,HTML explainer depth upgrade kit completed without physics claim authority
DDR-20260612-006,RT-20260612-006,research_control/tasks/RT-20260612-006/DDR-20260612-006.md,project-system-director@0.1.0,task_overlay,project-control-maintainer,0.1.0,AJ-RT-20260612-006-001,completed,DDR-20260612-005,true,2026-06-12T20:42:00Z,2026-06-12T20:42:00Z,2026-06-12T20:42:00Z,PASS,HTML explainer reader-layer cleanup completed without physics claim authority
DDR-20260612-007,RT-20260612-007,research_control/tasks/RT-20260612-007/DDR-20260612-007.md,project-system-director@0.1.0,task_overlay,project-control-maintainer,0.1.0,AJ-RT-20260612-007-001,completed,DDR-20260612-006,true,2026-06-12T23:36:46Z,2026-06-12T23:36:46Z,2026-06-12T23:36:46Z,PASS,HTML explainer analysis-capsule removal completed without physics claim authority
DDR-20260617-004,RT-20260617-004,research_control/tasks/RT-20260617-004/DDR-20260617-004.md,project-system-director@0.1.0,task_overlay,project-control-maintainer,0.1.0,AJ-RT-20260617-004-001,completed,DDR-20260617-003,true,2026-06-17T17:35:00Z,2026-06-17T17:35:00Z,2026-06-17T17:51:06Z,PASS,HTML teaching enrichment loop project-system controls completed without physics claim authority
DDR-20260617-005,RT-20260617-005,research_control/tasks/RT-20260617-005/DDR-20260617-005.md,project-system-director@0.1.0,existing_role,documentation-curator,0.8.0,AJ-RT-20260617-005-001,completed,DDR-20260617-004,false,2026-06-17T20:18:46Z,2026-06-17T20:18:46Z,2026-06-17T20:31:44Z,PASS,Teaching-loop documentation surface sync completed without physics claim authority
DDR-20260617-006,RT-20260617-006,research_control/tasks/RT-20260617-006/DDR-20260617-006.md,project-system-director@0.1.0,task_overlay,project-control-maintainer,0.1.0,AJ-RT-20260617-006-001,completed,DDR-20260617-005,true,2026-06-17T20:57:00Z,2026-06-17T20:57:00Z,2026-06-17T21:08:27Z,PASS,Subject-first explainer contract and derivative reset completed without physics claim authority
DDR-20260617-007,RT-20260617-007,research_control/tasks/RT-20260617-007/DDR-20260617-007.md,project-system-director@0.1.0,existing_role,documentation-curator,0.9.0,AJ-RT-20260617-007-001,completed,DDR-20260617-006,false,2026-06-17T21:44:49Z,2026-06-17T21:44:49Z,2026-06-17T22:01:18Z,PASS,Documentation Curator functionality coverage expansion completed without physics claim authority
DDR-20260617-008,RT-20260617-008,research_control/tasks/RT-20260617-008/DDR-20260617-008.md,project-system-director@0.1.0,task_overlay,project-control-maintainer,0.1.0,AJ-RT-20260617-008-001,completed,DDR-20260617-007,true,2026-06-17T22:29:49Z,2026-06-17T22:29:49Z,2026-06-17T22:39:54Z,PASS,Workflow-step inspector contract rollout completed without physics claim authority
DDR-20260617-009,RT-20260617-009,research_control/tasks/RT-20260617-009/DDR-20260617-009.md,project-system-director@0.1.0,task_overlay,project-control-maintainer,0.1.0,AJ-RT-20260617-009-001,completed,DDR-20260617-008,true,2026-06-17T23:07:05Z,2026-06-17T23:07:05Z,2026-06-17T23:19:04Z,PASS,GitHub-facing Markdown contract reset and full derivative Markdown rebuild completed without physics claim authority
DDR-20260617-010,RT-20260617-010,research_control/tasks/RT-20260617-010/DDR-20260617-010.md,project-system-director@0.1.0,task_overlay,project-control-maintainer,0.1.0,AJ-RT-20260617-010-001,completed,DDR-20260617-009,true,2026-06-17T23:43:13Z,2026-06-17T23:43:13Z,2026-06-17T23:43:13Z,PASS,GitHub-facing Markdown transcript leakage repair completed without physics claim authority
DDR-20260618-001,RT-20260618-001,research_control/tasks/RT-20260618-001/DDR-20260618-001.md,project-system-director@0.1.0,task_overlay,memory-system-maintainer,0.1.0,AJ-RT-20260618-001-001,completed,DDR-20260617-010,true,2026-06-18T00:16:52Z,2026-06-18T00:16:52Z,2026-06-18T00:16:52Z,PASS,Folder README coverage and registration completed without physics claim authority
DDR-20260618-002,RT-20260618-002,research_control/tasks/RT-20260618-002/DDR-20260618-002.md,project-system-director@0.1.0,task_overlay,project-control-maintainer,0.1.0,AJ-RT-20260618-002-001,completed,DDR-20260618-001,true,2026-06-18T00:40:02Z,2026-06-18T00:40:02Z,2026-06-18T00:40:02Z,PASS,Codex app current harness documentation completed without physics claim authority
DDR-20260619-007,RT-20260619-007,research_control/tasks/RT-20260619-007/DDR-20260619-007.md,project-system-director@0.1.0,task_overlay,documentation-curator,2.0.0,AJ-RT-20260619-007-001,completed,DDR-20260619-006,false,2026-06-19T17:32:24Z,2026-06-19T17:32:24Z,2026-06-19T17:32:24Z,PASS,Post-migration Phase 4 operator page rewrite routed to Documentation Curator without contract validator role schema routing checkpoint dependency or physics claim authority
DDR-20260619-008,RT-20260619-008,research_control/tasks/RT-20260619-008/DDR-20260619-008.md,project-system-director@0.1.0,task_overlay,documentation-curator,2.0.0,AJ-RT-20260619-008-001,completed,DDR-20260619-007,false,2026-06-19T18:10:00Z,2026-06-19T18:10:00Z,2026-06-19T18:10:00Z,PASS,Post-migration Phase 5 overview and source-authority rewrite routed to Documentation Curator without contract validator role schema routing checkpoint dependency or physics claim authority
DDR-20260619-009,RT-20260619-009,research_control/tasks/RT-20260619-009/DDR-20260619-009.md,project-system-director@0.1.0,task_overlay,documentation-curator,2.0.0,AJ-RT-20260619-009-001,completed,DDR-20260619-008,false,2026-06-19T18:20:00Z,2026-06-19T18:20:00Z,2026-06-19T18:20:00Z,PASS,Post-migration Phase 6 full-corpus QA routed to Documentation Curator without contract validator role schema routing checkpoint dependency or physics claim authority
DDR-20260619-010,RT-20260619-010,research_control/tasks/RT-20260619-010/DDR-20260619-010.md,project-system-director@0.1.0,task_overlay,project-control-maintainer,0.1.0,AJ-RT-20260619-010-001,completed,DDR-20260619-009,false,2026-06-19T18:40:00Z,2026-06-19T18:40:00Z,2026-06-19T18:40:00Z,PASS,Reader Scope footer relocation planning routed to Project-Control Maintainer without public page validator role schema routing checkpoint dependency or physics claim authority
DDR-20260619-011,RT-20260619-011,research_control/tasks/RT-20260619-011/DDR-20260619-011.md,project-system-director@0.1.0,task_overlay,documentation-curator,2.0.0,AJ-RT-20260619-011-001,completed,DDR-20260619-010,false,2026-06-19T18:53:00Z,2026-06-19T18:53:00Z,2026-06-19T18:53:00Z,PASS,Reader Scope footer relocation Phase 0 audit routed to Documentation Curator without public page validator role schema routing checkpoint dependency or physics claim authority
DDR-20260619-012,RT-20260619-012,research_control/tasks/RT-20260619-012/DDR-20260619-012.md,project-system-director@0.1.0,task_overlay,validator-engineer,0.1.0,AJ-RT-20260619-012-001,completed,DDR-20260619-011,false,2026-06-19T19:09:31Z,2026-06-19T19:09:31Z,2026-06-19T19:09:31Z,PASS,Reader Scope footer relocation Phase 1 guardrail routed to Validator Engineer without public page migration role schema routing checkpoint dependency or physics claim authority
DDR-20260619-013,RT-20260619-013,research_control/tasks/RT-20260619-013/DDR-20260619-013.md,project-system-director@0.1.0,task_overlay,documentation-curator,2.0.0,AJ-RT-20260619-013-001,completed,DDR-20260619-012,false,2026-06-19T21:55:20Z,2026-06-19T21:55:20Z,2026-06-19T21:55:20Z,PASS,Reader Scope footer relocation Phase 2 pilot pair routed to Documentation Curator without validator role schema routing checkpoint dependency or physics claim authority
DDR-20260619-016,RT-20260619-016,research_control/tasks/RT-20260619-016/DDR-20260619-016.md,project-system-director@0.1.0,task_overlay,documentation-curator,2.0.0,AJ-RT-20260619-016-001,completed,DDR-20260619-015,false,2026-06-19T23:10:33Z,2026-06-19T23:10:33Z,2026-06-19T23:17:53Z,PASS,Reader Scope footer relocation Phase 5 project-system operator page migration routed to Documentation Curator without contract validator role schema memory-system routing checkpoint dependency or physics claim authority
DDR-20260619-017,RT-20260619-017,research_control/tasks/RT-20260619-017/DDR-20260619-017.md,project-system-director@0.1.0,task_overlay,documentation-curator,2.0.0,AJ-RT-20260619-017-001,completed,DDR-20260619-016,false,2026-06-19T23:28:36Z,2026-06-19T23:28:36Z,2026-06-19T23:31:30Z,PASS,Reader Scope footer relocation Phase 6 full-corpus QA routed to Documentation Curator without contract validator role schema memory-system routing checkpoint dependency or physics claim authority
DDR-20260619-018,RT-20260619-018,research_control/tasks/RT-20260619-018/DDR-20260619-018.md,project-system-director@0.1.0,task_overlay,documentation-curator,2.0.0,AJ-RT-20260619-018-001,completed,DDR-20260619-017,false,2026-06-19T23:54:48Z,2026-06-19T23:54:48Z,2026-06-19T23:59:30Z,PASS,README refresh after reader corpus closure routed to Documentation Curator without contract validator role schema memory-system routing checkpoint dependency or physics claim authority
DDR-20260620-001,RT-20260620-001,research_control/tasks/RT-20260620-001/DDR-20260620-001.md,project-system-director@0.1.0,task_overlay,project-control-maintainer,0.1.0,AJ-RT-20260620-001-001,completed,DDR-20260619-018,false,2026-06-20T04:18:57Z,2026-06-20T04:18:57Z,2026-06-20T04:18:57Z,PASS,Ontology-law research packet Phase 0 intake audit routed to Project-Control Maintainer without route activation validator behavior change or physics claim authority
DDR-20260620-002,RT-20260620-002,research_control/tasks/RT-20260620-002/DDR-20260620-002.md,project-system-director@0.1.0,task_overlay,project-control-maintainer,0.1.0,AJ-RT-20260620-002-001,completed,DDR-20260620-001,false,2026-06-20T04:33:37Z,2026-06-20T04:33:37Z,2026-06-20T04:33:37Z,PASS,Ontology-law research packet Phase 1 route contract and vocabulary routed to Project-Control Maintainer without validator behavior receipt schema enforcement or physics claim authority
DDR-20260620-003,RT-20260620-003,research_control/tasks/RT-20260620-003/DDR-20260620-003.md,project-system-director@0.1.0,task_overlay,project-control-maintainer,0.1.0,AJ-RT-20260620-003-001,completed,DDR-20260620-002,false,2026-06-20T05:00:15Z,2026-06-20T05:00:15Z,2026-06-20T05:00:15Z,PASS,Ontology-law research packet Phase 2 receipt schema routed to Project-Control Maintainer without validator behavior test fixture routing change or physics claim authority
DDR-20260620-004,RT-20260620-004,research_control/tasks/RT-20260620-004/DDR-20260620-004.md,project-system-director@0.1.0,task_overlay,project-control-maintainer,0.1.0,AJ-RT-20260620-004-001,completed,DDR-20260620-003,false,2026-06-20T15:16:07Z,2026-06-20T15:16:07Z,2026-06-20T15:16:07Z,PASS,Ontology-law research packet Phase 3 routing and role integration routed to Project-Control Maintainer without validator behavior test fixture permanent role registration or physics claim authority
DDR-20260620-005,RT-20260620-005,research_control/tasks/RT-20260620-005/DDR-20260620-005.md,project-system-director@0.1.0,task_overlay,validator-engineer,0.1.0,AJ-RT-20260620-005-001,completed,DDR-20260620-004,false,2026-06-20T15:38:03Z,2026-06-20T15:38:03Z,2026-06-20T15:38:03Z,PASS,Ontology-law research packet Phase 4 validator enforcement routed to Validator Engineer without physics claim authority checkpoint behavior change permanent role registration or physics artifact creation
DDR-20260620-006,RT-20260620-006,research_control/tasks/RT-20260620-006/DDR-20260620-006.md,project-system-director@0.1.0,task_overlay,validator-engineer,0.1.0,AJ-RT-20260620-006-001,completed,DDR-20260620-005,false,2026-06-20T15:55:35Z,2026-06-20T15:55:35Z,2026-06-20T15:55:35Z,PASS,Ontology-law research packet Phase 5 tests and fixtures routed to Validator Engineer without validator behavior change physics claim authority checkpoint behavior change permanent role registration or physics artifact creation
DDR-20260620-007,RT-20260620-007,research_control/tasks/RT-20260620-007/DDR-20260620-007.md,project-system-director@0.1.0,task_overlay,validator-engineer,0.1.0,AJ-RT-20260620-007-001,completed,DDR-20260620-006,false,2026-06-20T16:06:37Z,2026-06-20T16:06:37Z,2026-06-20T16:06:37Z,PASS,Checkpoint tracked-local staging fix routed to Validator Engineer without physics claim authority generated-output authority expansion permanent role registration or physics artifact creation
DDR-20260620-008,RT-20260620-008,research_control/tasks/RT-20260620-008/DDR-20260620-008.md,project-system-director@0.1.0,task_overlay,project-control-maintainer,0.1.0,AJ-RT-20260620-008-001,completed,DDR-20260620-007,false,2026-06-20T16:22:11Z,2026-06-20T16:22:11Z,2026-06-20T16:22:11Z,PASS,Ontology-law research packet Phase 6 documentation and generated sync routed to Project-Control Maintainer without physics claim authority validator behavior checkpoint behavior permanent role registration or physics artifact creation
DDR-20260620-009,RT-20260620-009,research_control/tasks/RT-20260620-009/DDR-20260620-009.md,project-system-director@0.1.0,task_overlay,project-control-maintainer,0.1.0,AJ-RT-20260620-009-001,completed,DDR-20260620-008,false,2026-06-20T17:35:13Z,2026-06-20T17:35:13Z,2026-06-20T17:35:13Z,PASS,Missing-source-law inventory Phase 0 schema and registry decision routed to Project-Control Maintainer without inventory creation route behavior change validator behavior change or physics claim authority
DDR-20260620-010,RT-20260620-010,research_control/tasks/RT-20260620-010/DDR-20260620-010.md,project-system-director@0.1.0,task_overlay,project-control-maintainer,0.1.0,AJ-RT-20260620-010-001,completed,DDR-20260620-009,false,2026-06-20T19:19:28Z,2026-06-20T19:19:28Z,2026-06-20T19:19:28Z,PASS,Missing-source-law inventory Phase 1 artifact creation routed to Project-Control Maintainer without route behavior validator behavior dedicated registry or physics claim authority
DDR-20260620-011,RT-20260620-011,research_control/tasks/RT-20260620-011/DDR-20260620-011.md,project-system-director@0.1.0,task_overlay,project-control-maintainer,0.1.0,AJ-RT-20260620-011-001,completed,DDR-20260620-010,false,2026-06-20T19:38:16Z,2026-06-20T19:38:16Z,2026-06-20T19:38:16Z,PASS,Missing-source-law inventory Phase 2 registration routed to Project-Control Maintainer without YAML source registration dedicated registry route behavior validator behavior or physics claim authority
DDR-20260614-085,RT-20260614-085,research_control/tasks/RT-20260614-085/DDR-20260614-085.md,director-of-research@0.2.0,task_overlay,smuggling-auditor,0.2.0,AJ-RT-20260614-085-001,completed,DDR-20260614-084,false,2026-06-21T13:34:18Z,2026-06-21T13:34:18Z,2026-06-21T13:34:18Z,PASS,Routed to Smuggling Auditor for GSC_src hidden-import audit under ontology-law-research-packet
DDR-20260614-086,RT-20260614-086,research_control/tasks/RT-20260614-086/DDR-20260614-086.md,director-of-research@0.2.0,task_overlay,refuter,0.2.0,AJ-RT-20260614-086-001,completed,DDR-20260614-085,false,2026-06-21T13:54:45Z,2026-06-21T13:54:45Z,2026-06-21T13:54:45Z,PASS,Routed to Refuter for GSC_src stress test under ontology-law-research-packet
DDR-20260614-087,RT-20260614-087,research_control/tasks/RT-20260614-087/DDR-20260614-087.md,director-of-research@0.3.0,existing_role,gate-chair,0.1.0,AJ-RT-20260614-087-001,completed,DDR-20260614-086,false,2026-06-22T20:00:12Z,2026-06-22T20:00:12Z,2026-06-22T20:00:12Z,PASS,Human-approved GSC_src source-extension-law adoption decision recorded with downstream claim blocks
DDR-20260621-010,RT-20260621-010,research_control/tasks/RT-20260621-010/DDR-20260621-010.md,project-system-director@0.1.0,task_overlay,memory-system-maintainer,0.1.0,AJ-RT-20260621-010-001,completed,DDR-20260621-009,false,2026-06-21T17:47:42Z,2026-06-21T17:47:42Z,2026-06-21T18:03:01Z,PASS,Memory retrieval and adjacent validator guidance completed without physics claim authority or generated-output authority expansion
DDR-20260622-001,RT-20260622-001,research_control/tasks/RT-20260622-001/DDR-20260622-001.md,project-system-director@0.1.0,task_overlay,project-control-maintainer,0.1.0,AJ-RT-20260622-001-001,completed,DDR-20260621-010,false,2026-06-22T01:57:59Z,2026-06-22T01:57:59Z,2026-06-22T01:57:59Z,PASS,Research improvement bridge Phase 0 audit routed to Project-Control Maintainer without sidecar template generator validator resolver checkpoint skill role or physics claim authority
DDR-20260622-002,RT-20260622-002,research_control/tasks/RT-20260622-002/DDR-20260622-002.md,project-system-director@0.1.0,task_overlay,project-control-maintainer,0.1.0,AJ-RT-20260622-002-001,completed,DDR-20260622-001,false,2026-06-22T03:27:07Z,2026-06-22T03:27:07Z,2026-06-22T03:27:07Z,PASS,Research improvement bridge Phase 1 templates and resolver-isolation tests routed to Project-Control Maintainer without live sidecar generator validator resolver checkpoint skill role schema or physics claim authority
DDR-20260622-003,RT-20260622-003,research_control/tasks/RT-20260622-003/DDR-20260622-003.md,project-system-director@0.1.0,task_overlay,project-control-maintainer,0.1.0,AJ-RT-20260622-003-001,completed,DDR-20260622-002,false,2026-06-22T03:47:07Z,2026-06-22T03:47:07Z,2026-06-22T03:47:07Z,PASS,Research improvement bridge Phase 2 generator routed to Project-Control Maintainer without live sidecar instance validator resolver checkpoint skill role schema or physics claim authority
DDR-20260622-004,RT-20260622-004,research_control/tasks/RT-20260622-004/DDR-20260622-004.md,project-system-director@0.1.0,task_overlay,validator-engineer,0.1.0,AJ-RT-20260622-004-001,completed,DDR-20260622-003,false,2026-06-22T04:00:43Z,2026-06-22T04:00:43Z,2026-06-22T04:00:43Z,PASS,Research improvement bridge Phase 3 sidecar schema and parity validation routed to Validator Engineer without live sidecar instance resolver checkpoint skill role sidecar registry or physics claim authority
DDR-20260622-005,RT-20260622-005,research_control/tasks/RT-20260622-005/DDR-20260622-005.md,project-system-director@0.1.0,task_overlay,validator-engineer,0.1.0,AJ-RT-20260622-005-001,completed,DDR-20260622-004,false,2026-06-22T04:26:47Z,2026-06-22T04:26:47Z,2026-06-22T04:26:47Z,PASS,Research improvement bridge Phase 4 controlled sidecar generation and resolver context routed to Validator Engineer without live sidecar instance normal handoff replacement checkpoint skill role sidecar registry or physics claim authority
DDR-20260622-006,RT-20260622-006,research_control/tasks/RT-20260622-006/DDR-20260622-006.md,project-system-director@0.1.0,task_overlay,project-control-maintainer,0.1.0,AJ-RT-20260622-006-001,completed,DDR-20260622-005,false,2026-06-22T05:46:20Z,2026-06-22T05:46:20Z,2026-06-22T05:46:20Z,PASS,Research improvement bridge Phase 5 skill and role contract workflow integration routed to Project-Control Maintainer without live sidecar instance normal handoff replacement checkpoint validator resolver sidecar registry or physics claim authority
DDR-20260622-007,RT-20260622-007,research_control/tasks/RT-20260622-007/DDR-20260622-007.md,project-system-director@0.2.0,task_overlay,validator-engineer,0.2.0,AJ-RT-20260622-007-001,completed,DDR-20260622-006,false,2026-06-22T06:23:40Z,2026-06-22T06:23:40Z,2026-06-22T06:23:40Z,PASS,Research improvement bridge Phase 6 checkpoint conditional sidecar allowlist governance routed to Validator Engineer without live sidecar instance normal handoff replacement resolver sidecar registry skill role or physics claim authority
DDR-20260622-008,RT-20260622-008,research_control/tasks/RT-20260622-008/DDR-20260622-008.md,project-system-director@0.2.0,task_overlay,documentation-curator,2.0.0,AJ-RT-20260622-008-001,completed,DDR-20260622-007,false,2026-06-22T13:45:53Z,2026-06-22T13:45:53Z,2026-06-22T13:45:53Z,PASS,Phase 6 bridge checkpoint documentation Phase 0 evidence lock and page-impact audit routed to Documentation Curator without public page rewrite validator resolver checkpoint role schema sidecar or physics claim authority change
DDR-20260622-009,RT-20260622-009,research_control/tasks/RT-20260622-009/DDR-20260622-009.md,project-system-director@0.2.0,task_overlay,project-control-maintainer,0.2.0,AJ-RT-20260622-009-001,completed,DDR-20260622-008,false,2026-06-22T14:11:54Z,2026-06-22T14:11:54Z,2026-06-22T14:11:54Z,PASS,Phase 6 bridge checkpoint documentation Phase 1 root README front-door update routed to Project-Control Maintainer with validator-required historical memory-preflight README hash refresh and without validator resolver checkpoint role schema sidecar public explainer or physics claim authority change
DDR-20260622-010,RT-20260622-010,research_control/tasks/RT-20260622-010/DDR-20260622-010.md,project-system-director@0.2.0,task_overlay,documentation-curator,2.0.0,AJ-RT-20260622-010-001,completed,DDR-20260622-009,false,2026-06-22T14:46:44Z,2026-06-22T14:46:44Z,2026-06-22T14:46:44Z,PASS,Phase 6 bridge checkpoint documentation Phase 2 publication brief and source-spec impact audit routed to Documentation Curator without live publication corpus derivative validator resolver checkpoint sidecar role schema or physics claim authority change
DDR-20260622-011,RT-20260622-011,research_control/tasks/RT-20260622-011/DDR-20260622-011.md,project-system-director@0.2.0,task_overlay,documentation-curator,2.0.0,AJ-RT-20260622-011-001,completed,DDR-20260622-010,false,2026-06-22T18:28:08Z,2026-06-22T18:28:08Z,2026-06-22T18:28:08Z,PASS,Phase 6 bridge checkpoint documentation Phase 3 synchronized publication packet routed to Documentation Curator without validator resolver checkpoint sidecar role schema script test or physics claim authority change
DDR-20260614-088,RT-20260614-088,research_control/tasks/RT-20260614-088/DDR-20260614-088.md,director-of-research@0.3.0,task_overlay,candidate-constructor,0.2.0,AJ-RT-20260614-088-001,completed,DDR-20260614-087,false,2026-06-22T20:15:40Z,2026-06-22T20:15:40Z,2026-06-22T20:15:40Z,PASS,GSC_src-to-M_src bridge attempt routed to Candidate Constructor with downstream GR claims blocked
DDR-20260614-089,RT-20260614-089,research_control/tasks/RT-20260614-089/DDR-20260614-089.md,director-of-research@0.3.0,task_overlay,smuggling-auditor,0.2.0,AJ-RT-20260614-089-001,completed,DDR-20260614-088,false,2026-06-22T20:42:52Z,2026-06-22T20:42:52Z,2026-06-22T20:42:52Z,PASS,M_src^GSC-cand audit routed to Smuggling Auditor with downstream GR claims blocked
DDR-20260614-090,RT-20260614-090,research_control/tasks/RT-20260614-090/DDR-20260614-090.md,director-of-research@0.3.0,task_overlay,refuter,0.2.0,AJ-RT-20260614-090-001,completed,DDR-20260614-089,false,2026-06-22T20:58:18Z,2026-06-22T20:58:18Z,2026-06-22T20:58:18Z,PASS,M_src^GSC-cand stress routed to Refuter with downstream GR claims blocked and scoped obstruction recorded
DDR-20260614-091,RT-20260614-091,research_control/tasks/RT-20260614-091/DDR-20260614-091.md,director-of-research@0.3.0,task_overlay,theoretical-continuation-selector,0.1.0,AJ-RT-20260614-091-001,completed,DDR-20260614-090,false,2026-06-22T21:29:49Z,2026-06-22T21:29:49Z,2026-06-22T21:29:49Z,PASS,M_src^GSC-cand scoped obstruction routed to selector with source-manifold regularity and soldering formalization packet selected
DDR-20260614-092,RT-20260614-092,research_control/tasks/RT-20260614-092/DDR-20260614-092.md,director-of-research@0.3.0,task_overlay,ontology-formalizer,0.2.0,AJ-RT-20260614-092-001,completed,DDR-20260614-091,false,2026-06-23T00:13:33Z,2026-06-23T00:13:33Z,2026-06-23T00:13:33Z,PASS,Source-manifold regularity and soldering formalization routed to Ontology Formalizer with downstream GR claims blocked
DDR-20260622-012,RT-20260622-012,research_control/tasks/RT-20260622-012/DDR-20260622-012.md,project-system-director@0.2.0,task_overlay,validator-engineer,0.2.0,AJ-RT-20260622-012-001,completed,DDR-20260622-011,false,2026-06-22T22:45:04Z,2026-06-22T22:45:04Z,2026-06-22T22:45:04Z,PASS,Continue-research local retrieval refresh routed to Validator Engineer without physics claim authority change
DDR-20260614-093,RT-20260614-093,research_control/tasks/RT-20260614-093/DDR-20260614-093.md,director-of-research@0.3.0,task_overlay,smuggling-auditor,0.2.0,AJ-RT-20260614-093-001,completed,DDR-20260614-092,false,2026-06-23T00:34:13Z,2026-06-23T00:34:13Z,2026-06-23T00:34:13Z,PASS,RegSold_src^GSC law audit routed to Smuggling Auditor with downstream GR claims blocked
DDR-20260614-094,RT-20260614-094,research_control/tasks/RT-20260614-094/DDR-20260614-094.md,director-of-research@0.3.0,task_overlay,refuter,0.2.0,AJ-RT-20260614-094-001,completed,DDR-20260614-093,false,2026-06-23T00:54:45Z,2026-06-23T00:54:45Z,2026-06-23T00:54:45Z,PASS,RegSold_src^GSC law stress routed to Refuter with downstream GR claims blocked
DDR-20260614-095,RT-20260614-095,research_control/tasks/RT-20260614-095/DDR-20260614-095.md,director-of-research@0.3.0,task_overlay,candidate-constructor,0.2.0,AJ-RT-20260614-095-001,completed,DDR-20260614-094,false,2026-06-23T01:13:21Z,2026-06-23T01:13:21Z,2026-06-23T01:13:21Z,PASS,RegSold_src^GSC finite-local witness construction routed to Candidate Constructor with downstream GR claims blocked
DDR-20260614-096,RT-20260614-096,research_control/tasks/RT-20260614-096/DDR-20260614-096.md,director-of-research@0.3.0,task_overlay,smuggling-auditor,0.2.0,AJ-RT-20260614-096-001,completed,DDR-20260614-095,false,2026-06-23T01:29:24Z,2026-06-23T01:29:24Z,2026-06-23T01:29:24Z,PASS,RegSold_src^GSC finite-local witness audit routed to Smuggling Auditor with downstream GR claims blocked
DDR-20260614-097,RT-20260614-097,research_control/tasks/RT-20260614-097/DDR-20260614-097.md,director-of-research@0.3.0,task_overlay,refuter,0.2.0,AJ-RT-20260614-097-001,completed,DDR-20260614-096,false,2026-06-23T01:45:45Z,2026-06-23T01:45:45Z,2026-06-23T01:45:45Z,PASS,RegSold_src^GSC finite-local witness stress routed to Refuter with downstream GR claims blocked
DDR-20260614-098,RT-20260614-098,research_control/tasks/RT-20260614-098/DDR-20260614-098.md,director-of-research@0.3.0,task_overlay,theoretical-continuation-selector,0.1.0,AJ-RT-20260614-098-001,completed,DDR-20260614-097,false,2026-06-23T02:01:05Z,2026-06-23T02:01:05Z,2026-06-23T02:01:05Z,PASS,Phase 8C route decision chose finite-variation robustness formalization with downstream GR claims blocked
DDR-20260614-099,RT-20260614-099,research_control/tasks/RT-20260614-099/DDR-20260614-099.md,director-of-research@0.3.0,task_overlay,ontology-formalizer,0.2.0,AJ-RT-20260614-099-001,completed,DDR-20260614-098,false,2026-06-23T02:16:28Z,2026-06-23T02:16:28Z,2026-06-23T02:16:28Z,PASS,FVR_src^GSC finite-variation robustness formalization routed to Ontology Formalizer with downstream GR claims blocked
DDR-20260614-100,RT-20260614-100,research_control/tasks/RT-20260614-100/DDR-20260614-100.md,director-of-research@0.3.0,task_overlay,smuggling-auditor,0.2.0,AJ-RT-20260614-100-001,completed,DDR-20260614-099,false,2026-06-23T02:33:48Z,2026-06-23T02:33:48Z,2026-06-23T02:33:48Z,PASS,FVR_src^GSC finite-variation robustness audit routed to Smuggling Auditor with downstream GR claims blocked
DDR-20260614-101,RT-20260614-101,research_control/tasks/RT-20260614-101/DDR-20260614-101.md,director-of-research@0.3.0,task_overlay,refuter,0.2.0,AJ-RT-20260614-101-001,completed,DDR-20260614-100,false,2026-06-23T02:46:16Z,2026-06-23T02:46:16Z,2026-06-23T02:46:16Z,PASS,FVR_src^GSC finite-variation robustness Refuter stress routed with downstream GR claims blocked
DDR-20260614-102,RT-20260614-102,research_control/tasks/RT-20260614-102/DDR-20260614-102.md,director-of-research@0.3.0,task_overlay,validator-engineer,0.2.0,AJ-RT-20260614-102-001,completed,DDR-20260614-101,false,2026-06-23T03:07:56Z,2026-06-23T03:07:56Z,2026-06-23T03:07:56Z,PASS,Phase 9 typed specification routed as deterministic Validator Engineer tooling with no physics claim promotion
DDR-20260614-103,RT-20260614-103,research_control/tasks/RT-20260614-103/DDR-20260614-103.md,director-of-research@0.3.0,task_overlay,theoretical-continuation-selector,0.1.0,AJ-RT-20260614-103-001,completed,DDR-20260614-102,false,2026-06-23T03:22:35Z,2026-06-23T03:22:35Z,2026-06-23T03:22:35Z,PASS,Phase 10 selector routed to finite source-cover checker implementation and witness replay with no physics claim promotion
DDR-20260614-104,RT-20260614-104,research_control/tasks/RT-20260614-104/DDR-20260614-104.md,director-of-research@0.3.0,task_overlay,validator-engineer,0.2.0,AJ-RT-20260614-104-001,completed,DDR-20260614-103,false,2026-06-23T03:41:49Z,2026-06-23T03:41:49Z,2026-06-23T03:41:49Z,PASS,Finite source-cover model checker routed to Validator Engineer with no physics claim promotion
DDR-20260614-105,RT-20260614-105,research_control/tasks/RT-20260614-105/DDR-20260614-105.md,director-of-research@0.3.0,task_overlay,memory-system-maintainer,0.2.0,AJ-RT-20260614-105-001,completed,DDR-20260614-104,false,2026-06-23T04:12:18Z,2026-06-23T04:12:18Z,2026-06-23T04:12:18Z,PASS,Current frontier report and no-target-import guard map registration routed to Memory-System Maintainer with no physics claim promotion
DDR-20260614-106,RT-20260614-106,research_control/tasks/RT-20260614-106/DDR-20260614-106.md,director-of-research@0.3.0,task_overlay,theoretical-continuation-selector,0.1.0,AJ-RT-20260614-106-001,completed,DDR-20260614-104,false,2026-06-23T13:03:18Z,2026-06-23T13:03:18Z,2026-06-23T13:03:18Z,PASS,Checker replay consumption selector routed next to Smuggling Auditor audit with no physics claim promotion
DDR-20260614-107,RT-20260614-107,research_control/tasks/RT-20260614-107/DDR-20260614-107.md,director-of-research@0.3.0,task_overlay,smuggling-auditor,0.2.0,AJ-RT-20260614-107-001,completed,DDR-20260614-106,false,2026-06-23T13:16:01Z,2026-06-23T13:16:01Z,2026-06-23T13:16:01Z,PASS,Checker replay Smuggling Auditor audit routed next to Refuter stress with no physics claim promotion
DDR-20260614-108,RT-20260614-108,research_control/tasks/RT-20260614-108/DDR-20260614-108.md,director-of-research@0.3.0,task_overlay,refuter,0.2.0,AJ-RT-20260614-108-001,completed,DDR-20260614-107,false,2026-06-23T13:30:49Z,2026-06-23T13:30:49Z,2026-06-23T13:30:49Z,PASS,Checker replay Refuter stress routed next to Phase 8C selector with no physics claim promotion
DDR-20260614-109,RT-20260614-109,research_control/tasks/RT-20260614-109/DDR-20260614-109.md,director-of-research@0.3.0,task_overlay,theoretical-continuation-selector,0.1.0,AJ-RT-20260614-109-001,completed,DDR-20260614-108,false,2026-06-23T13:48:41Z,2026-06-23T13:48:41Z,2026-06-23T13:48:41Z,PASS,Phase 8C selector routed next to proposal-only general source-cover law formalization with no physics claim promotion
DDR-20260614-110,RT-20260614-110,research_control/tasks/RT-20260614-110/DDR-20260614-110.md,director-of-research@0.3.0,task_overlay,ontology-formalizer,0.2.0,AJ-RT-20260614-110-001,completed,DDR-20260614-109,false,2026-06-23T14:01:51Z,2026-06-23T14:01:51Z,2026-06-23T14:10:50Z,PASS,Ontology Formalizer defined proposal-only GenCover_src^GSC and routed next to Smuggling Auditor audit with no physics claim promotion
DDR-20260614-111,RT-20260614-111,research_control/tasks/RT-20260614-111/DDR-20260614-111.md,director-of-research@0.3.0,task_overlay,smuggling-auditor,0.2.0,AJ-RT-20260614-111-001,completed,DDR-20260614-110,false,2026-06-23T14:20:21Z,2026-06-23T14:20:21Z,2026-06-23T14:20:21Z,PASS,Smuggling Auditor audited proposal-only GenCover_src^GSC and routed next to Refuter stress with no physics claim promotion
DDR-20260614-112,RT-20260614-112,research_control/tasks/RT-20260614-112/DDR-20260614-112.md,director-of-research@0.3.0,task_overlay,refuter,0.2.0,AJ-RT-20260614-112-001,completed,DDR-20260614-111,false,2026-06-23T14:34:43Z,2026-06-23T14:34:43Z,2026-06-23T14:34:43Z,PASS,Refuter stress-tested proposal-only GenCover_src^GSC and routed next to human-gated source-law authority with no physics claim promotion
DDR-20260614-113,RT-20260614-113,research_control/tasks/RT-20260614-113/DDR-20260614-113.md,director-of-research@0.3.0,task_overlay,memory-system-maintainer,0.2.0,AJ-RT-20260614-113-001,completed,DDR-20260614-112,false,2026-06-23T14:52:27Z,2026-06-23T14:52:27Z,2026-06-23T14:52:27Z,PASS,Selected Memory-System Maintainer to sync the current-frontier report to handoff-0153 without physics claim promotion
DDR-20260614-114,RT-20260614-114,research_control/tasks/RT-20260614-114/DDR-20260614-114.md,director-of-research@0.3.0,existing_role,gate-chair,0.1.0,AJ-RT-20260614-114-001,completed,DDR-20260614-112,false,2026-06-23T16:37:50Z,2026-06-23T16:37:50Z,2026-06-23T16:37:50Z,PASS,Human-approved GenCover_src^GSC source-law review completed with downstream claim blocks
DDR-20260614-115,RT-20260614-115,research_control/tasks/RT-20260614-115/DDR-20260614-115.md,director-of-research@0.3.0,task_overlay,memory-system-maintainer,0.2.0,AJ-RT-20260614-115-001,completed,DDR-20260614-114,false,2026-06-23T21:06:25Z,2026-06-23T21:06:25Z,2026-06-23T21:06:25Z,PASS,Current-frontier report synchronized to handoff-0154 and Phase 2 local governance routed without physics claim promotion
DDR-20260614-116,RT-20260614-116,research_control/tasks/RT-20260614-116/DDR-20260614-116.md,director-of-research@0.3.0,task_overlay,project-control-maintainer,0.2.0,AJ-RT-20260614-116-001,completed,DDR-20260614-115,false,2026-06-23T21:21:39Z,2026-06-23T21:21:39Z,2026-06-23T21:21:39Z,PASS,Phase 2 .local tracking governance cleanup completed and routed next to Candidate Constructor without physics claim promotion
DDR-20260614-117,RT-20260614-117,research_control/tasks/RT-20260614-117/DDR-20260614-117.md,director-of-research@0.3.0,task_overlay,candidate-constructor,0.2.0,AJ-RT-20260614-117-001,completed,DDR-20260614-116,false,2026-06-23T21:46:14Z,2026-06-23T21:46:14Z,2026-06-23T21:46:14Z,PASS,Selected Candidate Constructor for one GenCover_src^GSC-to-M_src bridge attempt with constructed_candidate result and no downstream GR promotion
DDR-20260614-118,RT-20260614-118,research_control/tasks/RT-20260614-118/DDR-20260614-118.md,director-of-research@0.3.0,task_overlay,smuggling-auditor,0.2.0,AJ-RT-20260614-118-001,completed,DDR-20260614-117,false,2026-06-23T22:02:46Z,2026-06-23T22:02:46Z,2026-06-23T22:02:46Z,PASS,Selected Smuggling Auditor for one GenCover_src^GSC-to-M_src bridge candidate hidden-import audit with conditional source-purity pass and no downstream GR promotion
DDR-20260614-119,RT-20260614-119,research_control/tasks/RT-20260614-119/DDR-20260614-119.md,director-of-research@0.3.0,task_overlay,refuter,0.2.0,AJ-RT-20260614-119-001,completed,DDR-20260614-118,false,2026-06-23T22:16:35Z,2026-06-23T22:16:35Z,2026-06-23T22:16:35Z,PASS,Selected Refuter for one GenCover_src^GSC-to-M_src bridge candidate stress test with candidate_stress_passed_pending_gate and no downstream GR promotion
DDR-20260614-120,RT-20260614-120,research_control/tasks/RT-20260614-120/DDR-20260614-120.md,project-system-director@0.2.0,task_overlay,validator-engineer,0.2.0,AJ-RT-20260614-120-001,completed,DDR-20260614-119,false,2026-06-23T22:28:21Z,2026-06-23T22:28:21Z,2026-06-23T22:28:21Z,PASS,Selected Validator Engineer for Phase 6 metrics separation with deterministic separation guard and focused test
DDR-20260614-121,RT-20260614-121,research_control/tasks/RT-20260614-121/DDR-20260614-121.md,project-system-director@0.2.0,task_overlay,documentation-curator,2.0.0,AJ-RT-20260614-121-001,completed,DDR-20260614-120,false,2026-06-23T22:41:08Z,2026-06-23T22:41:08Z,2026-06-23T22:41:08Z,PASS,Selected Documentation Curator for Phase 7 internal external-review packet with no public publication output or physics claim promotion
DDR-20260614-122,RT-20260614-122,research_control/tasks/RT-20260614-122/DDR-20260614-122.md,project-system-director@0.2.0,task_overlay,project-control-maintainer,0.2.0,AJ-RT-20260614-122-001,completed,DDR-20260614-121,false,2026-06-23T22:49:22Z,2026-06-23T22:49:22Z,2026-06-23T22:49:22Z,PASS,Selected Project-Control Maintainer for Phase 8 closure handoff and final validation discipline
DDR-20260614-123,RT-20260614-123,research_control/tasks/RT-20260614-123/DDR-20260614-123.md,director-of-research@0.3.0,existing_role,gate-chair,0.1.0,AJ-RT-20260614-123-001,completed,DDR-20260614-119,false,2026-06-23T23:39:55Z,2026-06-23T23:39:55Z,2026-06-23T23:39:55Z,PASS,Selected Gate Chair for one human-approved M_src^{GSC-cand}(E) adoption review with full M_src adoption not granted
DDR-20260614-124,RT-20260614-124,research_control/tasks/RT-20260614-124/DDR-20260614-124.md,director-of-research@0.3.0,task_overlay,ontology-formalizer,0.2.0,AJ-RT-20260614-124-001,completed,DDR-20260614-123,false,2026-06-24T13:01:42Z,2026-06-24T13:01:42Z,2026-06-24T13:01:42Z,PASS,Selected Ontology Formalizer for one minimum source-only M_src adoption theorem-envelope packet with adoption and downstream GR claim blocks preserved
DDR-20260614-125,RT-20260614-125,research_control/tasks/RT-20260614-125/DDR-20260614-125.md,director-of-research@0.3.0,task_overlay,theoretical-continuation-selector,0.1.0,AJ-RT-20260614-125-001,completed,DDR-20260614-124,false,2026-06-24T13:32:48Z,2026-06-24T13:32:48Z,2026-06-24T13:32:48Z,PASS,Selected Theoretical Continuation Selector for one Phase 2 source-only topology analogue route decision with adoption and downstream GR claim blocks preserved
DDR-20260614-126,RT-20260614-126,research_control/tasks/RT-20260614-126/DDR-20260614-126.md,director-of-research@0.3.0,task_overlay,ontology-formalizer,0.2.0,AJ-RT-20260614-126-001,completed,DDR-20260614-125,false,2026-06-24T13:44:47Z,2026-06-24T13:44:47Z,2026-06-24T13:44:47Z,PASS,Selected Ontology Formalizer for one Phase 3 source transition-token groupoid-conditions packet with adoption and downstream GR claim blocks preserved
DDR-20260614-127,RT-20260614-127,research_control/tasks/RT-20260614-127/DDR-20260614-127.md,director-of-research@0.3.0,task_overlay,ontology-formalizer,0.2.0,AJ-RT-20260614-127-001,completed,DDR-20260614-126,false,2026-06-24T14:04:54Z,2026-06-24T14:04:54Z,2026-06-24T14:04:54Z,PASS,Selected Ontology Formalizer for one Phase 4 finite-local witness classification packet with adoption and downstream GR claim blocks preserved
DDR-20260614-128,RT-20260614-128,research_control/tasks/RT-20260614-128/DDR-20260614-128.md,director-of-research@0.3.0,task_overlay,ontology-formalizer,0.2.0,AJ-RT-20260614-128-001,completed,DDR-20260614-127,false,2026-06-24T14:23:06Z,2026-06-24T14:23:06Z,2026-06-24T14:23:06Z,PASS,Selected Ontology Formalizer for one Phase 5 no-target-import criterion packet with adoption and downstream GR claim blocks preserved
DDR-20260614-129,RT-20260614-129,research_control/tasks/RT-20260614-129/DDR-20260614-129.md,director-of-research@0.3.0,task_overlay,candidate-constructor,0.2.0,AJ-RT-20260614-129-001,completed,DDR-20260614-128,false,2026-06-24T14:35:21Z,2026-06-24T14:35:21Z,2026-06-24T14:35:21Z,PASS,Selected Candidate Constructor for one Phase 6 finite checker counterexample catalog with adoption and downstream GR claim blocks preserved
DDR-20260614-130,RT-20260614-130,research_control/tasks/RT-20260614-130/DDR-20260614-130.md,director-of-research@0.3.0,task_overlay,ontology-formalizer,0.2.0,AJ-RT-20260614-130-001,completed,DDR-20260614-129,false,2026-06-24T14:50:26Z,2026-06-24T14:50:26Z,2026-06-24T14:50:26Z,PASS,Selected Ontology Formalizer for one Phase 7 integrated theorem attempt with adoption and downstream GR claim blocks preserved
DDR-20260614-131,RT-20260614-131,research_control/tasks/RT-20260614-131/DDR-20260614-131.md,director-of-research@0.3.0,task_overlay,smuggling-auditor,0.2.0,AJ-RT-20260614-131-001,completed,DDR-20260614-130,false,2026-06-24T15:05:38Z,2026-06-24T15:05:38Z,2026-06-24T15:05:38Z,PASS,Selected Smuggling Auditor for one Phase 8A hidden-import audit with adoption and downstream GR claim blocks preserved
DDR-20260614-132,RT-20260614-132,research_control/tasks/RT-20260614-132/DDR-20260614-132.md,director-of-research@0.3.0,task_overlay,refuter,0.2.0,AJ-RT-20260614-132-001,completed,DDR-20260614-131,false,2026-06-24T15:18:45Z,2026-06-24T15:18:45Z,2026-06-24T15:18:45Z,PASS,Selected Refuter for one Phase 8B integrated theorem stress packet with adoption and downstream GR claim blocks preserved
DDR-20260614-133,RT-20260614-133,research_control/tasks/RT-20260614-133/DDR-20260614-133.md,project-system-director@0.2.0,task_overlay,documentation-curator,2.0.0,AJ-RT-20260614-133-001,completed,DDR-20260614-132,false,2026-06-24T15:35:03Z,2026-06-24T15:35:03Z,2026-06-24T15:35:03Z,PASS,Selected Documentation Curator for one Phase 10 external-review mathematical brief without physics claim promotion
DDR-20260614-134,RT-20260614-134,research_control/tasks/RT-20260614-134/DDR-20260614-134.md,director-of-research@0.3.0,existing_role,gate-chair,0.1.0,AJ-RT-20260614-134-001,completed,DDR-20260614-132,false,2026-06-24T22:49:32Z,2026-06-24T22:49:32Z,2026-06-24T22:49:32Z,PASS,Selected Gate Chair for one human-approved Phase 9 M_src adoption review with scoped M_src adoption granted and downstream GR claim blocks preserved
DDR-20260614-135,RT-20260614-135,research_control/tasks/RT-20260614-135/DDR-20260614-135.md,director-of-research@0.3.0,task_overlay,theoretical-continuation-selector,0.1.0,AJ-RT-20260614-135-001,completed,DDR-20260614-134,false,2026-06-24T23:09:49Z,2026-06-24T23:09:49Z,2026-06-24T23:09:49Z,PASS,Selected Theoretical Continuation Selector for Phase 11 effective_metric_g_eff preflight with metric-law formalization or obstruction selected and no g_eff construction
DDR-20260614-136,RT-20260614-136,research_control/tasks/RT-20260614-136/DDR-20260614-136.md,director-of-research@0.3.0,task_overlay,ontology-formalizer,0.2.0,AJ-RT-20260614-136-001,completed,DDR-20260614-135,false,2026-06-24T23:38:42Z,2026-06-24T23:38:42Z,2026-06-24T23:38:42Z,PASS,Selected Ontology Formalizer for proposal-only MetricLaw_src source-to-effective-metric law formalization or OB-GEFF obstruction with no g_eff construction
DDR-20260614-137,RT-20260614-137,research_control/tasks/RT-20260614-137/DDR-20260614-137.md,director-of-research@0.3.0,task_overlay,smuggling-auditor,0.2.0,AJ-RT-20260614-137-001,completed,DDR-20260614-136,false,2026-06-24T23:44:18Z,2026-06-24T23:44:18Z,2026-06-24T23:44:18Z,PASS,Selected Smuggling Auditor for proposal-only MetricLaw_src hidden-import audit with no MetricLaw adoption or g_eff construction
DDR-20260614-138,RT-20260614-138,research_control/tasks/RT-20260614-138/DDR-20260614-138.md,director-of-research@0.3.0,task_overlay,refuter,0.2.0,AJ-RT-20260614-138-001,completed,DDR-20260614-137,false,2026-06-24T23:56:49Z,2026-06-24T23:56:49Z,2026-06-24T23:56:49Z,PASS,Selected Refuter for proposal-only MetricLaw_src stress test with no MetricLaw adoption or g_eff construction
