object_id,path,format,role,authority_status,audience,source_hash,related_source,generated_from,generated_outputs,owner_skill,validation_status,last_validated_at,notes,source_object_id,source_registry,vault_root,vault_note_path,vault_raw_path,vault_attachment_path,vault_index_path,sync_status,synced_at
VAULT-HTML-AETHER-FLOW-ONTOLOGY-EXPLAINER,.local/obsidian/aether-flow-wiki/02_sources/html/html-aether-flow-ontology-explainer.md,obsidian_note,generated_memory_note,generated_noncanonical,humans_and_agents,cbcd2176813607883b7ec730ae59c0bcb5fe50b337bc1864fad48233fcc17866,HTML-AETHER-FLOW-ONTOLOGY-EXPLAINER,HTML-AETHER-FLOW-ONTOLOGY-EXPLAINER,,obsidian-wiki,PASS,2026-06-19T22:30:52Z,Generated local Obsidian memory note; not canonical authority.,HTML-AETHER-FLOW-ONTOLOGY-EXPLAINER,HTML_EXPLAINER_REGISTRY.csv,.local/obsidian/aether-flow-wiki,.local/obsidian/aether-flow-wiki/02_sources/html/html-aether-flow-ontology-explainer.md,.local/obsidian/aether-flow-wiki/01_raw/html/html-aether-flow-ontology-explainer.html,,.local/obsidian/aether-flow-wiki/03_indexes/by-format-html.md,local_generated,2026-06-19T22:30:52Z
VAULT-HTML-AETHER-FLOW-PHYSICS-PROGRAM-EXPLAINER,.local/obsidian/aether-flow-wiki/02_sources/html/html-aether-flow-physics-program-explainer.md,obsidian_note,generated_memory_note,generated_noncanonical,humans_and_agents,3caf8412be7f14912122a5f33de5da1a7375bfd4fd4eba5b27d000fe2451898b,HTML-AETHER-FLOW-PHYSICS-PROGRAM-EXPLAINER,HTML-AETHER-FLOW-PHYSICS-PROGRAM-EXPLAINER,,obsidian-wiki,PASS,2026-06-19T22:30:52Z,Generated local Obsidian memory note; not canonical authority.,HTML-AETHER-FLOW-PHYSICS-PROGRAM-EXPLAINER,HTML_EXPLAINER_REGISTRY.csv,.local/obsidian/aether-flow-wiki,.local/obsidian/aether-flow-wiki/02_sources/html/html-aether-flow-physics-program-explainer.md,.local/obsidian/aether-flow-wiki/01_raw/html/html-aether-flow-physics-program-explainer.html,,.local/obsidian/aether-flow-wiki/03_indexes/by-format-html.md,local_generated,2026-06-19T22:30:52Z
VAULT-HTML-CLAIM-GATES-EXPLAINER,.local/obsidian/aether-flow-wiki/02_sources/html/html-claim-gates-explainer.md,obsidian_note,generated_memory_note,generated_noncanonical,humans_and_agents,09e4e9b81a540d31835cc89904d852442102156228ba5f54f949dead77d06de5,HTML-CLAIM-GATES-EXPLAINER,HTML-CLAIM-GATES-EXPLAINER,,obsidian-wiki,PASS,2026-06-19T22:30:52Z,Generated local Obsidian memory note; not canonical authority.,HTML-CLAIM-GATES-EXPLAINER,HTML_EXPLAINER_REGISTRY.csv,.local/obsidian/aether-flow-wiki,.local/obsidian/aether-flow-wiki/02_sources/html/html-claim-gates-explainer.md,.local/obsidian/aether-flow-wiki/01_raw/html/html-claim-gates-explainer.html,,.local/obsidian/aether-flow-wiki/03_indexes/by-format-html.md,local_generated,2026-06-19T22:30:52Z
VAULT-HTML-DIRECTOR-AGENTJOB-LIFECYCLE-EXPLAINER,.local/obsidian/aether-flow-wiki/02_sources/html/html-director-agentjob-lifecycle-explainer.md,obsidian_note,generated_memory_note,generated_noncanonical,humans_and_agents,392c3819c5fed7c04e7ba8d87757a2cac3e6d2900c9af26495d62f392765fbd1,HTML-DIRECTOR-AGENTJOB-LIFECYCLE-EXPLAINER,HTML-DIRECTOR-AGENTJOB-LIFECYCLE-EXPLAINER,,obsidian-wiki,PASS,2026-06-19T22:54:27Z,Generated local Obsidian memory note; not canonical authority.,HTML-DIRECTOR-AGENTJOB-LIFECYCLE-EXPLAINER,HTML_EXPLAINER_REGISTRY.csv,.local/obsidian/aether-flow-wiki,.local/obsidian/aether-flow-wiki/02_sources/html/html-director-agentjob-lifecycle-explainer.md,.local/obsidian/aether-flow-wiki/01_raw/html/html-director-agentjob-lifecycle-explainer.html,,.local/obsidian/aether-flow-wiki/03_indexes/by-format-html.md,local_generated,2026-06-19T22:54:27Z
VAULT-HTML-DOCUMENTATION-CURATOR-PUBLICATION-PROCESS-EXPLAINER,.local/obsidian/aether-flow-wiki/02_sources/html/html-documentation-curator-publication-process-explainer.md,obsidian_note,generated_memory_note,generated_noncanonical,humans_and_agents,ce530b28b5fa25d66f63625f863b82fdee680db412982bb51acc008a2a0479cf,HTML-DOCUMENTATION-CURATOR-PUBLICATION-PROCESS-EXPLAINER,HTML-DOCUMENTATION-CURATOR-PUBLICATION-PROCESS-EXPLAINER,,obsidian-wiki,PASS,2026-06-19T23:16:11Z,Generated local Obsidian memory note; not canonical authority.,HTML-DOCUMENTATION-CURATOR-PUBLICATION-PROCESS-EXPLAINER,HTML_EXPLAINER_REGISTRY.csv,.local/obsidian/aether-flow-wiki,.local/obsidian/aether-flow-wiki/02_sources/html/html-documentation-curator-publication-process-explainer.md,.local/obsidian/aether-flow-wiki/01_raw/html/html-documentation-curator-publication-process-explainer.html,,.local/obsidian/aether-flow-wiki/03_indexes/by-format-html.md,local_generated,2026-06-19T23:16:11Z
VAULT-HTML-EXACT-GR-BENCHMARK-BOUNDARY-EXPLAINER,.local/obsidian/aether-flow-wiki/02_sources/html/html-exact-gr-benchmark-boundary-explainer.md,obsidian_note,generated_memory_note,generated_noncanonical,humans_and_agents,70a8afa75bba13e8e8fe8a8aa89d1d8fd1358f7bc511e555c992e6a2e83d9fd2,HTML-EXACT-GR-BENCHMARK-BOUNDARY-EXPLAINER,HTML-EXACT-GR-BENCHMARK-BOUNDARY-EXPLAINER,,obsidian-wiki,PASS,2026-06-19T22:30:52Z,Generated local Obsidian memory note; not canonical authority.,HTML-EXACT-GR-BENCHMARK-BOUNDARY-EXPLAINER,HTML_EXPLAINER_REGISTRY.csv,.local/obsidian/aether-flow-wiki,.local/obsidian/aether-flow-wiki/02_sources/html/html-exact-gr-benchmark-boundary-explainer.md,.local/obsidian/aether-flow-wiki/01_raw/html/html-exact-gr-benchmark-boundary-explainer.html,,.local/obsidian/aether-flow-wiki/03_indexes/by-format-html.md,local_generated,2026-06-19T22:30:52Z
VAULT-HTML-GR-DERIVATION-ROADMAP-EXPLAINER,.local/obsidian/aether-flow-wiki/02_sources/html/html-gr-derivation-roadmap-explainer.md,obsidian_note,generated_memory_note,generated_noncanonical,humans_and_agents,1e4e95f58dffda6fab2453d349f47a304cbf84dd77b5f6525a057d4b118f0a35,HTML-GR-DERIVATION-ROADMAP-EXPLAINER,HTML-GR-DERIVATION-ROADMAP-EXPLAINER,,obsidian-wiki,PASS,2026-06-19T22:30:52Z,Generated local Obsidian memory note; not canonical authority.,HTML-GR-DERIVATION-ROADMAP-EXPLAINER,HTML_EXPLAINER_REGISTRY.csv,.local/obsidian/aether-flow-wiki,.local/obsidian/aether-flow-wiki/02_sources/html/html-gr-derivation-roadmap-explainer.md,.local/obsidian/aether-flow-wiki/01_raw/html/html-gr-derivation-roadmap-explainer.html,,.local/obsidian/aether-flow-wiki/03_indexes/by-format-html.md,local_generated,2026-06-19T22:30:52Z
VAULT-HTML-MEMORY-SYSTEM-EXPLAINER,.local/obsidian/aether-flow-wiki/02_sources/html/html-memory-system-explainer.md,obsidian_note,generated_memory_note,generated_noncanonical,humans_and_agents,b76cfde7d0e29654bdbfd1fac863206c5c0d67a9c95af666bb124012f8a55ca0,HTML-MEMORY-SYSTEM-EXPLAINER,HTML-MEMORY-SYSTEM-EXPLAINER,,obsidian-wiki,PASS,2026-06-19T23:16:11Z,Generated local Obsidian memory note; not canonical authority.,HTML-MEMORY-SYSTEM-EXPLAINER,HTML_EXPLAINER_REGISTRY.csv,.local/obsidian/aether-flow-wiki,.local/obsidian/aether-flow-wiki/02_sources/html/html-memory-system-explainer.md,.local/obsidian/aether-flow-wiki/01_raw/html/html-memory-system-explainer.html,,.local/obsidian/aether-flow-wiki/03_indexes/by-format-html.md,local_generated,2026-06-19T23:16:11Z
VAULT-HTML-PARENT-CHILD-SYNTHESIS-EXPLAINER,.local/obsidian/aether-flow-wiki/02_sources/html/html-parent-child-synthesis-explainer.md,obsidian_note,generated_memory_note,generated_noncanonical,humans_and_agents,b8674d21ad32a199ced7414c29f7349248ade0dcbe554f4ae92823ecddd76a44,HTML-PARENT-CHILD-SYNTHESIS-EXPLAINER,HTML-PARENT-CHILD-SYNTHESIS-EXPLAINER,,obsidian-wiki,PASS,2026-06-19T22:54:27Z,Generated local Obsidian memory note; not canonical authority.,HTML-PARENT-CHILD-SYNTHESIS-EXPLAINER,HTML_EXPLAINER_REGISTRY.csv,.local/obsidian/aether-flow-wiki,.local/obsidian/aether-flow-wiki/02_sources/html/html-parent-child-synthesis-explainer.md,.local/obsidian/aether-flow-wiki/01_raw/html/html-parent-child-synthesis-explainer.html,,.local/obsidian/aether-flow-wiki/03_indexes/by-format-html.md,local_generated,2026-06-19T22:54:27Z
VAULT-HTML-PROJECT-OVERVIEW-EXPLAINER,.local/obsidian/aether-flow-wiki/02_sources/html/html-project-overview-explainer.md,obsidian_note,generated_memory_note,generated_noncanonical,humans_and_agents,87156d1084cf9ee13271c8ead2eefd96d7e6a11f76fb322bd060a2df42511287,HTML-PROJECT-OVERVIEW-EXPLAINER,HTML-PROJECT-OVERVIEW-EXPLAINER,,obsidian-wiki,PASS,2026-06-19T22:02:25Z,Generated local Obsidian memory note; not canonical authority.,HTML-PROJECT-OVERVIEW-EXPLAINER,HTML_EXPLAINER_REGISTRY.csv,.local/obsidian/aether-flow-wiki,.local/obsidian/aether-flow-wiki/02_sources/html/html-project-overview-explainer.md,.local/obsidian/aether-flow-wiki/01_raw/html/html-project-overview-explainer.html,,.local/obsidian/aether-flow-wiki/03_indexes/by-format-html.md,local_generated,2026-06-19T22:02:25Z
VAULT-HTML-PROJECT-SYSTEM-IMPROVEMENT-EXPLAINER,.local/obsidian/aether-flow-wiki/02_sources/html/html-project-system-improvement-explainer.md,obsidian_note,generated_memory_note,generated_noncanonical,humans_and_agents,7979645fc74a45a6f3dc9c36796ecc8b84bcf0e4d957027f8a516b33c5158bff,HTML-PROJECT-SYSTEM-IMPROVEMENT-EXPLAINER,HTML-PROJECT-SYSTEM-IMPROVEMENT-EXPLAINER,,obsidian-wiki,PASS,2026-06-19T23:16:11Z,Generated local Obsidian memory note; not canonical authority.,HTML-PROJECT-SYSTEM-IMPROVEMENT-EXPLAINER,HTML_EXPLAINER_REGISTRY.csv,.local/obsidian/aether-flow-wiki,.local/obsidian/aether-flow-wiki/02_sources/html/html-project-system-improvement-explainer.md,.local/obsidian/aether-flow-wiki/01_raw/html/html-project-system-improvement-explainer.html,,.local/obsidian/aether-flow-wiki/03_indexes/by-format-html.md,local_generated,2026-06-19T23:16:11Z
VAULT-HTML-RESEARCH-AGENT-WORKFLOW-EXPLAINER,.local/obsidian/aether-flow-wiki/02_sources/html/html-research-agent-workflow-explainer.md,obsidian_note,generated_memory_note,generated_noncanonical,humans_and_agents,7a3ef72cb0f52a41a73c2f0d76ca322d4f69e93ed14d8c172a733d77d7fe2e9f,HTML-RESEARCH-AGENT-WORKFLOW-EXPLAINER,HTML-RESEARCH-AGENT-WORKFLOW-EXPLAINER,,obsidian-wiki,PASS,2026-06-19T22:54:27Z,Generated local Obsidian memory note; not canonical authority.,HTML-RESEARCH-AGENT-WORKFLOW-EXPLAINER,HTML_EXPLAINER_REGISTRY.csv,.local/obsidian/aether-flow-wiki,.local/obsidian/aether-flow-wiki/02_sources/html/html-research-agent-workflow-explainer.md,.local/obsidian/aether-flow-wiki/01_raw/html/html-research-agent-workflow-explainer.html,,.local/obsidian/aether-flow-wiki/03_indexes/by-format-html.md,local_generated,2026-06-19T22:54:27Z
VAULT-HTML-ROLE-ROUTING-EXPLAINER,.local/obsidian/aether-flow-wiki/02_sources/html/html-role-routing-explainer.md,obsidian_note,generated_memory_note,generated_noncanonical,humans_and_agents,6dc370e9a9b1dfc08c09d5d42cefdd8822657b8803c50e6ab0f823c0c0b86c13,HTML-ROLE-ROUTING-EXPLAINER,HTML-ROLE-ROUTING-EXPLAINER,,obsidian-wiki,PASS,2026-06-19T22:54:27Z,Generated local Obsidian memory note; not canonical authority.,HTML-ROLE-ROUTING-EXPLAINER,HTML_EXPLAINER_REGISTRY.csv,.local/obsidian/aether-flow-wiki,.local/obsidian/aether-flow-wiki/02_sources/html/html-role-routing-explainer.md,.local/obsidian/aether-flow-wiki/01_raw/html/html-role-routing-explainer.html,,.local/obsidian/aether-flow-wiki/03_indexes/by-format-html.md,local_generated,2026-06-19T22:54:27Z
VAULT-HTML-ROLES-AND-SKILLS-EXPLAINER,.local/obsidian/aether-flow-wiki/02_sources/html/html-roles-and-skills-explainer.md,obsidian_note,generated_memory_note,generated_noncanonical,humans_and_agents,97d26445346366a8d8b8c225cbf76996f74ce3e731df95e61627233f1e293171,HTML-ROLES-AND-SKILLS-EXPLAINER,HTML-ROLES-AND-SKILLS-EXPLAINER,,obsidian-wiki,PASS,2026-06-19T23:16:11Z,Generated local Obsidian memory note; not canonical authority.,HTML-ROLES-AND-SKILLS-EXPLAINER,HTML_EXPLAINER_REGISTRY.csv,.local/obsidian/aether-flow-wiki,.local/obsidian/aether-flow-wiki/02_sources/html/html-roles-and-skills-explainer.md,.local/obsidian/aether-flow-wiki/01_raw/html/html-roles-and-skills-explainer.html,,.local/obsidian/aether-flow-wiki/03_indexes/by-format-html.md,local_generated,2026-06-19T23:16:11Z
VAULT-HTML-SOURCE-AUTHORITY-EXPLAINER,.local/obsidian/aether-flow-wiki/02_sources/html/html-source-authority-explainer.md,obsidian_note,generated_memory_note,generated_noncanonical,humans_and_agents,3ec7702892996de72709fee968d41faeec24a12c9d947402bf0d08d8bf4c4db8,HTML-SOURCE-AUTHORITY-EXPLAINER,HTML-SOURCE-AUTHORITY-EXPLAINER,,obsidian-wiki,PASS,2026-06-19T22:02:25Z,Generated local Obsidian memory note; not canonical authority.,HTML-SOURCE-AUTHORITY-EXPLAINER,HTML_EXPLAINER_REGISTRY.csv,.local/obsidian/aether-flow-wiki,.local/obsidian/aether-flow-wiki/02_sources/html/html-source-authority-explainer.md,.local/obsidian/aether-flow-wiki/01_raw/html/html-source-authority-explainer.html,,.local/obsidian/aether-flow-wiki/03_indexes/by-format-html.md,local_generated,2026-06-19T22:02:25Z
VAULT-HTML-TECHNICAL-REQUIREMENTS-EXPLAINER,.local/obsidian/aether-flow-wiki/02_sources/html/html-technical-requirements-explainer.md,obsidian_note,generated_memory_note,generated_noncanonical,humans_and_agents,1fbdc970b7ee90e4af060a67ffcdc1ac4651bfde51734e628a0c8191a17638a8,HTML-TECHNICAL-REQUIREMENTS-EXPLAINER,HTML-TECHNICAL-REQUIREMENTS-EXPLAINER,,obsidian-wiki,PASS,2026-06-19T23:16:11Z,Generated local Obsidian memory note; not canonical authority.,HTML-TECHNICAL-REQUIREMENTS-EXPLAINER,HTML_EXPLAINER_REGISTRY.csv,.local/obsidian/aether-flow-wiki,.local/obsidian/aether-flow-wiki/02_sources/html/html-technical-requirements-explainer.md,.local/obsidian/aether-flow-wiki/01_raw/html/html-technical-requirements-explainer.html,,.local/obsidian/aether-flow-wiki/03_indexes/by-format-html.md,local_generated,2026-06-19T23:16:11Z
VAULT-HTML-VALIDATOR-OPERATOR-WORKFLOW-EXPLAINER,.local/obsidian/aether-flow-wiki/02_sources/html/html-validator-operator-workflow-explainer.md,obsidian_note,generated_memory_note,generated_noncanonical,humans_and_agents,efa5770dd56c01a330cc772003950894016a5b5a0a6e867815c6a54083ac4767,HTML-VALIDATOR-OPERATOR-WORKFLOW-EXPLAINER,HTML-VALIDATOR-OPERATOR-WORKFLOW-EXPLAINER,,obsidian-wiki,PASS,2026-06-19T23:16:11Z,Generated local Obsidian memory note; not canonical authority.,HTML-VALIDATOR-OPERATOR-WORKFLOW-EXPLAINER,HTML_EXPLAINER_REGISTRY.csv,.local/obsidian/aether-flow-wiki,.local/obsidian/aether-flow-wiki/02_sources/html/html-validator-operator-workflow-explainer.md,.local/obsidian/aether-flow-wiki/01_raw/html/html-validator-operator-workflow-explainer.html,,.local/obsidian/aether-flow-wiki/03_indexes/by-format-html.md,local_generated,2026-06-19T23:16:11Z
VAULT-MD-AETHER-FLOW-INTERPRETATION-LEMEN,.local/obsidian/aether-flow-wiki/02_sources/markdown/md-aether-flow-interpretation-lemen.md,obsidian_note,generated_memory_note,generated_noncanonical,humans_and_agents,4ee8f4e889ad433f7d167442e25a47db061743c4b6ccf4528230f6db919d8e23,MD-AETHER-FLOW-INTERPRETATION-LEMEN,MD-AETHER-FLOW-INTERPRETATION-LEMEN,,obsidian-wiki,PASS,2026-06-12T00:43:10Z,Generated local Obsidian memory note; not canonical authority.,MD-AETHER-FLOW-INTERPRETATION-LEMEN,MARKDOWN_SOURCE_REGISTRY.csv,.local/obsidian/aether-flow-wiki,.local/obsidian/aether-flow-wiki/02_sources/markdown/md-aether-flow-interpretation-lemen.md,.local/obsidian/aether-flow-wiki/01_raw/markdown/md-aether-flow-interpretation-lemen.md,,.local/obsidian/aether-flow-wiki/03_indexes/by-format-markdown.md,local_generated,2026-06-12T00:43:10Z
VAULT-MD-AETHER-FLOW-ONTOLOGY-PUBLICATION-BRIEF,.local/obsidian/aether-flow-wiki/02_sources/markdown/md-aether-flow-ontology-publication-brief.md,obsidian_note,generated_memory_note,generated_noncanonical,humans_and_agents,637ffbb2b2207e274e22f0dda121d3ef684189b08b69182a5c64e404f232465f,MD-AETHER-FLOW-ONTOLOGY-PUBLICATION-BRIEF,MD-AETHER-FLOW-ONTOLOGY-PUBLICATION-BRIEF,,obsidian-wiki,PASS,2026-06-18T23:13:14Z,Generated local Obsidian memory note; not canonical authority.,MD-AETHER-FLOW-ONTOLOGY-PUBLICATION-BRIEF,MARKDOWN_SOURCE_REGISTRY.csv,.local/obsidian/aether-flow-wiki,.local/obsidian/aether-flow-wiki/02_sources/markdown/md-aether-flow-ontology-publication-brief.md,.local/obsidian/aether-flow-wiki/01_raw/markdown/md-aether-flow-ontology-publication-brief.md,,.local/obsidian/aether-flow-wiki/03_indexes/by-format-markdown.md,local_generated,2026-06-18T23:13:14Z
VAULT-MD-AETHER-FLOW-PHYSICS-PROGRAM-PUBLICATION-BRIEF,.local/obsidian/aether-flow-wiki/02_sources/markdown/md-aether-flow-physics-program-publication-brief.md,obsidian_note,generated_memory_note,generated_noncanonical,humans_and_agents,bf825afbac31e10b525f6ab9e05f52548b942d771f05c0b805e590790e5b221d,MD-AETHER-FLOW-PHYSICS-PROGRAM-PUBLICATION-BRIEF,MD-AETHER-FLOW-PHYSICS-PROGRAM-PUBLICATION-BRIEF,,obsidian-wiki,PASS,2026-06-18T22:44:39Z,Generated local Obsidian memory note; not canonical authority.,MD-AETHER-FLOW-PHYSICS-PROGRAM-PUBLICATION-BRIEF,MARKDOWN_SOURCE_REGISTRY.csv,.local/obsidian/aether-flow-wiki,.local/obsidian/aether-flow-wiki/02_sources/markdown/md-aether-flow-physics-program-publication-brief.md,.local/obsidian/aether-flow-wiki/01_raw/markdown/md-aether-flow-physics-program-publication-brief.md,,.local/obsidian/aether-flow-wiki/03_indexes/by-format-markdown.md,local_generated,2026-06-18T22:44:39Z
VAULT-MD-AGENTS,.local/obsidian/aether-flow-wiki/02_sources/markdown/md-agents.md,obsidian_note,generated_memory_note,generated_noncanonical,humans_and_agents,4e896193e81122e629eecd9b67e48235314944371791e93490bdf4f11a80118c,MD-AGENTS,MD-AGENTS,,obsidian-wiki,PASS,2026-06-20T04:45:50Z,Generated local Obsidian memory note; not canonical authority.,MD-AGENTS,MARKDOWN_SOURCE_REGISTRY.csv,.local/obsidian/aether-flow-wiki,.local/obsidian/aether-flow-wiki/02_sources/markdown/md-agents.md,.local/obsidian/aether-flow-wiki/01_raw/markdown/md-agents.md,,.local/obsidian/aether-flow-wiki/03_indexes/by-format-markdown.md,local_generated,2026-06-20T04:45:50Z
VAULT-MD-AGENTS-AGENTS,.local/obsidian/aether-flow-wiki/02_sources/markdown/md-agents-agents.md,obsidian_note,generated_memory_note,generated_noncanonical,humans_and_agents,37f37011b22aee8091f72f4edc8a6d04997a512781f652a5d24db80e3dbe4ce8,MD-AGENTS-AGENTS,MD-AGENTS-AGENTS,,obsidian-wiki,PASS,2026-06-10T02:34:32Z,Generated local Obsidian memory note; not canonical authority.,MD-AGENTS-AGENTS,MARKDOWN_SOURCE_REGISTRY.csv,.local/obsidian/aether-flow-wiki,.local/obsidian/aether-flow-wiki/02_sources/markdown/md-agents-agents.md,.local/obsidian/aether-flow-wiki/01_raw/markdown/md-agents-agents.md,,.local/obsidian/aether-flow-wiki/03_indexes/by-format-markdown.md,local_generated,2026-06-10T02:34:32Z
VAULT-MD-AGENTS-RESEARCH-CONTROL,.local/obsidian/aether-flow-wiki/02_sources/markdown/md-agents-research-control.md,obsidian_note,generated_memory_note,generated_noncanonical,humans_and_agents,49a33a080585586f74f17825606713f752b102db1ffee13745e49ffa10fda194,MD-AGENTS-RESEARCH-CONTROL,MD-AGENTS-RESEARCH-CONTROL,,obsidian-wiki,PASS,2026-06-20T04:45:50Z,Generated local Obsidian memory note; not canonical authority.,MD-AGENTS-RESEARCH-CONTROL,MARKDOWN_SOURCE_REGISTRY.csv,.local/obsidian/aether-flow-wiki,.local/obsidian/aether-flow-wiki/02_sources/markdown/md-agents-research-control.md,.local/obsidian/aether-flow-wiki/01_raw/markdown/md-agents-research-control.md,,.local/obsidian/aether-flow-wiki/03_indexes/by-format-markdown.md,local_generated,2026-06-20T04:45:50Z
VAULT-MD-CLAIM-GATES-PUBLICATION-BRIEF,.local/obsidian/aether-flow-wiki/02_sources/markdown/md-claim-gates-publication-brief.md,obsidian_note,generated_memory_note,generated_noncanonical,humans_and_agents,d159ba8401eff517baf1720ea3028dd09956dcd10d62b6c327cfde06b80f0eaf,MD-CLAIM-GATES-PUBLICATION-BRIEF,MD-CLAIM-GATES-PUBLICATION-BRIEF,,obsidian-wiki,PASS,2026-06-18T23:51:33Z,Generated local Obsidian memory note; not canonical authority.,MD-CLAIM-GATES-PUBLICATION-BRIEF,MARKDOWN_SOURCE_REGISTRY.csv,.local/obsidian/aether-flow-wiki,.local/obsidian/aether-flow-wiki/02_sources/markdown/md-claim-gates-publication-brief.md,.local/obsidian/aether-flow-wiki/01_raw/markdown/md-claim-gates-publication-brief.md,,.local/obsidian/aether-flow-wiki/03_indexes/by-format-markdown.md,local_generated,2026-06-18T23:51:33Z
VAULT-MD-DIRECTOR-AGENTJOB-LIFECYCLE-PUBLICATION-BRIEF,.local/obsidian/aether-flow-wiki/02_sources/markdown/md-director-agentjob-lifecycle-publication-brief.md,obsidian_note,generated_memory_note,generated_noncanonical,humans_and_agents,25e406547a1e686316cd68737402d637d444cafec3c1290b256490ce9c1abaa3,MD-DIRECTOR-AGENTJOB-LIFECYCLE-PUBLICATION-BRIEF,MD-DIRECTOR-AGENTJOB-LIFECYCLE-PUBLICATION-BRIEF,,obsidian-wiki,PASS,2026-06-19T00:14:42Z,Generated local Obsidian memory note; not canonical authority.,MD-DIRECTOR-AGENTJOB-LIFECYCLE-PUBLICATION-BRIEF,MARKDOWN_SOURCE_REGISTRY.csv,.local/obsidian/aether-flow-wiki,.local/obsidian/aether-flow-wiki/02_sources/markdown/md-director-agentjob-lifecycle-publication-brief.md,.local/obsidian/aether-flow-wiki/01_raw/markdown/md-director-agentjob-lifecycle-publication-brief.md,,.local/obsidian/aether-flow-wiki/03_indexes/by-format-markdown.md,local_generated,2026-06-19T00:14:42Z
VAULT-MD-DOCUMENTATION-CURATOR-PUBLICATION-PROCESS-PUBLICATION-BRIEF,.local/obsidian/aether-flow-wiki/02_sources/markdown/md-documentation-curator-publication-process-publication-brief.md,obsidian_note,generated_memory_note,generated_noncanonical,humans_and_agents,02236c110e52753866d7d9ac6aed2fd053eadd186fb7009a046beead9fa07e2e,MD-DOCUMENTATION-CURATOR-PUBLICATION-PROCESS-PUBLICATION-BRIEF,MD-DOCUMENTATION-CURATOR-PUBLICATION-PROCESS-PUBLICATION-BRIEF,,obsidian-wiki,PASS,2026-06-19T02:51:53Z,Generated local Obsidian memory note; not canonical authority.,MD-DOCUMENTATION-CURATOR-PUBLICATION-PROCESS-PUBLICATION-BRIEF,MARKDOWN_SOURCE_REGISTRY.csv,.local/obsidian/aether-flow-wiki,.local/obsidian/aether-flow-wiki/02_sources/markdown/md-documentation-curator-publication-process-publication-brief.md,.local/obsidian/aether-flow-wiki/01_raw/markdown/md-documentation-curator-publication-process-publication-brief.md,,.local/obsidian/aether-flow-wiki/03_indexes/by-format-markdown.md,local_generated,2026-06-19T02:51:53Z
VAULT-MD-EXACT-GR-BENCHMARK-BOUNDARY-PUBLICATION-BRIEF,.local/obsidian/aether-flow-wiki/02_sources/markdown/md-exact-gr-benchmark-boundary-publication-brief.md,obsidian_note,generated_memory_note,generated_noncanonical,humans_and_agents,f97411086f16263a1fdc22bbff482d4da15c92610c7eeaaf6a5a5cde2ec2ca1f,MD-EXACT-GR-BENCHMARK-BOUNDARY-PUBLICATION-BRIEF,MD-EXACT-GR-BENCHMARK-BOUNDARY-PUBLICATION-BRIEF,,obsidian-wiki,PASS,2026-06-18T22:44:39Z,Generated local Obsidian memory note; not canonical authority.,MD-EXACT-GR-BENCHMARK-BOUNDARY-PUBLICATION-BRIEF,MARKDOWN_SOURCE_REGISTRY.csv,.local/obsidian/aether-flow-wiki,.local/obsidian/aether-flow-wiki/02_sources/markdown/md-exact-gr-benchmark-boundary-publication-brief.md,.local/obsidian/aether-flow-wiki/01_raw/markdown/md-exact-gr-benchmark-boundary-publication-brief.md,,.local/obsidian/aether-flow-wiki/03_indexes/by-format-markdown.md,local_generated,2026-06-18T22:44:39Z
VAULT-MD-GITHUB-FACING-AETHER-FLOW-ONTOLOGY-EXPLAINER,.local/obsidian/aether-flow-wiki/02_sources/markdown/md-github-facing-aether-flow-ontology-explainer.md,obsidian_note,generated_memory_note,generated_noncanonical,humans_and_agents,f384d798ec4e891081fd8c0618561c3505d19640d5a003d11a6062382abaa4b4,MD-GITHUB-FACING-AETHER-FLOW-ONTOLOGY-EXPLAINER,MD-GITHUB-FACING-AETHER-FLOW-ONTOLOGY-EXPLAINER,,obsidian-wiki,PASS,2026-06-19T22:29:17Z,Generated local Obsidian memory note; not canonical authority.,MD-GITHUB-FACING-AETHER-FLOW-ONTOLOGY-EXPLAINER,MARKDOWN_SOURCE_REGISTRY.csv,.local/obsidian/aether-flow-wiki,.local/obsidian/aether-flow-wiki/02_sources/markdown/md-github-facing-aether-flow-ontology-explainer.md,.local/obsidian/aether-flow-wiki/01_raw/markdown/md-github-facing-aether-flow-ontology-explainer.md,,.local/obsidian/aether-flow-wiki/03_indexes/by-format-markdown.md,local_generated,2026-06-19T22:29:17Z
VAULT-MD-GITHUB-FACING-AETHER-FLOW-PHYSICS-PROGRAM-EXPLAINER,.local/obsidian/aether-flow-wiki/02_sources/markdown/md-github-facing-aether-flow-physics-program-explainer.md,obsidian_note,generated_memory_note,generated_noncanonical,humans_and_agents,dfa00bd2dfcaf69bf3d81199a0358b5f884c99fb72cf08443d0c61c2863c536b,MD-GITHUB-FACING-AETHER-FLOW-PHYSICS-PROGRAM-EXPLAINER,MD-GITHUB-FACING-AETHER-FLOW-PHYSICS-PROGRAM-EXPLAINER,,obsidian-wiki,PASS,2026-06-19T22:29:17Z,Generated local Obsidian memory note; not canonical authority.,MD-GITHUB-FACING-AETHER-FLOW-PHYSICS-PROGRAM-EXPLAINER,MARKDOWN_SOURCE_REGISTRY.csv,.local/obsidian/aether-flow-wiki,.local/obsidian/aether-flow-wiki/02_sources/markdown/md-github-facing-aether-flow-physics-program-explainer.md,.local/obsidian/aether-flow-wiki/01_raw/markdown/md-github-facing-aether-flow-physics-program-explainer.md,,.local/obsidian/aether-flow-wiki/03_indexes/by-format-markdown.md,local_generated,2026-06-19T22:29:17Z
VAULT-MD-GITHUB-FACING-CLAIM-GATES-EXPLAINER,.local/obsidian/aether-flow-wiki/02_sources/markdown/md-github-facing-claim-gates-explainer.md,obsidian_note,generated_memory_note,generated_noncanonical,humans_and_agents,8af0f20cb1d9a31c39f9b0077bc07cf07d73e67035da99330704b159f590c5c6,MD-GITHUB-FACING-CLAIM-GATES-EXPLAINER,MD-GITHUB-FACING-CLAIM-GATES-EXPLAINER,,obsidian-wiki,PASS,2026-06-19T22:29:17Z,Generated local Obsidian memory note; not canonical authority.,MD-GITHUB-FACING-CLAIM-GATES-EXPLAINER,MARKDOWN_SOURCE_REGISTRY.csv,.local/obsidian/aether-flow-wiki,.local/obsidian/aether-flow-wiki/02_sources/markdown/md-github-facing-claim-gates-explainer.md,.local/obsidian/aether-flow-wiki/01_raw/markdown/md-github-facing-claim-gates-explainer.md,,.local/obsidian/aether-flow-wiki/03_indexes/by-format-markdown.md,local_generated,2026-06-19T22:29:17Z
VAULT-MD-GITHUB-FACING-DIRECTOR-AGENTJOB-LIFECYCLE-EXPLAINER,.local/obsidian/aether-flow-wiki/02_sources/markdown/md-github-facing-director-agentjob-lifecycle-explainer.md,obsidian_note,generated_memory_note,generated_noncanonical,humans_and_agents,c7c4bcf8aac5754ef9366cc90444acc58bfe090a838938c57ad3f4487e74d10b,MD-GITHUB-FACING-DIRECTOR-AGENTJOB-LIFECYCLE-EXPLAINER,MD-GITHUB-FACING-DIRECTOR-AGENTJOB-LIFECYCLE-EXPLAINER,,obsidian-wiki,PASS,2026-06-19T22:54:27Z,Generated local Obsidian memory note; not canonical authority.,MD-GITHUB-FACING-DIRECTOR-AGENTJOB-LIFECYCLE-EXPLAINER,MARKDOWN_SOURCE_REGISTRY.csv,.local/obsidian/aether-flow-wiki,.local/obsidian/aether-flow-wiki/02_sources/markdown/md-github-facing-director-agentjob-lifecycle-explainer.md,.local/obsidian/aether-flow-wiki/01_raw/markdown/md-github-facing-director-agentjob-lifecycle-explainer.md,,.local/obsidian/aether-flow-wiki/03_indexes/by-format-markdown.md,local_generated,2026-06-19T22:54:27Z
VAULT-MD-GITHUB-FACING-DOCUMENTATION-CURATOR-PUBLICATION-PROCESS-EXPLAINER,.local/obsidian/aether-flow-wiki/02_sources/markdown/md-github-facing-documentation-curator-publication-process-explainer.md,obsidian_note,generated_memory_note,generated_noncanonical,humans_and_agents,2a846a01cb6d8347496becdc08e96469541a7a49ad098dad1ca4e62114a19df5,MD-GITHUB-FACING-DOCUMENTATION-CURATOR-PUBLICATION-PROCESS-EXPLAINER,MD-GITHUB-FACING-DOCUMENTATION-CURATOR-PUBLICATION-PROCESS-EXPLAINER,,obsidian-wiki,PASS,2026-06-19T23:15:56Z,Generated local Obsidian memory note; not canonical authority.,MD-GITHUB-FACING-DOCUMENTATION-CURATOR-PUBLICATION-PROCESS-EXPLAINER,MARKDOWN_SOURCE_REGISTRY.csv,.local/obsidian/aether-flow-wiki,.local/obsidian/aether-flow-wiki/02_sources/markdown/md-github-facing-documentation-curator-publication-process-explainer.md,.local/obsidian/aether-flow-wiki/01_raw/markdown/md-github-facing-documentation-curator-publication-process-explainer.md,,.local/obsidian/aether-flow-wiki/03_indexes/by-format-markdown.md,local_generated,2026-06-19T23:15:56Z
VAULT-MD-GITHUB-FACING-EXACT-GR-BENCHMARK-BOUNDARY-EXPLAINER,.local/obsidian/aether-flow-wiki/02_sources/markdown/md-github-facing-exact-gr-benchmark-boundary-explainer.md,obsidian_note,generated_memory_note,generated_noncanonical,humans_and_agents,df259165eaeb38a4ca07d977007a1d6ecb395cad8260aa0144d153397d38314e,MD-GITHUB-FACING-EXACT-GR-BENCHMARK-BOUNDARY-EXPLAINER,MD-GITHUB-FACING-EXACT-GR-BENCHMARK-BOUNDARY-EXPLAINER,,obsidian-wiki,PASS,2026-06-19T22:29:17Z,Generated local Obsidian memory note; not canonical authority.,MD-GITHUB-FACING-EXACT-GR-BENCHMARK-BOUNDARY-EXPLAINER,MARKDOWN_SOURCE_REGISTRY.csv,.local/obsidian/aether-flow-wiki,.local/obsidian/aether-flow-wiki/02_sources/markdown/md-github-facing-exact-gr-benchmark-boundary-explainer.md,.local/obsidian/aether-flow-wiki/01_raw/markdown/md-github-facing-exact-gr-benchmark-boundary-explainer.md,,.local/obsidian/aether-flow-wiki/03_indexes/by-format-markdown.md,local_generated,2026-06-19T22:29:17Z
VAULT-MD-GITHUB-FACING-GR-DERIVATION-ROADMAP-EXPLAINER,.local/obsidian/aether-flow-wiki/02_sources/markdown/md-github-facing-gr-derivation-roadmap-explainer.md,obsidian_note,generated_memory_note,generated_noncanonical,humans_and_agents,0de7f2a9c03670f07e0ecfed1e6933fef07ab2e549a1fd9c93325a5abe7922dc,MD-GITHUB-FACING-GR-DERIVATION-ROADMAP-EXPLAINER,MD-GITHUB-FACING-GR-DERIVATION-ROADMAP-EXPLAINER,,obsidian-wiki,PASS,2026-06-19T22:29:17Z,Generated local Obsidian memory note; not canonical authority.,MD-GITHUB-FACING-GR-DERIVATION-ROADMAP-EXPLAINER,MARKDOWN_SOURCE_REGISTRY.csv,.local/obsidian/aether-flow-wiki,.local/obsidian/aether-flow-wiki/02_sources/markdown/md-github-facing-gr-derivation-roadmap-explainer.md,.local/obsidian/aether-flow-wiki/01_raw/markdown/md-github-facing-gr-derivation-roadmap-explainer.md,,.local/obsidian/aether-flow-wiki/03_indexes/by-format-markdown.md,local_generated,2026-06-19T22:29:17Z
VAULT-MD-GITHUB-FACING-MEMORY-SYSTEM-EXPLAINER,.local/obsidian/aether-flow-wiki/02_sources/markdown/md-github-facing-memory-system-explainer.md,obsidian_note,generated_memory_note,generated_noncanonical,humans_and_agents,4fa6b32169a9e529382149348d36a65d3a6f81134cc18311a0db8ad40810f94b,MD-GITHUB-FACING-MEMORY-SYSTEM-EXPLAINER,MD-GITHUB-FACING-MEMORY-SYSTEM-EXPLAINER,,obsidian-wiki,PASS,2026-06-19T23:15:56Z,Generated local Obsidian memory note; not canonical authority.,MD-GITHUB-FACING-MEMORY-SYSTEM-EXPLAINER,MARKDOWN_SOURCE_REGISTRY.csv,.local/obsidian/aether-flow-wiki,.local/obsidian/aether-flow-wiki/02_sources/markdown/md-github-facing-memory-system-explainer.md,.local/obsidian/aether-flow-wiki/01_raw/markdown/md-github-facing-memory-system-explainer.md,,.local/obsidian/aether-flow-wiki/03_indexes/by-format-markdown.md,local_generated,2026-06-19T23:15:56Z
VAULT-MD-GITHUB-FACING-PARENT-CHILD-SYNTHESIS-EXPLAINER,.local/obsidian/aether-flow-wiki/02_sources/markdown/md-github-facing-parent-child-synthesis-explainer.md,obsidian_note,generated_memory_note,generated_noncanonical,humans_and_agents,d722d42ef0b994da20399867b135bc79f0cf4e8fd74ed5428d880bef83a9e991,MD-GITHUB-FACING-PARENT-CHILD-SYNTHESIS-EXPLAINER,MD-GITHUB-FACING-PARENT-CHILD-SYNTHESIS-EXPLAINER,,obsidian-wiki,PASS,2026-06-19T22:54:27Z,Generated local Obsidian memory note; not canonical authority.,MD-GITHUB-FACING-PARENT-CHILD-SYNTHESIS-EXPLAINER,MARKDOWN_SOURCE_REGISTRY.csv,.local/obsidian/aether-flow-wiki,.local/obsidian/aether-flow-wiki/02_sources/markdown/md-github-facing-parent-child-synthesis-explainer.md,.local/obsidian/aether-flow-wiki/01_raw/markdown/md-github-facing-parent-child-synthesis-explainer.md,,.local/obsidian/aether-flow-wiki/03_indexes/by-format-markdown.md,local_generated,2026-06-19T22:54:27Z
VAULT-MD-GITHUB-FACING-PROJECT-OVERVIEW-EXPLAINER,.local/obsidian/aether-flow-wiki/02_sources/markdown/md-github-facing-project-overview-explainer.md,obsidian_note,generated_memory_note,generated_noncanonical,humans_and_agents,29011d3201de1731056858bdb90996a05cbf95697f9d9a679cdff411a1c7ad8b,MD-GITHUB-FACING-PROJECT-OVERVIEW-EXPLAINER,MD-GITHUB-FACING-PROJECT-OVERVIEW-EXPLAINER,,obsidian-wiki,PASS,2026-06-19T22:01:36Z,Generated local Obsidian memory note; not canonical authority.,MD-GITHUB-FACING-PROJECT-OVERVIEW-EXPLAINER,MARKDOWN_SOURCE_REGISTRY.csv,.local/obsidian/aether-flow-wiki,.local/obsidian/aether-flow-wiki/02_sources/markdown/md-github-facing-project-overview-explainer.md,.local/obsidian/aether-flow-wiki/01_raw/markdown/md-github-facing-project-overview-explainer.md,,.local/obsidian/aether-flow-wiki/03_indexes/by-format-markdown.md,local_generated,2026-06-19T22:01:36Z
VAULT-MD-GITHUB-FACING-PROJECT-SYSTEM-IMPROVEMENT-EXPLAINER,.local/obsidian/aether-flow-wiki/02_sources/markdown/md-github-facing-project-system-improvement-explainer.md,obsidian_note,generated_memory_note,generated_noncanonical,humans_and_agents,21703e004669e1ee93837e574e63072579f5104518e42b6e3bf4964e3a681675,MD-GITHUB-FACING-PROJECT-SYSTEM-IMPROVEMENT-EXPLAINER,MD-GITHUB-FACING-PROJECT-SYSTEM-IMPROVEMENT-EXPLAINER,,obsidian-wiki,PASS,2026-06-19T23:15:56Z,Generated local Obsidian memory note; not canonical authority.,MD-GITHUB-FACING-PROJECT-SYSTEM-IMPROVEMENT-EXPLAINER,MARKDOWN_SOURCE_REGISTRY.csv,.local/obsidian/aether-flow-wiki,.local/obsidian/aether-flow-wiki/02_sources/markdown/md-github-facing-project-system-improvement-explainer.md,.local/obsidian/aether-flow-wiki/01_raw/markdown/md-github-facing-project-system-improvement-explainer.md,,.local/obsidian/aether-flow-wiki/03_indexes/by-format-markdown.md,local_generated,2026-06-19T23:15:56Z
VAULT-MD-GITHUB-FACING-RESEARCH-AGENT-WORKFLOW-EXPLAINER,.local/obsidian/aether-flow-wiki/02_sources/markdown/md-github-facing-research-agent-workflow-explainer.md,obsidian_note,generated_memory_note,generated_noncanonical,humans_and_agents,1031b04c2936096382f1b6fe30d52207ef68641b9edc4d0a619780b83c8d24e1,MD-GITHUB-FACING-RESEARCH-AGENT-WORKFLOW-EXPLAINER,MD-GITHUB-FACING-RESEARCH-AGENT-WORKFLOW-EXPLAINER,,obsidian-wiki,PASS,2026-06-19T22:54:27Z,Generated local Obsidian memory note; not canonical authority.,MD-GITHUB-FACING-RESEARCH-AGENT-WORKFLOW-EXPLAINER,MARKDOWN_SOURCE_REGISTRY.csv,.local/obsidian/aether-flow-wiki,.local/obsidian/aether-flow-wiki/02_sources/markdown/md-github-facing-research-agent-workflow-explainer.md,.local/obsidian/aether-flow-wiki/01_raw/markdown/md-github-facing-research-agent-workflow-explainer.md,,.local/obsidian/aether-flow-wiki/03_indexes/by-format-markdown.md,local_generated,2026-06-19T22:54:27Z
VAULT-MD-GITHUB-FACING-ROLE-ROUTING-EXPLAINER,.local/obsidian/aether-flow-wiki/02_sources/markdown/md-github-facing-role-routing-explainer.md,obsidian_note,generated_memory_note,generated_noncanonical,humans_and_agents,02b9f3570119f7143a0a9cab1e218f937e0f4321149f76f07cb3866b112480bf,MD-GITHUB-FACING-ROLE-ROUTING-EXPLAINER,MD-GITHUB-FACING-ROLE-ROUTING-EXPLAINER,,obsidian-wiki,PASS,2026-06-19T22:54:27Z,Generated local Obsidian memory note; not canonical authority.,MD-GITHUB-FACING-ROLE-ROUTING-EXPLAINER,MARKDOWN_SOURCE_REGISTRY.csv,.local/obsidian/aether-flow-wiki,.local/obsidian/aether-flow-wiki/02_sources/markdown/md-github-facing-role-routing-explainer.md,.local/obsidian/aether-flow-wiki/01_raw/markdown/md-github-facing-role-routing-explainer.md,,.local/obsidian/aether-flow-wiki/03_indexes/by-format-markdown.md,local_generated,2026-06-19T22:54:27Z
VAULT-MD-GITHUB-FACING-ROLES-AND-SKILLS-EXPLAINER,.local/obsidian/aether-flow-wiki/02_sources/markdown/md-github-facing-roles-and-skills-explainer.md,obsidian_note,generated_memory_note,generated_noncanonical,humans_and_agents,c08b232678f2a3829a50e781414eaf638f94d406481ae324c1286ef751c485c6,MD-GITHUB-FACING-ROLES-AND-SKILLS-EXPLAINER,MD-GITHUB-FACING-ROLES-AND-SKILLS-EXPLAINER,,obsidian-wiki,PASS,2026-06-19T23:15:56Z,Generated local Obsidian memory note; not canonical authority.,MD-GITHUB-FACING-ROLES-AND-SKILLS-EXPLAINER,MARKDOWN_SOURCE_REGISTRY.csv,.local/obsidian/aether-flow-wiki,.local/obsidian/aether-flow-wiki/02_sources/markdown/md-github-facing-roles-and-skills-explainer.md,.local/obsidian/aether-flow-wiki/01_raw/markdown/md-github-facing-roles-and-skills-explainer.md,,.local/obsidian/aether-flow-wiki/03_indexes/by-format-markdown.md,local_generated,2026-06-19T23:15:56Z
VAULT-MD-GITHUB-FACING-SOURCE-AUTHORITY-EXPLAINER,.local/obsidian/aether-flow-wiki/02_sources/markdown/md-github-facing-source-authority-explainer.md,obsidian_note,generated_memory_note,generated_noncanonical,humans_and_agents,b3d9145c6e9cfebe1dfa5ec59e5905eeec636fa188cc8b65562689337a2a8ebf,MD-GITHUB-FACING-SOURCE-AUTHORITY-EXPLAINER,MD-GITHUB-FACING-SOURCE-AUTHORITY-EXPLAINER,,obsidian-wiki,PASS,2026-06-19T22:01:36Z,Generated local Obsidian memory note; not canonical authority.,MD-GITHUB-FACING-SOURCE-AUTHORITY-EXPLAINER,MARKDOWN_SOURCE_REGISTRY.csv,.local/obsidian/aether-flow-wiki,.local/obsidian/aether-flow-wiki/02_sources/markdown/md-github-facing-source-authority-explainer.md,.local/obsidian/aether-flow-wiki/01_raw/markdown/md-github-facing-source-authority-explainer.md,,.local/obsidian/aether-flow-wiki/03_indexes/by-format-markdown.md,local_generated,2026-06-19T22:01:36Z
VAULT-MD-GITHUB-FACING-TECHNICAL-REQUIREMENTS-EXPLAINER,.local/obsidian/aether-flow-wiki/02_sources/markdown/md-github-facing-technical-requirements-explainer.md,obsidian_note,generated_memory_note,generated_noncanonical,humans_and_agents,8ce46064849224289885f256379e8433d760963ca205a02c57c2e6b8afe62929,MD-GITHUB-FACING-TECHNICAL-REQUIREMENTS-EXPLAINER,MD-GITHUB-FACING-TECHNICAL-REQUIREMENTS-EXPLAINER,,obsidian-wiki,PASS,2026-06-19T23:15:56Z,Generated local Obsidian memory note; not canonical authority.,MD-GITHUB-FACING-TECHNICAL-REQUIREMENTS-EXPLAINER,MARKDOWN_SOURCE_REGISTRY.csv,.local/obsidian/aether-flow-wiki,.local/obsidian/aether-flow-wiki/02_sources/markdown/md-github-facing-technical-requirements-explainer.md,.local/obsidian/aether-flow-wiki/01_raw/markdown/md-github-facing-technical-requirements-explainer.md,,.local/obsidian/aether-flow-wiki/03_indexes/by-format-markdown.md,local_generated,2026-06-19T23:15:56Z
VAULT-MD-GITHUB-FACING-VALIDATOR-OPERATOR-WORKFLOW-EXPLAINER,.local/obsidian/aether-flow-wiki/02_sources/markdown/md-github-facing-validator-operator-workflow-explainer.md,obsidian_note,generated_memory_note,generated_noncanonical,humans_and_agents,90e6a2714aed9f1cf18a57fb71189e94fb82611bb1327258f1ced4c6c57fe539,MD-GITHUB-FACING-VALIDATOR-OPERATOR-WORKFLOW-EXPLAINER,MD-GITHUB-FACING-VALIDATOR-OPERATOR-WORKFLOW-EXPLAINER,,obsidian-wiki,PASS,2026-06-19T23:15:56Z,Generated local Obsidian memory note; not canonical authority.,MD-GITHUB-FACING-VALIDATOR-OPERATOR-WORKFLOW-EXPLAINER,MARKDOWN_SOURCE_REGISTRY.csv,.local/obsidian/aether-flow-wiki,.local/obsidian/aether-flow-wiki/02_sources/markdown/md-github-facing-validator-operator-workflow-explainer.md,.local/obsidian/aether-flow-wiki/01_raw/markdown/md-github-facing-validator-operator-workflow-explainer.md,,.local/obsidian/aether-flow-wiki/03_indexes/by-format-markdown.md,local_generated,2026-06-19T23:15:56Z
VAULT-MD-GR-DERIVATION-ROADMAP-PUBLICATION-BRIEF,.local/obsidian/aether-flow-wiki/02_sources/markdown/md-gr-derivation-roadmap-publication-brief.md,obsidian_note,generated_memory_note,generated_noncanonical,humans_and_agents,10e689e976a31249a9ca045a3783474076ea3243aa51a7b11b53fdba554cd645,MD-GR-DERIVATION-ROADMAP-PUBLICATION-BRIEF,MD-GR-DERIVATION-ROADMAP-PUBLICATION-BRIEF,,obsidian-wiki,PASS,2026-06-18T23:31:35Z,Generated local Obsidian memory note; not canonical authority.,MD-GR-DERIVATION-ROADMAP-PUBLICATION-BRIEF,MARKDOWN_SOURCE_REGISTRY.csv,.local/obsidian/aether-flow-wiki,.local/obsidian/aether-flow-wiki/02_sources/markdown/md-gr-derivation-roadmap-publication-brief.md,.local/obsidian/aether-flow-wiki/01_raw/markdown/md-gr-derivation-roadmap-publication-brief.md,,.local/obsidian/aether-flow-wiki/03_indexes/by-format-markdown.md,local_generated,2026-06-18T23:31:35Z
VAULT-MD-HTML-SPEC-AETHER-FLOW-ONTOLOGY-EXPLAINER,.local/obsidian/aether-flow-wiki/02_sources/markdown/md-html-spec-aether-flow-ontology-explainer.md,obsidian_note,generated_memory_note,generated_noncanonical,humans_and_agents,bc91e34c5fff350a56edf175e5301384db7eb3702597047ff46e4701cf41577c,MD-HTML-SPEC-AETHER-FLOW-ONTOLOGY-EXPLAINER,MD-HTML-SPEC-AETHER-FLOW-ONTOLOGY-EXPLAINER,,obsidian-wiki,PASS,2026-06-19T22:29:17Z,Generated local Obsidian memory note; not canonical authority.,MD-HTML-SPEC-AETHER-FLOW-ONTOLOGY-EXPLAINER,MARKDOWN_SOURCE_REGISTRY.csv,.local/obsidian/aether-flow-wiki,.local/obsidian/aether-flow-wiki/02_sources/markdown/md-html-spec-aether-flow-ontology-explainer.md,.local/obsidian/aether-flow-wiki/01_raw/markdown/md-html-spec-aether-flow-ontology-explainer.md,,.local/obsidian/aether-flow-wiki/03_indexes/by-format-markdown.md,local_generated,2026-06-19T22:29:17Z
VAULT-MD-HTML-SPEC-AETHER-FLOW-PHYSICS-PROGRAM-EXPLAINER,.local/obsidian/aether-flow-wiki/02_sources/markdown/md-html-spec-aether-flow-physics-program-explainer.md,obsidian_note,generated_memory_note,generated_noncanonical,humans_and_agents,bd0a9d91cd89f5bf9d14d989db8db1000d9dec17df3026dbafcf55415f8d19b0,MD-HTML-SPEC-AETHER-FLOW-PHYSICS-PROGRAM-EXPLAINER,MD-HTML-SPEC-AETHER-FLOW-PHYSICS-PROGRAM-EXPLAINER,,obsidian-wiki,PASS,2026-06-19T22:29:17Z,Generated local Obsidian memory note; not canonical authority.,MD-HTML-SPEC-AETHER-FLOW-PHYSICS-PROGRAM-EXPLAINER,MARKDOWN_SOURCE_REGISTRY.csv,.local/obsidian/aether-flow-wiki,.local/obsidian/aether-flow-wiki/02_sources/markdown/md-html-spec-aether-flow-physics-program-explainer.md,.local/obsidian/aether-flow-wiki/01_raw/markdown/md-html-spec-aether-flow-physics-program-explainer.md,,.local/obsidian/aether-flow-wiki/03_indexes/by-format-markdown.md,local_generated,2026-06-19T22:29:17Z
VAULT-MD-HTML-SPEC-CLAIM-GATES-EXPLAINER,.local/obsidian/aether-flow-wiki/02_sources/markdown/md-html-spec-claim-gates-explainer.md,obsidian_note,generated_memory_note,generated_noncanonical,humans_and_agents,90077a5e18d2f0c375dee98cfa02f63a40ea6bfaf90c46ad7040cca560c1991d,MD-HTML-SPEC-CLAIM-GATES-EXPLAINER,MD-HTML-SPEC-CLAIM-GATES-EXPLAINER,,obsidian-wiki,PASS,2026-06-19T22:29:17Z,Generated local Obsidian memory note; not canonical authority.,MD-HTML-SPEC-CLAIM-GATES-EXPLAINER,MARKDOWN_SOURCE_REGISTRY.csv,.local/obsidian/aether-flow-wiki,.local/obsidian/aether-flow-wiki/02_sources/markdown/md-html-spec-claim-gates-explainer.md,.local/obsidian/aether-flow-wiki/01_raw/markdown/md-html-spec-claim-gates-explainer.md,,.local/obsidian/aether-flow-wiki/03_indexes/by-format-markdown.md,local_generated,2026-06-19T22:29:17Z
VAULT-MD-HTML-SPEC-DIRECTOR-AGENTJOB-LIFECYCLE-EXPLAINER,.local/obsidian/aether-flow-wiki/02_sources/markdown/md-html-spec-director-agentjob-lifecycle-explainer.md,obsidian_note,generated_memory_note,generated_noncanonical,humans_and_agents,9c82e08b7d5a03fc3f4b616a7244795db05cabd985160398007d3fd20efac1b3,MD-HTML-SPEC-DIRECTOR-AGENTJOB-LIFECYCLE-EXPLAINER,MD-HTML-SPEC-DIRECTOR-AGENTJOB-LIFECYCLE-EXPLAINER,,obsidian-wiki,PASS,2026-06-19T22:54:27Z,Generated local Obsidian memory note; not canonical authority.,MD-HTML-SPEC-DIRECTOR-AGENTJOB-LIFECYCLE-EXPLAINER,MARKDOWN_SOURCE_REGISTRY.csv,.local/obsidian/aether-flow-wiki,.local/obsidian/aether-flow-wiki/02_sources/markdown/md-html-spec-director-agentjob-lifecycle-explainer.md,.local/obsidian/aether-flow-wiki/01_raw/markdown/md-html-spec-director-agentjob-lifecycle-explainer.md,,.local/obsidian/aether-flow-wiki/03_indexes/by-format-markdown.md,local_generated,2026-06-19T22:54:27Z
VAULT-MD-HTML-SPEC-DOCUMENTATION-CURATOR-PUBLICATION-PROCESS-EXPLAINER,.local/obsidian/aether-flow-wiki/02_sources/markdown/md-html-spec-documentation-curator-publication-process-explainer.md,obsidian_note,generated_memory_note,generated_noncanonical,humans_and_agents,8f3d0ab62362a7db16e4dbaa1b2ae6346896f9062691eed3ba952a51bee11e5e,MD-HTML-SPEC-DOCUMENTATION-CURATOR-PUBLICATION-PROCESS-EXPLAINER,MD-HTML-SPEC-DOCUMENTATION-CURATOR-PUBLICATION-PROCESS-EXPLAINER,,obsidian-wiki,PASS,2026-06-19T23:15:56Z,Generated local Obsidian memory note; not canonical authority.,MD-HTML-SPEC-DOCUMENTATION-CURATOR-PUBLICATION-PROCESS-EXPLAINER,MARKDOWN_SOURCE_REGISTRY.csv,.local/obsidian/aether-flow-wiki,.local/obsidian/aether-flow-wiki/02_sources/markdown/md-html-spec-documentation-curator-publication-process-explainer.md,.local/obsidian/aether-flow-wiki/01_raw/markdown/md-html-spec-documentation-curator-publication-process-explainer.md,,.local/obsidian/aether-flow-wiki/03_indexes/by-format-markdown.md,local_generated,2026-06-19T23:15:56Z
VAULT-MD-HTML-SPEC-EXACT-GR-BENCHMARK-BOUNDARY-EXPLAINER,.local/obsidian/aether-flow-wiki/02_sources/markdown/md-html-spec-exact-gr-benchmark-boundary-explainer.md,obsidian_note,generated_memory_note,generated_noncanonical,humans_and_agents,4302503d4809d823f6c9890f85f7d80c10473f7763f3dbc8b5600dae7fde70b0,MD-HTML-SPEC-EXACT-GR-BENCHMARK-BOUNDARY-EXPLAINER,MD-HTML-SPEC-EXACT-GR-BENCHMARK-BOUNDARY-EXPLAINER,,obsidian-wiki,PASS,2026-06-19T22:29:17Z,Generated local Obsidian memory note; not canonical authority.,MD-HTML-SPEC-EXACT-GR-BENCHMARK-BOUNDARY-EXPLAINER,MARKDOWN_SOURCE_REGISTRY.csv,.local/obsidian/aether-flow-wiki,.local/obsidian/aether-flow-wiki/02_sources/markdown/md-html-spec-exact-gr-benchmark-boundary-explainer.md,.local/obsidian/aether-flow-wiki/01_raw/markdown/md-html-spec-exact-gr-benchmark-boundary-explainer.md,,.local/obsidian/aether-flow-wiki/03_indexes/by-format-markdown.md,local_generated,2026-06-19T22:29:17Z
VAULT-MD-HTML-SPEC-GR-DERIVATION-ROADMAP-EXPLAINER,.local/obsidian/aether-flow-wiki/02_sources/markdown/md-html-spec-gr-derivation-roadmap-explainer.md,obsidian_note,generated_memory_note,generated_noncanonical,humans_and_agents,0fafeed53412ca9b3cae956a095605c932ceb8a5ca74cc2b8904ca37cf4416db,MD-HTML-SPEC-GR-DERIVATION-ROADMAP-EXPLAINER,MD-HTML-SPEC-GR-DERIVATION-ROADMAP-EXPLAINER,,obsidian-wiki,PASS,2026-06-19T22:29:17Z,Generated local Obsidian memory note; not canonical authority.,MD-HTML-SPEC-GR-DERIVATION-ROADMAP-EXPLAINER,MARKDOWN_SOURCE_REGISTRY.csv,.local/obsidian/aether-flow-wiki,.local/obsidian/aether-flow-wiki/02_sources/markdown/md-html-spec-gr-derivation-roadmap-explainer.md,.local/obsidian/aether-flow-wiki/01_raw/markdown/md-html-spec-gr-derivation-roadmap-explainer.md,,.local/obsidian/aether-flow-wiki/03_indexes/by-format-markdown.md,local_generated,2026-06-19T22:29:17Z
VAULT-MD-HTML-SPEC-MEMORY-SYSTEM-EXPLAINER,.local/obsidian/aether-flow-wiki/02_sources/markdown/md-html-spec-memory-system-explainer.md,obsidian_note,generated_memory_note,generated_noncanonical,humans_and_agents,23532f83087af449481f03e3076b1915acc8caaa833f25e1d9af853dc8068a6f,MD-HTML-SPEC-MEMORY-SYSTEM-EXPLAINER,MD-HTML-SPEC-MEMORY-SYSTEM-EXPLAINER,,obsidian-wiki,PASS,2026-06-19T23:15:56Z,Generated local Obsidian memory note; not canonical authority.,MD-HTML-SPEC-MEMORY-SYSTEM-EXPLAINER,MARKDOWN_SOURCE_REGISTRY.csv,.local/obsidian/aether-flow-wiki,.local/obsidian/aether-flow-wiki/02_sources/markdown/md-html-spec-memory-system-explainer.md,.local/obsidian/aether-flow-wiki/01_raw/markdown/md-html-spec-memory-system-explainer.md,,.local/obsidian/aether-flow-wiki/03_indexes/by-format-markdown.md,local_generated,2026-06-19T23:15:56Z
VAULT-MD-HTML-SPEC-PARENT-CHILD-SYNTHESIS-EXPLAINER,.local/obsidian/aether-flow-wiki/02_sources/markdown/md-html-spec-parent-child-synthesis-explainer.md,obsidian_note,generated_memory_note,generated_noncanonical,humans_and_agents,144f1915c6c5c4f5d7a129a77efdd3fc12352175c0c1f36e7aea8305795aae90,MD-HTML-SPEC-PARENT-CHILD-SYNTHESIS-EXPLAINER,MD-HTML-SPEC-PARENT-CHILD-SYNTHESIS-EXPLAINER,,obsidian-wiki,PASS,2026-06-19T22:54:27Z,Generated local Obsidian memory note; not canonical authority.,MD-HTML-SPEC-PARENT-CHILD-SYNTHESIS-EXPLAINER,MARKDOWN_SOURCE_REGISTRY.csv,.local/obsidian/aether-flow-wiki,.local/obsidian/aether-flow-wiki/02_sources/markdown/md-html-spec-parent-child-synthesis-explainer.md,.local/obsidian/aether-flow-wiki/01_raw/markdown/md-html-spec-parent-child-synthesis-explainer.md,,.local/obsidian/aether-flow-wiki/03_indexes/by-format-markdown.md,local_generated,2026-06-19T22:54:27Z
VAULT-MD-HTML-SPEC-PROJECT-OVERVIEW-EXPLAINER,.local/obsidian/aether-flow-wiki/02_sources/markdown/md-html-spec-project-overview-explainer.md,obsidian_note,generated_memory_note,generated_noncanonical,humans_and_agents,87a872e4730c31df40e48a5a97164c2b2d107ecd12d262ab519eae64ec5de3a8,MD-HTML-SPEC-PROJECT-OVERVIEW-EXPLAINER,MD-HTML-SPEC-PROJECT-OVERVIEW-EXPLAINER,,obsidian-wiki,PASS,2026-06-19T22:02:25Z,Generated local Obsidian memory note; not canonical authority.,MD-HTML-SPEC-PROJECT-OVERVIEW-EXPLAINER,MARKDOWN_SOURCE_REGISTRY.csv,.local/obsidian/aether-flow-wiki,.local/obsidian/aether-flow-wiki/02_sources/markdown/md-html-spec-project-overview-explainer.md,.local/obsidian/aether-flow-wiki/01_raw/markdown/md-html-spec-project-overview-explainer.md,,.local/obsidian/aether-flow-wiki/03_indexes/by-format-markdown.md,local_generated,2026-06-19T22:02:25Z
VAULT-MD-HTML-SPEC-PROJECT-SYSTEM-IMPROVEMENT-EXPLAINER,.local/obsidian/aether-flow-wiki/02_sources/markdown/md-html-spec-project-system-improvement-explainer.md,obsidian_note,generated_memory_note,generated_noncanonical,humans_and_agents,c9205c6ee81995f1a22893702fcc1d3947e5989c65fbaeda72591a7c3f0ee6bc,MD-HTML-SPEC-PROJECT-SYSTEM-IMPROVEMENT-EXPLAINER,MD-HTML-SPEC-PROJECT-SYSTEM-IMPROVEMENT-EXPLAINER,,obsidian-wiki,PASS,2026-06-19T23:15:56Z,Generated local Obsidian memory note; not canonical authority.,MD-HTML-SPEC-PROJECT-SYSTEM-IMPROVEMENT-EXPLAINER,MARKDOWN_SOURCE_REGISTRY.csv,.local/obsidian/aether-flow-wiki,.local/obsidian/aether-flow-wiki/02_sources/markdown/md-html-spec-project-system-improvement-explainer.md,.local/obsidian/aether-flow-wiki/01_raw/markdown/md-html-spec-project-system-improvement-explainer.md,,.local/obsidian/aether-flow-wiki/03_indexes/by-format-markdown.md,local_generated,2026-06-19T23:15:56Z
VAULT-MD-HTML-SPEC-RESEARCH-AGENT-WORKFLOW-EXPLAINER,.local/obsidian/aether-flow-wiki/02_sources/markdown/md-html-spec-research-agent-workflow-explainer.md,obsidian_note,generated_memory_note,generated_noncanonical,humans_and_agents,7541e01516c45c42701250efda0844e664486a5ca63fb9a441a0aa193106ca77,MD-HTML-SPEC-RESEARCH-AGENT-WORKFLOW-EXPLAINER,MD-HTML-SPEC-RESEARCH-AGENT-WORKFLOW-EXPLAINER,,obsidian-wiki,PASS,2026-06-19T22:54:27Z,Generated local Obsidian memory note; not canonical authority.,MD-HTML-SPEC-RESEARCH-AGENT-WORKFLOW-EXPLAINER,MARKDOWN_SOURCE_REGISTRY.csv,.local/obsidian/aether-flow-wiki,.local/obsidian/aether-flow-wiki/02_sources/markdown/md-html-spec-research-agent-workflow-explainer.md,.local/obsidian/aether-flow-wiki/01_raw/markdown/md-html-spec-research-agent-workflow-explainer.md,,.local/obsidian/aether-flow-wiki/03_indexes/by-format-markdown.md,local_generated,2026-06-19T22:54:27Z
VAULT-MD-HTML-SPEC-ROLE-ROUTING-EXPLAINER,.local/obsidian/aether-flow-wiki/02_sources/markdown/md-html-spec-role-routing-explainer.md,obsidian_note,generated_memory_note,generated_noncanonical,humans_and_agents,cebc8757ffd61f72cc1e6e822b411ff52a663123d0a99205d193431bada6d5e3,MD-HTML-SPEC-ROLE-ROUTING-EXPLAINER,MD-HTML-SPEC-ROLE-ROUTING-EXPLAINER,,obsidian-wiki,PASS,2026-06-19T22:54:27Z,Generated local Obsidian memory note; not canonical authority.,MD-HTML-SPEC-ROLE-ROUTING-EXPLAINER,MARKDOWN_SOURCE_REGISTRY.csv,.local/obsidian/aether-flow-wiki,.local/obsidian/aether-flow-wiki/02_sources/markdown/md-html-spec-role-routing-explainer.md,.local/obsidian/aether-flow-wiki/01_raw/markdown/md-html-spec-role-routing-explainer.md,,.local/obsidian/aether-flow-wiki/03_indexes/by-format-markdown.md,local_generated,2026-06-19T22:54:27Z
VAULT-MD-HTML-SPEC-ROLES-AND-SKILLS-EXPLAINER,.local/obsidian/aether-flow-wiki/02_sources/markdown/md-html-spec-roles-and-skills-explainer.md,obsidian_note,generated_memory_note,generated_noncanonical,humans_and_agents,972947e325d13d272267e5332a0ccfca92977a0a5f81770be48658ddeab5cf91,MD-HTML-SPEC-ROLES-AND-SKILLS-EXPLAINER,MD-HTML-SPEC-ROLES-AND-SKILLS-EXPLAINER,,obsidian-wiki,PASS,2026-06-19T23:15:56Z,Generated local Obsidian memory note; not canonical authority.,MD-HTML-SPEC-ROLES-AND-SKILLS-EXPLAINER,MARKDOWN_SOURCE_REGISTRY.csv,.local/obsidian/aether-flow-wiki,.local/obsidian/aether-flow-wiki/02_sources/markdown/md-html-spec-roles-and-skills-explainer.md,.local/obsidian/aether-flow-wiki/01_raw/markdown/md-html-spec-roles-and-skills-explainer.md,,.local/obsidian/aether-flow-wiki/03_indexes/by-format-markdown.md,local_generated,2026-06-19T23:15:56Z
VAULT-MD-HTML-SPEC-SOURCE-AUTHORITY-EXPLAINER,.local/obsidian/aether-flow-wiki/02_sources/markdown/md-html-spec-source-authority-explainer.md,obsidian_note,generated_memory_note,generated_noncanonical,humans_and_agents,d1e058a932fa1a4265c240099e4f84577b060c8df5aa7980ab4782799c3e83f8,MD-HTML-SPEC-SOURCE-AUTHORITY-EXPLAINER,MD-HTML-SPEC-SOURCE-AUTHORITY-EXPLAINER,,obsidian-wiki,PASS,2026-06-19T22:02:25Z,Generated local Obsidian memory note; not canonical authority.,MD-HTML-SPEC-SOURCE-AUTHORITY-EXPLAINER,MARKDOWN_SOURCE_REGISTRY.csv,.local/obsidian/aether-flow-wiki,.local/obsidian/aether-flow-wiki/02_sources/markdown/md-html-spec-source-authority-explainer.md,.local/obsidian/aether-flow-wiki/01_raw/markdown/md-html-spec-source-authority-explainer.md,,.local/obsidian/aether-flow-wiki/03_indexes/by-format-markdown.md,local_generated,2026-06-19T22:02:25Z
VAULT-MD-HTML-SPEC-TECHNICAL-REQUIREMENTS-EXPLAINER,.local/obsidian/aether-flow-wiki/02_sources/markdown/md-html-spec-technical-requirements-explainer.md,obsidian_note,generated_memory_note,generated_noncanonical,humans_and_agents,1e4a2d3b85ae904bbe0e88b82948167d7810c1b2122bf0d2d443942cb1874e28,MD-HTML-SPEC-TECHNICAL-REQUIREMENTS-EXPLAINER,MD-HTML-SPEC-TECHNICAL-REQUIREMENTS-EXPLAINER,,obsidian-wiki,PASS,2026-06-19T23:15:56Z,Generated local Obsidian memory note; not canonical authority.,MD-HTML-SPEC-TECHNICAL-REQUIREMENTS-EXPLAINER,MARKDOWN_SOURCE_REGISTRY.csv,.local/obsidian/aether-flow-wiki,.local/obsidian/aether-flow-wiki/02_sources/markdown/md-html-spec-technical-requirements-explainer.md,.local/obsidian/aether-flow-wiki/01_raw/markdown/md-html-spec-technical-requirements-explainer.md,,.local/obsidian/aether-flow-wiki/03_indexes/by-format-markdown.md,local_generated,2026-06-19T23:15:56Z
VAULT-MD-HTML-SPEC-VALIDATOR-OPERATOR-WORKFLOW-EXPLAINER,.local/obsidian/aether-flow-wiki/02_sources/markdown/md-html-spec-validator-operator-workflow-explainer.md,obsidian_note,generated_memory_note,generated_noncanonical,humans_and_agents,0342a86de6da8f9b8546e282a2cb445326f370d5cb4694ca0dc6a8686e4049c7,MD-HTML-SPEC-VALIDATOR-OPERATOR-WORKFLOW-EXPLAINER,MD-HTML-SPEC-VALIDATOR-OPERATOR-WORKFLOW-EXPLAINER,,obsidian-wiki,PASS,2026-06-19T23:15:56Z,Generated local Obsidian memory note; not canonical authority.,MD-HTML-SPEC-VALIDATOR-OPERATOR-WORKFLOW-EXPLAINER,MARKDOWN_SOURCE_REGISTRY.csv,.local/obsidian/aether-flow-wiki,.local/obsidian/aether-flow-wiki/02_sources/markdown/md-html-spec-validator-operator-workflow-explainer.md,.local/obsidian/aether-flow-wiki/01_raw/markdown/md-html-spec-validator-operator-workflow-explainer.md,,.local/obsidian/aether-flow-wiki/03_indexes/by-format-markdown.md,local_generated,2026-06-19T23:15:56Z
VAULT-MD-LEGACY-ONTOLOGY-AETHER-AND-AETHER-FLOW,.local/obsidian/aether-flow-wiki/02_sources/markdown/md-legacy-ontology-aether-and-aether-flow.md,obsidian_note,generated_memory_note,generated_noncanonical,humans_and_agents,b8e17df2354ab0fe3cae04e43940f787dd187dd67f0f40e978de080983ac6edc,MD-LEGACY-ONTOLOGY-AETHER-AND-AETHER-FLOW,MD-LEGACY-ONTOLOGY-AETHER-AND-AETHER-FLOW,,obsidian-wiki,PASS,2026-06-18T03:52:34Z,Generated local Obsidian memory note; not canonical authority.,MD-LEGACY-ONTOLOGY-AETHER-AND-AETHER-FLOW,MARKDOWN_SOURCE_REGISTRY.csv,.local/obsidian/aether-flow-wiki,.local/obsidian/aether-flow-wiki/02_sources/markdown/md-legacy-ontology-aether-and-aether-flow.md,.local/obsidian/aether-flow-wiki/01_raw/markdown/md-legacy-ontology-aether-and-aether-flow.md,,.local/obsidian/aether-flow-wiki/03_indexes/by-format-markdown.md,local_generated,2026-06-18T03:52:34Z
VAULT-MD-LEGACY-ONTOLOGY-AETHER-FLOW-INTERPRETATION-LEMEN,.local/obsidian/aether-flow-wiki/02_sources/markdown/md-legacy-ontology-aether-flow-interpretation-lemen.md,obsidian_note,generated_memory_note,generated_noncanonical,humans_and_agents,4ee8f4e889ad433f7d167442e25a47db061743c4b6ccf4528230f6db919d8e23,MD-LEGACY-ONTOLOGY-AETHER-FLOW-INTERPRETATION-LEMEN,MD-LEGACY-ONTOLOGY-AETHER-FLOW-INTERPRETATION-LEMEN,,obsidian-wiki,PASS,2026-06-18T03:52:34Z,Generated local Obsidian memory note; not canonical authority.,MD-LEGACY-ONTOLOGY-AETHER-FLOW-INTERPRETATION-LEMEN,MARKDOWN_SOURCE_REGISTRY.csv,.local/obsidian/aether-flow-wiki,.local/obsidian/aether-flow-wiki/02_sources/markdown/md-legacy-ontology-aether-flow-interpretation-lemen.md,.local/obsidian/aether-flow-wiki/01_raw/markdown/md-legacy-ontology-aether-flow-interpretation-lemen.md,,.local/obsidian/aether-flow-wiki/03_indexes/by-format-markdown.md,local_generated,2026-06-18T03:52:34Z
VAULT-MD-MEMORY-SYSTEM-PUBLICATION-BRIEF,.local/obsidian/aether-flow-wiki/02_sources/markdown/md-memory-system-publication-brief.md,obsidian_note,generated_memory_note,generated_noncanonical,humans_and_agents,0c2618c9906a1defa74751b42eb8f0c2f61b4322cb30caa9fd131275dc0a45b0,MD-MEMORY-SYSTEM-PUBLICATION-BRIEF,MD-MEMORY-SYSTEM-PUBLICATION-BRIEF,,obsidian-wiki,PASS,2026-06-19T04:41:45Z,Generated local Obsidian memory note; not canonical authority.,MD-MEMORY-SYSTEM-PUBLICATION-BRIEF,MARKDOWN_SOURCE_REGISTRY.csv,.local/obsidian/aether-flow-wiki,.local/obsidian/aether-flow-wiki/02_sources/markdown/md-memory-system-publication-brief.md,.local/obsidian/aether-flow-wiki/01_raw/markdown/md-memory-system-publication-brief.md,,.local/obsidian/aether-flow-wiki/03_indexes/by-format-markdown.md,local_generated,2026-06-19T04:41:45Z
VAULT-MD-MISSING-SOURCE-LAW-INVENTORY,.local/obsidian/aether-flow-wiki/02_sources/markdown/md-missing-source-law-inventory.md,obsidian_note,generated_memory_note,generated_noncanonical,humans_and_agents,363000d29ec3e60312976f6a97e74bca1f456282bad7a12332903ba598df09a8,MD-MISSING-SOURCE-LAW-INVENTORY,MD-MISSING-SOURCE-LAW-INVENTORY,,obsidian-wiki,PASS,2026-06-20T19:43:02Z,Generated local Obsidian memory note; not canonical authority.,MD-MISSING-SOURCE-LAW-INVENTORY,MARKDOWN_SOURCE_REGISTRY.csv,.local/obsidian/aether-flow-wiki,.local/obsidian/aether-flow-wiki/02_sources/markdown/md-missing-source-law-inventory.md,.local/obsidian/aether-flow-wiki/01_raw/markdown/md-missing-source-law-inventory.md,,.local/obsidian/aether-flow-wiki/03_indexes/by-format-markdown.md,local_generated,2026-06-20T19:43:02Z
VAULT-MD-ONTOLOGY-AETHER-AND-AETHER-FLOW,.local/obsidian/aether-flow-wiki/02_sources/markdown/md-ontology-aether-and-aether-flow.md,obsidian_note,generated_memory_note,generated_noncanonical,humans_and_agents,b8e17df2354ab0fe3cae04e43940f787dd187dd67f0f40e978de080983ac6edc,MD-ONTOLOGY-AETHER-AND-AETHER-FLOW,MD-ONTOLOGY-AETHER-AND-AETHER-FLOW,,obsidian-wiki,PASS,2026-06-11T23:42:48Z,Generated local Obsidian memory note; not canonical authority.,MD-ONTOLOGY-AETHER-AND-AETHER-FLOW,MARKDOWN_SOURCE_REGISTRY.csv,.local/obsidian/aether-flow-wiki,.local/obsidian/aether-flow-wiki/02_sources/markdown/md-ontology-aether-and-aether-flow.md,.local/obsidian/aether-flow-wiki/01_raw/markdown/md-ontology-aether-and-aether-flow.md,,.local/obsidian/aether-flow-wiki/03_indexes/by-format-markdown.md,local_generated,2026-06-11T23:42:48Z
VAULT-MD-PARENT-CHILD-SYNTHESIS-PUBLICATION-BRIEF,.local/obsidian/aether-flow-wiki/02_sources/markdown/md-parent-child-synthesis-publication-brief.md,obsidian_note,generated_memory_note,generated_noncanonical,humans_and_agents,00b43978211769bfb4c06a48c1ea983daa4efde70fcd1be050a9bcad57ff2c44,MD-PARENT-CHILD-SYNTHESIS-PUBLICATION-BRIEF,MD-PARENT-CHILD-SYNTHESIS-PUBLICATION-BRIEF,,obsidian-wiki,PASS,2026-06-19T00:38:44Z,Generated local Obsidian memory note; not canonical authority.,MD-PARENT-CHILD-SYNTHESIS-PUBLICATION-BRIEF,MARKDOWN_SOURCE_REGISTRY.csv,.local/obsidian/aether-flow-wiki,.local/obsidian/aether-flow-wiki/02_sources/markdown/md-parent-child-synthesis-publication-brief.md,.local/obsidian/aether-flow-wiki/01_raw/markdown/md-parent-child-synthesis-publication-brief.md,,.local/obsidian/aether-flow-wiki/03_indexes/by-format-markdown.md,local_generated,2026-06-19T00:38:44Z
VAULT-MD-PROJECT-CONTROL-GRILL-MEMORY-WIKI-REGISTRY-DESIGN-HANDOFF,.local/obsidian/aether-flow-wiki/02_sources/markdown/md-project-control-grill-memory-wiki-registry-design-handoff.md,obsidian_note,generated_memory_note,generated_noncanonical,humans_and_agents,4d012e7abc260a48746a27b33fccfff832d65fdde8c862111e5fd36d4a36bdb0,MD-PROJECT-CONTROL-GRILL-MEMORY-WIKI-REGISTRY-DESIGN-HANDOFF,MD-PROJECT-CONTROL-GRILL-MEMORY-WIKI-REGISTRY-DESIGN-HANDOFF,,obsidian-wiki,PASS,2026-06-08T01:55:35Z,Generated local Obsidian memory note; not canonical authority.,MD-PROJECT-CONTROL-GRILL-MEMORY-WIKI-REGISTRY-DESIGN-HANDOFF,MARKDOWN_SOURCE_REGISTRY.csv,.local/obsidian/aether-flow-wiki,.local/obsidian/aether-flow-wiki/02_sources/markdown/md-project-control-grill-memory-wiki-registry-design-handoff.md,.local/obsidian/aether-flow-wiki/01_raw/markdown/md-project-control-grill-memory-wiki-registry-design-handoff.md,,.local/obsidian/aether-flow-wiki/03_indexes/by-format-markdown.md,local_generated,2026-06-08T01:55:35Z
VAULT-MD-PROJECT-OVERVIEW-PUBLICATION-BRIEF,.local/obsidian/aether-flow-wiki/02_sources/markdown/md-project-overview-publication-brief.md,obsidian_note,generated_memory_note,generated_noncanonical,humans_and_agents,1f64637ea14596f0b5972ff67b6f8ff976fd62204b902607fd1c9b9121ea1a1d,MD-PROJECT-OVERVIEW-PUBLICATION-BRIEF,MD-PROJECT-OVERVIEW-PUBLICATION-BRIEF,,obsidian-wiki,PASS,2026-06-18T18:25:03Z,Generated local Obsidian memory note; not canonical authority.,MD-PROJECT-OVERVIEW-PUBLICATION-BRIEF,MARKDOWN_SOURCE_REGISTRY.csv,.local/obsidian/aether-flow-wiki,.local/obsidian/aether-flow-wiki/02_sources/markdown/md-project-overview-publication-brief.md,.local/obsidian/aether-flow-wiki/01_raw/markdown/md-project-overview-publication-brief.md,,.local/obsidian/aether-flow-wiki/03_indexes/by-format-markdown.md,local_generated,2026-06-18T18:25:03Z
VAULT-MD-PROJECT-SYSTEM-IMPROVEMENT-PUBLICATION-BRIEF,.local/obsidian/aether-flow-wiki/02_sources/markdown/md-project-system-improvement-publication-brief.md,obsidian_note,generated_memory_note,generated_noncanonical,humans_and_agents,c677f1c055037809d14235d777bc8d0dde0fb8b755d03f3b057b905061fc1f86,MD-PROJECT-SYSTEM-IMPROVEMENT-PUBLICATION-BRIEF,MD-PROJECT-SYSTEM-IMPROVEMENT-PUBLICATION-BRIEF,,obsidian-wiki,PASS,2026-06-19T02:07:16Z,Generated local Obsidian memory note; not canonical authority.,MD-PROJECT-SYSTEM-IMPROVEMENT-PUBLICATION-BRIEF,MARKDOWN_SOURCE_REGISTRY.csv,.local/obsidian/aether-flow-wiki,.local/obsidian/aether-flow-wiki/02_sources/markdown/md-project-system-improvement-publication-brief.md,.local/obsidian/aether-flow-wiki/01_raw/markdown/md-project-system-improvement-publication-brief.md,,.local/obsidian/aether-flow-wiki/03_indexes/by-format-markdown.md,local_generated,2026-06-19T02:07:16Z
VAULT-MD-README,.local/obsidian/aether-flow-wiki/02_sources/markdown/md-readme.md,obsidian_note,generated_memory_note,generated_noncanonical,humans_and_agents,edf877fe5b3b459656e0f1b676f4371aeb440f4569181285bcaf4fcd5395b15c,MD-README,MD-README,,obsidian-wiki,PASS,2026-06-20T00:09:25Z,Generated local Obsidian memory note; not canonical authority.,MD-README,MARKDOWN_SOURCE_REGISTRY.csv,.local/obsidian/aether-flow-wiki,.local/obsidian/aether-flow-wiki/02_sources/markdown/md-readme.md,.local/obsidian/aether-flow-wiki/01_raw/markdown/md-readme.md,,.local/obsidian/aether-flow-wiki/03_indexes/by-format-markdown.md,local_generated,2026-06-20T00:09:25Z
VAULT-MD-README-AGENTS-ROLES,.local/obsidian/aether-flow-wiki/02_sources/markdown/md-readme-agents-roles.md,obsidian_note,generated_memory_note,generated_noncanonical,humans_and_agents,1fb68bbc8d7eb09b6e832085269d0b700c25ef1ef5b4998853aeb8b063819a5d,MD-README-AGENTS-ROLES,MD-README-AGENTS-ROLES,,obsidian-wiki,PASS,2026-06-18T00:15:45Z,Generated local Obsidian memory note; not canonical authority.,MD-README-AGENTS-ROLES,MARKDOWN_SOURCE_REGISTRY.csv,.local/obsidian/aether-flow-wiki,.local/obsidian/aether-flow-wiki/02_sources/markdown/md-readme-agents-roles.md,.local/obsidian/aether-flow-wiki/01_raw/markdown/md-readme-agents-roles.md,,.local/obsidian/aether-flow-wiki/03_indexes/by-format-markdown.md,local_generated,2026-06-18T00:15:45Z
VAULT-MD-README-AGENTS-SCHEMAS,.local/obsidian/aether-flow-wiki/02_sources/markdown/md-readme-agents-schemas.md,obsidian_note,generated_memory_note,generated_noncanonical,humans_and_agents,81c7fb9d9e1173c825a6bc0ebab38d56481ce67b7450e568b20790691f5624d5,MD-README-AGENTS-SCHEMAS,MD-README-AGENTS-SCHEMAS,,obsidian-wiki,PASS,2026-06-18T00:15:45Z,Generated local Obsidian memory note; not canonical authority.,MD-README-AGENTS-SCHEMAS,MARKDOWN_SOURCE_REGISTRY.csv,.local/obsidian/aether-flow-wiki,.local/obsidian/aether-flow-wiki/02_sources/markdown/md-readme-agents-schemas.md,.local/obsidian/aether-flow-wiki/01_raw/markdown/md-readme-agents-schemas.md,,.local/obsidian/aether-flow-wiki/03_indexes/by-format-markdown.md,local_generated,2026-06-18T00:15:45Z
VAULT-MD-README-ASSETS,.local/obsidian/aether-flow-wiki/02_sources/markdown/md-readme-assets.md,obsidian_note,generated_memory_note,generated_noncanonical,humans_and_agents,fd787938080d81216dc30f80b366579e5a9ac42ecf726c385b3658c37da3554a,MD-README-ASSETS,MD-README-ASSETS,,obsidian-wiki,PASS,2026-06-18T00:15:45Z,Generated local Obsidian memory note; not canonical authority.,MD-README-ASSETS,MARKDOWN_SOURCE_REGISTRY.csv,.local/obsidian/aether-flow-wiki,.local/obsidian/aether-flow-wiki/02_sources/markdown/md-readme-assets.md,.local/obsidian/aether-flow-wiki/01_raw/markdown/md-readme-assets.md,,.local/obsidian/aether-flow-wiki/03_indexes/by-format-markdown.md,local_generated,2026-06-18T00:15:45Z
VAULT-MD-README-CODEX-AGENTS,.local/obsidian/aether-flow-wiki/02_sources/markdown/md-readme-codex-agents.md,obsidian_note,generated_memory_note,generated_noncanonical,humans_and_agents,f57c6e53bf6e40ca906631cbb9594bf1b4d6ccfb57e762e50b6a2ea1f7f3735d,MD-README-CODEX-AGENTS,MD-README-CODEX-AGENTS,,obsidian-wiki,PASS,2026-06-18T00:15:45Z,Generated local Obsidian memory note; not canonical authority.,MD-README-CODEX-AGENTS,MARKDOWN_SOURCE_REGISTRY.csv,.local/obsidian/aether-flow-wiki,.local/obsidian/aether-flow-wiki/02_sources/markdown/md-readme-codex-agents.md,.local/obsidian/aether-flow-wiki/01_raw/markdown/md-readme-codex-agents.md,,.local/obsidian/aether-flow-wiki/03_indexes/by-format-markdown.md,local_generated,2026-06-18T00:15:45Z
VAULT-MD-README-CODEX-PROMPTS,.local/obsidian/aether-flow-wiki/02_sources/markdown/md-readme-codex-prompts.md,obsidian_note,generated_memory_note,generated_noncanonical,humans_and_agents,1b43915c41e76a0d3a8ef19a7cc0eaf07cbeecfc40d86423dda07b1f8def4c3c,MD-README-CODEX-PROMPTS,MD-README-CODEX-PROMPTS,,obsidian-wiki,PASS,2026-06-18T00:15:45Z,Generated local Obsidian memory note; not canonical authority.,MD-README-CODEX-PROMPTS,MARKDOWN_SOURCE_REGISTRY.csv,.local/obsidian/aether-flow-wiki,.local/obsidian/aether-flow-wiki/02_sources/markdown/md-readme-codex-prompts.md,.local/obsidian/aether-flow-wiki/01_raw/markdown/md-readme-codex-prompts.md,,.local/obsidian/aether-flow-wiki/03_indexes/by-format-markdown.md,local_generated,2026-06-18T00:15:45Z
VAULT-MD-README-CODEX-SKILLS,.local/obsidian/aether-flow-wiki/02_sources/markdown/md-readme-codex-skills.md,obsidian_note,generated_memory_note,generated_noncanonical,humans_and_agents,83af6a9cd9680254fc1b349ddd9205338a2fd09ad76138d146e4c2e10f632130,MD-README-CODEX-SKILLS,MD-README-CODEX-SKILLS,,obsidian-wiki,PASS,2026-06-18T21:25:40Z,Generated local Obsidian memory note; not canonical authority.,MD-README-CODEX-SKILLS,MARKDOWN_SOURCE_REGISTRY.csv,.local/obsidian/aether-flow-wiki,.local/obsidian/aether-flow-wiki/02_sources/markdown/md-readme-codex-skills.md,.local/obsidian/aether-flow-wiki/01_raw/markdown/md-readme-codex-skills.md,,.local/obsidian/aether-flow-wiki/03_indexes/by-format-markdown.md,local_generated,2026-06-18T21:25:40Z
VAULT-MD-README-LEGACY-ONTOLOGY,.local/obsidian/aether-flow-wiki/02_sources/markdown/md-readme-legacy-ontology.md,obsidian_note,generated_memory_note,generated_noncanonical,humans_and_agents,bf770bf2893d9d21ab0e8200895f2ec9fab759c226b344179b190bda85a82ba9,MD-README-LEGACY-ONTOLOGY,MD-README-LEGACY-ONTOLOGY,,obsidian-wiki,PASS,2026-06-18T03:52:34Z,Generated local Obsidian memory note; not canonical authority.,MD-README-LEGACY-ONTOLOGY,MARKDOWN_SOURCE_REGISTRY.csv,.local/obsidian/aether-flow-wiki,.local/obsidian/aether-flow-wiki/02_sources/markdown/md-readme-legacy-ontology.md,.local/obsidian/aether-flow-wiki/01_raw/markdown/md-readme-legacy-ontology.md,,.local/obsidian/aether-flow-wiki/03_indexes/by-format-markdown.md,local_generated,2026-06-18T03:52:34Z
VAULT-MD-README-LEGACY-ONTOLOGY-PDFS,.local/obsidian/aether-flow-wiki/02_sources/markdown/md-readme-legacy-ontology-pdfs.md,obsidian_note,generated_memory_note,generated_noncanonical,humans_and_agents,2d81d373ece4c4dd02fa30a090d6a9ff7c284b401789221e3d6f1f679b82937a,MD-README-LEGACY-ONTOLOGY-PDFS,MD-README-LEGACY-ONTOLOGY-PDFS,,obsidian-wiki,PASS,2026-06-18T03:52:34Z,Generated local Obsidian memory note; not canonical authority.,MD-README-LEGACY-ONTOLOGY-PDFS,MARKDOWN_SOURCE_REGISTRY.csv,.local/obsidian/aether-flow-wiki,.local/obsidian/aether-flow-wiki/02_sources/markdown/md-readme-legacy-ontology-pdfs.md,.local/obsidian/aether-flow-wiki/01_raw/markdown/md-readme-legacy-ontology-pdfs.md,,.local/obsidian/aether-flow-wiki/03_indexes/by-format-markdown.md,local_generated,2026-06-18T03:52:34Z
VAULT-MD-README-LEGACY-ONTOLOGY-TEX,.local/obsidian/aether-flow-wiki/02_sources/markdown/md-readme-legacy-ontology-tex.md,obsidian_note,generated_memory_note,generated_noncanonical,humans_and_agents,5c759866b0fd127ed75516c4d14d6c4ec3cf3cf9939f26f370fbd3589e8b23a1,MD-README-LEGACY-ONTOLOGY-TEX,MD-README-LEGACY-ONTOLOGY-TEX,,obsidian-wiki,PASS,2026-06-18T03:52:34Z,Generated local Obsidian memory note; not canonical authority.,MD-README-LEGACY-ONTOLOGY-TEX,MARKDOWN_SOURCE_REGISTRY.csv,.local/obsidian/aether-flow-wiki,.local/obsidian/aether-flow-wiki/02_sources/markdown/md-readme-legacy-ontology-tex.md,.local/obsidian/aether-flow-wiki/01_raw/markdown/md-readme-legacy-ontology-tex.md,,.local/obsidian/aether-flow-wiki/03_indexes/by-format-markdown.md,local_generated,2026-06-18T03:52:34Z
VAULT-MD-README-MARKDOWN,.local/obsidian/aether-flow-wiki/02_sources/markdown/md-readme-markdown.md,obsidian_note,generated_memory_note,generated_noncanonical,humans_and_agents,1cc28d9ab79b8234d2297a77396d1b3f86f823a46c8ad3d1486d022118220f72,MD-README-MARKDOWN,MD-README-MARKDOWN,,obsidian-wiki,PASS,2026-06-20T00:01:54Z,Generated local Obsidian memory note; not canonical authority.,MD-README-MARKDOWN,MARKDOWN_SOURCE_REGISTRY.csv,.local/obsidian/aether-flow-wiki,.local/obsidian/aether-flow-wiki/02_sources/markdown/md-readme-markdown.md,.local/obsidian/aether-flow-wiki/01_raw/markdown/md-readme-markdown.md,,.local/obsidian/aether-flow-wiki/03_indexes/by-format-markdown.md,local_generated,2026-06-20T00:01:54Z
VAULT-MD-README-MARKDOWN-HTML-EXPLAINER-SPECS,.local/obsidian/aether-flow-wiki/02_sources/markdown/md-readme-markdown-html-explainer-specs.md,obsidian_note,generated_memory_note,generated_noncanonical,humans_and_agents,92e81903a380feeb35487fa3646d1ef76a97612b620591d8bec5553673364c49,MD-README-MARKDOWN-HTML-EXPLAINER-SPECS,MD-README-MARKDOWN-HTML-EXPLAINER-SPECS,,obsidian-wiki,PASS,2026-06-20T00:01:54Z,Generated local Obsidian memory note; not canonical authority.,MD-README-MARKDOWN-HTML-EXPLAINER-SPECS,MARKDOWN_SOURCE_REGISTRY.csv,.local/obsidian/aether-flow-wiki,.local/obsidian/aether-flow-wiki/02_sources/markdown/md-readme-markdown-html-explainer-specs.md,.local/obsidian/aether-flow-wiki/01_raw/markdown/md-readme-markdown-html-explainer-specs.md,,.local/obsidian/aether-flow-wiki/03_indexes/by-format-markdown.md,local_generated,2026-06-20T00:01:54Z
VAULT-MD-README-MARKDOWN-PUBLICATION-BRIEFS,.local/obsidian/aether-flow-wiki/02_sources/markdown/md-readme-markdown-publication-briefs.md,obsidian_note,generated_memory_note,generated_noncanonical,humans_and_agents,1b4925b2c42a15341f3aa3891f0ffbd3f56833ef871a1d500cd47170517f29a4,MD-README-MARKDOWN-PUBLICATION-BRIEFS,MD-README-MARKDOWN-PUBLICATION-BRIEFS,,obsidian-wiki,PASS,2026-06-20T00:01:54Z,Generated local Obsidian memory note; not canonical authority.,MD-README-MARKDOWN-PUBLICATION-BRIEFS,MARKDOWN_SOURCE_REGISTRY.csv,.local/obsidian/aether-flow-wiki,.local/obsidian/aether-flow-wiki/02_sources/markdown/md-readme-markdown-publication-briefs.md,.local/obsidian/aether-flow-wiki/01_raw/markdown/md-readme-markdown-publication-briefs.md,,.local/obsidian/aether-flow-wiki/03_indexes/by-format-markdown.md,local_generated,2026-06-20T00:01:54Z
VAULT-MD-README-ONTOLOGY,.local/obsidian/aether-flow-wiki/02_sources/markdown/md-readme-ontology.md,obsidian_note,generated_memory_note,generated_noncanonical,humans_and_agents,52b955ef422e31902ec98192dca281f82bfa1fd1182f513fc6e01cc28a849a71,MD-README-ONTOLOGY,MD-README-ONTOLOGY,,obsidian-wiki,PASS,2026-06-18T03:52:34Z,Generated local Obsidian memory note; not canonical authority.,MD-README-ONTOLOGY,MARKDOWN_SOURCE_REGISTRY.csv,.local/obsidian/aether-flow-wiki,.local/obsidian/aether-flow-wiki/02_sources/markdown/md-readme-ontology.md,.local/obsidian/aether-flow-wiki/01_raw/markdown/md-readme-ontology.md,,.local/obsidian/aether-flow-wiki/03_indexes/by-format-markdown.md,local_generated,2026-06-18T03:52:34Z
VAULT-MD-README-ONTOLOGY-TEX,.local/obsidian/aether-flow-wiki/02_sources/markdown/md-readme-ontology-tex.md,obsidian_note,generated_memory_note,generated_noncanonical,humans_and_agents,92989a1ebe7118b59eccb9376e9d687e9af638caa9414dcd3cc01eed52e1b1af,MD-README-ONTOLOGY-TEX,MD-README-ONTOLOGY-TEX,,obsidian-wiki,PASS,2026-06-18T03:52:34Z,Generated local Obsidian memory note; not canonical authority.,MD-README-ONTOLOGY-TEX,MARKDOWN_SOURCE_REGISTRY.csv,.local/obsidian/aether-flow-wiki,.local/obsidian/aether-flow-wiki/02_sources/markdown/md-readme-ontology-tex.md,.local/obsidian/aether-flow-wiki/01_raw/markdown/md-readme-ontology-tex.md,,.local/obsidian/aether-flow-wiki/03_indexes/by-format-markdown.md,local_generated,2026-06-18T03:52:34Z
VAULT-MD-README-REGISTRIES,.local/obsidian/aether-flow-wiki/02_sources/markdown/md-readme-registries.md,obsidian_note,generated_memory_note,generated_noncanonical,humans_and_agents,3ffe73576eff0bab892f27ef534f528582255c7beecca512bb56ab36dee0656d,MD-README-REGISTRIES,MD-README-REGISTRIES,,obsidian-wiki,PASS,2026-06-18T03:52:34Z,Generated local Obsidian memory note; not canonical authority.,MD-README-REGISTRIES,MARKDOWN_SOURCE_REGISTRY.csv,.local/obsidian/aether-flow-wiki,.local/obsidian/aether-flow-wiki/02_sources/markdown/md-readme-registries.md,.local/obsidian/aether-flow-wiki/01_raw/markdown/md-readme-registries.md,,.local/obsidian/aether-flow-wiki/03_indexes/by-format-markdown.md,local_generated,2026-06-18T03:52:34Z
VAULT-MD-README-RESEARCH-CONTROL,.local/obsidian/aether-flow-wiki/02_sources/markdown/md-readme-research-control.md,obsidian_note,generated_memory_note,generated_noncanonical,humans_and_agents,78afa7b08e725f2b4fb3bc9ca9409e5ed7b440302af357b6d890244ae9cc5fea,MD-README-RESEARCH-CONTROL,MD-README-RESEARCH-CONTROL,,obsidian-wiki,PASS,2026-06-20T16:27:24Z,Generated local Obsidian memory note; not canonical authority.,MD-README-RESEARCH-CONTROL,MARKDOWN_SOURCE_REGISTRY.csv,.local/obsidian/aether-flow-wiki,.local/obsidian/aether-flow-wiki/02_sources/markdown/md-readme-research-control.md,.local/obsidian/aether-flow-wiki/01_raw/markdown/md-readme-research-control.md,,.local/obsidian/aether-flow-wiki/03_indexes/by-format-markdown.md,local_generated,2026-06-20T16:27:24Z
VAULT-MD-README-RESEARCH-CONTROL-APPROVALS,.local/obsidian/aether-flow-wiki/02_sources/markdown/md-readme-research-control-approvals.md,obsidian_note,generated_memory_note,generated_noncanonical,humans_and_agents,aea32130ed70d3eedd75d651d5015968450b3cb375324bb3732c25958d227722,MD-README-RESEARCH-CONTROL-APPROVALS,MD-README-RESEARCH-CONTROL-APPROVALS,,obsidian-wiki,PASS,2026-06-10T02:34:32Z,Generated local Obsidian memory note; not canonical authority.,MD-README-RESEARCH-CONTROL-APPROVALS,MARKDOWN_SOURCE_REGISTRY.csv,.local/obsidian/aether-flow-wiki,.local/obsidian/aether-flow-wiki/02_sources/markdown/md-readme-research-control-approvals.md,.local/obsidian/aether-flow-wiki/01_raw/markdown/md-readme-research-control-approvals.md,,.local/obsidian/aether-flow-wiki/03_indexes/by-format-markdown.md,local_generated,2026-06-10T02:34:32Z
VAULT-MD-README-RESEARCH-CONTROL-DESIGN,.local/obsidian/aether-flow-wiki/02_sources/markdown/md-readme-research-control-design.md,obsidian_note,generated_memory_note,generated_noncanonical,humans_and_agents,c2cd07e469f7bf709acc35e7f5c3dfc45fd355b54ec26f6a1d3c99f7de1c6659,MD-README-RESEARCH-CONTROL-DESIGN,MD-README-RESEARCH-CONTROL-DESIGN,,obsidian-wiki,PASS,2026-06-19T18:44:35Z,Generated local Obsidian memory note; not canonical authority.,MD-README-RESEARCH-CONTROL-DESIGN,MARKDOWN_SOURCE_REGISTRY.csv,.local/obsidian/aether-flow-wiki,.local/obsidian/aether-flow-wiki/02_sources/markdown/md-readme-research-control-design.md,.local/obsidian/aether-flow-wiki/01_raw/markdown/md-readme-research-control-design.md,,.local/obsidian/aether-flow-wiki/03_indexes/by-format-markdown.md,local_generated,2026-06-19T18:44:35Z
VAULT-MD-README-RESEARCH-CONTROL-HANDOFFS,.local/obsidian/aether-flow-wiki/02_sources/markdown/md-readme-research-control-handoffs.md,obsidian_note,generated_memory_note,generated_noncanonical,humans_and_agents,e018b7c488f961c754ebb73e65eee9bb3ff34ae92011225780993cfb6c50ea91,MD-README-RESEARCH-CONTROL-HANDOFFS,MD-README-RESEARCH-CONTROL-HANDOFFS,,obsidian-wiki,PASS,2026-06-18T00:15:45Z,Generated local Obsidian memory note; not canonical authority.,MD-README-RESEARCH-CONTROL-HANDOFFS,MARKDOWN_SOURCE_REGISTRY.csv,.local/obsidian/aether-flow-wiki,.local/obsidian/aether-flow-wiki/02_sources/markdown/md-readme-research-control-handoffs.md,.local/obsidian/aether-flow-wiki/01_raw/markdown/md-readme-research-control-handoffs.md,,.local/obsidian/aether-flow-wiki/03_indexes/by-format-markdown.md,local_generated,2026-06-18T00:15:45Z
VAULT-MD-README-RESEARCH-CONTROL-TASKS,.local/obsidian/aether-flow-wiki/02_sources/markdown/md-readme-research-control-tasks.md,obsidian_note,generated_memory_note,generated_noncanonical,humans_and_agents,14e498b2b29e305bc4569a8e84e098ecf9b6f46547db775cb297109fc963f033,MD-README-RESEARCH-CONTROL-TASKS,MD-README-RESEARCH-CONTROL-TASKS,,obsidian-wiki,PASS,2026-06-18T00:15:45Z,Generated local Obsidian memory note; not canonical authority.,MD-README-RESEARCH-CONTROL-TASKS,MARKDOWN_SOURCE_REGISTRY.csv,.local/obsidian/aether-flow-wiki,.local/obsidian/aether-flow-wiki/02_sources/markdown/md-readme-research-control-tasks.md,.local/obsidian/aether-flow-wiki/01_raw/markdown/md-readme-research-control-tasks.md,,.local/obsidian/aether-flow-wiki/03_indexes/by-format-markdown.md,local_generated,2026-06-18T00:15:45Z
VAULT-MD-README-RESEARCH-CONTROL-TEMPLATES,.local/obsidian/aether-flow-wiki/02_sources/markdown/md-readme-research-control-templates.md,obsidian_note,generated_memory_note,generated_noncanonical,humans_and_agents,27467f8368d773ac4b9edb7773454f756b33c9cfc9e1d3535e2dd28553d70cca,MD-README-RESEARCH-CONTROL-TEMPLATES,MD-README-RESEARCH-CONTROL-TEMPLATES,,obsidian-wiki,PASS,2026-06-18T00:15:45Z,Generated local Obsidian memory note; not canonical authority.,MD-README-RESEARCH-CONTROL-TEMPLATES,MARKDOWN_SOURCE_REGISTRY.csv,.local/obsidian/aether-flow-wiki,.local/obsidian/aether-flow-wiki/02_sources/markdown/md-readme-research-control-templates.md,.local/obsidian/aether-flow-wiki/01_raw/markdown/md-readme-research-control-templates.md,,.local/obsidian/aether-flow-wiki/03_indexes/by-format-markdown.md,local_generated,2026-06-18T00:15:45Z
VAULT-MD-README-SCRIPTS,.local/obsidian/aether-flow-wiki/02_sources/markdown/md-readme-scripts.md,obsidian_note,generated_memory_note,generated_noncanonical,humans_and_agents,f425cef5ea6992fb61f8bfe5daeefc533a0b2bb68aca67263ca8a1ebf5c946dd,MD-README-SCRIPTS,MD-README-SCRIPTS,,obsidian-wiki,PASS,2026-06-18T00:15:45Z,Generated local Obsidian memory note; not canonical authority.,MD-README-SCRIPTS,MARKDOWN_SOURCE_REGISTRY.csv,.local/obsidian/aether-flow-wiki,.local/obsidian/aether-flow-wiki/02_sources/markdown/md-readme-scripts.md,.local/obsidian/aether-flow-wiki/01_raw/markdown/md-readme-scripts.md,,.local/obsidian/aether-flow-wiki/03_indexes/by-format-markdown.md,local_generated,2026-06-18T00:15:45Z
VAULT-MD-README-SCRIPTS-PROJECT-CONTROL,.local/obsidian/aether-flow-wiki/02_sources/markdown/md-readme-scripts-project-control.md,obsidian_note,generated_memory_note,generated_noncanonical,humans_and_agents,354e7be4482311b588b46134474c0a1a37e99efca11858e1cc7a2087aa9c5cb8,MD-README-SCRIPTS-PROJECT-CONTROL,MD-README-SCRIPTS-PROJECT-CONTROL,,obsidian-wiki,PASS,2026-06-18T00:15:45Z,Generated local Obsidian memory note; not canonical authority.,MD-README-SCRIPTS-PROJECT-CONTROL,MARKDOWN_SOURCE_REGISTRY.csv,.local/obsidian/aether-flow-wiki,.local/obsidian/aether-flow-wiki/02_sources/markdown/md-readme-scripts-project-control.md,.local/obsidian/aether-flow-wiki/01_raw/markdown/md-readme-scripts-project-control.md,,.local/obsidian/aether-flow-wiki/03_indexes/by-format-markdown.md,local_generated,2026-06-18T00:15:45Z
VAULT-MD-README-SCRIPTS-RESEARCH-CONTROL,.local/obsidian/aether-flow-wiki/02_sources/markdown/md-readme-scripts-research-control.md,obsidian_note,generated_memory_note,generated_noncanonical,humans_and_agents,982bf048d6106298681b08212d052d179242129d8b52e9c06a4a453defa7c64e,MD-README-SCRIPTS-RESEARCH-CONTROL,MD-README-SCRIPTS-RESEARCH-CONTROL,,obsidian-wiki,PASS,2026-06-18T00:15:45Z,Generated local Obsidian memory note; not canonical authority.,MD-README-SCRIPTS-RESEARCH-CONTROL,MARKDOWN_SOURCE_REGISTRY.csv,.local/obsidian/aether-flow-wiki,.local/obsidian/aether-flow-wiki/02_sources/markdown/md-readme-scripts-research-control.md,.local/obsidian/aether-flow-wiki/01_raw/markdown/md-readme-scripts-research-control.md,,.local/obsidian/aether-flow-wiki/03_indexes/by-format-markdown.md,local_generated,2026-06-18T00:15:45Z
VAULT-MD-README-TESTS,.local/obsidian/aether-flow-wiki/02_sources/markdown/md-readme-tests.md,obsidian_note,generated_memory_note,generated_noncanonical,humans_and_agents,85f3bba8c1edf5aabec6081f5be5bbe38754098b97bd0c5441a344c17a1054c2,MD-README-TESTS,MD-README-TESTS,,obsidian-wiki,PASS,2026-06-18T00:15:45Z,Generated local Obsidian memory note; not canonical authority.,MD-README-TESTS,MARKDOWN_SOURCE_REGISTRY.csv,.local/obsidian/aether-flow-wiki,.local/obsidian/aether-flow-wiki/02_sources/markdown/md-readme-tests.md,.local/obsidian/aether-flow-wiki/01_raw/markdown/md-readme-tests.md,,.local/obsidian/aether-flow-wiki/03_indexes/by-format-markdown.md,local_generated,2026-06-18T00:15:45Z
VAULT-MD-README-TEX-SHARED,.local/obsidian/aether-flow-wiki/02_sources/markdown/md-readme-tex-shared.md,obsidian_note,generated_memory_note,generated_noncanonical,humans_and_agents,497b353c9959abf21bc80871e3703a5d33b0be85fd5ecd1ad8ccf786f9e5083b,MD-README-TEX-SHARED,MD-README-TEX-SHARED,,obsidian-wiki,PASS,2026-06-18T00:15:45Z,Generated local Obsidian memory note; not canonical authority.,MD-README-TEX-SHARED,MARKDOWN_SOURCE_REGISTRY.csv,.local/obsidian/aether-flow-wiki,.local/obsidian/aether-flow-wiki/02_sources/markdown/md-readme-tex-shared.md,.local/obsidian/aether-flow-wiki/01_raw/markdown/md-readme-tex-shared.md,,.local/obsidian/aether-flow-wiki/03_indexes/by-format-markdown.md,local_generated,2026-06-18T00:15:45Z
VAULT-MD-RESEARCH-AGENT-WORKFLOW-PUBLICATION-BRIEF,.local/obsidian/aether-flow-wiki/02_sources/markdown/md-research-agent-workflow-publication-brief.md,obsidian_note,generated_memory_note,generated_noncanonical,humans_and_agents,6e16ed57e6d8b3a4d233141992747faee94f0023ca2ca7766ae6d238906d4496,MD-RESEARCH-AGENT-WORKFLOW-PUBLICATION-BRIEF,MD-RESEARCH-AGENT-WORKFLOW-PUBLICATION-BRIEF,,obsidian-wiki,PASS,2026-06-19T00:14:42Z,Generated local Obsidian memory note; not canonical authority.,MD-RESEARCH-AGENT-WORKFLOW-PUBLICATION-BRIEF,MARKDOWN_SOURCE_REGISTRY.csv,.local/obsidian/aether-flow-wiki,.local/obsidian/aether-flow-wiki/02_sources/markdown/md-research-agent-workflow-publication-brief.md,.local/obsidian/aether-flow-wiki/01_raw/markdown/md-research-agent-workflow-publication-brief.md,,.local/obsidian/aether-flow-wiki/03_indexes/by-format-markdown.md,local_generated,2026-06-19T00:14:42Z
VAULT-MD-RESEARCH-CONTROL-DESIGN-DIRECTOR-LED-AGENT-ARCHITECTURE-GRILL-DECISIONS,.local/obsidian/aether-flow-wiki/02_sources/markdown/md-research-control-design-director-led-agent-architecture-grill-decisions.md,obsidian_note,generated_memory_note,generated_noncanonical,humans_and_agents,2a776e672d0246cdad5dbed03711f54e8a8e2bbbfeb8b4b0960950a7117f53af,MD-RESEARCH-CONTROL-DESIGN-DIRECTOR-LED-AGENT-ARCHITECTURE-GRILL-DECISIONS,MD-RESEARCH-CONTROL-DESIGN-DIRECTOR-LED-AGENT-ARCHITECTURE-GRILL-DECISIONS,,obsidian-wiki,PASS,2026-06-10T02:34:32Z,Generated local Obsidian memory note; not canonical authority.,MD-RESEARCH-CONTROL-DESIGN-DIRECTOR-LED-AGENT-ARCHITECTURE-GRILL-DECISIONS,MARKDOWN_SOURCE_REGISTRY.csv,.local/obsidian/aether-flow-wiki,.local/obsidian/aether-flow-wiki/02_sources/markdown/md-research-control-design-director-led-agent-architecture-grill-decisions.md,.local/obsidian/aether-flow-wiki/01_raw/markdown/md-research-control-design-director-led-agent-architecture-grill-decisions.md,,.local/obsidian/aether-flow-wiki/03_indexes/by-format-markdown.md,local_generated,2026-06-10T02:34:32Z
VAULT-MD-RESEARCH-CONTROL-DESIGN-DOCUMENTATION-CURATOR-CORPUS-MIGRATION-PLAN,.local/obsidian/aether-flow-wiki/02_sources/markdown/md-research-control-design-documentation-curator-corpus-migration-plan.md,obsidian_note,generated_memory_note,generated_noncanonical,humans_and_agents,98f6263f816795d3d18fb551613fab102c569860209678f6eaa96d92e5119960,MD-RESEARCH-CONTROL-DESIGN-DOCUMENTATION-CURATOR-CORPUS-MIGRATION-PLAN,MD-RESEARCH-CONTROL-DESIGN-DOCUMENTATION-CURATOR-CORPUS-MIGRATION-PLAN,,obsidian-wiki,PASS,2026-06-19T01:28:35Z,Generated local Obsidian memory note; not canonical authority.,MD-RESEARCH-CONTROL-DESIGN-DOCUMENTATION-CURATOR-CORPUS-MIGRATION-PLAN,MARKDOWN_SOURCE_REGISTRY.csv,.local/obsidian/aether-flow-wiki,.local/obsidian/aether-flow-wiki/02_sources/markdown/md-research-control-design-documentation-curator-corpus-migration-plan.md,.local/obsidian/aether-flow-wiki/01_raw/markdown/md-research-control-design-documentation-curator-corpus-migration-plan.md,,.local/obsidian/aether-flow-wiki/03_indexes/by-format-markdown.md,local_generated,2026-06-19T01:28:35Z
VAULT-MD-RESEARCH-CONTROL-DESIGN-DOCUMENTATION-CURATOR-POST-MIGRATION-QUALITY-PLAN,.local/obsidian/aether-flow-wiki/02_sources/markdown/md-research-control-design-documentation-curator-post-migration-quality-plan.md,obsidian_note,generated_memory_note,generated_noncanonical,humans_and_agents,b2295d58ee49703d20dbbb3e9f480a6447580011855a2acd9cf571219da730fd,MD-RESEARCH-CONTROL-DESIGN-DOCUMENTATION-CURATOR-POST-MIGRATION-QUALITY-PLAN,MD-RESEARCH-CONTROL-DESIGN-DOCUMENTATION-CURATOR-POST-MIGRATION-QUALITY-PLAN,,obsidian-wiki,PASS,2026-06-19T14:40:16Z,Generated local Obsidian memory note; not canonical authority.,MD-RESEARCH-CONTROL-DESIGN-DOCUMENTATION-CURATOR-POST-MIGRATION-QUALITY-PLAN,MARKDOWN_SOURCE_REGISTRY.csv,.local/obsidian/aether-flow-wiki,.local/obsidian/aether-flow-wiki/02_sources/markdown/md-research-control-design-documentation-curator-post-migration-quality-plan.md,.local/obsidian/aether-flow-wiki/01_raw/markdown/md-research-control-design-documentation-curator-post-migration-quality-plan.md,,.local/obsidian/aether-flow-wiki/03_indexes/by-format-markdown.md,local_generated,2026-06-19T14:40:16Z
VAULT-MD-RESEARCH-CONTROL-DESIGN-DOCUMENTATION-CURATOR-PUBLICATION-PROCESS,.local/obsidian/aether-flow-wiki/02_sources/markdown/md-research-control-design-documentation-curator-publication-process.md,obsidian_note,generated_memory_note,generated_noncanonical,humans_and_agents,2f73530f12fa5f393bbdbf8d9161133050cbadbc1e60002f0aaf55d768b67606,MD-RESEARCH-CONTROL-DESIGN-DOCUMENTATION-CURATOR-PUBLICATION-PROCESS,MD-RESEARCH-CONTROL-DESIGN-DOCUMENTATION-CURATOR-PUBLICATION-PROCESS,,obsidian-wiki,PASS,2026-06-18T21:25:40Z,Generated local Obsidian memory note; not canonical authority.,MD-RESEARCH-CONTROL-DESIGN-DOCUMENTATION-CURATOR-PUBLICATION-PROCESS,MARKDOWN_SOURCE_REGISTRY.csv,.local/obsidian/aether-flow-wiki,.local/obsidian/aether-flow-wiki/02_sources/markdown/md-research-control-design-documentation-curator-publication-process.md,.local/obsidian/aether-flow-wiki/01_raw/markdown/md-research-control-design-documentation-curator-publication-process.md,,.local/obsidian/aether-flow-wiki/03_indexes/by-format-markdown.md,local_generated,2026-06-18T21:25:40Z
VAULT-MD-RESEARCH-CONTROL-DESIGN-DOCUMENTATION-CURATOR-READER-SCOPE-FOOTER-RELOCATION-PLAN,.local/obsidian/aether-flow-wiki/02_sources/markdown/md-research-control-design-documentation-curator-reader-scope-footer-relocation-plan.md,obsidian_note,generated_memory_note,generated_noncanonical,humans_and_agents,69661e059ebe4803af772ecd95d6c7b200470767bdba071e6cf9e9020ec78103,MD-RESEARCH-CONTROL-DESIGN-DOCUMENTATION-CURATOR-READER-SCOPE-FOOTER-RELOCATION-PLAN,MD-RESEARCH-CONTROL-DESIGN-DOCUMENTATION-CURATOR-READER-SCOPE-FOOTER-RELOCATION-PLAN,,obsidian-wiki,PASS,2026-06-19T18:38:10Z,Generated local Obsidian memory note; not canonical authority.,MD-RESEARCH-CONTROL-DESIGN-DOCUMENTATION-CURATOR-READER-SCOPE-FOOTER-RELOCATION-PLAN,MARKDOWN_SOURCE_REGISTRY.csv,.local/obsidian/aether-flow-wiki,.local/obsidian/aether-flow-wiki/02_sources/markdown/md-research-control-design-documentation-curator-reader-scope-footer-relocation-plan.md,.local/obsidian/aether-flow-wiki/01_raw/markdown/md-research-control-design-documentation-curator-reader-scope-footer-relocation-plan.md,,.local/obsidian/aether-flow-wiki/03_indexes/by-format-markdown.md,local_generated,2026-06-19T18:38:10Z
VAULT-MD-RESEARCH-CONTROL-DESIGN-DOCUMENTATION-CURATOR-VISUAL-ATLAS-CONTRACT,.local/obsidian/aether-flow-wiki/02_sources/markdown/md-research-control-design-documentation-curator-visual-atlas-contract.md,obsidian_note,generated_memory_note,generated_noncanonical,humans_and_agents,e2bfb28a2340484bfe1e78f50988247f09c0ce9336c1814544dc5be2e5cf1134,MD-RESEARCH-CONTROL-DESIGN-DOCUMENTATION-CURATOR-VISUAL-ATLAS-CONTRACT,MD-RESEARCH-CONTROL-DESIGN-DOCUMENTATION-CURATOR-VISUAL-ATLAS-CONTRACT,,obsidian-wiki,PASS,2026-06-18T18:14:07Z,Generated local Obsidian memory note; not canonical authority.,MD-RESEARCH-CONTROL-DESIGN-DOCUMENTATION-CURATOR-VISUAL-ATLAS-CONTRACT,MARKDOWN_SOURCE_REGISTRY.csv,.local/obsidian/aether-flow-wiki,.local/obsidian/aether-flow-wiki/02_sources/markdown/md-research-control-design-documentation-curator-visual-atlas-contract.md,.local/obsidian/aether-flow-wiki/01_raw/markdown/md-research-control-design-documentation-curator-visual-atlas-contract.md,,.local/obsidian/aether-flow-wiki/03_indexes/by-format-markdown.md,local_generated,2026-06-18T18:14:07Z
VAULT-MD-RESEARCH-CONTROL-DESIGN-GITHUB-FACING-EXPLAINER-CONTRACT,.local/obsidian/aether-flow-wiki/02_sources/markdown/md-research-control-design-github-facing-explainer-contract.md,obsidian_note,generated_memory_note,generated_noncanonical,humans_and_agents,0866268b1f566d62e65c4848dda12156d65f200a78a90a276ac214a1762fdeed,MD-RESEARCH-CONTROL-DESIGN-GITHUB-FACING-EXPLAINER-CONTRACT,MD-RESEARCH-CONTROL-DESIGN-GITHUB-FACING-EXPLAINER-CONTRACT,,obsidian-wiki,PASS,2026-06-19T19:14:48Z,Generated local Obsidian memory note; not canonical authority.,MD-RESEARCH-CONTROL-DESIGN-GITHUB-FACING-EXPLAINER-CONTRACT,MARKDOWN_SOURCE_REGISTRY.csv,.local/obsidian/aether-flow-wiki,.local/obsidian/aether-flow-wiki/02_sources/markdown/md-research-control-design-github-facing-explainer-contract.md,.local/obsidian/aether-flow-wiki/01_raw/markdown/md-research-control-design-github-facing-explainer-contract.md,,.local/obsidian/aether-flow-wiki/03_indexes/by-format-markdown.md,local_generated,2026-06-19T19:14:48Z
VAULT-MD-RESEARCH-CONTROL-DESIGN-GR-DERIVATION-BURDEN-MAP,.local/obsidian/aether-flow-wiki/02_sources/markdown/md-research-control-design-gr-derivation-burden-map.md,obsidian_note,generated_memory_note,generated_noncanonical,humans_and_agents,6d1df3488be163b72296cf34ee07b979e29b061d508e6a4c271ac3305373aa1f,MD-RESEARCH-CONTROL-DESIGN-GR-DERIVATION-BURDEN-MAP,MD-RESEARCH-CONTROL-DESIGN-GR-DERIVATION-BURDEN-MAP,,obsidian-wiki,PASS,2026-06-17T15:59:18Z,Generated local Obsidian memory note; not canonical authority.,MD-RESEARCH-CONTROL-DESIGN-GR-DERIVATION-BURDEN-MAP,MARKDOWN_SOURCE_REGISTRY.csv,.local/obsidian/aether-flow-wiki,.local/obsidian/aether-flow-wiki/02_sources/markdown/md-research-control-design-gr-derivation-burden-map.md,.local/obsidian/aether-flow-wiki/01_raw/markdown/md-research-control-design-gr-derivation-burden-map.md,,.local/obsidian/aether-flow-wiki/03_indexes/by-format-markdown.md,local_generated,2026-06-17T15:59:18Z
VAULT-MD-RESEARCH-CONTROL-DESIGN-HTML-EXPLAINER-DEPTH-CONTRACT,.local/obsidian/aether-flow-wiki/02_sources/markdown/md-research-control-design-html-explainer-depth-contract.md,obsidian_note,generated_memory_note,generated_noncanonical,humans_and_agents,7b4be0cb73fd1cc3aa786d1095e7603399e214aedf3f8efb69543a0e287a95bb,MD-RESEARCH-CONTROL-DESIGN-HTML-EXPLAINER-DEPTH-CONTRACT,MD-RESEARCH-CONTROL-DESIGN-HTML-EXPLAINER-DEPTH-CONTRACT,,obsidian-wiki,PASS,2026-06-12T23:46:32Z,Generated local Obsidian memory note; not canonical authority.,MD-RESEARCH-CONTROL-DESIGN-HTML-EXPLAINER-DEPTH-CONTRACT,MARKDOWN_SOURCE_REGISTRY.csv,.local/obsidian/aether-flow-wiki,.local/obsidian/aether-flow-wiki/02_sources/markdown/md-research-control-design-html-explainer-depth-contract.md,.local/obsidian/aether-flow-wiki/01_raw/markdown/md-research-control-design-html-explainer-depth-contract.md,,.local/obsidian/aether-flow-wiki/03_indexes/by-format-markdown.md,local_generated,2026-06-12T23:46:32Z
VAULT-MD-RESEARCH-CONTROL-DESIGN-HTML-EXPLAINER-FLEXIBLE-PRESENTATION-CONTRACT,.local/obsidian/aether-flow-wiki/02_sources/markdown/md-research-control-design-html-explainer-flexible-presentation-contract.md,obsidian_note,generated_memory_note,generated_noncanonical,humans_and_agents,c27176fd5ac1858f6573251c12060b772f41f2bba053634acef9784876fb8bc9,MD-RESEARCH-CONTROL-DESIGN-HTML-EXPLAINER-FLEXIBLE-PRESENTATION-CONTRACT,MD-RESEARCH-CONTROL-DESIGN-HTML-EXPLAINER-FLEXIBLE-PRESENTATION-CONTRACT,,obsidian-wiki,PASS,2026-06-19T19:14:48Z,Generated local Obsidian memory note; not canonical authority.,MD-RESEARCH-CONTROL-DESIGN-HTML-EXPLAINER-FLEXIBLE-PRESENTATION-CONTRACT,MARKDOWN_SOURCE_REGISTRY.csv,.local/obsidian/aether-flow-wiki,.local/obsidian/aether-flow-wiki/02_sources/markdown/md-research-control-design-html-explainer-flexible-presentation-contract.md,.local/obsidian/aether-flow-wiki/01_raw/markdown/md-research-control-design-html-explainer-flexible-presentation-contract.md,,.local/obsidian/aether-flow-wiki/03_indexes/by-format-markdown.md,local_generated,2026-06-19T19:14:48Z
VAULT-MD-ROLE-AGENTS-ROLES-PHYSICS-CANDIDATE-CONSTRUCTOR-V0-1-0-MD,.local/obsidian/aether-flow-wiki/02_sources/markdown/md-role-agents-roles-physics-candidate-constructor-v0-1-0-md.md,obsidian_note,generated_memory_note,generated_noncanonical,humans_and_agents,175a3b04ce7d3a4fec81edbb892eb17148c42b896bdce09df41bfb0d5d2aa1f8,MD-ROLE-AGENTS-ROLES-PHYSICS-CANDIDATE-CONSTRUCTOR-V0-1-0-MD,MD-ROLE-AGENTS-ROLES-PHYSICS-CANDIDATE-CONSTRUCTOR-V0-1-0-MD,,obsidian-wiki,PASS,2026-06-16T19:29:23Z,Generated local Obsidian memory note; not canonical authority.,MD-ROLE-AGENTS-ROLES-PHYSICS-CANDIDATE-CONSTRUCTOR-V0-1-0-MD,MARKDOWN_SOURCE_REGISTRY.csv,.local/obsidian/aether-flow-wiki,.local/obsidian/aether-flow-wiki/02_sources/markdown/md-role-agents-roles-physics-candidate-constructor-v0-1-0-md.md,.local/obsidian/aether-flow-wiki/01_raw/markdown/md-role-agents-roles-physics-candidate-constructor-v0-1-0-md.md,,.local/obsidian/aether-flow-wiki/03_indexes/by-format-markdown.md,local_generated,2026-06-16T19:29:23Z
VAULT-MD-ROLE-AGENTS-ROLES-PHYSICS-CANDIDATE-CONSTRUCTOR-V0-2-0-MD,.local/obsidian/aether-flow-wiki/02_sources/markdown/md-role-agents-roles-physics-candidate-constructor-v0-2-0-md.md,obsidian_note,generated_memory_note,generated_noncanonical,humans_and_agents,0add7092c8e1e320a6cda2bc2d5d8f791c64d337acc3e68936887f5d71b123fe,MD-ROLE-AGENTS-ROLES-PHYSICS-CANDIDATE-CONSTRUCTOR-V0-2-0-MD,MD-ROLE-AGENTS-ROLES-PHYSICS-CANDIDATE-CONSTRUCTOR-V0-2-0-MD,,obsidian-wiki,PASS,2026-06-20T15:23:22Z,Generated local Obsidian memory note; not canonical authority.,MD-ROLE-AGENTS-ROLES-PHYSICS-CANDIDATE-CONSTRUCTOR-V0-2-0-MD,MARKDOWN_SOURCE_REGISTRY.csv,.local/obsidian/aether-flow-wiki,.local/obsidian/aether-flow-wiki/02_sources/markdown/md-role-agents-roles-physics-candidate-constructor-v0-2-0-md.md,.local/obsidian/aether-flow-wiki/01_raw/markdown/md-role-agents-roles-physics-candidate-constructor-v0-2-0-md.md,,.local/obsidian/aether-flow-wiki/03_indexes/by-format-markdown.md,local_generated,2026-06-20T15:23:22Z
VAULT-MD-ROLE-AGENTS-ROLES-PHYSICS-GATE-CHAIR-V0-1-0-MD,.local/obsidian/aether-flow-wiki/02_sources/markdown/md-role-agents-roles-physics-gate-chair-v0-1-0-md.md,obsidian_note,generated_memory_note,generated_noncanonical,humans_and_agents,1da0c89d58b9459cefcd5e428723d862f5bed8548ed0adf47b1c27c46d91b680,MD-ROLE-AGENTS-ROLES-PHYSICS-GATE-CHAIR-V0-1-0-MD,MD-ROLE-AGENTS-ROLES-PHYSICS-GATE-CHAIR-V0-1-0-MD,,obsidian-wiki,PASS,2026-06-10T02:34:32Z,Generated local Obsidian memory note; not canonical authority.,MD-ROLE-AGENTS-ROLES-PHYSICS-GATE-CHAIR-V0-1-0-MD,MARKDOWN_SOURCE_REGISTRY.csv,.local/obsidian/aether-flow-wiki,.local/obsidian/aether-flow-wiki/02_sources/markdown/md-role-agents-roles-physics-gate-chair-v0-1-0-md.md,.local/obsidian/aether-flow-wiki/01_raw/markdown/md-role-agents-roles-physics-gate-chair-v0-1-0-md.md,,.local/obsidian/aether-flow-wiki/03_indexes/by-format-markdown.md,local_generated,2026-06-10T02:34:32Z
VAULT-MD-ROLE-AGENTS-ROLES-PHYSICS-ONTOLOGY-FORMALIZER-V0-1-0-MD,.local/obsidian/aether-flow-wiki/02_sources/markdown/md-role-agents-roles-physics-ontology-formalizer-v0-1-0-md.md,obsidian_note,generated_memory_note,generated_noncanonical,humans_and_agents,bcace3cd9ec67108b150ec795d7de3d4cab1514a14096e23fdc8ee3c97a18c7d,MD-ROLE-AGENTS-ROLES-PHYSICS-ONTOLOGY-FORMALIZER-V0-1-0-MD,MD-ROLE-AGENTS-ROLES-PHYSICS-ONTOLOGY-FORMALIZER-V0-1-0-MD,,obsidian-wiki,PASS,2026-06-16T19:29:23Z,Generated local Obsidian memory note; not canonical authority.,MD-ROLE-AGENTS-ROLES-PHYSICS-ONTOLOGY-FORMALIZER-V0-1-0-MD,MARKDOWN_SOURCE_REGISTRY.csv,.local/obsidian/aether-flow-wiki,.local/obsidian/aether-flow-wiki/02_sources/markdown/md-role-agents-roles-physics-ontology-formalizer-v0-1-0-md.md,.local/obsidian/aether-flow-wiki/01_raw/markdown/md-role-agents-roles-physics-ontology-formalizer-v0-1-0-md.md,,.local/obsidian/aether-flow-wiki/03_indexes/by-format-markdown.md,local_generated,2026-06-16T19:29:23Z
VAULT-MD-ROLE-AGENTS-ROLES-PHYSICS-ONTOLOGY-FORMALIZER-V0-2-0-MD,.local/obsidian/aether-flow-wiki/02_sources/markdown/md-role-agents-roles-physics-ontology-formalizer-v0-2-0-md.md,obsidian_note,generated_memory_note,generated_noncanonical,humans_and_agents,429a37d58f93c0693e3f704ba98edc00487d77b92008565acc295e7b20dc5a6c,MD-ROLE-AGENTS-ROLES-PHYSICS-ONTOLOGY-FORMALIZER-V0-2-0-MD,MD-ROLE-AGENTS-ROLES-PHYSICS-ONTOLOGY-FORMALIZER-V0-2-0-MD,,obsidian-wiki,PASS,2026-06-20T15:23:22Z,Generated local Obsidian memory note; not canonical authority.,MD-ROLE-AGENTS-ROLES-PHYSICS-ONTOLOGY-FORMALIZER-V0-2-0-MD,MARKDOWN_SOURCE_REGISTRY.csv,.local/obsidian/aether-flow-wiki,.local/obsidian/aether-flow-wiki/02_sources/markdown/md-role-agents-roles-physics-ontology-formalizer-v0-2-0-md.md,.local/obsidian/aether-flow-wiki/01_raw/markdown/md-role-agents-roles-physics-ontology-formalizer-v0-2-0-md.md,,.local/obsidian/aether-flow-wiki/03_indexes/by-format-markdown.md,local_generated,2026-06-20T15:23:22Z
VAULT-MD-ROLE-AGENTS-ROLES-PHYSICS-REFUTER-V0-1-0-MD,.local/obsidian/aether-flow-wiki/02_sources/markdown/md-role-agents-roles-physics-refuter-v0-1-0-md.md,obsidian_note,generated_memory_note,generated_noncanonical,humans_and_agents,e119ec43dbcbee8957d0e6c4fa42342d12788e0e72a7f1e7023e400e03474005,MD-ROLE-AGENTS-ROLES-PHYSICS-REFUTER-V0-1-0-MD,MD-ROLE-AGENTS-ROLES-PHYSICS-REFUTER-V0-1-0-MD,,obsidian-wiki,PASS,2026-06-16T19:29:23Z,Generated local Obsidian memory note; not canonical authority.,MD-ROLE-AGENTS-ROLES-PHYSICS-REFUTER-V0-1-0-MD,MARKDOWN_SOURCE_REGISTRY.csv,.local/obsidian/aether-flow-wiki,.local/obsidian/aether-flow-wiki/02_sources/markdown/md-role-agents-roles-physics-refuter-v0-1-0-md.md,.local/obsidian/aether-flow-wiki/01_raw/markdown/md-role-agents-roles-physics-refuter-v0-1-0-md.md,,.local/obsidian/aether-flow-wiki/03_indexes/by-format-markdown.md,local_generated,2026-06-16T19:29:23Z
VAULT-MD-ROLE-AGENTS-ROLES-PHYSICS-REFUTER-V0-2-0-MD,.local/obsidian/aether-flow-wiki/02_sources/markdown/md-role-agents-roles-physics-refuter-v0-2-0-md.md,obsidian_note,generated_memory_note,generated_noncanonical,humans_and_agents,969db1761f9d6460f5dbdfa592a738d736048eb841760fe158a51596e04525cb,MD-ROLE-AGENTS-ROLES-PHYSICS-REFUTER-V0-2-0-MD,MD-ROLE-AGENTS-ROLES-PHYSICS-REFUTER-V0-2-0-MD,,obsidian-wiki,PASS,2026-06-20T15:23:22Z,Generated local Obsidian memory note; not canonical authority.,MD-ROLE-AGENTS-ROLES-PHYSICS-REFUTER-V0-2-0-MD,MARKDOWN_SOURCE_REGISTRY.csv,.local/obsidian/aether-flow-wiki,.local/obsidian/aether-flow-wiki/02_sources/markdown/md-role-agents-roles-physics-refuter-v0-2-0-md.md,.local/obsidian/aether-flow-wiki/01_raw/markdown/md-role-agents-roles-physics-refuter-v0-2-0-md.md,,.local/obsidian/aether-flow-wiki/03_indexes/by-format-markdown.md,local_generated,2026-06-20T15:23:22Z
VAULT-MD-ROLE-AGENTS-ROLES-PHYSICS-SMUGGLING-AUDITOR-V0-1-0-MD,.local/obsidian/aether-flow-wiki/02_sources/markdown/md-role-agents-roles-physics-smuggling-auditor-v0-1-0-md.md,obsidian_note,generated_memory_note,generated_noncanonical,humans_and_agents,f0150cc053178f9df0e7d74e774e46cff63c1f405c9ffae1645bc0636e0021e0,MD-ROLE-AGENTS-ROLES-PHYSICS-SMUGGLING-AUDITOR-V0-1-0-MD,MD-ROLE-AGENTS-ROLES-PHYSICS-SMUGGLING-AUDITOR-V0-1-0-MD,,obsidian-wiki,PASS,2026-06-16T19:29:23Z,Generated local Obsidian memory note; not canonical authority.,MD-ROLE-AGENTS-ROLES-PHYSICS-SMUGGLING-AUDITOR-V0-1-0-MD,MARKDOWN_SOURCE_REGISTRY.csv,.local/obsidian/aether-flow-wiki,.local/obsidian/aether-flow-wiki/02_sources/markdown/md-role-agents-roles-physics-smuggling-auditor-v0-1-0-md.md,.local/obsidian/aether-flow-wiki/01_raw/markdown/md-role-agents-roles-physics-smuggling-auditor-v0-1-0-md.md,,.local/obsidian/aether-flow-wiki/03_indexes/by-format-markdown.md,local_generated,2026-06-16T19:29:23Z
VAULT-MD-ROLE-AGENTS-ROLES-PHYSICS-SMUGGLING-AUDITOR-V0-2-0-MD,.local/obsidian/aether-flow-wiki/02_sources/markdown/md-role-agents-roles-physics-smuggling-auditor-v0-2-0-md.md,obsidian_note,generated_memory_note,generated_noncanonical,humans_and_agents,2ec5a542caffa90a54d11f0c03630fde839e92f4917d5dbd55b80b724a46c882,MD-ROLE-AGENTS-ROLES-PHYSICS-SMUGGLING-AUDITOR-V0-2-0-MD,MD-ROLE-AGENTS-ROLES-PHYSICS-SMUGGLING-AUDITOR-V0-2-0-MD,,obsidian-wiki,PASS,2026-06-20T15:23:22Z,Generated local Obsidian memory note; not canonical authority.,MD-ROLE-AGENTS-ROLES-PHYSICS-SMUGGLING-AUDITOR-V0-2-0-MD,MARKDOWN_SOURCE_REGISTRY.csv,.local/obsidian/aether-flow-wiki,.local/obsidian/aether-flow-wiki/02_sources/markdown/md-role-agents-roles-physics-smuggling-auditor-v0-2-0-md.md,.local/obsidian/aether-flow-wiki/01_raw/markdown/md-role-agents-roles-physics-smuggling-auditor-v0-2-0-md.md,,.local/obsidian/aether-flow-wiki/03_indexes/by-format-markdown.md,local_generated,2026-06-20T15:23:22Z
VAULT-MD-ROLE-AGENTS-ROLES-PHYSICS-THEORETICAL-CONTINUATION-SELECTOR-V0-1-0-MD,.local/obsidian/aether-flow-wiki/02_sources/markdown/md-role-agents-roles-physics-theoretical-continuation-selector-v0-1-0-md.md,obsidian_note,generated_memory_note,generated_noncanonical,humans_and_agents,85550a50a4be3fc2b1fbf6e22b22c160b25923944276d0b555e75fb10380ff79,MD-ROLE-AGENTS-ROLES-PHYSICS-THEORETICAL-CONTINUATION-SELECTOR-V0-1-0-MD,MD-ROLE-AGENTS-ROLES-PHYSICS-THEORETICAL-CONTINUATION-SELECTOR-V0-1-0-MD,,obsidian-wiki,PASS,2026-06-20T15:23:22Z,Generated local Obsidian memory note; not canonical authority.,MD-ROLE-AGENTS-ROLES-PHYSICS-THEORETICAL-CONTINUATION-SELECTOR-V0-1-0-MD,MARKDOWN_SOURCE_REGISTRY.csv,.local/obsidian/aether-flow-wiki,.local/obsidian/aether-flow-wiki/02_sources/markdown/md-role-agents-roles-physics-theoretical-continuation-selector-v0-1-0-md.md,.local/obsidian/aether-flow-wiki/01_raw/markdown/md-role-agents-roles-physics-theoretical-continuation-selector-v0-1-0-md.md,,.local/obsidian/aether-flow-wiki/03_indexes/by-format-markdown.md,local_generated,2026-06-20T15:23:22Z
VAULT-MD-ROLE-AGENTS-ROLES-RESEARCH-OPS-DIRECTOR-OF-RESEARCH-V0-1-0-MD,.local/obsidian/aether-flow-wiki/02_sources/markdown/md-role-agents-roles-research-ops-director-of-research-v0-1-0-md.md,obsidian_note,generated_memory_note,generated_noncanonical,humans_and_agents,f312284e369c1e681362d42b036adf4d4a5024cd6e58bb456d02db177379c203,MD-ROLE-AGENTS-ROLES-RESEARCH-OPS-DIRECTOR-OF-RESEARCH-V0-1-0-MD,MD-ROLE-AGENTS-ROLES-RESEARCH-OPS-DIRECTOR-OF-RESEARCH-V0-1-0-MD,,obsidian-wiki,PASS,2026-06-16T19:29:23Z,Generated local Obsidian memory note; not canonical authority.,MD-ROLE-AGENTS-ROLES-RESEARCH-OPS-DIRECTOR-OF-RESEARCH-V0-1-0-MD,MARKDOWN_SOURCE_REGISTRY.csv,.local/obsidian/aether-flow-wiki,.local/obsidian/aether-flow-wiki/02_sources/markdown/md-role-agents-roles-research-ops-director-of-research-v0-1-0-md.md,.local/obsidian/aether-flow-wiki/01_raw/markdown/md-role-agents-roles-research-ops-director-of-research-v0-1-0-md.md,,.local/obsidian/aether-flow-wiki/03_indexes/by-format-markdown.md,local_generated,2026-06-16T19:29:23Z
VAULT-MD-ROLE-AGENTS-ROLES-RESEARCH-OPS-DIRECTOR-OF-RESEARCH-V0-2-0-MD,.local/obsidian/aether-flow-wiki/02_sources/markdown/md-role-agents-roles-research-ops-director-of-research-v0-2-0-md.md,obsidian_note,generated_memory_note,generated_noncanonical,humans_and_agents,f7d9aed8b5c5b26b9f89475ffb880aae844d3cde1b020dc034d8408095574dd3,MD-ROLE-AGENTS-ROLES-RESEARCH-OPS-DIRECTOR-OF-RESEARCH-V0-2-0-MD,MD-ROLE-AGENTS-ROLES-RESEARCH-OPS-DIRECTOR-OF-RESEARCH-V0-2-0-MD,,obsidian-wiki,PASS,2026-06-20T15:23:22Z,Generated local Obsidian memory note; not canonical authority.,MD-ROLE-AGENTS-ROLES-RESEARCH-OPS-DIRECTOR-OF-RESEARCH-V0-2-0-MD,MARKDOWN_SOURCE_REGISTRY.csv,.local/obsidian/aether-flow-wiki,.local/obsidian/aether-flow-wiki/02_sources/markdown/md-role-agents-roles-research-ops-director-of-research-v0-2-0-md.md,.local/obsidian/aether-flow-wiki/01_raw/markdown/md-role-agents-roles-research-ops-director-of-research-v0-2-0-md.md,,.local/obsidian/aether-flow-wiki/03_indexes/by-format-markdown.md,local_generated,2026-06-20T15:23:22Z
VAULT-MD-ROLE-AGENTS-ROLES-RESEARCH-OPS-DOCUMENTATION-CURATOR-V0-1-0-MD,.local/obsidian/aether-flow-wiki/02_sources/markdown/md-role-agents-roles-research-ops-documentation-curator-v0-1-0-md.md,obsidian_note,generated_memory_note,generated_noncanonical,humans_and_agents,41e0a2d5207d9ea760898d5db234e84bc346e86b9a86a321955fee00a6e1097c,MD-ROLE-AGENTS-ROLES-RESEARCH-OPS-DOCUMENTATION-CURATOR-V0-1-0-MD,MD-ROLE-AGENTS-ROLES-RESEARCH-OPS-DOCUMENTATION-CURATOR-V0-1-0-MD,,obsidian-wiki,PASS,2026-06-10T19:37:31Z,Generated local Obsidian memory note; not canonical authority.,MD-ROLE-AGENTS-ROLES-RESEARCH-OPS-DOCUMENTATION-CURATOR-V0-1-0-MD,MARKDOWN_SOURCE_REGISTRY.csv,.local/obsidian/aether-flow-wiki,.local/obsidian/aether-flow-wiki/02_sources/markdown/md-role-agents-roles-research-ops-documentation-curator-v0-1-0-md.md,.local/obsidian/aether-flow-wiki/01_raw/markdown/md-role-agents-roles-research-ops-documentation-curator-v0-1-0-md.md,,.local/obsidian/aether-flow-wiki/03_indexes/by-format-markdown.md,local_generated,2026-06-10T19:37:31Z
VAULT-MD-ROLE-AGENTS-ROLES-RESEARCH-OPS-DOCUMENTATION-CURATOR-V0-2-0-MD,.local/obsidian/aether-flow-wiki/02_sources/markdown/md-role-agents-roles-research-ops-documentation-curator-v0-2-0-md.md,obsidian_note,generated_memory_note,generated_noncanonical,humans_and_agents,75a40230c7ec4cc3529def5bf0eed4f25e16d77ea394a3729ce6f944d643e146,MD-ROLE-AGENTS-ROLES-RESEARCH-OPS-DOCUMENTATION-CURATOR-V0-2-0-MD,MD-ROLE-AGENTS-ROLES-RESEARCH-OPS-DOCUMENTATION-CURATOR-V0-2-0-MD,,obsidian-wiki,PASS,2026-06-12T01:59:27Z,Generated local Obsidian memory note; not canonical authority.,MD-ROLE-AGENTS-ROLES-RESEARCH-OPS-DOCUMENTATION-CURATOR-V0-2-0-MD,MARKDOWN_SOURCE_REGISTRY.csv,.local/obsidian/aether-flow-wiki,.local/obsidian/aether-flow-wiki/02_sources/markdown/md-role-agents-roles-research-ops-documentation-curator-v0-2-0-md.md,.local/obsidian/aether-flow-wiki/01_raw/markdown/md-role-agents-roles-research-ops-documentation-curator-v0-2-0-md.md,,.local/obsidian/aether-flow-wiki/03_indexes/by-format-markdown.md,local_generated,2026-06-12T01:59:27Z
VAULT-MD-ROLE-AGENTS-ROLES-RESEARCH-OPS-DOCUMENTATION-CURATOR-V0-3-0-MD,.local/obsidian/aether-flow-wiki/02_sources/markdown/md-role-agents-roles-research-ops-documentation-curator-v0-3-0-md.md,obsidian_note,generated_memory_note,generated_noncanonical,humans_and_agents,4d32e253d282aa62ddd4837be8fdf3ee5a83ed9d00915314f153c3c3868f02a4,MD-ROLE-AGENTS-ROLES-RESEARCH-OPS-DOCUMENTATION-CURATOR-V0-3-0-MD,MD-ROLE-AGENTS-ROLES-RESEARCH-OPS-DOCUMENTATION-CURATOR-V0-3-0-MD,,obsidian-wiki,PASS,2026-06-12T03:34:40Z,Generated local Obsidian memory note; not canonical authority.,MD-ROLE-AGENTS-ROLES-RESEARCH-OPS-DOCUMENTATION-CURATOR-V0-3-0-MD,MARKDOWN_SOURCE_REGISTRY.csv,.local/obsidian/aether-flow-wiki,.local/obsidian/aether-flow-wiki/02_sources/markdown/md-role-agents-roles-research-ops-documentation-curator-v0-3-0-md.md,.local/obsidian/aether-flow-wiki/01_raw/markdown/md-role-agents-roles-research-ops-documentation-curator-v0-3-0-md.md,,.local/obsidian/aether-flow-wiki/03_indexes/by-format-markdown.md,local_generated,2026-06-12T03:34:40Z
VAULT-MD-ROLE-AGENTS-ROLES-RESEARCH-OPS-DOCUMENTATION-CURATOR-V0-4-0-MD,.local/obsidian/aether-flow-wiki/02_sources/markdown/md-role-agents-roles-research-ops-documentation-curator-v0-4-0-md.md,obsidian_note,generated_memory_note,generated_noncanonical,humans_and_agents,8e3ac2130782337f3a0246e532829f3dc45f0453d0da733e3979bdc11d3aa3af,MD-ROLE-AGENTS-ROLES-RESEARCH-OPS-DOCUMENTATION-CURATOR-V0-4-0-MD,MD-ROLE-AGENTS-ROLES-RESEARCH-OPS-DOCUMENTATION-CURATOR-V0-4-0-MD,,obsidian-wiki,PASS,2026-06-12T19:29:04Z,Generated local Obsidian memory note; not canonical authority.,MD-ROLE-AGENTS-ROLES-RESEARCH-OPS-DOCUMENTATION-CURATOR-V0-4-0-MD,MARKDOWN_SOURCE_REGISTRY.csv,.local/obsidian/aether-flow-wiki,.local/obsidian/aether-flow-wiki/02_sources/markdown/md-role-agents-roles-research-ops-documentation-curator-v0-4-0-md.md,.local/obsidian/aether-flow-wiki/01_raw/markdown/md-role-agents-roles-research-ops-documentation-curator-v0-4-0-md.md,,.local/obsidian/aether-flow-wiki/03_indexes/by-format-markdown.md,local_generated,2026-06-12T19:29:04Z
VAULT-MD-ROLE-AGENTS-ROLES-RESEARCH-OPS-DOCUMENTATION-CURATOR-V0-5-0-MD,.local/obsidian/aether-flow-wiki/02_sources/markdown/md-role-agents-roles-research-ops-documentation-curator-v0-5-0-md.md,obsidian_note,generated_memory_note,generated_noncanonical,humans_and_agents,43e4fd0b408c3c213bcec43e348215e4c377d406326c9fdf7fee2cd9ca7173af,MD-ROLE-AGENTS-ROLES-RESEARCH-OPS-DOCUMENTATION-CURATOR-V0-5-0-MD,MD-ROLE-AGENTS-ROLES-RESEARCH-OPS-DOCUMENTATION-CURATOR-V0-5-0-MD,,obsidian-wiki,PASS,2026-06-12T20:50:45Z,Generated local Obsidian memory note; not canonical authority.,MD-ROLE-AGENTS-ROLES-RESEARCH-OPS-DOCUMENTATION-CURATOR-V0-5-0-MD,MARKDOWN_SOURCE_REGISTRY.csv,.local/obsidian/aether-flow-wiki,.local/obsidian/aether-flow-wiki/02_sources/markdown/md-role-agents-roles-research-ops-documentation-curator-v0-5-0-md.md,.local/obsidian/aether-flow-wiki/01_raw/markdown/md-role-agents-roles-research-ops-documentation-curator-v0-5-0-md.md,,.local/obsidian/aether-flow-wiki/03_indexes/by-format-markdown.md,local_generated,2026-06-12T20:50:45Z
VAULT-MD-ROLE-AGENTS-ROLES-RESEARCH-OPS-DOCUMENTATION-CURATOR-V0-6-0-MD,.local/obsidian/aether-flow-wiki/02_sources/markdown/md-role-agents-roles-research-ops-documentation-curator-v0-6-0-md.md,obsidian_note,generated_memory_note,generated_noncanonical,humans_and_agents,b67aa9c3d0b217eba38dc3ce51b8fdc0cb34dce11e5588fd087bde12c2d247f6,MD-ROLE-AGENTS-ROLES-RESEARCH-OPS-DOCUMENTATION-CURATOR-V0-6-0-MD,MD-ROLE-AGENTS-ROLES-RESEARCH-OPS-DOCUMENTATION-CURATOR-V0-6-0-MD,,obsidian-wiki,PASS,2026-06-12T23:46:32Z,Generated local Obsidian memory note; not canonical authority.,MD-ROLE-AGENTS-ROLES-RESEARCH-OPS-DOCUMENTATION-CURATOR-V0-6-0-MD,MARKDOWN_SOURCE_REGISTRY.csv,.local/obsidian/aether-flow-wiki,.local/obsidian/aether-flow-wiki/02_sources/markdown/md-role-agents-roles-research-ops-documentation-curator-v0-6-0-md.md,.local/obsidian/aether-flow-wiki/01_raw/markdown/md-role-agents-roles-research-ops-documentation-curator-v0-6-0-md.md,,.local/obsidian/aether-flow-wiki/03_indexes/by-format-markdown.md,local_generated,2026-06-12T23:46:32Z
VAULT-MD-ROLE-AGENTS-ROLES-RESEARCH-OPS-DOCUMENTATION-CURATOR-V0-7-0-MD,.local/obsidian/aether-flow-wiki/02_sources/markdown/md-role-agents-roles-research-ops-documentation-curator-v0-7-0-md.md,obsidian_note,generated_memory_note,generated_noncanonical,humans_and_agents,bcc9a18c236898effdc516fe7b8bc55739b4b4fc6bf089bfd5d07e55ee0f4fa7,MD-ROLE-AGENTS-ROLES-RESEARCH-OPS-DOCUMENTATION-CURATOR-V0-7-0-MD,MD-ROLE-AGENTS-ROLES-RESEARCH-OPS-DOCUMENTATION-CURATOR-V0-7-0-MD,,obsidian-wiki,PASS,2026-06-17T17:47:33Z,Generated local Obsidian memory note; not canonical authority.,MD-ROLE-AGENTS-ROLES-RESEARCH-OPS-DOCUMENTATION-CURATOR-V0-7-0-MD,MARKDOWN_SOURCE_REGISTRY.csv,.local/obsidian/aether-flow-wiki,.local/obsidian/aether-flow-wiki/02_sources/markdown/md-role-agents-roles-research-ops-documentation-curator-v0-7-0-md.md,.local/obsidian/aether-flow-wiki/01_raw/markdown/md-role-agents-roles-research-ops-documentation-curator-v0-7-0-md.md,,.local/obsidian/aether-flow-wiki/03_indexes/by-format-markdown.md,local_generated,2026-06-17T17:47:33Z
VAULT-MD-ROLE-AGENTS-ROLES-RESEARCH-OPS-DOCUMENTATION-CURATOR-V0-8-0-MD,.local/obsidian/aether-flow-wiki/02_sources/markdown/md-role-agents-roles-research-ops-documentation-curator-v0-8-0-md.md,obsidian_note,generated_memory_note,generated_noncanonical,humans_and_agents,84cf7fca86235dad8aaa27428799d550cdd4fc0322d80bb2f3166c2d2d3a5013,MD-ROLE-AGENTS-ROLES-RESEARCH-OPS-DOCUMENTATION-CURATOR-V0-8-0-MD,MD-ROLE-AGENTS-ROLES-RESEARCH-OPS-DOCUMENTATION-CURATOR-V0-8-0-MD,,obsidian-wiki,PASS,2026-06-17T21:11:59Z,Generated local Obsidian memory note; not canonical authority.,MD-ROLE-AGENTS-ROLES-RESEARCH-OPS-DOCUMENTATION-CURATOR-V0-8-0-MD,MARKDOWN_SOURCE_REGISTRY.csv,.local/obsidian/aether-flow-wiki,.local/obsidian/aether-flow-wiki/02_sources/markdown/md-role-agents-roles-research-ops-documentation-curator-v0-8-0-md.md,.local/obsidian/aether-flow-wiki/01_raw/markdown/md-role-agents-roles-research-ops-documentation-curator-v0-8-0-md.md,,.local/obsidian/aether-flow-wiki/03_indexes/by-format-markdown.md,local_generated,2026-06-17T21:11:59Z
VAULT-MD-ROLE-AGENTS-ROLES-RESEARCH-OPS-DOCUMENTATION-CURATOR-V0-9-0-MD,.local/obsidian/aether-flow-wiki/02_sources/markdown/md-role-agents-roles-research-ops-documentation-curator-v0-9-0-md.md,obsidian_note,generated_memory_note,generated_noncanonical,humans_and_agents,c1c6502d571b423be9f824ad666479dc1492eb3083f7078bd4ea3ea3558d69ce,MD-ROLE-AGENTS-ROLES-RESEARCH-OPS-DOCUMENTATION-CURATOR-V0-9-0-MD,MD-ROLE-AGENTS-ROLES-RESEARCH-OPS-DOCUMENTATION-CURATOR-V0-9-0-MD,,obsidian-wiki,PASS,2026-06-18T16:55:39Z,Generated local Obsidian memory note; not canonical authority.,MD-ROLE-AGENTS-ROLES-RESEARCH-OPS-DOCUMENTATION-CURATOR-V0-9-0-MD,MARKDOWN_SOURCE_REGISTRY.csv,.local/obsidian/aether-flow-wiki,.local/obsidian/aether-flow-wiki/02_sources/markdown/md-role-agents-roles-research-ops-documentation-curator-v0-9-0-md.md,.local/obsidian/aether-flow-wiki/01_raw/markdown/md-role-agents-roles-research-ops-documentation-curator-v0-9-0-md.md,,.local/obsidian/aether-flow-wiki/03_indexes/by-format-markdown.md,local_generated,2026-06-18T16:55:39Z
VAULT-MD-ROLE-AGENTS-ROLES-RESEARCH-OPS-DOCUMENTATION-CURATOR-V1-0-0-MD,.local/obsidian/aether-flow-wiki/02_sources/markdown/md-role-agents-roles-research-ops-documentation-curator-v1-0-0-md.md,obsidian_note,generated_memory_note,generated_noncanonical,humans_and_agents,7ce3124ede4b83907a6bc0eb08e6ce2e7e33237908aad96cddfddd787a0e2def,MD-ROLE-AGENTS-ROLES-RESEARCH-OPS-DOCUMENTATION-CURATOR-V1-0-0-MD,MD-ROLE-AGENTS-ROLES-RESEARCH-OPS-DOCUMENTATION-CURATOR-V1-0-0-MD,,obsidian-wiki,PASS,2026-06-18T18:14:07Z,Generated local Obsidian memory note; not canonical authority.,MD-ROLE-AGENTS-ROLES-RESEARCH-OPS-DOCUMENTATION-CURATOR-V1-0-0-MD,MARKDOWN_SOURCE_REGISTRY.csv,.local/obsidian/aether-flow-wiki,.local/obsidian/aether-flow-wiki/02_sources/markdown/md-role-agents-roles-research-ops-documentation-curator-v1-0-0-md.md,.local/obsidian/aether-flow-wiki/01_raw/markdown/md-role-agents-roles-research-ops-documentation-curator-v1-0-0-md.md,,.local/obsidian/aether-flow-wiki/03_indexes/by-format-markdown.md,local_generated,2026-06-18T18:14:07Z
VAULT-MD-ROLE-AGENTS-ROLES-RESEARCH-OPS-DOCUMENTATION-CURATOR-V2-0-0-MD,.local/obsidian/aether-flow-wiki/02_sources/markdown/md-role-agents-roles-research-ops-documentation-curator-v2-0-0-md.md,obsidian_note,generated_memory_note,generated_noncanonical,humans_and_agents,c63afb6871219f7c489b4a6153077ba0719ded191589594f4dd93ddc7dbe48bc,MD-ROLE-AGENTS-ROLES-RESEARCH-OPS-DOCUMENTATION-CURATOR-V2-0-0-MD,MD-ROLE-AGENTS-ROLES-RESEARCH-OPS-DOCUMENTATION-CURATOR-V2-0-0-MD,,obsidian-wiki,PASS,2026-06-18T21:25:40Z,Generated local Obsidian memory note; not canonical authority.,MD-ROLE-AGENTS-ROLES-RESEARCH-OPS-DOCUMENTATION-CURATOR-V2-0-0-MD,MARKDOWN_SOURCE_REGISTRY.csv,.local/obsidian/aether-flow-wiki,.local/obsidian/aether-flow-wiki/02_sources/markdown/md-role-agents-roles-research-ops-documentation-curator-v2-0-0-md.md,.local/obsidian/aether-flow-wiki/01_raw/markdown/md-role-agents-roles-research-ops-documentation-curator-v2-0-0-md.md,,.local/obsidian/aether-flow-wiki/03_indexes/by-format-markdown.md,local_generated,2026-06-18T21:25:40Z
VAULT-MD-ROLE-AGENTS-ROLES-RESEARCH-OPS-MEMORY-SYSTEM-MAINTAINER-V0-1-0-MD,.local/obsidian/aether-flow-wiki/02_sources/markdown/md-role-agents-roles-research-ops-memory-system-maintainer-v0-1-0-md.md,obsidian_note,generated_memory_note,generated_noncanonical,humans_and_agents,0ec40aa61444ef33b1fc375c772df6df2139b0d46ae33ff085a2b5a886712267,MD-ROLE-AGENTS-ROLES-RESEARCH-OPS-MEMORY-SYSTEM-MAINTAINER-V0-1-0-MD,MD-ROLE-AGENTS-ROLES-RESEARCH-OPS-MEMORY-SYSTEM-MAINTAINER-V0-1-0-MD,,obsidian-wiki,PASS,2026-06-10T02:34:32Z,Generated local Obsidian memory note; not canonical authority.,MD-ROLE-AGENTS-ROLES-RESEARCH-OPS-MEMORY-SYSTEM-MAINTAINER-V0-1-0-MD,MARKDOWN_SOURCE_REGISTRY.csv,.local/obsidian/aether-flow-wiki,.local/obsidian/aether-flow-wiki/02_sources/markdown/md-role-agents-roles-research-ops-memory-system-maintainer-v0-1-0-md.md,.local/obsidian/aether-flow-wiki/01_raw/markdown/md-role-agents-roles-research-ops-memory-system-maintainer-v0-1-0-md.md,,.local/obsidian/aether-flow-wiki/03_indexes/by-format-markdown.md,local_generated,2026-06-10T02:34:32Z
VAULT-MD-ROLE-AGENTS-ROLES-RESEARCH-OPS-PROCESS-INTEGRITY-AUDITOR-V0-1-0-MD,.local/obsidian/aether-flow-wiki/02_sources/markdown/md-role-agents-roles-research-ops-process-integrity-auditor-v0-1-0-md.md,obsidian_note,generated_memory_note,generated_noncanonical,humans_and_agents,5e54f60d6a3064006e0a6ec73719475f191f21c975b9b2292498abb1dcc83db4,MD-ROLE-AGENTS-ROLES-RESEARCH-OPS-PROCESS-INTEGRITY-AUDITOR-V0-1-0-MD,MD-ROLE-AGENTS-ROLES-RESEARCH-OPS-PROCESS-INTEGRITY-AUDITOR-V0-1-0-MD,,obsidian-wiki,PASS,2026-06-10T02:34:32Z,Generated local Obsidian memory note; not canonical authority.,MD-ROLE-AGENTS-ROLES-RESEARCH-OPS-PROCESS-INTEGRITY-AUDITOR-V0-1-0-MD,MARKDOWN_SOURCE_REGISTRY.csv,.local/obsidian/aether-flow-wiki,.local/obsidian/aether-flow-wiki/02_sources/markdown/md-role-agents-roles-research-ops-process-integrity-auditor-v0-1-0-md.md,.local/obsidian/aether-flow-wiki/01_raw/markdown/md-role-agents-roles-research-ops-process-integrity-auditor-v0-1-0-md.md,,.local/obsidian/aether-flow-wiki/03_indexes/by-format-markdown.md,local_generated,2026-06-10T02:34:32Z
VAULT-MD-ROLE-AGENTS-ROLES-RESEARCH-OPS-PROJECT-CONTROL-MAINTAINER-V0-1-0-MD,.local/obsidian/aether-flow-wiki/02_sources/markdown/md-role-agents-roles-research-ops-project-control-maintainer-v0-1-0-md.md,obsidian_note,generated_memory_note,generated_noncanonical,humans_and_agents,4d31cdcdf991dc2f503b3f8cc1c4abbbf4389ab1fd6dcd048396b8e85039665e,MD-ROLE-AGENTS-ROLES-RESEARCH-OPS-PROJECT-CONTROL-MAINTAINER-V0-1-0-MD,MD-ROLE-AGENTS-ROLES-RESEARCH-OPS-PROJECT-CONTROL-MAINTAINER-V0-1-0-MD,,obsidian-wiki,PASS,2026-06-10T18:23:33Z,Generated local Obsidian memory note; not canonical authority.,MD-ROLE-AGENTS-ROLES-RESEARCH-OPS-PROJECT-CONTROL-MAINTAINER-V0-1-0-MD,MARKDOWN_SOURCE_REGISTRY.csv,.local/obsidian/aether-flow-wiki,.local/obsidian/aether-flow-wiki/02_sources/markdown/md-role-agents-roles-research-ops-project-control-maintainer-v0-1-0-md.md,.local/obsidian/aether-flow-wiki/01_raw/markdown/md-role-agents-roles-research-ops-project-control-maintainer-v0-1-0-md.md,,.local/obsidian/aether-flow-wiki/03_indexes/by-format-markdown.md,local_generated,2026-06-10T18:23:33Z
VAULT-MD-ROLE-AGENTS-ROLES-RESEARCH-OPS-PROJECT-SYSTEM-DIRECTOR-V0-1-0-MD,.local/obsidian/aether-flow-wiki/02_sources/markdown/md-role-agents-roles-research-ops-project-system-director-v0-1-0-md.md,obsidian_note,generated_memory_note,generated_noncanonical,humans_and_agents,38e37c63637c81ddaabe7fcba760efea348665b2d4534e46961d7ba2c7a32972,MD-ROLE-AGENTS-ROLES-RESEARCH-OPS-PROJECT-SYSTEM-DIRECTOR-V0-1-0-MD,MD-ROLE-AGENTS-ROLES-RESEARCH-OPS-PROJECT-SYSTEM-DIRECTOR-V0-1-0-MD,,obsidian-wiki,PASS,2026-06-10T02:34:32Z,Generated local Obsidian memory note; not canonical authority.,MD-ROLE-AGENTS-ROLES-RESEARCH-OPS-PROJECT-SYSTEM-DIRECTOR-V0-1-0-MD,MARKDOWN_SOURCE_REGISTRY.csv,.local/obsidian/aether-flow-wiki,.local/obsidian/aether-flow-wiki/02_sources/markdown/md-role-agents-roles-research-ops-project-system-director-v0-1-0-md.md,.local/obsidian/aether-flow-wiki/01_raw/markdown/md-role-agents-roles-research-ops-project-system-director-v0-1-0-md.md,,.local/obsidian/aether-flow-wiki/03_indexes/by-format-markdown.md,local_generated,2026-06-10T02:34:32Z
VAULT-MD-ROLE-AGENTS-ROLES-RESEARCH-OPS-VALIDATOR-ENGINEER-V0-1-0-MD,.local/obsidian/aether-flow-wiki/02_sources/markdown/md-role-agents-roles-research-ops-validator-engineer-v0-1-0-md.md,obsidian_note,generated_memory_note,generated_noncanonical,humans_and_agents,bcc23bae02e78fcafabffb8d5fe1afca48a591edc56c0bc05b868b9d9e400c77,MD-ROLE-AGENTS-ROLES-RESEARCH-OPS-VALIDATOR-ENGINEER-V0-1-0-MD,MD-ROLE-AGENTS-ROLES-RESEARCH-OPS-VALIDATOR-ENGINEER-V0-1-0-MD,,obsidian-wiki,PASS,2026-06-10T02:34:32Z,Generated local Obsidian memory note; not canonical authority.,MD-ROLE-AGENTS-ROLES-RESEARCH-OPS-VALIDATOR-ENGINEER-V0-1-0-MD,MARKDOWN_SOURCE_REGISTRY.csv,.local/obsidian/aether-flow-wiki,.local/obsidian/aether-flow-wiki/02_sources/markdown/md-role-agents-roles-research-ops-validator-engineer-v0-1-0-md.md,.local/obsidian/aether-flow-wiki/01_raw/markdown/md-role-agents-roles-research-ops-validator-engineer-v0-1-0-md.md,,.local/obsidian/aether-flow-wiki/03_indexes/by-format-markdown.md,local_generated,2026-06-10T02:34:32Z
VAULT-MD-ROLE-ROUTING-PUBLICATION-BRIEF,.local/obsidian/aether-flow-wiki/02_sources/markdown/md-role-routing-publication-brief.md,obsidian_note,generated_memory_note,generated_noncanonical,humans_and_agents,10dbf73d20925b1547621dca973a53150e91b916ccae9bc959200efb63e81609,MD-ROLE-ROUTING-PUBLICATION-BRIEF,MD-ROLE-ROUTING-PUBLICATION-BRIEF,,obsidian-wiki,PASS,2026-06-19T00:38:44Z,Generated local Obsidian memory note; not canonical authority.,MD-ROLE-ROUTING-PUBLICATION-BRIEF,MARKDOWN_SOURCE_REGISTRY.csv,.local/obsidian/aether-flow-wiki,.local/obsidian/aether-flow-wiki/02_sources/markdown/md-role-routing-publication-brief.md,.local/obsidian/aether-flow-wiki/01_raw/markdown/md-role-routing-publication-brief.md,,.local/obsidian/aether-flow-wiki/03_indexes/by-format-markdown.md,local_generated,2026-06-19T00:38:44Z
VAULT-MD-ROLES-AND-SKILLS-PUBLICATION-BRIEF,.local/obsidian/aether-flow-wiki/02_sources/markdown/md-roles-and-skills-publication-brief.md,obsidian_note,generated_memory_note,generated_noncanonical,humans_and_agents,e5a7016579ab84f9b7272b23d60255d347cda9e696f115a795f811c95140fb76,MD-ROLES-AND-SKILLS-PUBLICATION-BRIEF,MD-ROLES-AND-SKILLS-PUBLICATION-BRIEF,,obsidian-wiki,PASS,2026-06-19T05:06:11Z,Generated local Obsidian memory note; not canonical authority.,MD-ROLES-AND-SKILLS-PUBLICATION-BRIEF,MARKDOWN_SOURCE_REGISTRY.csv,.local/obsidian/aether-flow-wiki,.local/obsidian/aether-flow-wiki/02_sources/markdown/md-roles-and-skills-publication-brief.md,.local/obsidian/aether-flow-wiki/01_raw/markdown/md-roles-and-skills-publication-brief.md,,.local/obsidian/aether-flow-wiki/03_indexes/by-format-markdown.md,local_generated,2026-06-19T05:06:11Z
VAULT-MD-SCHEMA-AGENT-JOB-SCHEMA,.local/obsidian/aether-flow-wiki/02_sources/markdown/md-schema-agent-job-schema.md,obsidian_note,generated_memory_note,generated_noncanonical,humans_and_agents,c087d314917d129d80a1c54d117f17e20a5de5dc2d49c259171a447bcbe21391,MD-SCHEMA-AGENT-JOB-SCHEMA,MD-SCHEMA-AGENT-JOB-SCHEMA,,obsidian-wiki,PASS,2026-06-20T15:43:39Z,Generated local Obsidian memory note; not canonical authority.,MD-SCHEMA-AGENT-JOB-SCHEMA,MARKDOWN_SOURCE_REGISTRY.csv,.local/obsidian/aether-flow-wiki,.local/obsidian/aether-flow-wiki/02_sources/markdown/md-schema-agent-job-schema.md,.local/obsidian/aether-flow-wiki/01_raw/markdown/md-schema-agent-job-schema.md,,.local/obsidian/aether-flow-wiki/03_indexes/by-format-markdown.md,local_generated,2026-06-20T15:43:39Z
VAULT-MD-SCHEMA-DIRECTOR-DECISION-SCHEMA,.local/obsidian/aether-flow-wiki/02_sources/markdown/md-schema-director-decision-schema.md,obsidian_note,generated_memory_note,generated_noncanonical,humans_and_agents,8163f5dbe8e231dc61f1d78032edc972f61c286ce5bf417031937e56e9849a17,MD-SCHEMA-DIRECTOR-DECISION-SCHEMA,MD-SCHEMA-DIRECTOR-DECISION-SCHEMA,,obsidian-wiki,PASS,2026-06-10T02:34:32Z,Generated local Obsidian memory note; not canonical authority.,MD-SCHEMA-DIRECTOR-DECISION-SCHEMA,MARKDOWN_SOURCE_REGISTRY.csv,.local/obsidian/aether-flow-wiki,.local/obsidian/aether-flow-wiki/02_sources/markdown/md-schema-director-decision-schema.md,.local/obsidian/aether-flow-wiki/01_raw/markdown/md-schema-director-decision-schema.md,,.local/obsidian/aether-flow-wiki/03_indexes/by-format-markdown.md,local_generated,2026-06-10T02:34:32Z
VAULT-MD-SCHEMA-DOCUMENTATION-IMPACT-SCHEMA,.local/obsidian/aether-flow-wiki/02_sources/markdown/md-schema-documentation-impact-schema.md,obsidian_note,generated_memory_note,generated_noncanonical,humans_and_agents,cedfc214d015b2bfb6647be62c375533d9f96bd731230013069f2854be5ec5e9,MD-SCHEMA-DOCUMENTATION-IMPACT-SCHEMA,MD-SCHEMA-DOCUMENTATION-IMPACT-SCHEMA,,obsidian-wiki,PASS,2026-06-10T02:34:32Z,Generated local Obsidian memory note; not canonical authority.,MD-SCHEMA-DOCUMENTATION-IMPACT-SCHEMA,MARKDOWN_SOURCE_REGISTRY.csv,.local/obsidian/aether-flow-wiki,.local/obsidian/aether-flow-wiki/02_sources/markdown/md-schema-documentation-impact-schema.md,.local/obsidian/aether-flow-wiki/01_raw/markdown/md-schema-documentation-impact-schema.md,,.local/obsidian/aether-flow-wiki/03_indexes/by-format-markdown.md,local_generated,2026-06-10T02:34:32Z
VAULT-MD-SCHEMA-EXECUTION-ROLE-SCHEMA,.local/obsidian/aether-flow-wiki/02_sources/markdown/md-schema-execution-role-schema.md,obsidian_note,generated_memory_note,generated_noncanonical,humans_and_agents,85dec5d4de43738bb3f87c64c6d059b509706288bb298a571161cbb2ab437c41,MD-SCHEMA-EXECUTION-ROLE-SCHEMA,MD-SCHEMA-EXECUTION-ROLE-SCHEMA,,obsidian-wiki,PASS,2026-06-20T04:45:50Z,Generated local Obsidian memory note; not canonical authority.,MD-SCHEMA-EXECUTION-ROLE-SCHEMA,MARKDOWN_SOURCE_REGISTRY.csv,.local/obsidian/aether-flow-wiki,.local/obsidian/aether-flow-wiki/02_sources/markdown/md-schema-execution-role-schema.md,.local/obsidian/aether-flow-wiki/01_raw/markdown/md-schema-execution-role-schema.md,,.local/obsidian/aether-flow-wiki/03_indexes/by-format-markdown.md,local_generated,2026-06-20T04:45:50Z
VAULT-MD-SCHEMA-ROLE-SCHEMA,.local/obsidian/aether-flow-wiki/02_sources/markdown/md-schema-role-schema.md,obsidian_note,generated_memory_note,generated_noncanonical,humans_and_agents,adfe47c287d9e67e0b6c864b8534ae48fb6d3cbb950c4f61d938badccd9d31f6,MD-SCHEMA-ROLE-SCHEMA,MD-SCHEMA-ROLE-SCHEMA,,obsidian-wiki,PASS,2026-06-10T19:37:31Z,Generated local Obsidian memory note; not canonical authority.,MD-SCHEMA-ROLE-SCHEMA,MARKDOWN_SOURCE_REGISTRY.csv,.local/obsidian/aether-flow-wiki,.local/obsidian/aether-flow-wiki/02_sources/markdown/md-schema-role-schema.md,.local/obsidian/aether-flow-wiki/01_raw/markdown/md-schema-role-schema.md,,.local/obsidian/aether-flow-wiki/03_indexes/by-format-markdown.md,local_generated,2026-06-10T19:37:31Z
VAULT-MD-SKILL-CONTINUE-RESEARCH,.local/obsidian/aether-flow-wiki/02_sources/markdown/md-skill-continue-research.md,obsidian_note,generated_memory_note,generated_noncanonical,humans_and_agents,ff63af2258cf7a39ea54f374352c0c6e05da6b45f48dfc94d31e844a7a7bf350,MD-SKILL-CONTINUE-RESEARCH,MD-SKILL-CONTINUE-RESEARCH,,obsidian-wiki,PASS,2026-06-20T15:23:22Z,Generated local Obsidian memory note; not canonical authority.,MD-SKILL-CONTINUE-RESEARCH,MARKDOWN_SOURCE_REGISTRY.csv,.local/obsidian/aether-flow-wiki,.local/obsidian/aether-flow-wiki/02_sources/markdown/md-skill-continue-research.md,.local/obsidian/aether-flow-wiki/01_raw/markdown/md-skill-continue-research.md,,.local/obsidian/aether-flow-wiki/03_indexes/by-format-markdown.md,local_generated,2026-06-20T15:23:22Z
VAULT-MD-SKILL-GRILL-ME,.local/obsidian/aether-flow-wiki/02_sources/markdown/md-skill-grill-me.md,obsidian_note,generated_memory_note,generated_noncanonical,humans_and_agents,74147eb6010a65957efef2b9e0f0b3ff935c1def7fc117697151b1d0f3610556,MD-SKILL-GRILL-ME,MD-SKILL-GRILL-ME,,obsidian-wiki,PASS,2026-06-10T02:34:32Z,Generated local Obsidian memory note; not canonical authority.,MD-SKILL-GRILL-ME,MARKDOWN_SOURCE_REGISTRY.csv,.local/obsidian/aether-flow-wiki,.local/obsidian/aether-flow-wiki/02_sources/markdown/md-skill-grill-me.md,.local/obsidian/aether-flow-wiki/01_raw/markdown/md-skill-grill-me.md,,.local/obsidian/aether-flow-wiki/03_indexes/by-format-markdown.md,local_generated,2026-06-10T02:34:32Z
VAULT-MD-SKILL-GRILL-WITH-DOCS,.local/obsidian/aether-flow-wiki/02_sources/markdown/md-skill-grill-with-docs.md,obsidian_note,generated_memory_note,generated_noncanonical,humans_and_agents,3e35025119ba03efe7983dfdec3c8b96918142e3978512f3c2bf66d428310c7e,MD-SKILL-GRILL-WITH-DOCS,MD-SKILL-GRILL-WITH-DOCS,,obsidian-wiki,PASS,2026-06-11T22:03:47Z,Generated local Obsidian memory note; not canonical authority.,MD-SKILL-GRILL-WITH-DOCS,MARKDOWN_SOURCE_REGISTRY.csv,.local/obsidian/aether-flow-wiki,.local/obsidian/aether-flow-wiki/02_sources/markdown/md-skill-grill-with-docs.md,.local/obsidian/aether-flow-wiki/01_raw/markdown/md-skill-grill-with-docs.md,,.local/obsidian/aether-flow-wiki/03_indexes/by-format-markdown.md,local_generated,2026-06-11T22:03:47Z
VAULT-MD-SKILL-HTML-VISUAL-EXPLAINER,.local/obsidian/aether-flow-wiki/02_sources/markdown/md-skill-html-visual-explainer.md,obsidian_note,generated_memory_note,generated_noncanonical,humans_and_agents,9b295d356be3dd68d5a00e052bd14724669b53cb5859881383ce102c83376c87,MD-SKILL-HTML-VISUAL-EXPLAINER,MD-SKILL-HTML-VISUAL-EXPLAINER,,obsidian-wiki,PASS,2026-06-18T21:25:40Z,Generated local Obsidian memory note; not canonical authority.,MD-SKILL-HTML-VISUAL-EXPLAINER,MARKDOWN_SOURCE_REGISTRY.csv,.local/obsidian/aether-flow-wiki,.local/obsidian/aether-flow-wiki/02_sources/markdown/md-skill-html-visual-explainer.md,.local/obsidian/aether-flow-wiki/01_raw/markdown/md-skill-html-visual-explainer.md,,.local/obsidian/aether-flow-wiki/03_indexes/by-format-markdown.md,local_generated,2026-06-18T21:25:40Z
VAULT-MD-SKILL-IMPROVE-PROJECT-SYSTEM,.local/obsidian/aether-flow-wiki/02_sources/markdown/md-skill-improve-project-system.md,obsidian_note,generated_memory_note,generated_noncanonical,humans_and_agents,8a207a30441e6f16a2a3f042e9242e750f72b3ae8573b8d6802d80a29516319e,MD-SKILL-IMPROVE-PROJECT-SYSTEM,MD-SKILL-IMPROVE-PROJECT-SYSTEM,,obsidian-wiki,PASS,2026-06-18T15:47:47Z,Generated local Obsidian memory note; not canonical authority.,MD-SKILL-IMPROVE-PROJECT-SYSTEM,MARKDOWN_SOURCE_REGISTRY.csv,.local/obsidian/aether-flow-wiki,.local/obsidian/aether-flow-wiki/02_sources/markdown/md-skill-improve-project-system.md,.local/obsidian/aether-flow-wiki/01_raw/markdown/md-skill-improve-project-system.md,,.local/obsidian/aether-flow-wiki/03_indexes/by-format-markdown.md,local_generated,2026-06-18T15:47:47Z
VAULT-MD-SKILL-MARKDOWN-WIKI,.local/obsidian/aether-flow-wiki/02_sources/markdown/md-skill-markdown-wiki.md,obsidian_note,generated_memory_note,generated_noncanonical,humans_and_agents,9e407dca9b4657c18b9edd38be0181f5bf6c98336a763c74172c74439076683c,MD-SKILL-MARKDOWN-WIKI,MD-SKILL-MARKDOWN-WIKI,,obsidian-wiki,PASS,2026-06-10T02:34:32Z,Generated local Obsidian memory note; not canonical authority.,MD-SKILL-MARKDOWN-WIKI,MARKDOWN_SOURCE_REGISTRY.csv,.local/obsidian/aether-flow-wiki,.local/obsidian/aether-flow-wiki/02_sources/markdown/md-skill-markdown-wiki.md,.local/obsidian/aether-flow-wiki/01_raw/markdown/md-skill-markdown-wiki.md,,.local/obsidian/aether-flow-wiki/03_indexes/by-format-markdown.md,local_generated,2026-06-10T02:34:32Z
VAULT-MD-SKILL-OBSIDIAN-WIKI,.local/obsidian/aether-flow-wiki/02_sources/markdown/md-skill-obsidian-wiki.md,obsidian_note,generated_memory_note,generated_noncanonical,humans_and_agents,69417f268d37571144ce2203783cfb569e8b2ae7e71126752ce0735c2305d2e9,MD-SKILL-OBSIDIAN-WIKI,MD-SKILL-OBSIDIAN-WIKI,,obsidian-wiki,PASS,2026-06-18T15:47:47Z,Generated local Obsidian memory note; not canonical authority.,MD-SKILL-OBSIDIAN-WIKI,MARKDOWN_SOURCE_REGISTRY.csv,.local/obsidian/aether-flow-wiki,.local/obsidian/aether-flow-wiki/02_sources/markdown/md-skill-obsidian-wiki.md,.local/obsidian/aether-flow-wiki/01_raw/markdown/md-skill-obsidian-wiki.md,,.local/obsidian/aether-flow-wiki/03_indexes/by-format-markdown.md,local_generated,2026-06-18T15:47:47Z
VAULT-MD-SKILL-ONTOLOGY-PROMOTION,.local/obsidian/aether-flow-wiki/02_sources/markdown/md-skill-ontology-promotion.md,obsidian_note,generated_memory_note,generated_noncanonical,humans_and_agents,e9d7455fba3553e6e27b971a2602dbfed287528e200dd733ea9eb8e0a9882e73,MD-SKILL-ONTOLOGY-PROMOTION,MD-SKILL-ONTOLOGY-PROMOTION,,obsidian-wiki,PASS,2026-06-10T02:34:32Z,Generated local Obsidian memory note; not canonical authority.,MD-SKILL-ONTOLOGY-PROMOTION,MARKDOWN_SOURCE_REGISTRY.csv,.local/obsidian/aether-flow-wiki,.local/obsidian/aether-flow-wiki/02_sources/markdown/md-skill-ontology-promotion.md,.local/obsidian/aether-flow-wiki/01_raw/markdown/md-skill-ontology-promotion.md,,.local/obsidian/aether-flow-wiki/03_indexes/by-format-markdown.md,local_generated,2026-06-10T02:34:32Z
VAULT-MD-SKILL-PDF-DERIVATIVE-BUILD,.local/obsidian/aether-flow-wiki/02_sources/markdown/md-skill-pdf-derivative-build.md,obsidian_note,generated_memory_note,generated_noncanonical,humans_and_agents,983bc0fe63bed2c3f15d62e8c25d56397d6dd322a8d0c5406817aca7b14bb2d4,MD-SKILL-PDF-DERIVATIVE-BUILD,MD-SKILL-PDF-DERIVATIVE-BUILD,,obsidian-wiki,PASS,2026-06-10T02:34:32Z,Generated local Obsidian memory note; not canonical authority.,MD-SKILL-PDF-DERIVATIVE-BUILD,MARKDOWN_SOURCE_REGISTRY.csv,.local/obsidian/aether-flow-wiki,.local/obsidian/aether-flow-wiki/02_sources/markdown/md-skill-pdf-derivative-build.md,.local/obsidian/aether-flow-wiki/01_raw/markdown/md-skill-pdf-derivative-build.md,,.local/obsidian/aether-flow-wiki/03_indexes/by-format-markdown.md,local_generated,2026-06-10T02:34:32Z
VAULT-MD-SKILL-PROJECT-MEMORY-SYSTEM,.local/obsidian/aether-flow-wiki/02_sources/markdown/md-skill-project-memory-system.md,obsidian_note,generated_memory_note,generated_noncanonical,humans_and_agents,b19407e6193123fb5a3274425b59d49eca5f91af25211eff4972991c2814583e,MD-SKILL-PROJECT-MEMORY-SYSTEM,MD-SKILL-PROJECT-MEMORY-SYSTEM,,obsidian-wiki,PASS,2026-06-18T21:25:40Z,Generated local Obsidian memory note; not canonical authority.,MD-SKILL-PROJECT-MEMORY-SYSTEM,MARKDOWN_SOURCE_REGISTRY.csv,.local/obsidian/aether-flow-wiki,.local/obsidian/aether-flow-wiki/02_sources/markdown/md-skill-project-memory-system.md,.local/obsidian/aether-flow-wiki/01_raw/markdown/md-skill-project-memory-system.md,,.local/obsidian/aether-flow-wiki/03_indexes/by-format-markdown.md,local_generated,2026-06-18T21:25:40Z
VAULT-MD-SKILL-TEX-WIKI,.local/obsidian/aether-flow-wiki/02_sources/markdown/md-skill-tex-wiki.md,obsidian_note,generated_memory_note,generated_noncanonical,humans_and_agents,00070187a46d9dfdd617746603e21fcff2e20484d6be327b13d37ec6fb52ccda,MD-SKILL-TEX-WIKI,MD-SKILL-TEX-WIKI,,obsidian-wiki,PASS,2026-06-10T02:34:32Z,Generated local Obsidian memory note; not canonical authority.,MD-SKILL-TEX-WIKI,MARKDOWN_SOURCE_REGISTRY.csv,.local/obsidian/aether-flow-wiki,.local/obsidian/aether-flow-wiki/02_sources/markdown/md-skill-tex-wiki.md,.local/obsidian/aether-flow-wiki/01_raw/markdown/md-skill-tex-wiki.md,,.local/obsidian/aether-flow-wiki/03_indexes/by-format-markdown.md,local_generated,2026-06-10T02:34:32Z
VAULT-MD-SKILL-USER-MODIFIED-PROJECT,.local/obsidian/aether-flow-wiki/02_sources/markdown/md-skill-user-modified-project.md,obsidian_note,generated_memory_note,generated_noncanonical,humans_and_agents,a6f53b016f2fc09f5259c51b555dca1798f6ea6a36831a3693609e97971e100a,MD-SKILL-USER-MODIFIED-PROJECT,MD-SKILL-USER-MODIFIED-PROJECT,,obsidian-wiki,PASS,2026-06-13T17:41:34Z,Generated local Obsidian memory note; not canonical authority.,MD-SKILL-USER-MODIFIED-PROJECT,MARKDOWN_SOURCE_REGISTRY.csv,.local/obsidian/aether-flow-wiki,.local/obsidian/aether-flow-wiki/02_sources/markdown/md-skill-user-modified-project.md,.local/obsidian/aether-flow-wiki/01_raw/markdown/md-skill-user-modified-project.md,,.local/obsidian/aether-flow-wiki/03_indexes/by-format-markdown.md,local_generated,2026-06-13T17:41:34Z
VAULT-MD-SKILL-VISUAL-EXPLAINER,.local/obsidian/aether-flow-wiki/02_sources/markdown/md-skill-visual-explainer.md,obsidian_note,generated_memory_note,generated_noncanonical,humans_and_agents,0e85d10bac7f37a1d658c0db8eaf8c8f4f085f92d58ffa4c7bed878096566bd1,MD-SKILL-VISUAL-EXPLAINER,MD-SKILL-VISUAL-EXPLAINER,,obsidian-wiki,PASS,2026-06-18T18:14:07Z,Generated local Obsidian memory note; not canonical authority.,MD-SKILL-VISUAL-EXPLAINER,MARKDOWN_SOURCE_REGISTRY.csv,.local/obsidian/aether-flow-wiki,.local/obsidian/aether-flow-wiki/02_sources/markdown/md-skill-visual-explainer.md,.local/obsidian/aether-flow-wiki/01_raw/markdown/md-skill-visual-explainer.md,,.local/obsidian/aether-flow-wiki/03_indexes/by-format-markdown.md,local_generated,2026-06-18T18:14:07Z
VAULT-MD-SKILL-VISUAL-EXPLAINER-SUBSKILL-MERMAID-DOCUMENTATION,.local/obsidian/aether-flow-wiki/02_sources/markdown/md-skill-visual-explainer-subskill-mermaid-documentation.md,obsidian_note,generated_memory_note,generated_noncanonical,humans_and_agents,1df4982a8bd5c82ec24a8c347b5d5796c5c1c49764142b3853e28b84bebd1da9,MD-SKILL-VISUAL-EXPLAINER-SUBSKILL-MERMAID-DOCUMENTATION,MD-SKILL-VISUAL-EXPLAINER-SUBSKILL-MERMAID-DOCUMENTATION,,obsidian-wiki,PASS,2026-06-11T22:51:09Z,Generated local Obsidian memory note; not canonical authority.,MD-SKILL-VISUAL-EXPLAINER-SUBSKILL-MERMAID-DOCUMENTATION,MARKDOWN_SOURCE_REGISTRY.csv,.local/obsidian/aether-flow-wiki,.local/obsidian/aether-flow-wiki/02_sources/markdown/md-skill-visual-explainer-subskill-mermaid-documentation.md,.local/obsidian/aether-flow-wiki/01_raw/markdown/md-skill-visual-explainer-subskill-mermaid-documentation.md,,.local/obsidian/aether-flow-wiki/03_indexes/by-format-markdown.md,local_generated,2026-06-11T22:51:09Z
VAULT-MD-SOURCE-AUTHORITY-PUBLICATION-BRIEF,.local/obsidian/aether-flow-wiki/02_sources/markdown/md-source-authority-publication-brief.md,obsidian_note,generated_memory_note,generated_noncanonical,humans_and_agents,1c674af1039b75e5b427c44e882c9e26f48534faade40f26c81d17834fa9cc8a,MD-SOURCE-AUTHORITY-PUBLICATION-BRIEF,MD-SOURCE-AUTHORITY-PUBLICATION-BRIEF,,obsidian-wiki,PASS,2026-06-18T18:25:03Z,Generated local Obsidian memory note; not canonical authority.,MD-SOURCE-AUTHORITY-PUBLICATION-BRIEF,MARKDOWN_SOURCE_REGISTRY.csv,.local/obsidian/aether-flow-wiki,.local/obsidian/aether-flow-wiki/02_sources/markdown/md-source-authority-publication-brief.md,.local/obsidian/aether-flow-wiki/01_raw/markdown/md-source-authority-publication-brief.md,,.local/obsidian/aether-flow-wiki/03_indexes/by-format-markdown.md,local_generated,2026-06-18T18:25:03Z
VAULT-MD-TECHNICAL-REQUIREMENTS-PUBLICATION-BRIEF,.local/obsidian/aether-flow-wiki/02_sources/markdown/md-technical-requirements-publication-brief.md,obsidian_note,generated_memory_note,generated_noncanonical,humans_and_agents,e282cc3c22e50fea9abb1488788763c3f955d25f904072c32e8ea7580b83a18c,MD-TECHNICAL-REQUIREMENTS-PUBLICATION-BRIEF,MD-TECHNICAL-REQUIREMENTS-PUBLICATION-BRIEF,,obsidian-wiki,PASS,2026-06-19T13:51:30Z,Generated local Obsidian memory note; not canonical authority.,MD-TECHNICAL-REQUIREMENTS-PUBLICATION-BRIEF,MARKDOWN_SOURCE_REGISTRY.csv,.local/obsidian/aether-flow-wiki,.local/obsidian/aether-flow-wiki/02_sources/markdown/md-technical-requirements-publication-brief.md,.local/obsidian/aether-flow-wiki/01_raw/markdown/md-technical-requirements-publication-brief.md,,.local/obsidian/aether-flow-wiki/03_indexes/by-format-markdown.md,local_generated,2026-06-19T13:51:30Z
VAULT-MD-VALIDATOR-OPERATOR-WORKFLOW-PUBLICATION-BRIEF,.local/obsidian/aether-flow-wiki/02_sources/markdown/md-validator-operator-workflow-publication-brief.md,obsidian_note,generated_memory_note,generated_noncanonical,humans_and_agents,d7b76af25420ff7c58e6246e0b55d00049c0e8d1bca7dc0d5f7307e4fedc8398,MD-VALIDATOR-OPERATOR-WORKFLOW-PUBLICATION-BRIEF,MD-VALIDATOR-OPERATOR-WORKFLOW-PUBLICATION-BRIEF,,obsidian-wiki,PASS,2026-06-19T04:14:11Z,Generated local Obsidian memory note; not canonical authority.,MD-VALIDATOR-OPERATOR-WORKFLOW-PUBLICATION-BRIEF,MARKDOWN_SOURCE_REGISTRY.csv,.local/obsidian/aether-flow-wiki,.local/obsidian/aether-flow-wiki/02_sources/markdown/md-validator-operator-workflow-publication-brief.md,.local/obsidian/aether-flow-wiki/01_raw/markdown/md-validator-operator-workflow-publication-brief.md,,.local/obsidian/aether-flow-wiki/03_indexes/by-format-markdown.md,local_generated,2026-06-19T04:14:11Z
VAULT-PDF-LEGACY-ONTOLOGY-AETHER-FLOW-CONSISTENCY,.local/obsidian/aether-flow-wiki/02_sources/pdf/pdf-legacy-ontology-aether-flow-consistency.md,obsidian_note,generated_memory_note,generated_noncanonical,humans_and_agents,2ae5b31098d75fe6eb889452d9e5bd198a759c474c816dfb2550713732c94209,PDF-LEGACY-ONTOLOGY-AETHER-FLOW-CONSISTENCY,PDF-LEGACY-ONTOLOGY-AETHER-FLOW-CONSISTENCY,,obsidian-wiki,PASS,2026-06-18T03:52:34Z,Generated local Obsidian memory note; not canonical authority.,PDF-LEGACY-ONTOLOGY-AETHER-FLOW-CONSISTENCY,PDF_DERIVATIVE_REGISTRY.csv,.local/obsidian/aether-flow-wiki,.local/obsidian/aether-flow-wiki/02_sources/pdf/pdf-legacy-ontology-aether-flow-consistency.md,.local/obsidian/aether-flow-wiki/01_raw/pdf/pdf-legacy-ontology-aether-flow-consistency.pdf,.local/obsidian/aether-flow-wiki/01_raw/pdf/pdf-legacy-ontology-aether-flow-consistency.pdf,.local/obsidian/aether-flow-wiki/03_indexes/by-format-pdf.md,local_generated,2026-06-18T03:52:34Z
VAULT-PDF-LEGACY-ONTOLOGY-AETHER-FLOW-DYNAMICS,.local/obsidian/aether-flow-wiki/02_sources/pdf/pdf-legacy-ontology-aether-flow-dynamics.md,obsidian_note,generated_memory_note,generated_noncanonical,humans_and_agents,8e398858b81055855b3da2b23fadd145a7894db127fffbdd02bbabb00a809e54,PDF-LEGACY-ONTOLOGY-AETHER-FLOW-DYNAMICS,PDF-LEGACY-ONTOLOGY-AETHER-FLOW-DYNAMICS,,obsidian-wiki,PASS,2026-06-18T03:52:34Z,Generated local Obsidian memory note; not canonical authority.,PDF-LEGACY-ONTOLOGY-AETHER-FLOW-DYNAMICS,PDF_DERIVATIVE_REGISTRY.csv,.local/obsidian/aether-flow-wiki,.local/obsidian/aether-flow-wiki/02_sources/pdf/pdf-legacy-ontology-aether-flow-dynamics.md,.local/obsidian/aether-flow-wiki/01_raw/pdf/pdf-legacy-ontology-aether-flow-dynamics.pdf,.local/obsidian/aether-flow-wiki/01_raw/pdf/pdf-legacy-ontology-aether-flow-dynamics.pdf,.local/obsidian/aether-flow-wiki/03_indexes/by-format-pdf.md,local_generated,2026-06-18T03:52:34Z
VAULT-PDF-LEGACY-ONTOLOGY-AETHER-FLOW-EXACT-CLOSURE-FLAGSHIP-ARTICLE,.local/obsidian/aether-flow-wiki/02_sources/pdf/pdf-legacy-ontology-aether-flow-exact-closure-flagship-article.md,obsidian_note,generated_memory_note,generated_noncanonical,humans_and_agents,cf892f9c139a133fab6afb46e277936a4b0716d19684b8d6cb30f782b5ac0c3a,PDF-LEGACY-ONTOLOGY-AETHER-FLOW-EXACT-CLOSURE-FLAGSHIP-ARTICLE,PDF-LEGACY-ONTOLOGY-AETHER-FLOW-EXACT-CLOSURE-FLAGSHIP-ARTICLE,,obsidian-wiki,PASS,2026-06-18T03:52:34Z,Generated local Obsidian memory note; not canonical authority.,PDF-LEGACY-ONTOLOGY-AETHER-FLOW-EXACT-CLOSURE-FLAGSHIP-ARTICLE,PDF_DERIVATIVE_REGISTRY.csv,.local/obsidian/aether-flow-wiki,.local/obsidian/aether-flow-wiki/02_sources/pdf/pdf-legacy-ontology-aether-flow-exact-closure-flagship-article.md,.local/obsidian/aether-flow-wiki/01_raw/pdf/pdf-legacy-ontology-aether-flow-exact-closure-flagship-article.pdf,.local/obsidian/aether-flow-wiki/01_raw/pdf/pdf-legacy-ontology-aether-flow-exact-closure-flagship-article.pdf,.local/obsidian/aether-flow-wiki/03_indexes/by-format-pdf.md,local_generated,2026-06-18T03:52:34Z
VAULT-PDF-LEGACY-ONTOLOGY-AETHER-FLOW-EXACT-CLOSURE-NOTE,.local/obsidian/aether-flow-wiki/02_sources/pdf/pdf-legacy-ontology-aether-flow-exact-closure-note.md,obsidian_note,generated_memory_note,generated_noncanonical,humans_and_agents,1e35f468e7c8982ce808e7acca02637777705c6c877ed3d2dde6cf499b08b044,PDF-LEGACY-ONTOLOGY-AETHER-FLOW-EXACT-CLOSURE-NOTE,PDF-LEGACY-ONTOLOGY-AETHER-FLOW-EXACT-CLOSURE-NOTE,,obsidian-wiki,PASS,2026-06-18T03:52:34Z,Generated local Obsidian memory note; not canonical authority.,PDF-LEGACY-ONTOLOGY-AETHER-FLOW-EXACT-CLOSURE-NOTE,PDF_DERIVATIVE_REGISTRY.csv,.local/obsidian/aether-flow-wiki,.local/obsidian/aether-flow-wiki/02_sources/pdf/pdf-legacy-ontology-aether-flow-exact-closure-note.md,.local/obsidian/aether-flow-wiki/01_raw/pdf/pdf-legacy-ontology-aether-flow-exact-closure-note.pdf,.local/obsidian/aether-flow-wiki/01_raw/pdf/pdf-legacy-ontology-aether-flow-exact-closure-note.pdf,.local/obsidian/aether-flow-wiki/03_indexes/by-format-pdf.md,local_generated,2026-06-18T03:52:34Z
VAULT-PDF-LEGACY-ONTOLOGY-AETHER-FLOW-EXACT-CLOSURE-SEQUENCE-OVERVIEW,.local/obsidian/aether-flow-wiki/02_sources/pdf/pdf-legacy-ontology-aether-flow-exact-closure-sequence-overview.md,obsidian_note,generated_memory_note,generated_noncanonical,humans_and_agents,6d5686b3a6ba35787b870fdd6645571ff662b27fd83e24886e16340083b9ffe5,PDF-LEGACY-ONTOLOGY-AETHER-FLOW-EXACT-CLOSURE-SEQUENCE-OVERVIEW,PDF-LEGACY-ONTOLOGY-AETHER-FLOW-EXACT-CLOSURE-SEQUENCE-OVERVIEW,,obsidian-wiki,PASS,2026-06-18T03:52:34Z,Generated local Obsidian memory note; not canonical authority.,PDF-LEGACY-ONTOLOGY-AETHER-FLOW-EXACT-CLOSURE-SEQUENCE-OVERVIEW,PDF_DERIVATIVE_REGISTRY.csv,.local/obsidian/aether-flow-wiki,.local/obsidian/aether-flow-wiki/02_sources/pdf/pdf-legacy-ontology-aether-flow-exact-closure-sequence-overview.md,.local/obsidian/aether-flow-wiki/01_raw/pdf/pdf-legacy-ontology-aether-flow-exact-closure-sequence-overview.pdf,.local/obsidian/aether-flow-wiki/01_raw/pdf/pdf-legacy-ontology-aether-flow-exact-closure-sequence-overview.pdf,.local/obsidian/aether-flow-wiki/03_indexes/by-format-pdf.md,local_generated,2026-06-18T03:52:34Z
VAULT-PDF-LEGACY-ONTOLOGY-AETHER-FLOW-FOUNDATIONS,.local/obsidian/aether-flow-wiki/02_sources/pdf/pdf-legacy-ontology-aether-flow-foundations.md,obsidian_note,generated_memory_note,generated_noncanonical,humans_and_agents,2aee525d1493734c1ea63ff6caf5acb3693bc5c7d26d3a90623930ee72b25ba8,PDF-LEGACY-ONTOLOGY-AETHER-FLOW-FOUNDATIONS,PDF-LEGACY-ONTOLOGY-AETHER-FLOW-FOUNDATIONS,,obsidian-wiki,PASS,2026-06-18T03:52:34Z,Generated local Obsidian memory note; not canonical authority.,PDF-LEGACY-ONTOLOGY-AETHER-FLOW-FOUNDATIONS,PDF_DERIVATIVE_REGISTRY.csv,.local/obsidian/aether-flow-wiki,.local/obsidian/aether-flow-wiki/02_sources/pdf/pdf-legacy-ontology-aether-flow-foundations.md,.local/obsidian/aether-flow-wiki/01_raw/pdf/pdf-legacy-ontology-aether-flow-foundations.pdf,.local/obsidian/aether-flow-wiki/01_raw/pdf/pdf-legacy-ontology-aether-flow-foundations.pdf,.local/obsidian/aether-flow-wiki/03_indexes/by-format-pdf.md,local_generated,2026-06-18T03:52:34Z
VAULT-PDF-LEGACY-ONTOLOGY-AETHER-FLOW-GEOMETRY,.local/obsidian/aether-flow-wiki/02_sources/pdf/pdf-legacy-ontology-aether-flow-geometry.md,obsidian_note,generated_memory_note,generated_noncanonical,humans_and_agents,fe782bc8d7b3144ef5842330052abd79cb3b1e402ed4f78b860b9db2530d8859,PDF-LEGACY-ONTOLOGY-AETHER-FLOW-GEOMETRY,PDF-LEGACY-ONTOLOGY-AETHER-FLOW-GEOMETRY,,obsidian-wiki,PASS,2026-06-18T03:52:34Z,Generated local Obsidian memory note; not canonical authority.,PDF-LEGACY-ONTOLOGY-AETHER-FLOW-GEOMETRY,PDF_DERIVATIVE_REGISTRY.csv,.local/obsidian/aether-flow-wiki,.local/obsidian/aether-flow-wiki/02_sources/pdf/pdf-legacy-ontology-aether-flow-geometry.md,.local/obsidian/aether-flow-wiki/01_raw/pdf/pdf-legacy-ontology-aether-flow-geometry.pdf,.local/obsidian/aether-flow-wiki/01_raw/pdf/pdf-legacy-ontology-aether-flow-geometry.pdf,.local/obsidian/aether-flow-wiki/03_indexes/by-format-pdf.md,local_generated,2026-06-18T03:52:34Z
VAULT-PDF-LEGACY-ONTOLOGY-AETHER-FLOW-RELATIVISTIC-RECOVERY,.local/obsidian/aether-flow-wiki/02_sources/pdf/pdf-legacy-ontology-aether-flow-relativistic-recovery.md,obsidian_note,generated_memory_note,generated_noncanonical,humans_and_agents,d8beb9c07ced4df5f5146af4b32c6feb759ef8abe96419e713fa3afb860aef88,PDF-LEGACY-ONTOLOGY-AETHER-FLOW-RELATIVISTIC-RECOVERY,PDF-LEGACY-ONTOLOGY-AETHER-FLOW-RELATIVISTIC-RECOVERY,,obsidian-wiki,PASS,2026-06-18T03:52:34Z,Generated local Obsidian memory note; not canonical authority.,PDF-LEGACY-ONTOLOGY-AETHER-FLOW-RELATIVISTIC-RECOVERY,PDF_DERIVATIVE_REGISTRY.csv,.local/obsidian/aether-flow-wiki,.local/obsidian/aether-flow-wiki/02_sources/pdf/pdf-legacy-ontology-aether-flow-relativistic-recovery.md,.local/obsidian/aether-flow-wiki/01_raw/pdf/pdf-legacy-ontology-aether-flow-relativistic-recovery.pdf,.local/obsidian/aether-flow-wiki/01_raw/pdf/pdf-legacy-ontology-aether-flow-relativistic-recovery.pdf,.local/obsidian/aether-flow-wiki/03_indexes/by-format-pdf.md,local_generated,2026-06-18T03:52:34Z
VAULT-PDF-ONTOLOGY-AETHER-FLOW-CONSISTENCY,.local/obsidian/aether-flow-wiki/02_sources/pdf/pdf-ontology-aether-flow-consistency.md,obsidian_note,generated_memory_note,generated_noncanonical,humans_and_agents,2ae5b31098d75fe6eb889452d9e5bd198a759c474c816dfb2550713732c94209,PDF-ONTOLOGY-AETHER-FLOW-CONSISTENCY,PDF-ONTOLOGY-AETHER-FLOW-CONSISTENCY,,obsidian-wiki,PASS,2026-06-08T01:55:35Z,Generated local Obsidian memory note; not canonical authority.,PDF-ONTOLOGY-AETHER-FLOW-CONSISTENCY,PDF_DERIVATIVE_REGISTRY.csv,.local/obsidian/aether-flow-wiki,.local/obsidian/aether-flow-wiki/02_sources/pdf/pdf-ontology-aether-flow-consistency.md,.local/obsidian/aether-flow-wiki/01_raw/pdf/pdf-ontology-aether-flow-consistency.pdf,.local/obsidian/aether-flow-wiki/01_raw/pdf/pdf-ontology-aether-flow-consistency.pdf,.local/obsidian/aether-flow-wiki/03_indexes/by-format-pdf.md,local_generated,2026-06-08T01:55:35Z
VAULT-PDF-ONTOLOGY-AETHER-FLOW-DYNAMICS,.local/obsidian/aether-flow-wiki/02_sources/pdf/pdf-ontology-aether-flow-dynamics.md,obsidian_note,generated_memory_note,generated_noncanonical,humans_and_agents,8e398858b81055855b3da2b23fadd145a7894db127fffbdd02bbabb00a809e54,PDF-ONTOLOGY-AETHER-FLOW-DYNAMICS,PDF-ONTOLOGY-AETHER-FLOW-DYNAMICS,,obsidian-wiki,PASS,2026-06-08T01:55:35Z,Generated local Obsidian memory note; not canonical authority.,PDF-ONTOLOGY-AETHER-FLOW-DYNAMICS,PDF_DERIVATIVE_REGISTRY.csv,.local/obsidian/aether-flow-wiki,.local/obsidian/aether-flow-wiki/02_sources/pdf/pdf-ontology-aether-flow-dynamics.md,.local/obsidian/aether-flow-wiki/01_raw/pdf/pdf-ontology-aether-flow-dynamics.pdf,.local/obsidian/aether-flow-wiki/01_raw/pdf/pdf-ontology-aether-flow-dynamics.pdf,.local/obsidian/aether-flow-wiki/03_indexes/by-format-pdf.md,local_generated,2026-06-08T01:55:35Z
VAULT-PDF-ONTOLOGY-AETHER-FLOW-EXACT-CLOSURE-FLAGSHIP-ARTICLE,.local/obsidian/aether-flow-wiki/02_sources/pdf/pdf-ontology-aether-flow-exact-closure-flagship-article.md,obsidian_note,generated_memory_note,generated_noncanonical,humans_and_agents,cf892f9c139a133fab6afb46e277936a4b0716d19684b8d6cb30f782b5ac0c3a,PDF-ONTOLOGY-AETHER-FLOW-EXACT-CLOSURE-FLAGSHIP-ARTICLE,PDF-ONTOLOGY-AETHER-FLOW-EXACT-CLOSURE-FLAGSHIP-ARTICLE,,obsidian-wiki,PASS,2026-06-08T01:55:35Z,Generated local Obsidian memory note; not canonical authority.,PDF-ONTOLOGY-AETHER-FLOW-EXACT-CLOSURE-FLAGSHIP-ARTICLE,PDF_DERIVATIVE_REGISTRY.csv,.local/obsidian/aether-flow-wiki,.local/obsidian/aether-flow-wiki/02_sources/pdf/pdf-ontology-aether-flow-exact-closure-flagship-article.md,.local/obsidian/aether-flow-wiki/01_raw/pdf/pdf-ontology-aether-flow-exact-closure-flagship-article.pdf,.local/obsidian/aether-flow-wiki/01_raw/pdf/pdf-ontology-aether-flow-exact-closure-flagship-article.pdf,.local/obsidian/aether-flow-wiki/03_indexes/by-format-pdf.md,local_generated,2026-06-08T01:55:35Z
VAULT-PDF-ONTOLOGY-AETHER-FLOW-EXACT-CLOSURE-NOTE,.local/obsidian/aether-flow-wiki/02_sources/pdf/pdf-ontology-aether-flow-exact-closure-note.md,obsidian_note,generated_memory_note,generated_noncanonical,humans_and_agents,1e35f468e7c8982ce808e7acca02637777705c6c877ed3d2dde6cf499b08b044,PDF-ONTOLOGY-AETHER-FLOW-EXACT-CLOSURE-NOTE,PDF-ONTOLOGY-AETHER-FLOW-EXACT-CLOSURE-NOTE,,obsidian-wiki,PASS,2026-06-08T01:55:35Z,Generated local Obsidian memory note; not canonical authority.,PDF-ONTOLOGY-AETHER-FLOW-EXACT-CLOSURE-NOTE,PDF_DERIVATIVE_REGISTRY.csv,.local/obsidian/aether-flow-wiki,.local/obsidian/aether-flow-wiki/02_sources/pdf/pdf-ontology-aether-flow-exact-closure-note.md,.local/obsidian/aether-flow-wiki/01_raw/pdf/pdf-ontology-aether-flow-exact-closure-note.pdf,.local/obsidian/aether-flow-wiki/01_raw/pdf/pdf-ontology-aether-flow-exact-closure-note.pdf,.local/obsidian/aether-flow-wiki/03_indexes/by-format-pdf.md,local_generated,2026-06-08T01:55:35Z
VAULT-PDF-ONTOLOGY-AETHER-FLOW-EXACT-CLOSURE-SEQUENCE-OVERVIEW,.local/obsidian/aether-flow-wiki/02_sources/pdf/pdf-ontology-aether-flow-exact-closure-sequence-overview.md,obsidian_note,generated_memory_note,generated_noncanonical,humans_and_agents,6d5686b3a6ba35787b870fdd6645571ff662b27fd83e24886e16340083b9ffe5,PDF-ONTOLOGY-AETHER-FLOW-EXACT-CLOSURE-SEQUENCE-OVERVIEW,PDF-ONTOLOGY-AETHER-FLOW-EXACT-CLOSURE-SEQUENCE-OVERVIEW,,obsidian-wiki,PASS,2026-06-08T01:55:35Z,Generated local Obsidian memory note; not canonical authority.,PDF-ONTOLOGY-AETHER-FLOW-EXACT-CLOSURE-SEQUENCE-OVERVIEW,PDF_DERIVATIVE_REGISTRY.csv,.local/obsidian/aether-flow-wiki,.local/obsidian/aether-flow-wiki/02_sources/pdf/pdf-ontology-aether-flow-exact-closure-sequence-overview.md,.local/obsidian/aether-flow-wiki/01_raw/pdf/pdf-ontology-aether-flow-exact-closure-sequence-overview.pdf,.local/obsidian/aether-flow-wiki/01_raw/pdf/pdf-ontology-aether-flow-exact-closure-sequence-overview.pdf,.local/obsidian/aether-flow-wiki/03_indexes/by-format-pdf.md,local_generated,2026-06-08T01:55:35Z
VAULT-PDF-ONTOLOGY-AETHER-FLOW-FOUNDATIONS,.local/obsidian/aether-flow-wiki/02_sources/pdf/pdf-ontology-aether-flow-foundations.md,obsidian_note,generated_memory_note,generated_noncanonical,humans_and_agents,2aee525d1493734c1ea63ff6caf5acb3693bc5c7d26d3a90623930ee72b25ba8,PDF-ONTOLOGY-AETHER-FLOW-FOUNDATIONS,PDF-ONTOLOGY-AETHER-FLOW-FOUNDATIONS,,obsidian-wiki,PASS,2026-06-08T01:55:35Z,Generated local Obsidian memory note; not canonical authority.,PDF-ONTOLOGY-AETHER-FLOW-FOUNDATIONS,PDF_DERIVATIVE_REGISTRY.csv,.local/obsidian/aether-flow-wiki,.local/obsidian/aether-flow-wiki/02_sources/pdf/pdf-ontology-aether-flow-foundations.md,.local/obsidian/aether-flow-wiki/01_raw/pdf/pdf-ontology-aether-flow-foundations.pdf,.local/obsidian/aether-flow-wiki/01_raw/pdf/pdf-ontology-aether-flow-foundations.pdf,.local/obsidian/aether-flow-wiki/03_indexes/by-format-pdf.md,local_generated,2026-06-08T01:55:35Z
VAULT-PDF-ONTOLOGY-AETHER-FLOW-GEOMETRY,.local/obsidian/aether-flow-wiki/02_sources/pdf/pdf-ontology-aether-flow-geometry.md,obsidian_note,generated_memory_note,generated_noncanonical,humans_and_agents,fe782bc8d7b3144ef5842330052abd79cb3b1e402ed4f78b860b9db2530d8859,PDF-ONTOLOGY-AETHER-FLOW-GEOMETRY,PDF-ONTOLOGY-AETHER-FLOW-GEOMETRY,,obsidian-wiki,PASS,2026-06-08T01:55:35Z,Generated local Obsidian memory note; not canonical authority.,PDF-ONTOLOGY-AETHER-FLOW-GEOMETRY,PDF_DERIVATIVE_REGISTRY.csv,.local/obsidian/aether-flow-wiki,.local/obsidian/aether-flow-wiki/02_sources/pdf/pdf-ontology-aether-flow-geometry.md,.local/obsidian/aether-flow-wiki/01_raw/pdf/pdf-ontology-aether-flow-geometry.pdf,.local/obsidian/aether-flow-wiki/01_raw/pdf/pdf-ontology-aether-flow-geometry.pdf,.local/obsidian/aether-flow-wiki/03_indexes/by-format-pdf.md,local_generated,2026-06-08T01:55:35Z
VAULT-PDF-ONTOLOGY-AETHER-FLOW-RELATIVISTIC-RECOVERY,.local/obsidian/aether-flow-wiki/02_sources/pdf/pdf-ontology-aether-flow-relativistic-recovery.md,obsidian_note,generated_memory_note,generated_noncanonical,humans_and_agents,d8beb9c07ced4df5f5146af4b32c6feb759ef8abe96419e713fa3afb860aef88,PDF-ONTOLOGY-AETHER-FLOW-RELATIVISTIC-RECOVERY,PDF-ONTOLOGY-AETHER-FLOW-RELATIVISTIC-RECOVERY,,obsidian-wiki,PASS,2026-06-08T01:55:35Z,Generated local Obsidian memory note; not canonical authority.,PDF-ONTOLOGY-AETHER-FLOW-RELATIVISTIC-RECOVERY,PDF_DERIVATIVE_REGISTRY.csv,.local/obsidian/aether-flow-wiki,.local/obsidian/aether-flow-wiki/02_sources/pdf/pdf-ontology-aether-flow-relativistic-recovery.md,.local/obsidian/aether-flow-wiki/01_raw/pdf/pdf-ontology-aether-flow-relativistic-recovery.pdf,.local/obsidian/aether-flow-wiki/01_raw/pdf/pdf-ontology-aether-flow-relativistic-recovery.pdf,.local/obsidian/aether-flow-wiki/03_indexes/by-format-pdf.md,local_generated,2026-06-08T01:55:35Z
VAULT-TEX-LEGACY-ONTOLOGY-AETHER-FLOW-CONSISTENCY,.local/obsidian/aether-flow-wiki/02_sources/tex/tex-legacy-ontology-aether-flow-consistency.md,obsidian_note,generated_memory_note,generated_noncanonical,humans_and_agents,e751e7f4c4867d5e3d697e3a21e34367da1dbeacc32b6b3a32658d5df1a991e8,TEX-LEGACY-ONTOLOGY-AETHER-FLOW-CONSISTENCY,TEX-LEGACY-ONTOLOGY-AETHER-FLOW-CONSISTENCY,,obsidian-wiki,PASS,2026-06-18T03:52:34Z,Generated local Obsidian memory note; not canonical authority.,TEX-LEGACY-ONTOLOGY-AETHER-FLOW-CONSISTENCY,TEX_SOURCE_REGISTRY.csv,.local/obsidian/aether-flow-wiki,.local/obsidian/aether-flow-wiki/02_sources/tex/tex-legacy-ontology-aether-flow-consistency.md,.local/obsidian/aether-flow-wiki/01_raw/tex/tex-legacy-ontology-aether-flow-consistency.tex,,.local/obsidian/aether-flow-wiki/03_indexes/by-format-tex.md,local_generated,2026-06-18T03:52:34Z
VAULT-TEX-LEGACY-ONTOLOGY-AETHER-FLOW-DYNAMICS,.local/obsidian/aether-flow-wiki/02_sources/tex/tex-legacy-ontology-aether-flow-dynamics.md,obsidian_note,generated_memory_note,generated_noncanonical,humans_and_agents,66cbb5c56694abcaff2e3679bc8f5899076acc5b4a1b9bbb4a55871f7a0ad0f4,TEX-LEGACY-ONTOLOGY-AETHER-FLOW-DYNAMICS,TEX-LEGACY-ONTOLOGY-AETHER-FLOW-DYNAMICS,,obsidian-wiki,PASS,2026-06-18T03:52:34Z,Generated local Obsidian memory note; not canonical authority.,TEX-LEGACY-ONTOLOGY-AETHER-FLOW-DYNAMICS,TEX_SOURCE_REGISTRY.csv,.local/obsidian/aether-flow-wiki,.local/obsidian/aether-flow-wiki/02_sources/tex/tex-legacy-ontology-aether-flow-dynamics.md,.local/obsidian/aether-flow-wiki/01_raw/tex/tex-legacy-ontology-aether-flow-dynamics.tex,,.local/obsidian/aether-flow-wiki/03_indexes/by-format-tex.md,local_generated,2026-06-18T03:52:34Z
VAULT-TEX-LEGACY-ONTOLOGY-AETHER-FLOW-EXACT-CLOSURE-FLAGSHIP-ARTICLE,.local/obsidian/aether-flow-wiki/02_sources/tex/tex-legacy-ontology-aether-flow-exact-closure-flagship-article.md,obsidian_note,generated_memory_note,generated_noncanonical,humans_and_agents,ec4ea642009a242e8d030d7d59a174d20a82f6f693a6144cd1cc95ad778543ef,TEX-LEGACY-ONTOLOGY-AETHER-FLOW-EXACT-CLOSURE-FLAGSHIP-ARTICLE,TEX-LEGACY-ONTOLOGY-AETHER-FLOW-EXACT-CLOSURE-FLAGSHIP-ARTICLE,,obsidian-wiki,PASS,2026-06-18T03:52:34Z,Generated local Obsidian memory note; not canonical authority.,TEX-LEGACY-ONTOLOGY-AETHER-FLOW-EXACT-CLOSURE-FLAGSHIP-ARTICLE,TEX_SOURCE_REGISTRY.csv,.local/obsidian/aether-flow-wiki,.local/obsidian/aether-flow-wiki/02_sources/tex/tex-legacy-ontology-aether-flow-exact-closure-flagship-article.md,.local/obsidian/aether-flow-wiki/01_raw/tex/tex-legacy-ontology-aether-flow-exact-closure-flagship-article.tex,,.local/obsidian/aether-flow-wiki/03_indexes/by-format-tex.md,local_generated,2026-06-18T03:52:34Z
VAULT-TEX-LEGACY-ONTOLOGY-AETHER-FLOW-EXACT-CLOSURE-NOTE,.local/obsidian/aether-flow-wiki/02_sources/tex/tex-legacy-ontology-aether-flow-exact-closure-note.md,obsidian_note,generated_memory_note,generated_noncanonical,humans_and_agents,0d954fa44d238b6f14d04f82873b4e117925e5920e87c408525dc451a2662100,TEX-LEGACY-ONTOLOGY-AETHER-FLOW-EXACT-CLOSURE-NOTE,TEX-LEGACY-ONTOLOGY-AETHER-FLOW-EXACT-CLOSURE-NOTE,,obsidian-wiki,PASS,2026-06-18T03:52:34Z,Generated local Obsidian memory note; not canonical authority.,TEX-LEGACY-ONTOLOGY-AETHER-FLOW-EXACT-CLOSURE-NOTE,TEX_SOURCE_REGISTRY.csv,.local/obsidian/aether-flow-wiki,.local/obsidian/aether-flow-wiki/02_sources/tex/tex-legacy-ontology-aether-flow-exact-closure-note.md,.local/obsidian/aether-flow-wiki/01_raw/tex/tex-legacy-ontology-aether-flow-exact-closure-note.tex,,.local/obsidian/aether-flow-wiki/03_indexes/by-format-tex.md,local_generated,2026-06-18T03:52:34Z
VAULT-TEX-LEGACY-ONTOLOGY-AETHER-FLOW-EXACT-CLOSURE-SEQUENCE-OVERVIEW,.local/obsidian/aether-flow-wiki/02_sources/tex/tex-legacy-ontology-aether-flow-exact-closure-sequence-overview.md,obsidian_note,generated_memory_note,generated_noncanonical,humans_and_agents,5cdb51f8d16d53c3a64d7e0c6e2c140fde2020e33d90177e50b2f98b8ba71fbf,TEX-LEGACY-ONTOLOGY-AETHER-FLOW-EXACT-CLOSURE-SEQUENCE-OVERVIEW,TEX-LEGACY-ONTOLOGY-AETHER-FLOW-EXACT-CLOSURE-SEQUENCE-OVERVIEW,,obsidian-wiki,PASS,2026-06-18T03:52:34Z,Generated local Obsidian memory note; not canonical authority.,TEX-LEGACY-ONTOLOGY-AETHER-FLOW-EXACT-CLOSURE-SEQUENCE-OVERVIEW,TEX_SOURCE_REGISTRY.csv,.local/obsidian/aether-flow-wiki,.local/obsidian/aether-flow-wiki/02_sources/tex/tex-legacy-ontology-aether-flow-exact-closure-sequence-overview.md,.local/obsidian/aether-flow-wiki/01_raw/tex/tex-legacy-ontology-aether-flow-exact-closure-sequence-overview.tex,,.local/obsidian/aether-flow-wiki/03_indexes/by-format-tex.md,local_generated,2026-06-18T03:52:34Z
VAULT-TEX-LEGACY-ONTOLOGY-AETHER-FLOW-FOUNDATIONS,.local/obsidian/aether-flow-wiki/02_sources/tex/tex-legacy-ontology-aether-flow-foundations.md,obsidian_note,generated_memory_note,generated_noncanonical,humans_and_agents,c754ac32f4db4e3cd1a4cac5b15048b24c3d9965819c843857c6851e3242fb00,TEX-LEGACY-ONTOLOGY-AETHER-FLOW-FOUNDATIONS,TEX-LEGACY-ONTOLOGY-AETHER-FLOW-FOUNDATIONS,,obsidian-wiki,PASS,2026-06-18T03:52:34Z,Generated local Obsidian memory note; not canonical authority.,TEX-LEGACY-ONTOLOGY-AETHER-FLOW-FOUNDATIONS,TEX_SOURCE_REGISTRY.csv,.local/obsidian/aether-flow-wiki,.local/obsidian/aether-flow-wiki/02_sources/tex/tex-legacy-ontology-aether-flow-foundations.md,.local/obsidian/aether-flow-wiki/01_raw/tex/tex-legacy-ontology-aether-flow-foundations.tex,,.local/obsidian/aether-flow-wiki/03_indexes/by-format-tex.md,local_generated,2026-06-18T03:52:34Z
VAULT-TEX-LEGACY-ONTOLOGY-AETHER-FLOW-GEOMETRY,.local/obsidian/aether-flow-wiki/02_sources/tex/tex-legacy-ontology-aether-flow-geometry.md,obsidian_note,generated_memory_note,generated_noncanonical,humans_and_agents,839074e6fefa9ef4e7ea5635118d808593dfcd5f58c778285293c8194624ba10,TEX-LEGACY-ONTOLOGY-AETHER-FLOW-GEOMETRY,TEX-LEGACY-ONTOLOGY-AETHER-FLOW-GEOMETRY,,obsidian-wiki,PASS,2026-06-18T03:52:34Z,Generated local Obsidian memory note; not canonical authority.,TEX-LEGACY-ONTOLOGY-AETHER-FLOW-GEOMETRY,TEX_SOURCE_REGISTRY.csv,.local/obsidian/aether-flow-wiki,.local/obsidian/aether-flow-wiki/02_sources/tex/tex-legacy-ontology-aether-flow-geometry.md,.local/obsidian/aether-flow-wiki/01_raw/tex/tex-legacy-ontology-aether-flow-geometry.tex,,.local/obsidian/aether-flow-wiki/03_indexes/by-format-tex.md,local_generated,2026-06-18T03:52:34Z
VAULT-TEX-LEGACY-ONTOLOGY-AETHER-FLOW-RELATIVISTIC-RECOVERY,.local/obsidian/aether-flow-wiki/02_sources/tex/tex-legacy-ontology-aether-flow-relativistic-recovery.md,obsidian_note,generated_memory_note,generated_noncanonical,humans_and_agents,1cc7d93547083adcf3d5fd80ec927c7c0e0288f9e42a3959f814532d32e6038f,TEX-LEGACY-ONTOLOGY-AETHER-FLOW-RELATIVISTIC-RECOVERY,TEX-LEGACY-ONTOLOGY-AETHER-FLOW-RELATIVISTIC-RECOVERY,,obsidian-wiki,PASS,2026-06-18T03:52:34Z,Generated local Obsidian memory note; not canonical authority.,TEX-LEGACY-ONTOLOGY-AETHER-FLOW-RELATIVISTIC-RECOVERY,TEX_SOURCE_REGISTRY.csv,.local/obsidian/aether-flow-wiki,.local/obsidian/aether-flow-wiki/02_sources/tex/tex-legacy-ontology-aether-flow-relativistic-recovery.md,.local/obsidian/aether-flow-wiki/01_raw/tex/tex-legacy-ontology-aether-flow-relativistic-recovery.tex,,.local/obsidian/aether-flow-wiki/03_indexes/by-format-tex.md,local_generated,2026-06-18T03:52:34Z
VAULT-TEX-ONTOLOGY-AETHER-FLOW-CONSISTENCY,.local/obsidian/aether-flow-wiki/02_sources/tex/tex-ontology-aether-flow-consistency.md,obsidian_note,generated_memory_note,generated_noncanonical,humans_and_agents,e751e7f4c4867d5e3d697e3a21e34367da1dbeacc32b6b3a32658d5df1a991e8,TEX-ONTOLOGY-AETHER-FLOW-CONSISTENCY,TEX-ONTOLOGY-AETHER-FLOW-CONSISTENCY,,obsidian-wiki,PASS,2026-06-08T01:55:35Z,Generated local Obsidian memory note; not canonical authority.,TEX-ONTOLOGY-AETHER-FLOW-CONSISTENCY,TEX_SOURCE_REGISTRY.csv,.local/obsidian/aether-flow-wiki,.local/obsidian/aether-flow-wiki/02_sources/tex/tex-ontology-aether-flow-consistency.md,.local/obsidian/aether-flow-wiki/01_raw/tex/tex-ontology-aether-flow-consistency.tex,,.local/obsidian/aether-flow-wiki/03_indexes/by-format-tex.md,local_generated,2026-06-08T01:55:35Z
VAULT-TEX-ONTOLOGY-AETHER-FLOW-DYNAMICS,.local/obsidian/aether-flow-wiki/02_sources/tex/tex-ontology-aether-flow-dynamics.md,obsidian_note,generated_memory_note,generated_noncanonical,humans_and_agents,66cbb5c56694abcaff2e3679bc8f5899076acc5b4a1b9bbb4a55871f7a0ad0f4,TEX-ONTOLOGY-AETHER-FLOW-DYNAMICS,TEX-ONTOLOGY-AETHER-FLOW-DYNAMICS,,obsidian-wiki,PASS,2026-06-08T01:55:35Z,Generated local Obsidian memory note; not canonical authority.,TEX-ONTOLOGY-AETHER-FLOW-DYNAMICS,TEX_SOURCE_REGISTRY.csv,.local/obsidian/aether-flow-wiki,.local/obsidian/aether-flow-wiki/02_sources/tex/tex-ontology-aether-flow-dynamics.md,.local/obsidian/aether-flow-wiki/01_raw/tex/tex-ontology-aether-flow-dynamics.tex,,.local/obsidian/aether-flow-wiki/03_indexes/by-format-tex.md,local_generated,2026-06-08T01:55:35Z
VAULT-TEX-ONTOLOGY-AETHER-FLOW-EXACT-CLOSURE-FLAGSHIP-ARTICLE,.local/obsidian/aether-flow-wiki/02_sources/tex/tex-ontology-aether-flow-exact-closure-flagship-article.md,obsidian_note,generated_memory_note,generated_noncanonical,humans_and_agents,ec4ea642009a242e8d030d7d59a174d20a82f6f693a6144cd1cc95ad778543ef,TEX-ONTOLOGY-AETHER-FLOW-EXACT-CLOSURE-FLAGSHIP-ARTICLE,TEX-ONTOLOGY-AETHER-FLOW-EXACT-CLOSURE-FLAGSHIP-ARTICLE,,obsidian-wiki,PASS,2026-06-08T01:55:35Z,Generated local Obsidian memory note; not canonical authority.,TEX-ONTOLOGY-AETHER-FLOW-EXACT-CLOSURE-FLAGSHIP-ARTICLE,TEX_SOURCE_REGISTRY.csv,.local/obsidian/aether-flow-wiki,.local/obsidian/aether-flow-wiki/02_sources/tex/tex-ontology-aether-flow-exact-closure-flagship-article.md,.local/obsidian/aether-flow-wiki/01_raw/tex/tex-ontology-aether-flow-exact-closure-flagship-article.tex,,.local/obsidian/aether-flow-wiki/03_indexes/by-format-tex.md,local_generated,2026-06-08T01:55:35Z
VAULT-TEX-ONTOLOGY-AETHER-FLOW-EXACT-CLOSURE-NOTE,.local/obsidian/aether-flow-wiki/02_sources/tex/tex-ontology-aether-flow-exact-closure-note.md,obsidian_note,generated_memory_note,generated_noncanonical,humans_and_agents,0d954fa44d238b6f14d04f82873b4e117925e5920e87c408525dc451a2662100,TEX-ONTOLOGY-AETHER-FLOW-EXACT-CLOSURE-NOTE,TEX-ONTOLOGY-AETHER-FLOW-EXACT-CLOSURE-NOTE,,obsidian-wiki,PASS,2026-06-08T01:55:35Z,Generated local Obsidian memory note; not canonical authority.,TEX-ONTOLOGY-AETHER-FLOW-EXACT-CLOSURE-NOTE,TEX_SOURCE_REGISTRY.csv,.local/obsidian/aether-flow-wiki,.local/obsidian/aether-flow-wiki/02_sources/tex/tex-ontology-aether-flow-exact-closure-note.md,.local/obsidian/aether-flow-wiki/01_raw/tex/tex-ontology-aether-flow-exact-closure-note.tex,,.local/obsidian/aether-flow-wiki/03_indexes/by-format-tex.md,local_generated,2026-06-08T01:55:35Z
VAULT-TEX-ONTOLOGY-AETHER-FLOW-EXACT-CLOSURE-SEQUENCE-OVERVIEW,.local/obsidian/aether-flow-wiki/02_sources/tex/tex-ontology-aether-flow-exact-closure-sequence-overview.md,obsidian_note,generated_memory_note,generated_noncanonical,humans_and_agents,5cdb51f8d16d53c3a64d7e0c6e2c140fde2020e33d90177e50b2f98b8ba71fbf,TEX-ONTOLOGY-AETHER-FLOW-EXACT-CLOSURE-SEQUENCE-OVERVIEW,TEX-ONTOLOGY-AETHER-FLOW-EXACT-CLOSURE-SEQUENCE-OVERVIEW,,obsidian-wiki,PASS,2026-06-08T01:55:35Z,Generated local Obsidian memory note; not canonical authority.,TEX-ONTOLOGY-AETHER-FLOW-EXACT-CLOSURE-SEQUENCE-OVERVIEW,TEX_SOURCE_REGISTRY.csv,.local/obsidian/aether-flow-wiki,.local/obsidian/aether-flow-wiki/02_sources/tex/tex-ontology-aether-flow-exact-closure-sequence-overview.md,.local/obsidian/aether-flow-wiki/01_raw/tex/tex-ontology-aether-flow-exact-closure-sequence-overview.tex,,.local/obsidian/aether-flow-wiki/03_indexes/by-format-tex.md,local_generated,2026-06-08T01:55:35Z
VAULT-TEX-ONTOLOGY-AETHER-FLOW-FOUNDATIONS,.local/obsidian/aether-flow-wiki/02_sources/tex/tex-ontology-aether-flow-foundations.md,obsidian_note,generated_memory_note,generated_noncanonical,humans_and_agents,c754ac32f4db4e3cd1a4cac5b15048b24c3d9965819c843857c6851e3242fb00,TEX-ONTOLOGY-AETHER-FLOW-FOUNDATIONS,TEX-ONTOLOGY-AETHER-FLOW-FOUNDATIONS,,obsidian-wiki,PASS,2026-06-08T01:55:35Z,Generated local Obsidian memory note; not canonical authority.,TEX-ONTOLOGY-AETHER-FLOW-FOUNDATIONS,TEX_SOURCE_REGISTRY.csv,.local/obsidian/aether-flow-wiki,.local/obsidian/aether-flow-wiki/02_sources/tex/tex-ontology-aether-flow-foundations.md,.local/obsidian/aether-flow-wiki/01_raw/tex/tex-ontology-aether-flow-foundations.tex,,.local/obsidian/aether-flow-wiki/03_indexes/by-format-tex.md,local_generated,2026-06-08T01:55:35Z
VAULT-TEX-ONTOLOGY-AETHER-FLOW-GEOMETRY,.local/obsidian/aether-flow-wiki/02_sources/tex/tex-ontology-aether-flow-geometry.md,obsidian_note,generated_memory_note,generated_noncanonical,humans_and_agents,839074e6fefa9ef4e7ea5635118d808593dfcd5f58c778285293c8194624ba10,TEX-ONTOLOGY-AETHER-FLOW-GEOMETRY,TEX-ONTOLOGY-AETHER-FLOW-GEOMETRY,,obsidian-wiki,PASS,2026-06-08T01:55:35Z,Generated local Obsidian memory note; not canonical authority.,TEX-ONTOLOGY-AETHER-FLOW-GEOMETRY,TEX_SOURCE_REGISTRY.csv,.local/obsidian/aether-flow-wiki,.local/obsidian/aether-flow-wiki/02_sources/tex/tex-ontology-aether-flow-geometry.md,.local/obsidian/aether-flow-wiki/01_raw/tex/tex-ontology-aether-flow-geometry.tex,,.local/obsidian/aether-flow-wiki/03_indexes/by-format-tex.md,local_generated,2026-06-08T01:55:35Z
VAULT-TEX-ONTOLOGY-AETHER-FLOW-RELATIVISTIC-RECOVERY,.local/obsidian/aether-flow-wiki/02_sources/tex/tex-ontology-aether-flow-relativistic-recovery.md,obsidian_note,generated_memory_note,generated_noncanonical,humans_and_agents,1cc7d93547083adcf3d5fd80ec927c7c0e0288f9e42a3959f814532d32e6038f,TEX-ONTOLOGY-AETHER-FLOW-RELATIVISTIC-RECOVERY,TEX-ONTOLOGY-AETHER-FLOW-RELATIVISTIC-RECOVERY,,obsidian-wiki,PASS,2026-06-08T01:55:35Z,Generated local Obsidian memory note; not canonical authority.,TEX-ONTOLOGY-AETHER-FLOW-RELATIVISTIC-RECOVERY,TEX_SOURCE_REGISTRY.csv,.local/obsidian/aether-flow-wiki,.local/obsidian/aether-flow-wiki/02_sources/tex/tex-ontology-aether-flow-relativistic-recovery.md,.local/obsidian/aether-flow-wiki/01_raw/tex/tex-ontology-aether-flow-relativistic-recovery.tex,,.local/obsidian/aether-flow-wiki/03_indexes/by-format-tex.md,local_generated,2026-06-08T01:55:35Z
VAULT-TEX-RESEARCH-CONTROL-GATE0-ONTOLOGY-FORMALIZATION,.local/obsidian/aether-flow-wiki/02_sources/tex/tex-research-control-gate0-ontology-formalization.md,obsidian_note,generated_memory_note,generated_noncanonical,humans_and_agents,50717913a6ef3d2df0f75d7ba83c5c56688d7659a7b7b4a662613435b24c8444,TEX-RESEARCH-CONTROL-GATE0-ONTOLOGY-FORMALIZATION,TEX-RESEARCH-CONTROL-GATE0-ONTOLOGY-FORMALIZATION,,obsidian-wiki,PASS,2026-06-08T22:07:09Z,Generated local Obsidian memory note; not canonical authority.,TEX-RESEARCH-CONTROL-GATE0-ONTOLOGY-FORMALIZATION,TEX_SOURCE_REGISTRY.csv,.local/obsidian/aether-flow-wiki,.local/obsidian/aether-flow-wiki/02_sources/tex/tex-research-control-gate0-ontology-formalization.md,.local/obsidian/aether-flow-wiki/01_raw/tex/tex-research-control-gate0-ontology-formalization.tex,,.local/obsidian/aether-flow-wiki/03_indexes/by-format-tex.md,local_generated,2026-06-08T22:07:09Z
VAULT-TEX-RESEARCH-CONTROL-LOCALIZATION-CANDIDATE-PACKET,.local/obsidian/aether-flow-wiki/02_sources/tex/tex-research-control-localization-candidate-packet.md,obsidian_note,generated_memory_note,generated_noncanonical,humans_and_agents,c450598597528ea28b8f63482f24ee8884748398e3bf7c945dd968719cbad2fc,TEX-RESEARCH-CONTROL-LOCALIZATION-CANDIDATE-PACKET,TEX-RESEARCH-CONTROL-LOCALIZATION-CANDIDATE-PACKET,,obsidian-wiki,PASS,2026-06-08T22:21:52Z,Generated local Obsidian memory note; not canonical authority.,TEX-RESEARCH-CONTROL-LOCALIZATION-CANDIDATE-PACKET,TEX_SOURCE_REGISTRY.csv,.local/obsidian/aether-flow-wiki,.local/obsidian/aether-flow-wiki/02_sources/tex/tex-research-control-localization-candidate-packet.md,.local/obsidian/aether-flow-wiki/01_raw/tex/tex-research-control-localization-candidate-packet.tex,,.local/obsidian/aether-flow-wiki/03_indexes/by-format-tex.md,local_generated,2026-06-08T22:21:52Z
VAULT-TEX-RESEARCH-CONTROL-LOCALIZATION-REPAIR-REFUTATION,.local/obsidian/aether-flow-wiki/02_sources/tex/tex-research-control-localization-repair-refutation.md,obsidian_note,generated_memory_note,generated_noncanonical,humans_and_agents,1430a4e4a6fd5da677c98328abcdd2205e478e4aa306f81019142f40c51c1ac6,TEX-RESEARCH-CONTROL-LOCALIZATION-REPAIR-REFUTATION,TEX-RESEARCH-CONTROL-LOCALIZATION-REPAIR-REFUTATION,,obsidian-wiki,PASS,2026-06-09T00:09:12Z,Generated local Obsidian memory note; not canonical authority.,TEX-RESEARCH-CONTROL-LOCALIZATION-REPAIR-REFUTATION,TEX_SOURCE_REGISTRY.csv,.local/obsidian/aether-flow-wiki,.local/obsidian/aether-flow-wiki/02_sources/tex/tex-research-control-localization-repair-refutation.md,.local/obsidian/aether-flow-wiki/01_raw/tex/tex-research-control-localization-repair-refutation.tex,,.local/obsidian/aether-flow-wiki/03_indexes/by-format-tex.md,local_generated,2026-06-09T00:09:12Z
VAULT-TEX-RESEARCH-CONTROL-LOCALIZATION-SMUGGLING-AUDIT,.local/obsidian/aether-flow-wiki/02_sources/tex/tex-research-control-localization-smuggling-audit.md,obsidian_note,generated_memory_note,generated_noncanonical,humans_and_agents,665dc12e7244e2f7b40891e497f6830034a167d85d621e27678f47da93ff03d0,TEX-RESEARCH-CONTROL-LOCALIZATION-SMUGGLING-AUDIT,TEX-RESEARCH-CONTROL-LOCALIZATION-SMUGGLING-AUDIT,,obsidian-wiki,PASS,2026-06-08T23:50:34Z,Generated local Obsidian memory note; not canonical authority.,TEX-RESEARCH-CONTROL-LOCALIZATION-SMUGGLING-AUDIT,TEX_SOURCE_REGISTRY.csv,.local/obsidian/aether-flow-wiki,.local/obsidian/aether-flow-wiki/02_sources/tex/tex-research-control-localization-smuggling-audit.md,.local/obsidian/aether-flow-wiki/01_raw/tex/tex-research-control-localization-smuggling-audit.tex,,.local/obsidian/aether-flow-wiki/03_indexes/by-format-tex.md,local_generated,2026-06-08T23:50:34Z
VAULT-TEX-RESEARCH-CONTROL-LOCALIZATION-SOURCE-BASIS-AXIOM-BENCHMARK-INDEPENDENCE-REFUTATION,.local/obsidian/aether-flow-wiki/02_sources/tex/tex-research-control-localization-source-basis-axiom-benchmark-independence-refutation.md,obsidian_note,generated_memory_note,generated_noncanonical,humans_and_agents,d8ffe8c1d8deec3b27977b360a2c25f299dfeacc77c0ae65404e42cd2523c496,TEX-RESEARCH-CONTROL-LOCALIZATION-SOURCE-BASIS-AXIOM-BENCHMARK-INDEPENDENCE-REFUTATION,TEX-RESEARCH-CONTROL-LOCALIZATION-SOURCE-BASIS-AXIOM-BENCHMARK-INDEPENDENCE-REFUTATION,,obsidian-wiki,PASS,2026-06-09T13:58:14Z,Generated local Obsidian memory note; not canonical authority.,TEX-RESEARCH-CONTROL-LOCALIZATION-SOURCE-BASIS-AXIOM-BENCHMARK-INDEPENDENCE-REFUTATION,TEX_SOURCE_REGISTRY.csv,.local/obsidian/aether-flow-wiki,.local/obsidian/aether-flow-wiki/02_sources/tex/tex-research-control-localization-source-basis-axiom-benchmark-independence-refutation.md,.local/obsidian/aether-flow-wiki/01_raw/tex/tex-research-control-localization-source-basis-axiom-benchmark-independence-refutation.tex,,.local/obsidian/aether-flow-wiki/03_indexes/by-format-tex.md,local_generated,2026-06-09T13:58:14Z
VAULT-TEX-RESEARCH-CONTROL-LOCALIZATION-SOURCE-BASIS-AXIOM-JUSTIFICATION,.local/obsidian/aether-flow-wiki/02_sources/tex/tex-research-control-localization-source-basis-axiom-justification.md,obsidian_note,generated_memory_note,generated_noncanonical,humans_and_agents,aa44ab21768e62b990498caadb8a741cbe704a09339d80823f32c8c6e27aaef7,TEX-RESEARCH-CONTROL-LOCALIZATION-SOURCE-BASIS-AXIOM-JUSTIFICATION,TEX-RESEARCH-CONTROL-LOCALIZATION-SOURCE-BASIS-AXIOM-JUSTIFICATION,,obsidian-wiki,PASS,2026-06-09T00:52:07Z,Generated local Obsidian memory note; not canonical authority.,TEX-RESEARCH-CONTROL-LOCALIZATION-SOURCE-BASIS-AXIOM-JUSTIFICATION,TEX_SOURCE_REGISTRY.csv,.local/obsidian/aether-flow-wiki,.local/obsidian/aether-flow-wiki/02_sources/tex/tex-research-control-localization-source-basis-axiom-justification.md,.local/obsidian/aether-flow-wiki/01_raw/tex/tex-research-control-localization-source-basis-axiom-justification.tex,,.local/obsidian/aether-flow-wiki/03_indexes/by-format-tex.md,local_generated,2026-06-09T00:52:07Z
VAULT-TEX-RESEARCH-CONTROL-LOCALIZATION-SOURCE-BASIS-AXIOM-SELECTION-LAW-BENCHMARK-INDEPENDENCE-REFUTATION,.local/obsidian/aether-flow-wiki/02_sources/tex/tex-research-control-localization-source-basis-axiom-selection-law-benchmark-independence-refutation.md,obsidian_note,generated_memory_note,generated_noncanonical,humans_and_agents,590abce4589771f5fecbab92625477e8bf48e2c100e28ce75313cc4a0886e3ca,TEX-RESEARCH-CONTROL-LOCALIZATION-SOURCE-BASIS-AXIOM-SELECTION-LAW-BENCHMARK-INDEPENDENCE-REFUTATION,TEX-RESEARCH-CONTROL-LOCALIZATION-SOURCE-BASIS-AXIOM-SELECTION-LAW-BENCHMARK-INDEPENDENCE-REFUTATION,,obsidian-wiki,PASS,2026-06-09T23:45:49Z,Generated local Obsidian memory note; not canonical authority.,TEX-RESEARCH-CONTROL-LOCALIZATION-SOURCE-BASIS-AXIOM-SELECTION-LAW-BENCHMARK-INDEPENDENCE-REFUTATION,TEX_SOURCE_REGISTRY.csv,.local/obsidian/aether-flow-wiki,.local/obsidian/aether-flow-wiki/02_sources/tex/tex-research-control-localization-source-basis-axiom-selection-law-benchmark-independence-refutation.md,.local/obsidian/aether-flow-wiki/01_raw/tex/tex-research-control-localization-source-basis-axiom-selection-law-benchmark-independence-refutation.tex,,.local/obsidian/aether-flow-wiki/03_indexes/by-format-tex.md,local_generated,2026-06-09T23:45:49Z
VAULT-TEX-RESEARCH-CONTROL-LOCALIZATION-SOURCE-BASIS-AXIOM-SELECTION-LAW-PACKET,.local/obsidian/aether-flow-wiki/02_sources/tex/tex-research-control-localization-source-basis-axiom-selection-law-packet.md,obsidian_note,generated_memory_note,generated_noncanonical,humans_and_agents,265e68aff2b120853744c0bde7904e021d2b75e0518f77f58b8e5cccc5a99cce,TEX-RESEARCH-CONTROL-LOCALIZATION-SOURCE-BASIS-AXIOM-SELECTION-LAW-PACKET,TEX-RESEARCH-CONTROL-LOCALIZATION-SOURCE-BASIS-AXIOM-SELECTION-LAW-PACKET,,obsidian-wiki,PASS,2026-06-09T14:09:19Z,Generated local Obsidian memory note; not canonical authority.,TEX-RESEARCH-CONTROL-LOCALIZATION-SOURCE-BASIS-AXIOM-SELECTION-LAW-PACKET,TEX_SOURCE_REGISTRY.csv,.local/obsidian/aether-flow-wiki,.local/obsidian/aether-flow-wiki/02_sources/tex/tex-research-control-localization-source-basis-axiom-selection-law-packet.md,.local/obsidian/aether-flow-wiki/01_raw/tex/tex-research-control-localization-source-basis-axiom-selection-law-packet.tex,,.local/obsidian/aether-flow-wiki/03_indexes/by-format-tex.md,local_generated,2026-06-09T14:09:19Z
VAULT-TEX-RESEARCH-CONTROL-LOCALIZATION-SOURCE-BASIS-AXIOM-SELECTION-LAW-SMUGGLING-AUDIT,.local/obsidian/aether-flow-wiki/02_sources/tex/tex-research-control-localization-source-basis-axiom-selection-law-smuggling-audit.md,obsidian_note,generated_memory_note,generated_noncanonical,humans_and_agents,a449d139c568216c86efa2033fcb364dfc1d88658f66eea13773cf767a36f61e,TEX-RESEARCH-CONTROL-LOCALIZATION-SOURCE-BASIS-AXIOM-SELECTION-LAW-SMUGGLING-AUDIT,TEX-RESEARCH-CONTROL-LOCALIZATION-SOURCE-BASIS-AXIOM-SELECTION-LAW-SMUGGLING-AUDIT,,obsidian-wiki,PASS,2026-06-09T23:37:16Z,Generated local Obsidian memory note; not canonical authority.,TEX-RESEARCH-CONTROL-LOCALIZATION-SOURCE-BASIS-AXIOM-SELECTION-LAW-SMUGGLING-AUDIT,TEX_SOURCE_REGISTRY.csv,.local/obsidian/aether-flow-wiki,.local/obsidian/aether-flow-wiki/02_sources/tex/tex-research-control-localization-source-basis-axiom-selection-law-smuggling-audit.md,.local/obsidian/aether-flow-wiki/01_raw/tex/tex-research-control-localization-source-basis-axiom-selection-law-smuggling-audit.tex,,.local/obsidian/aether-flow-wiki/03_indexes/by-format-tex.md,local_generated,2026-06-09T23:37:16Z
VAULT-TEX-RESEARCH-CONTROL-LOCALIZATION-SOURCE-BASIS-AXIOM-SELECTOR-DOMAIN-BENCHMARK-INDEPENDENCE-REFUTATION,.local/obsidian/aether-flow-wiki/02_sources/tex/tex-research-control-localization-source-basis-axiom-selector-domain-benchmark-independence-refutation.md,obsidian_note,generated_memory_note,generated_noncanonical,humans_and_agents,7627791ca1120522c82d2053888a57b76589d48d4f623920a122c9791352fb68,TEX-RESEARCH-CONTROL-LOCALIZATION-SOURCE-BASIS-AXIOM-SELECTOR-DOMAIN-BENCHMARK-INDEPENDENCE-REFUTATION,TEX-RESEARCH-CONTROL-LOCALIZATION-SOURCE-BASIS-AXIOM-SELECTOR-DOMAIN-BENCHMARK-INDEPENDENCE-REFUTATION,,obsidian-wiki,PASS,2026-06-10T00:27:00Z,Generated local Obsidian memory note; not canonical authority.,TEX-RESEARCH-CONTROL-LOCALIZATION-SOURCE-BASIS-AXIOM-SELECTOR-DOMAIN-BENCHMARK-INDEPENDENCE-REFUTATION,TEX_SOURCE_REGISTRY.csv,.local/obsidian/aether-flow-wiki,.local/obsidian/aether-flow-wiki/02_sources/tex/tex-research-control-localization-source-basis-axiom-selector-domain-benchmark-independence-refutation.md,.local/obsidian/aether-flow-wiki/01_raw/tex/tex-research-control-localization-source-basis-axiom-selector-domain-benchmark-independence-refutation.tex,,.local/obsidian/aether-flow-wiki/03_indexes/by-format-tex.md,local_generated,2026-06-10T00:27:00Z
VAULT-TEX-RESEARCH-CONTROL-LOCALIZATION-SOURCE-BASIS-AXIOM-SELECTOR-DOMAIN-EQSRC-ALTERNATIVE-BRANCH-FAMILY-GUARD-STABILITY-SOURCE-PACKET,.local/obsidian/aether-flow-wiki/02_sources/tex/tex-research-control-localization-source-basis-axiom-selector-domain-eqsrc-alternative-branch-family-guard-stability-source-packet.md,obsidian_note,generated_memory_note,generated_noncanonical,humans_and_agents,7de79c7aee86715cf24fb2231e2a7e9029417bcf05cca5455af711ca5b86b160,TEX-RESEARCH-CONTROL-LOCALIZATION-SOURCE-BASIS-AXIOM-SELECTOR-DOMAIN-EQSRC-ALTERNATIVE-BRANCH-FAMILY-GUARD-STABILITY-SOURCE-PACKET,TEX-RESEARCH-CONTROL-LOCALIZATION-SOURCE-BASIS-AXIOM-SELECTOR-DOMAIN-EQSRC-ALTERNATIVE-BRANCH-FAMILY-GUARD-STABILITY-SOURCE-PACKET,,obsidian-wiki,PASS,2026-06-15T03:20:28Z,Generated local Obsidian memory note; not canonical authority.,TEX-RESEARCH-CONTROL-LOCALIZATION-SOURCE-BASIS-AXIOM-SELECTOR-DOMAIN-EQSRC-ALTERNATIVE-BRANCH-FAMILY-GUARD-STABILITY-SOURCE-PACKET,TEX_SOURCE_REGISTRY.csv,.local/obsidian/aether-flow-wiki,.local/obsidian/aether-flow-wiki/02_sources/tex/tex-research-control-localization-source-basis-axiom-selector-domain-eqsrc-alternative-branch-family-guard-stability-source-packet.md,.local/obsidian/aether-flow-wiki/01_raw/tex/tex-research-control-localization-source-basis-axiom-selector-domain-eqsrc-alternative-branch-family-guard-stability-source-packet.tex,,.local/obsidian/aether-flow-wiki/03_indexes/by-format-tex.md,local_generated,2026-06-15T03:20:28Z
VAULT-TEX-RESEARCH-CONTROL-LOCALIZATION-SOURCE-BASIS-AXIOM-SELECTOR-DOMAIN-EQSRC-ALTERNATIVE-BRANCH-FAMILY-GUARD-STABILITY-SOURCE-PACKET-REFUTER-STRESS-TEST,.local/obsidian/aether-flow-wiki/02_sources/tex/tex-research-control-localization-source-basis-axiom-selector-domain-eqsrc-alternative-branch-family-guard-stability-source-packet-refuter-stress-test.md,obsidian_note,generated_memory_note,generated_noncanonical,humans_and_agents,a5be780c1430625f0d0320e6bce20021ae2bfc55d282f896895048226820f54d,TEX-RESEARCH-CONTROL-LOCALIZATION-SOURCE-BASIS-AXIOM-SELECTOR-DOMAIN-EQSRC-ALTERNATIVE-BRANCH-FAMILY-GUARD-STABILITY-SOURCE-PACKET-REFUTER-STRESS-TEST,TEX-RESEARCH-CONTROL-LOCALIZATION-SOURCE-BASIS-AXIOM-SELECTOR-DOMAIN-EQSRC-ALTERNATIVE-BRANCH-FAMILY-GUARD-STABILITY-SOURCE-PACKET-REFUTER-STRESS-TEST,,obsidian-wiki,PASS,2026-06-15T03:52:21Z,Generated local Obsidian memory note; not canonical authority.,TEX-RESEARCH-CONTROL-LOCALIZATION-SOURCE-BASIS-AXIOM-SELECTOR-DOMAIN-EQSRC-ALTERNATIVE-BRANCH-FAMILY-GUARD-STABILITY-SOURCE-PACKET-REFUTER-STRESS-TEST,TEX_SOURCE_REGISTRY.csv,.local/obsidian/aether-flow-wiki,.local/obsidian/aether-flow-wiki/02_sources/tex/tex-research-control-localization-source-basis-axiom-selector-domain-eqsrc-alternative-branch-family-guard-stability-source-packet-refuter-stress-test.md,.local/obsidian/aether-flow-wiki/01_raw/tex/tex-research-control-localization-source-basis-axiom-selector-domain-eqsrc-alternative-branch-family-guard-stability-source-packet-refuter-stress-test.tex,,.local/obsidian/aether-flow-wiki/03_indexes/by-format-tex.md,local_generated,2026-06-15T03:52:21Z
VAULT-TEX-RESEARCH-CONTROL-LOCALIZATION-SOURCE-BASIS-AXIOM-SELECTOR-DOMAIN-EQSRC-ALTERNATIVE-BRANCH-FAMILY-GUARD-STABILITY-SOURCE-PACKET-SMUGGLING-AUDIT,.local/obsidian/aether-flow-wiki/02_sources/tex/tex-research-control-localization-source-basis-axiom-selector-domain-eqsrc-alternative-branch-family-guard-stability-source-packet-smuggling-audit.md,obsidian_note,generated_memory_note,generated_noncanonical,humans_and_agents,cc5ff42972dcb39dd100564a95b568c0b4add822bb6615ded4d973350ffb7503,TEX-RESEARCH-CONTROL-LOCALIZATION-SOURCE-BASIS-AXIOM-SELECTOR-DOMAIN-EQSRC-ALTERNATIVE-BRANCH-FAMILY-GUARD-STABILITY-SOURCE-PACKET-SMUGGLING-AUDIT,TEX-RESEARCH-CONTROL-LOCALIZATION-SOURCE-BASIS-AXIOM-SELECTOR-DOMAIN-EQSRC-ALTERNATIVE-BRANCH-FAMILY-GUARD-STABILITY-SOURCE-PACKET-SMUGGLING-AUDIT,,obsidian-wiki,PASS,2026-06-15T03:32:56Z,Generated local Obsidian memory note; not canonical authority.,TEX-RESEARCH-CONTROL-LOCALIZATION-SOURCE-BASIS-AXIOM-SELECTOR-DOMAIN-EQSRC-ALTERNATIVE-BRANCH-FAMILY-GUARD-STABILITY-SOURCE-PACKET-SMUGGLING-AUDIT,TEX_SOURCE_REGISTRY.csv,.local/obsidian/aether-flow-wiki,.local/obsidian/aether-flow-wiki/02_sources/tex/tex-research-control-localization-source-basis-axiom-selector-domain-eqsrc-alternative-branch-family-guard-stability-source-packet-smuggling-audit.md,.local/obsidian/aether-flow-wiki/01_raw/tex/tex-research-control-localization-source-basis-axiom-selector-domain-eqsrc-alternative-branch-family-guard-stability-source-packet-smuggling-audit.tex,,.local/obsidian/aether-flow-wiki/03_indexes/by-format-tex.md,local_generated,2026-06-15T03:32:56Z
VAULT-TEX-RESEARCH-CONTROL-LOCALIZATION-SOURCE-BASIS-AXIOM-SELECTOR-DOMAIN-EQSRC-BRANCH-REFINEMENT-EXTENSION-DATUM,.local/obsidian/aether-flow-wiki/02_sources/tex/tex-research-control-localization-source-basis-axiom-selector-domain-eqsrc-branch-refinement-extension-datum.md,obsidian_note,generated_memory_note,generated_noncanonical,humans_and_agents,afd115d0612a209c7ecd76553769ee465676bfe70ccf83721fb047c81709cea3,TEX-RESEARCH-CONTROL-LOCALIZATION-SOURCE-BASIS-AXIOM-SELECTOR-DOMAIN-EQSRC-BRANCH-REFINEMENT-EXTENSION-DATUM,TEX-RESEARCH-CONTROL-LOCALIZATION-SOURCE-BASIS-AXIOM-SELECTOR-DOMAIN-EQSRC-BRANCH-REFINEMENT-EXTENSION-DATUM,,obsidian-wiki,PASS,2026-06-15T01:15:43Z,Generated local Obsidian memory note; not canonical authority.,TEX-RESEARCH-CONTROL-LOCALIZATION-SOURCE-BASIS-AXIOM-SELECTOR-DOMAIN-EQSRC-BRANCH-REFINEMENT-EXTENSION-DATUM,TEX_SOURCE_REGISTRY.csv,.local/obsidian/aether-flow-wiki,.local/obsidian/aether-flow-wiki/02_sources/tex/tex-research-control-localization-source-basis-axiom-selector-domain-eqsrc-branch-refinement-extension-datum.md,.local/obsidian/aether-flow-wiki/01_raw/tex/tex-research-control-localization-source-basis-axiom-selector-domain-eqsrc-branch-refinement-extension-datum.tex,,.local/obsidian/aether-flow-wiki/03_indexes/by-format-tex.md,local_generated,2026-06-15T01:15:43Z
VAULT-TEX-RESEARCH-CONTROL-LOCALIZATION-SOURCE-BASIS-AXIOM-SELECTOR-DOMAIN-EQSRC-BRANCH-REFINEMENT-EXTENSION-DATUM-REFUTER-STRESS-TEST,.local/obsidian/aether-flow-wiki/02_sources/tex/tex-research-control-localization-source-basis-axiom-selector-domain-eqsrc-branch-refinement-extension-datum-refuter-stress-test.md,obsidian_note,generated_memory_note,generated_noncanonical,humans_and_agents,a841b7abf5475226572aa1269f196d83e4c69b19f375b51c549644e222988a7f,TEX-RESEARCH-CONTROL-LOCALIZATION-SOURCE-BASIS-AXIOM-SELECTOR-DOMAIN-EQSRC-BRANCH-REFINEMENT-EXTENSION-DATUM-REFUTER-STRESS-TEST,TEX-RESEARCH-CONTROL-LOCALIZATION-SOURCE-BASIS-AXIOM-SELECTOR-DOMAIN-EQSRC-BRANCH-REFINEMENT-EXTENSION-DATUM-REFUTER-STRESS-TEST,,obsidian-wiki,PASS,2026-06-15T02:39:01Z,Generated local Obsidian memory note; not canonical authority.,TEX-RESEARCH-CONTROL-LOCALIZATION-SOURCE-BASIS-AXIOM-SELECTOR-DOMAIN-EQSRC-BRANCH-REFINEMENT-EXTENSION-DATUM-REFUTER-STRESS-TEST,TEX_SOURCE_REGISTRY.csv,.local/obsidian/aether-flow-wiki,.local/obsidian/aether-flow-wiki/02_sources/tex/tex-research-control-localization-source-basis-axiom-selector-domain-eqsrc-branch-refinement-extension-datum-refuter-stress-test.md,.local/obsidian/aether-flow-wiki/01_raw/tex/tex-research-control-localization-source-basis-axiom-selector-domain-eqsrc-branch-refinement-extension-datum-refuter-stress-test.tex,,.local/obsidian/aether-flow-wiki/03_indexes/by-format-tex.md,local_generated,2026-06-15T02:39:01Z
VAULT-TEX-RESEARCH-CONTROL-LOCALIZATION-SOURCE-BASIS-AXIOM-SELECTOR-DOMAIN-EQSRC-BRANCH-REFINEMENT-EXTENSION-DATUM-SMUGGLING-AUDIT,.local/obsidian/aether-flow-wiki/02_sources/tex/tex-research-control-localization-source-basis-axiom-selector-domain-eqsrc-branch-refinement-extension-datum-smuggling-audit.md,obsidian_note,generated_memory_note,generated_noncanonical,humans_and_agents,713e9b642114c1b4c5a1c80d18799990adaf877a2dbc615230460c4672e74d21,TEX-RESEARCH-CONTROL-LOCALIZATION-SOURCE-BASIS-AXIOM-SELECTOR-DOMAIN-EQSRC-BRANCH-REFINEMENT-EXTENSION-DATUM-SMUGGLING-AUDIT,TEX-RESEARCH-CONTROL-LOCALIZATION-SOURCE-BASIS-AXIOM-SELECTOR-DOMAIN-EQSRC-BRANCH-REFINEMENT-EXTENSION-DATUM-SMUGGLING-AUDIT,,obsidian-wiki,PASS,2026-06-15T01:39:01Z,Generated local Obsidian memory note; not canonical authority.,TEX-RESEARCH-CONTROL-LOCALIZATION-SOURCE-BASIS-AXIOM-SELECTOR-DOMAIN-EQSRC-BRANCH-REFINEMENT-EXTENSION-DATUM-SMUGGLING-AUDIT,TEX_SOURCE_REGISTRY.csv,.local/obsidian/aether-flow-wiki,.local/obsidian/aether-flow-wiki/02_sources/tex/tex-research-control-localization-source-basis-axiom-selector-domain-eqsrc-branch-refinement-extension-datum-smuggling-audit.md,.local/obsidian/aether-flow-wiki/01_raw/tex/tex-research-control-localization-source-basis-axiom-selector-domain-eqsrc-branch-refinement-extension-datum-smuggling-audit.tex,,.local/obsidian/aether-flow-wiki/03_indexes/by-format-tex.md,local_generated,2026-06-15T01:39:01Z
VAULT-TEX-RESEARCH-CONTROL-LOCALIZATION-SOURCE-BASIS-AXIOM-SELECTOR-DOMAIN-EQSRC-BRANCH-REFINEMENT-EXTENSION-OBSTRUCTION-PACKET-OR-CONTROLLED-PAUSE,.local/obsidian/aether-flow-wiki/02_sources/tex/tex-research-control-localization-source-basis-axiom-selector-domain-eqsrc-branch-refinement-extension-obstruction-packet-or-controlled-pause.md,obsidian_note,generated_memory_note,generated_noncanonical,humans_and_agents,856002761f8abb9ee444953db35786bfaaf4e85ed47fc519d2a1126e39cc3a7a,TEX-RESEARCH-CONTROL-LOCALIZATION-SOURCE-BASIS-AXIOM-SELECTOR-DOMAIN-EQSRC-BRANCH-REFINEMENT-EXTENSION-OBSTRUCTION-PACKET-OR-CONTROLLED-PAUSE,TEX-RESEARCH-CONTROL-LOCALIZATION-SOURCE-BASIS-AXIOM-SELECTOR-DOMAIN-EQSRC-BRANCH-REFINEMENT-EXTENSION-OBSTRUCTION-PACKET-OR-CONTROLLED-PAUSE,,obsidian-wiki,PASS,2026-06-15T03:04:17Z,Generated local Obsidian memory note; not canonical authority.,TEX-RESEARCH-CONTROL-LOCALIZATION-SOURCE-BASIS-AXIOM-SELECTOR-DOMAIN-EQSRC-BRANCH-REFINEMENT-EXTENSION-OBSTRUCTION-PACKET-OR-CONTROLLED-PAUSE,TEX_SOURCE_REGISTRY.csv,.local/obsidian/aether-flow-wiki,.local/obsidian/aether-flow-wiki/02_sources/tex/tex-research-control-localization-source-basis-axiom-selector-domain-eqsrc-branch-refinement-extension-obstruction-packet-or-controlled-pause.md,.local/obsidian/aether-flow-wiki/01_raw/tex/tex-research-control-localization-source-basis-axiom-selector-domain-eqsrc-branch-refinement-extension-obstruction-packet-or-controlled-pause.tex,,.local/obsidian/aether-flow-wiki/03_indexes/by-format-tex.md,local_generated,2026-06-15T03:04:17Z
VAULT-TEX-RESEARCH-CONTROL-LOCALIZATION-SOURCE-BASIS-AXIOM-SELECTOR-DOMAIN-EQSRC-LEDGER-COMPLETE-SOURCE-FAMILY-GENERATOR-PACKET,.local/obsidian/aether-flow-wiki/02_sources/tex/tex-research-control-localization-source-basis-axiom-selector-domain-eqsrc-ledger-complete-source-family-generator-packet.md,obsidian_note,generated_memory_note,generated_noncanonical,humans_and_agents,51e6bfb4822044fb08f6253851aa52b74c86603bc34f21a74a576eb862f660f7,TEX-RESEARCH-CONTROL-LOCALIZATION-SOURCE-BASIS-AXIOM-SELECTOR-DOMAIN-EQSRC-LEDGER-COMPLETE-SOURCE-FAMILY-GENERATOR-PACKET,TEX-RESEARCH-CONTROL-LOCALIZATION-SOURCE-BASIS-AXIOM-SELECTOR-DOMAIN-EQSRC-LEDGER-COMPLETE-SOURCE-FAMILY-GENERATOR-PACKET,,obsidian-wiki,PASS,2026-06-15T04:30:44Z,Generated local Obsidian memory note; not canonical authority.,TEX-RESEARCH-CONTROL-LOCALIZATION-SOURCE-BASIS-AXIOM-SELECTOR-DOMAIN-EQSRC-LEDGER-COMPLETE-SOURCE-FAMILY-GENERATOR-PACKET,TEX_SOURCE_REGISTRY.csv,.local/obsidian/aether-flow-wiki,.local/obsidian/aether-flow-wiki/02_sources/tex/tex-research-control-localization-source-basis-axiom-selector-domain-eqsrc-ledger-complete-source-family-generator-packet.md,.local/obsidian/aether-flow-wiki/01_raw/tex/tex-research-control-localization-source-basis-axiom-selector-domain-eqsrc-ledger-complete-source-family-generator-packet.tex,,.local/obsidian/aether-flow-wiki/03_indexes/by-format-tex.md,local_generated,2026-06-15T04:30:44Z
VAULT-TEX-RESEARCH-CONTROL-LOCALIZATION-SOURCE-BASIS-AXIOM-SELECTOR-DOMAIN-EQSRC-LEDGER-COMPLETE-SOURCE-FAMILY-GENERATOR-PACKET-AUDITED-OBSLOC-OBSERVER-READOUT-BRIDGE-ATTEMPT,.local/obsidian/aether-flow-wiki/02_sources/tex/tex-research-control-localization-source-basis-axiom-selector-domain-eqsrc-ledger-complete-source-family-generator-packet-audited-obsloc-observer-readout-bridge-attempt.md,obsidian_note,generated_memory_note,generated_noncanonical,humans_and_agents,9926a03217f3575101617ff98ddb6ca017e211ee2071083bdd30188ce9825da2,TEX-RESEARCH-CONTROL-LOCALIZATION-SOURCE-BASIS-AXIOM-SELECTOR-DOMAIN-EQSRC-LEDGER-COMPLETE-SOURCE-FAMILY-GENERATOR-PACKET-AUDITED-OBSLOC-OBSERVER-READOUT-BRIDGE-ATTEMPT,TEX-RESEARCH-CONTROL-LOCALIZATION-SOURCE-BASIS-AXIOM-SELECTOR-DOMAIN-EQSRC-LEDGER-COMPLETE-SOURCE-FAMILY-GENERATOR-PACKET-AUDITED-OBSLOC-OBSERVER-READOUT-BRIDGE-ATTEMPT,,obsidian-wiki,PASS,2026-06-16T23:21:15Z,Generated local Obsidian memory note; not canonical authority.,TEX-RESEARCH-CONTROL-LOCALIZATION-SOURCE-BASIS-AXIOM-SELECTOR-DOMAIN-EQSRC-LEDGER-COMPLETE-SOURCE-FAMILY-GENERATOR-PACKET-AUDITED-OBSLOC-OBSERVER-READOUT-BRIDGE-ATTEMPT,TEX_SOURCE_REGISTRY.csv,.local/obsidian/aether-flow-wiki,.local/obsidian/aether-flow-wiki/02_sources/tex/tex-research-control-localization-source-basis-axiom-selector-domain-eqsrc-ledger-complete-source-family-generator-packet-audited-obsloc-observer-readout-bridge-attempt.md,.local/obsidian/aether-flow-wiki/01_raw/tex/tex-research-control-localization-source-basis-axiom-selector-domain-eqsrc-ledger-complete-source-family-generator-packet-audited-obsloc-observer-readout-bridge-attempt.tex,,.local/obsidian/aether-flow-wiki/03_indexes/by-format-tex.md,local_generated,2026-06-16T23:21:15Z
VAULT-TEX-RESEARCH-CONTROL-LOCALIZATION-SOURCE-BASIS-AXIOM-SELECTOR-DOMAIN-EQSRC-LEDGER-COMPLETE-SOURCE-FAMILY-GENERATOR-PACKET-AUDITED-OBSLOC-OBSERVER-READOUT-BRIDGE-MAP-REFUTER-STRESS-TEST,.local/obsidian/aether-flow-wiki/02_sources/tex/tex-research-control-localization-source-basis-axiom-selector-domain-eqsrc-ledger-complete-source-family-generator-packet-audited-obsloc-observer-readout-bridge-map-refuter-stress-test.md,obsidian_note,generated_memory_note,generated_noncanonical,humans_and_agents,5bf212b30a77aa0627713188c6dc3380d989e8d57d791e43d8dc4afa9a4cd5fc,TEX-RESEARCH-CONTROL-LOCALIZATION-SOURCE-BASIS-AXIOM-SELECTOR-DOMAIN-EQSRC-LEDGER-COMPLETE-SOURCE-FAMILY-GENERATOR-PACKET-AUDITED-OBSLOC-OBSERVER-READOUT-BRIDGE-MAP-REFUTER-STRESS-TEST,TEX-RESEARCH-CONTROL-LOCALIZATION-SOURCE-BASIS-AXIOM-SELECTOR-DOMAIN-EQSRC-LEDGER-COMPLETE-SOURCE-FAMILY-GENERATOR-PACKET-AUDITED-OBSLOC-OBSERVER-READOUT-BRIDGE-MAP-REFUTER-STRESS-TEST,,obsidian-wiki,PASS,2026-06-17T00:53:08Z,Generated local Obsidian memory note; not canonical authority.,TEX-RESEARCH-CONTROL-LOCALIZATION-SOURCE-BASIS-AXIOM-SELECTOR-DOMAIN-EQSRC-LEDGER-COMPLETE-SOURCE-FAMILY-GENERATOR-PACKET-AUDITED-OBSLOC-OBSERVER-READOUT-BRIDGE-MAP-REFUTER-STRESS-TEST,TEX_SOURCE_REGISTRY.csv,.local/obsidian/aether-flow-wiki,.local/obsidian/aether-flow-wiki/02_sources/tex/tex-research-control-localization-source-basis-axiom-selector-domain-eqsrc-ledger-complete-source-family-generator-packet-audited-obsloc-observer-readout-bridge-map-refuter-stress-test.md,.local/obsidian/aether-flow-wiki/01_raw/tex/tex-research-control-localization-source-basis-axiom-selector-domain-eqsrc-ledger-complete-source-family-generator-packet-audited-obsloc-observer-readout-bridge-map-refuter-stress-test.tex,,.local/obsidian/aether-flow-wiki/03_indexes/by-format-tex.md,local_generated,2026-06-17T00:53:08Z
VAULT-TEX-RESEARCH-CONTROL-LOCALIZATION-SOURCE-BASIS-AXIOM-SELECTOR-DOMAIN-EQSRC-LEDGER-COMPLETE-SOURCE-FAMILY-GENERATOR-PACKET-AUDITED-OBSLOC-OBSERVER-READOUT-BRIDGE-MAP-SMUGGLING-AUDIT,.local/obsidian/aether-flow-wiki/02_sources/tex/tex-research-control-localization-source-basis-axiom-selector-domain-eqsrc-ledger-complete-source-family-generator-packet-audited-obsloc-observer-readout-bridge-map-smuggling-audit.md,obsidian_note,generated_memory_note,generated_noncanonical,humans_and_agents,e5aa1f9a013de7f9226cf3e7aba0ff36d2d77878a1c1e823215c86212414f071,TEX-RESEARCH-CONTROL-LOCALIZATION-SOURCE-BASIS-AXIOM-SELECTOR-DOMAIN-EQSRC-LEDGER-COMPLETE-SOURCE-FAMILY-GENERATOR-PACKET-AUDITED-OBSLOC-OBSERVER-READOUT-BRIDGE-MAP-SMUGGLING-AUDIT,TEX-RESEARCH-CONTROL-LOCALIZATION-SOURCE-BASIS-AXIOM-SELECTOR-DOMAIN-EQSRC-LEDGER-COMPLETE-SOURCE-FAMILY-GENERATOR-PACKET-AUDITED-OBSLOC-OBSERVER-READOUT-BRIDGE-MAP-SMUGGLING-AUDIT,,obsidian-wiki,PASS,2026-06-17T00:30:38Z,Generated local Obsidian memory note; not canonical authority.,TEX-RESEARCH-CONTROL-LOCALIZATION-SOURCE-BASIS-AXIOM-SELECTOR-DOMAIN-EQSRC-LEDGER-COMPLETE-SOURCE-FAMILY-GENERATOR-PACKET-AUDITED-OBSLOC-OBSERVER-READOUT-BRIDGE-MAP-SMUGGLING-AUDIT,TEX_SOURCE_REGISTRY.csv,.local/obsidian/aether-flow-wiki,.local/obsidian/aether-flow-wiki/02_sources/tex/tex-research-control-localization-source-basis-axiom-selector-domain-eqsrc-ledger-complete-source-family-generator-packet-audited-obsloc-observer-readout-bridge-map-smuggling-audit.md,.local/obsidian/aether-flow-wiki/01_raw/tex/tex-research-control-localization-source-basis-axiom-selector-domain-eqsrc-ledger-complete-source-family-generator-packet-audited-obsloc-observer-readout-bridge-map-smuggling-audit.tex,,.local/obsidian/aether-flow-wiki/03_indexes/by-format-tex.md,local_generated,2026-06-17T00:30:38Z
VAULT-TEX-RESEARCH-CONTROL-LOCALIZATION-SOURCE-BASIS-AXIOM-SELECTOR-DOMAIN-EQSRC-LEDGER-COMPLETE-SOURCE-FAMILY-GENERATOR-PACKET-AUDITED-OBSLOC-OBSERVER-READOUT-METRIC-RESPONSE-LAW-BRIDGE-ATTEMPT,.local/obsidian/aether-flow-wiki/02_sources/tex/tex-research-control-localization-source-basis-axiom-selector-domain-eqsrc-ledger-complete-source-family-generator-packet-audited-obsloc-observer-readout-metric-response-law-bridge-attempt.md,obsidian_note,generated_memory_note,generated_noncanonical,humans_and_agents,82d6dcad65c919ce0ed0cf90c8c8ab22d1c292a4dbfcf48b20ca6ead3bfd5e36,TEX-RESEARCH-CONTROL-LOCALIZATION-SOURCE-BASIS-AXIOM-SELECTOR-DOMAIN-EQSRC-LEDGER-COMPLETE-SOURCE-FAMILY-GENERATOR-PACKET-AUDITED-OBSLOC-OBSERVER-READOUT-METRIC-RESPONSE-LAW-BRIDGE-ATTEMPT,TEX-RESEARCH-CONTROL-LOCALIZATION-SOURCE-BASIS-AXIOM-SELECTOR-DOMAIN-EQSRC-LEDGER-COMPLETE-SOURCE-FAMILY-GENERATOR-PACKET-AUDITED-OBSLOC-OBSERVER-READOUT-METRIC-RESPONSE-LAW-BRIDGE-ATTEMPT,,obsidian-wiki,PASS,2026-06-17T02:21:17Z,Generated local Obsidian memory note; not canonical authority.,TEX-RESEARCH-CONTROL-LOCALIZATION-SOURCE-BASIS-AXIOM-SELECTOR-DOMAIN-EQSRC-LEDGER-COMPLETE-SOURCE-FAMILY-GENERATOR-PACKET-AUDITED-OBSLOC-OBSERVER-READOUT-METRIC-RESPONSE-LAW-BRIDGE-ATTEMPT,TEX_SOURCE_REGISTRY.csv,.local/obsidian/aether-flow-wiki,.local/obsidian/aether-flow-wiki/02_sources/tex/tex-research-control-localization-source-basis-axiom-selector-domain-eqsrc-ledger-complete-source-family-generator-packet-audited-obsloc-observer-readout-metric-response-law-bridge-attempt.md,.local/obsidian/aether-flow-wiki/01_raw/tex/tex-research-control-localization-source-basis-axiom-selector-domain-eqsrc-ledger-complete-source-family-generator-packet-audited-obsloc-observer-readout-metric-response-law-bridge-attempt.tex,,.local/obsidian/aether-flow-wiki/03_indexes/by-format-tex.md,local_generated,2026-06-17T02:21:17Z
VAULT-TEX-RESEARCH-CONTROL-LOCALIZATION-SOURCE-BASIS-AXIOM-SELECTOR-DOMAIN-EQSRC-LEDGER-COMPLETE-SOURCE-FAMILY-GENERATOR-PACKET-AUDITED-OBSLOC-OBSERVER-READOUT-RESP-LC-SOURCE-RESPONSE-OBSTRUCTION-THEOREM,.local/obsidian/aether-flow-wiki/02_sources/tex/tex-research-control-localization-source-basis-axiom-selector-domain-eqsrc-ledger-complete-source-family-generator-packet-audited-obsloc-observer-readout-resp-lc-source-response-obstruction-theorem.md,obsidian_note,generated_memory_note,generated_noncanonical,humans_and_agents,32abfcc47134a3b41ee91c8105948cfec6f28152899242c03d6e031fcdbabe62,TEX-RESEARCH-CONTROL-LOCALIZATION-SOURCE-BASIS-AXIOM-SELECTOR-DOMAIN-EQSRC-LEDGER-COMPLETE-SOURCE-FAMILY-GENERATOR-PACKET-AUDITED-OBSLOC-OBSERVER-READOUT-RESP-LC-SOURCE-RESPONSE-OBSTRUCTION-THEOREM,TEX-RESEARCH-CONTROL-LOCALIZATION-SOURCE-BASIS-AXIOM-SELECTOR-DOMAIN-EQSRC-LEDGER-COMPLETE-SOURCE-FAMILY-GENERATOR-PACKET-AUDITED-OBSLOC-OBSERVER-READOUT-RESP-LC-SOURCE-RESPONSE-OBSTRUCTION-THEOREM,,obsidian-wiki,PASS,2026-06-17T03:48:48Z,Generated local Obsidian memory note; not canonical authority.,TEX-RESEARCH-CONTROL-LOCALIZATION-SOURCE-BASIS-AXIOM-SELECTOR-DOMAIN-EQSRC-LEDGER-COMPLETE-SOURCE-FAMILY-GENERATOR-PACKET-AUDITED-OBSLOC-OBSERVER-READOUT-RESP-LC-SOURCE-RESPONSE-OBSTRUCTION-THEOREM,TEX_SOURCE_REGISTRY.csv,.local/obsidian/aether-flow-wiki,.local/obsidian/aether-flow-wiki/02_sources/tex/tex-research-control-localization-source-basis-axiom-selector-domain-eqsrc-ledger-complete-source-family-generator-packet-audited-obsloc-observer-readout-resp-lc-source-response-obstruction-theorem.md,.local/obsidian/aether-flow-wiki/01_raw/tex/tex-research-control-localization-source-basis-axiom-selector-domain-eqsrc-ledger-complete-source-family-generator-packet-audited-obsloc-observer-readout-resp-lc-source-response-obstruction-theorem.tex,,.local/obsidian/aether-flow-wiki/03_indexes/by-format-tex.md,local_generated,2026-06-17T03:48:48Z
VAULT-TEX-RESEARCH-CONTROL-LOCALIZATION-SOURCE-BASIS-AXIOM-SELECTOR-DOMAIN-EQSRC-LEDGER-COMPLETE-SOURCE-FAMILY-GENERATOR-PACKET-AUDITED-OBSLOC-OBSERVER-READOUT-RESP-LC-SOURCE-RESPONSE-OBSTRUCTION-THEOREM-REFUTER-STRESS-TEST,.local/obsidian/aether-flow-wiki/02_sources/tex/tex-research-control-localization-source-basis-axiom-selector-domain-eqsrc-ledger-complete-source-family-generator-packet-audited-obsloc-observer-readout-resp-lc-source-response-obstruction-theorem-refuter-stress-test.md,obsidian_note,generated_memory_note,generated_noncanonical,humans_and_agents,60b7c073b038a65231e564bfcd783fd7ea4fbda1fb3e38f87c03fa04fe52ef2c,TEX-RESEARCH-CONTROL-LOCALIZATION-SOURCE-BASIS-AXIOM-SELECTOR-DOMAIN-EQSRC-LEDGER-COMPLETE-SOURCE-FAMILY-GENERATOR-PACKET-AUDITED-OBSLOC-OBSERVER-READOUT-RESP-LC-SOURCE-RESPONSE-OBSTRUCTION-THEOREM-REFUTER-STRESS-TEST,TEX-RESEARCH-CONTROL-LOCALIZATION-SOURCE-BASIS-AXIOM-SELECTOR-DOMAIN-EQSRC-LEDGER-COMPLETE-SOURCE-FAMILY-GENERATOR-PACKET-AUDITED-OBSLOC-OBSERVER-READOUT-RESP-LC-SOURCE-RESPONSE-OBSTRUCTION-THEOREM-REFUTER-STRESS-TEST,,obsidian-wiki,PASS,2026-06-17T04:00:28Z,Generated local Obsidian memory note; not canonical authority.,TEX-RESEARCH-CONTROL-LOCALIZATION-SOURCE-BASIS-AXIOM-SELECTOR-DOMAIN-EQSRC-LEDGER-COMPLETE-SOURCE-FAMILY-GENERATOR-PACKET-AUDITED-OBSLOC-OBSERVER-READOUT-RESP-LC-SOURCE-RESPONSE-OBSTRUCTION-THEOREM-REFUTER-STRESS-TEST,TEX_SOURCE_REGISTRY.csv,.local/obsidian/aether-flow-wiki,.local/obsidian/aether-flow-wiki/02_sources/tex/tex-research-control-localization-source-basis-axiom-selector-domain-eqsrc-ledger-complete-source-family-generator-packet-audited-obsloc-observer-readout-resp-lc-source-response-obstruction-theorem-refuter-stress-test.md,.local/obsidian/aether-flow-wiki/01_raw/tex/tex-research-control-localization-source-basis-axiom-selector-domain-eqsrc-ledger-complete-source-family-generator-packet-audited-obsloc-observer-readout-resp-lc-source-response-obstruction-theorem-refuter-stress-test.tex,,.local/obsidian/aether-flow-wiki/03_indexes/by-format-tex.md,local_generated,2026-06-17T04:00:28Z
VAULT-TEX-RESEARCH-CONTROL-LOCALIZATION-SOURCE-BASIS-AXIOM-SELECTOR-DOMAIN-EQSRC-LEDGER-COMPLETE-SOURCE-FAMILY-GENERATOR-PACKET-AUDITED-OBSLOC-OBSERVER-READOUT-RESP-LC-SOURCE-SIDE-IRRELEVANCE-THEOREM-TEST,.local/obsidian/aether-flow-wiki/02_sources/tex/tex-research-control-localization-source-basis-axiom-selector-domain-eqsrc-ledger-complete-source-family-generator-packet-audited-obsloc-observer-readout-resp-lc-source-side-irrelevance-theorem-test.md,obsidian_note,generated_memory_note,generated_noncanonical,humans_and_agents,b2a0f6c62c52b9f322193bfa2540831fb7dd81b6689e4a675b825b9a524a650a,TEX-RESEARCH-CONTROL-LOCALIZATION-SOURCE-BASIS-AXIOM-SELECTOR-DOMAIN-EQSRC-LEDGER-COMPLETE-SOURCE-FAMILY-GENERATOR-PACKET-AUDITED-OBSLOC-OBSERVER-READOUT-RESP-LC-SOURCE-SIDE-IRRELEVANCE-THEOREM-TEST,TEX-RESEARCH-CONTROL-LOCALIZATION-SOURCE-BASIS-AXIOM-SELECTOR-DOMAIN-EQSRC-LEDGER-COMPLETE-SOURCE-FAMILY-GENERATOR-PACKET-AUDITED-OBSLOC-OBSERVER-READOUT-RESP-LC-SOURCE-SIDE-IRRELEVANCE-THEOREM-TEST,,obsidian-wiki,PASS,2026-06-17T05:12:23Z,Generated local Obsidian memory note; not canonical authority.,TEX-RESEARCH-CONTROL-LOCALIZATION-SOURCE-BASIS-AXIOM-SELECTOR-DOMAIN-EQSRC-LEDGER-COMPLETE-SOURCE-FAMILY-GENERATOR-PACKET-AUDITED-OBSLOC-OBSERVER-READOUT-RESP-LC-SOURCE-SIDE-IRRELEVANCE-THEOREM-TEST,TEX_SOURCE_REGISTRY.csv,.local/obsidian/aether-flow-wiki,.local/obsidian/aether-flow-wiki/02_sources/tex/tex-research-control-localization-source-basis-axiom-selector-domain-eqsrc-ledger-complete-source-family-generator-packet-audited-obsloc-observer-readout-resp-lc-source-side-irrelevance-theorem-test.md,.local/obsidian/aether-flow-wiki/01_raw/tex/tex-research-control-localization-source-basis-axiom-selector-domain-eqsrc-ledger-complete-source-family-generator-packet-audited-obsloc-observer-readout-resp-lc-source-side-irrelevance-theorem-test.tex,,.local/obsidian/aether-flow-wiki/03_indexes/by-format-tex.md,local_generated,2026-06-17T05:12:23Z
VAULT-TEX-RESEARCH-CONTROL-LOCALIZATION-SOURCE-BASIS-AXIOM-SELECTOR-DOMAIN-EQSRC-LEDGER-COMPLETE-SOURCE-FAMILY-GENERATOR-PACKET-AUDITED-OBSLOC-OBSERVER-READOUT-RESP-LC-SOURCE-SIDE-SELECTOR-INSTANTIATION-REFUTER-STRESS-TEST,.local/obsidian/aether-flow-wiki/02_sources/tex/tex-research-control-localization-source-basis-axiom-selector-domain-eqsrc-ledger-complete-source-family-generator-packet-audited-obsloc-observer-readout-resp-lc-source-side-selector-instantiation-refuter-stress-test.md,obsidian_note,generated_memory_note,generated_noncanonical,humans_and_agents,0894310329e6c9e25a4274411d0fae71af68b93b7274f6786d6714603099466b,TEX-RESEARCH-CONTROL-LOCALIZATION-SOURCE-BASIS-AXIOM-SELECTOR-DOMAIN-EQSRC-LEDGER-COMPLETE-SOURCE-FAMILY-GENERATOR-PACKET-AUDITED-OBSLOC-OBSERVER-READOUT-RESP-LC-SOURCE-SIDE-SELECTOR-INSTANTIATION-REFUTER-STRESS-TEST,TEX-RESEARCH-CONTROL-LOCALIZATION-SOURCE-BASIS-AXIOM-SELECTOR-DOMAIN-EQSRC-LEDGER-COMPLETE-SOURCE-FAMILY-GENERATOR-PACKET-AUDITED-OBSLOC-OBSERVER-READOUT-RESP-LC-SOURCE-SIDE-SELECTOR-INSTANTIATION-REFUTER-STRESS-TEST,,obsidian-wiki,PASS,2026-06-17T05:48:35Z,Generated local Obsidian memory note; not canonical authority.,TEX-RESEARCH-CONTROL-LOCALIZATION-SOURCE-BASIS-AXIOM-SELECTOR-DOMAIN-EQSRC-LEDGER-COMPLETE-SOURCE-FAMILY-GENERATOR-PACKET-AUDITED-OBSLOC-OBSERVER-READOUT-RESP-LC-SOURCE-SIDE-SELECTOR-INSTANTIATION-REFUTER-STRESS-TEST,TEX_SOURCE_REGISTRY.csv,.local/obsidian/aether-flow-wiki,.local/obsidian/aether-flow-wiki/02_sources/tex/tex-research-control-localization-source-basis-axiom-selector-domain-eqsrc-ledger-complete-source-family-generator-packet-audited-obsloc-observer-readout-resp-lc-source-side-selector-instantiation-refuter-stress-test.md,.local/obsidian/aether-flow-wiki/01_raw/tex/tex-research-control-localization-source-basis-axiom-selector-domain-eqsrc-ledger-complete-source-family-generator-packet-audited-obsloc-observer-readout-resp-lc-source-side-selector-instantiation-refuter-stress-test.tex,,.local/obsidian/aether-flow-wiki/03_indexes/by-format-tex.md,local_generated,2026-06-17T05:48:35Z
VAULT-TEX-RESEARCH-CONTROL-LOCALIZATION-SOURCE-BASIS-AXIOM-SELECTOR-DOMAIN-EQSRC-LEDGER-COMPLETE-SOURCE-FAMILY-GENERATOR-PACKET-AUDITED-OBSLOC-OBSERVER-READOUT-RESP-LC-SOURCE-SIDE-SELECTOR-NO-GO-THEOREM-PACKET,.local/obsidian/aether-flow-wiki/02_sources/tex/tex-research-control-localization-source-basis-axiom-selector-domain-eqsrc-ledger-complete-source-family-generator-packet-audited-obsloc-observer-readout-resp-lc-source-side-selector-no-go-theorem-packet.md,obsidian_note,generated_memory_note,generated_noncanonical,humans_and_agents,3a10b9f55a51b7fbba2e9a45d74f13f6189e399d747e4df0a3885670045ce142,TEX-RESEARCH-CONTROL-LOCALIZATION-SOURCE-BASIS-AXIOM-SELECTOR-DOMAIN-EQSRC-LEDGER-COMPLETE-SOURCE-FAMILY-GENERATOR-PACKET-AUDITED-OBSLOC-OBSERVER-READOUT-RESP-LC-SOURCE-SIDE-SELECTOR-NO-GO-THEOREM-PACKET,TEX-RESEARCH-CONTROL-LOCALIZATION-SOURCE-BASIS-AXIOM-SELECTOR-DOMAIN-EQSRC-LEDGER-COMPLETE-SOURCE-FAMILY-GENERATOR-PACKET-AUDITED-OBSLOC-OBSERVER-READOUT-RESP-LC-SOURCE-SIDE-SELECTOR-NO-GO-THEOREM-PACKET,,obsidian-wiki,PASS,2026-06-17T06:25:49Z,Generated local Obsidian memory note; not canonical authority.,TEX-RESEARCH-CONTROL-LOCALIZATION-SOURCE-BASIS-AXIOM-SELECTOR-DOMAIN-EQSRC-LEDGER-COMPLETE-SOURCE-FAMILY-GENERATOR-PACKET-AUDITED-OBSLOC-OBSERVER-READOUT-RESP-LC-SOURCE-SIDE-SELECTOR-NO-GO-THEOREM-PACKET,TEX_SOURCE_REGISTRY.csv,.local/obsidian/aether-flow-wiki,.local/obsidian/aether-flow-wiki/02_sources/tex/tex-research-control-localization-source-basis-axiom-selector-domain-eqsrc-ledger-complete-source-family-generator-packet-audited-obsloc-observer-readout-resp-lc-source-side-selector-no-go-theorem-packet.md,.local/obsidian/aether-flow-wiki/01_raw/tex/tex-research-control-localization-source-basis-axiom-selector-domain-eqsrc-ledger-complete-source-family-generator-packet-audited-obsloc-observer-readout-resp-lc-source-side-selector-no-go-theorem-packet.tex,,.local/obsidian/aether-flow-wiki/03_indexes/by-format-tex.md,local_generated,2026-06-17T06:25:49Z
VAULT-TEX-RESEARCH-CONTROL-LOCALIZATION-SOURCE-BASIS-AXIOM-SELECTOR-DOMAIN-EQSRC-LEDGER-COMPLETE-SOURCE-FAMILY-GENERATOR-PACKET-AUDITED-OBSLOC-OBSERVER-READOUT-RESP-LC-SOURCE-SIDE-SELECTOR-PRIMITIVE-PACKET,.local/obsidian/aether-flow-wiki/02_sources/tex/tex-research-control-localization-source-basis-axiom-selector-domain-eqsrc-ledger-complete-source-family-generator-packet-audited-obsloc-observer-readout-resp-lc-source-side-selector-primitive-packet.md,obsidian_note,generated_memory_note,generated_noncanonical,humans_and_agents,6635df6462d0e9dff0efe6c4f0fd1d949969379b18fc34551f5fc0a357d249b3,TEX-RESEARCH-CONTROL-LOCALIZATION-SOURCE-BASIS-AXIOM-SELECTOR-DOMAIN-EQSRC-LEDGER-COMPLETE-SOURCE-FAMILY-GENERATOR-PACKET-AUDITED-OBSLOC-OBSERVER-READOUT-RESP-LC-SOURCE-SIDE-SELECTOR-PRIMITIVE-PACKET,TEX-RESEARCH-CONTROL-LOCALIZATION-SOURCE-BASIS-AXIOM-SELECTOR-DOMAIN-EQSRC-LEDGER-COMPLETE-SOURCE-FAMILY-GENERATOR-PACKET-AUDITED-OBSLOC-OBSERVER-READOUT-RESP-LC-SOURCE-SIDE-SELECTOR-PRIMITIVE-PACKET,,obsidian-wiki,PASS,2026-06-17T05:24:09Z,Generated local Obsidian memory note; not canonical authority.,TEX-RESEARCH-CONTROL-LOCALIZATION-SOURCE-BASIS-AXIOM-SELECTOR-DOMAIN-EQSRC-LEDGER-COMPLETE-SOURCE-FAMILY-GENERATOR-PACKET-AUDITED-OBSLOC-OBSERVER-READOUT-RESP-LC-SOURCE-SIDE-SELECTOR-PRIMITIVE-PACKET,TEX_SOURCE_REGISTRY.csv,.local/obsidian/aether-flow-wiki,.local/obsidian/aether-flow-wiki/02_sources/tex/tex-research-control-localization-source-basis-axiom-selector-domain-eqsrc-ledger-complete-source-family-generator-packet-audited-obsloc-observer-readout-resp-lc-source-side-selector-primitive-packet.md,.local/obsidian/aether-flow-wiki/01_raw/tex/tex-research-control-localization-source-basis-axiom-selector-domain-eqsrc-ledger-complete-source-family-generator-packet-audited-obsloc-observer-readout-resp-lc-source-side-selector-primitive-packet.tex,,.local/obsidian/aether-flow-wiki/03_indexes/by-format-tex.md,local_generated,2026-06-17T05:24:09Z
VAULT-TEX-RESEARCH-CONTROL-LOCALIZATION-SOURCE-BASIS-AXIOM-SELECTOR-DOMAIN-EQSRC-LEDGER-COMPLETE-SOURCE-FAMILY-GENERATOR-PACKET-AUDITED-OBSLOC-OBSERVER-READOUT-RESP-LC-SOURCE-SIDE-SELECTOR-PRIMITIVE-SMUGGLING-AUDIT,.local/obsidian/aether-flow-wiki/02_sources/tex/tex-research-control-localization-source-basis-axiom-selector-domain-eqsrc-ledger-complete-source-family-generator-packet-audited-obsloc-observer-readout-resp-lc-source-side-selector-primitive-smuggling-audit.md,obsidian_note,generated_memory_note,generated_noncanonical,humans_and_agents,2823e428bac42aaadf154bc6d613a4493dfc24559cc362a451b928b5590ecca2,TEX-RESEARCH-CONTROL-LOCALIZATION-SOURCE-BASIS-AXIOM-SELECTOR-DOMAIN-EQSRC-LEDGER-COMPLETE-SOURCE-FAMILY-GENERATOR-PACKET-AUDITED-OBSLOC-OBSERVER-READOUT-RESP-LC-SOURCE-SIDE-SELECTOR-PRIMITIVE-SMUGGLING-AUDIT,TEX-RESEARCH-CONTROL-LOCALIZATION-SOURCE-BASIS-AXIOM-SELECTOR-DOMAIN-EQSRC-LEDGER-COMPLETE-SOURCE-FAMILY-GENERATOR-PACKET-AUDITED-OBSLOC-OBSERVER-READOUT-RESP-LC-SOURCE-SIDE-SELECTOR-PRIMITIVE-SMUGGLING-AUDIT,,obsidian-wiki,PASS,2026-06-17T05:35:34Z,Generated local Obsidian memory note; not canonical authority.,TEX-RESEARCH-CONTROL-LOCALIZATION-SOURCE-BASIS-AXIOM-SELECTOR-DOMAIN-EQSRC-LEDGER-COMPLETE-SOURCE-FAMILY-GENERATOR-PACKET-AUDITED-OBSLOC-OBSERVER-READOUT-RESP-LC-SOURCE-SIDE-SELECTOR-PRIMITIVE-SMUGGLING-AUDIT,TEX_SOURCE_REGISTRY.csv,.local/obsidian/aether-flow-wiki,.local/obsidian/aether-flow-wiki/02_sources/tex/tex-research-control-localization-source-basis-axiom-selector-domain-eqsrc-ledger-complete-source-family-generator-packet-audited-obsloc-observer-readout-resp-lc-source-side-selector-primitive-smuggling-audit.md,.local/obsidian/aether-flow-wiki/01_raw/tex/tex-research-control-localization-source-basis-axiom-selector-domain-eqsrc-ledger-complete-source-family-generator-packet-audited-obsloc-observer-readout-resp-lc-source-side-selector-primitive-smuggling-audit.tex,,.local/obsidian/aether-flow-wiki/03_indexes/by-format-tex.md,local_generated,2026-06-17T05:35:34Z
VAULT-TEX-RESEARCH-CONTROL-LOCALIZATION-SOURCE-BASIS-AXIOM-SELECTOR-DOMAIN-EQSRC-LEDGER-COMPLETE-SOURCE-FAMILY-GENERATOR-PACKET-FINITE-EXAMPLE-READOUT-WITNESS,.local/obsidian/aether-flow-wiki/02_sources/tex/tex-research-control-localization-source-basis-axiom-selector-domain-eqsrc-ledger-complete-source-family-generator-packet-finite-example-readout-witness.md,obsidian_note,generated_memory_note,generated_noncanonical,humans_and_agents,29b81e77411ee5f96019758f87123e6de2989f1dbb7dc66bd7dce4223ce78ba6,TEX-RESEARCH-CONTROL-LOCALIZATION-SOURCE-BASIS-AXIOM-SELECTOR-DOMAIN-EQSRC-LEDGER-COMPLETE-SOURCE-FAMILY-GENERATOR-PACKET-FINITE-EXAMPLE-READOUT-WITNESS,TEX-RESEARCH-CONTROL-LOCALIZATION-SOURCE-BASIS-AXIOM-SELECTOR-DOMAIN-EQSRC-LEDGER-COMPLETE-SOURCE-FAMILY-GENERATOR-PACKET-FINITE-EXAMPLE-READOUT-WITNESS,,obsidian-wiki,PASS,2026-06-16T01:13:38Z,Generated local Obsidian memory note; not canonical authority.,TEX-RESEARCH-CONTROL-LOCALIZATION-SOURCE-BASIS-AXIOM-SELECTOR-DOMAIN-EQSRC-LEDGER-COMPLETE-SOURCE-FAMILY-GENERATOR-PACKET-FINITE-EXAMPLE-READOUT-WITNESS,TEX_SOURCE_REGISTRY.csv,.local/obsidian/aether-flow-wiki,.local/obsidian/aether-flow-wiki/02_sources/tex/tex-research-control-localization-source-basis-axiom-selector-domain-eqsrc-ledger-complete-source-family-generator-packet-finite-example-readout-witness.md,.local/obsidian/aether-flow-wiki/01_raw/tex/tex-research-control-localization-source-basis-axiom-selector-domain-eqsrc-ledger-complete-source-family-generator-packet-finite-example-readout-witness.tex,,.local/obsidian/aether-flow-wiki/03_indexes/by-format-tex.md,local_generated,2026-06-16T01:13:38Z
VAULT-TEX-RESEARCH-CONTROL-LOCALIZATION-SOURCE-BASIS-AXIOM-SELECTOR-DOMAIN-EQSRC-LEDGER-COMPLETE-SOURCE-FAMILY-GENERATOR-PACKET-FINITE-EXAMPLE-READOUT-WITNESS-REFUTER-STRESS-TEST,.local/obsidian/aether-flow-wiki/02_sources/tex/tex-research-control-localization-source-basis-axiom-selector-domain-eqsrc-ledger-complete-source-family-generator-packet-finite-example-readout-witness-refuter-stress-test.md,obsidian_note,generated_memory_note,generated_noncanonical,humans_and_agents,76bf761b141b5b389dccc140d5b096cadcb944fbd5b8e78d5b9310cbfc91c4fc,TEX-RESEARCH-CONTROL-LOCALIZATION-SOURCE-BASIS-AXIOM-SELECTOR-DOMAIN-EQSRC-LEDGER-COMPLETE-SOURCE-FAMILY-GENERATOR-PACKET-FINITE-EXAMPLE-READOUT-WITNESS-REFUTER-STRESS-TEST,TEX-RESEARCH-CONTROL-LOCALIZATION-SOURCE-BASIS-AXIOM-SELECTOR-DOMAIN-EQSRC-LEDGER-COMPLETE-SOURCE-FAMILY-GENERATOR-PACKET-FINITE-EXAMPLE-READOUT-WITNESS-REFUTER-STRESS-TEST,,obsidian-wiki,PASS,2026-06-16T03:18:16Z,Generated local Obsidian memory note; not canonical authority.,TEX-RESEARCH-CONTROL-LOCALIZATION-SOURCE-BASIS-AXIOM-SELECTOR-DOMAIN-EQSRC-LEDGER-COMPLETE-SOURCE-FAMILY-GENERATOR-PACKET-FINITE-EXAMPLE-READOUT-WITNESS-REFUTER-STRESS-TEST,TEX_SOURCE_REGISTRY.csv,.local/obsidian/aether-flow-wiki,.local/obsidian/aether-flow-wiki/02_sources/tex/tex-research-control-localization-source-basis-axiom-selector-domain-eqsrc-ledger-complete-source-family-generator-packet-finite-example-readout-witness-refuter-stress-test.md,.local/obsidian/aether-flow-wiki/01_raw/tex/tex-research-control-localization-source-basis-axiom-selector-domain-eqsrc-ledger-complete-source-family-generator-packet-finite-example-readout-witness-refuter-stress-test.tex,,.local/obsidian/aether-flow-wiki/03_indexes/by-format-tex.md,local_generated,2026-06-16T03:18:16Z
VAULT-TEX-RESEARCH-CONTROL-LOCALIZATION-SOURCE-BASIS-AXIOM-SELECTOR-DOMAIN-EQSRC-LEDGER-COMPLETE-SOURCE-FAMILY-GENERATOR-PACKET-FINITE-EXAMPLE-READOUT-WITNESS-SMUGGLING-AUDIT,.local/obsidian/aether-flow-wiki/02_sources/tex/tex-research-control-localization-source-basis-axiom-selector-domain-eqsrc-ledger-complete-source-family-generator-packet-finite-example-readout-witness-smuggling-audit.md,obsidian_note,generated_memory_note,generated_noncanonical,humans_and_agents,6740e9e168bed5b6cf349005fb8c7c5ab32a1787307d2b1999fc5dee572add4d,TEX-RESEARCH-CONTROL-LOCALIZATION-SOURCE-BASIS-AXIOM-SELECTOR-DOMAIN-EQSRC-LEDGER-COMPLETE-SOURCE-FAMILY-GENERATOR-PACKET-FINITE-EXAMPLE-READOUT-WITNESS-SMUGGLING-AUDIT,TEX-RESEARCH-CONTROL-LOCALIZATION-SOURCE-BASIS-AXIOM-SELECTOR-DOMAIN-EQSRC-LEDGER-COMPLETE-SOURCE-FAMILY-GENERATOR-PACKET-FINITE-EXAMPLE-READOUT-WITNESS-SMUGGLING-AUDIT,,obsidian-wiki,PASS,2026-06-16T02:48:24Z,Generated local Obsidian memory note; not canonical authority.,TEX-RESEARCH-CONTROL-LOCALIZATION-SOURCE-BASIS-AXIOM-SELECTOR-DOMAIN-EQSRC-LEDGER-COMPLETE-SOURCE-FAMILY-GENERATOR-PACKET-FINITE-EXAMPLE-READOUT-WITNESS-SMUGGLING-AUDIT,TEX_SOURCE_REGISTRY.csv,.local/obsidian/aether-flow-wiki,.local/obsidian/aether-flow-wiki/02_sources/tex/tex-research-control-localization-source-basis-axiom-selector-domain-eqsrc-ledger-complete-source-family-generator-packet-finite-example-readout-witness-smuggling-audit.md,.local/obsidian/aether-flow-wiki/01_raw/tex/tex-research-control-localization-source-basis-axiom-selector-domain-eqsrc-ledger-complete-source-family-generator-packet-finite-example-readout-witness-smuggling-audit.tex,,.local/obsidian/aether-flow-wiki/03_indexes/by-format-tex.md,local_generated,2026-06-16T02:48:24Z
VAULT-TEX-RESEARCH-CONTROL-LOCALIZATION-SOURCE-BASIS-AXIOM-SELECTOR-DOMAIN-EQSRC-LEDGER-COMPLETE-SOURCE-FAMILY-GENERATOR-PACKET-FINITE-VARIATION-REPAIR-OR-CONTROLLED-PAUSE-PACKET,.local/obsidian/aether-flow-wiki/02_sources/tex/tex-research-control-localization-source-basis-axiom-selector-domain-eqsrc-ledger-complete-source-family-generator-packet-finite-variation-repair-or-controlled-pause-packet.md,obsidian_note,generated_memory_note,generated_noncanonical,humans_and_agents,3e9b7a24030b3b8e5df941d199206dc57d35aba8b2b32392413df34feadf8079,TEX-RESEARCH-CONTROL-LOCALIZATION-SOURCE-BASIS-AXIOM-SELECTOR-DOMAIN-EQSRC-LEDGER-COMPLETE-SOURCE-FAMILY-GENERATOR-PACKET-FINITE-VARIATION-REPAIR-OR-CONTROLLED-PAUSE-PACKET,TEX-RESEARCH-CONTROL-LOCALIZATION-SOURCE-BASIS-AXIOM-SELECTOR-DOMAIN-EQSRC-LEDGER-COMPLETE-SOURCE-FAMILY-GENERATOR-PACKET-FINITE-VARIATION-REPAIR-OR-CONTROLLED-PAUSE-PACKET,,obsidian-wiki,PASS,2026-06-16T04:08:02Z,Generated local Obsidian memory note; not canonical authority.,TEX-RESEARCH-CONTROL-LOCALIZATION-SOURCE-BASIS-AXIOM-SELECTOR-DOMAIN-EQSRC-LEDGER-COMPLETE-SOURCE-FAMILY-GENERATOR-PACKET-FINITE-VARIATION-REPAIR-OR-CONTROLLED-PAUSE-PACKET,TEX_SOURCE_REGISTRY.csv,.local/obsidian/aether-flow-wiki,.local/obsidian/aether-flow-wiki/02_sources/tex/tex-research-control-localization-source-basis-axiom-selector-domain-eqsrc-ledger-complete-source-family-generator-packet-finite-variation-repair-or-controlled-pause-packet.md,.local/obsidian/aether-flow-wiki/01_raw/tex/tex-research-control-localization-source-basis-axiom-selector-domain-eqsrc-ledger-complete-source-family-generator-packet-finite-variation-repair-or-controlled-pause-packet.tex,,.local/obsidian/aether-flow-wiki/03_indexes/by-format-tex.md,local_generated,2026-06-16T04:08:02Z
VAULT-TEX-RESEARCH-CONTROL-LOCALIZATION-SOURCE-BASIS-AXIOM-SELECTOR-DOMAIN-EQSRC-LEDGER-COMPLETE-SOURCE-FAMILY-GENERATOR-PACKET-FINITE-VARIATION-REPAIR-OR-CONTROLLED-PAUSE-PACKET-REFUTER-STRESS-TEST,.local/obsidian/aether-flow-wiki/02_sources/tex/tex-research-control-localization-source-basis-axiom-selector-domain-eqsrc-ledger-complete-source-family-generator-packet-finite-variation-repair-or-controlled-pause-packet-refuter-stress-test.md,obsidian_note,generated_memory_note,generated_noncanonical,humans_and_agents,f4f3eccf25e36a79c450f478d04d2d051a9a02474634b73dfe6e70ffcb63d3d0,TEX-RESEARCH-CONTROL-LOCALIZATION-SOURCE-BASIS-AXIOM-SELECTOR-DOMAIN-EQSRC-LEDGER-COMPLETE-SOURCE-FAMILY-GENERATOR-PACKET-FINITE-VARIATION-REPAIR-OR-CONTROLLED-PAUSE-PACKET-REFUTER-STRESS-TEST,TEX-RESEARCH-CONTROL-LOCALIZATION-SOURCE-BASIS-AXIOM-SELECTOR-DOMAIN-EQSRC-LEDGER-COMPLETE-SOURCE-FAMILY-GENERATOR-PACKET-FINITE-VARIATION-REPAIR-OR-CONTROLLED-PAUSE-PACKET-REFUTER-STRESS-TEST,,obsidian-wiki,PASS,2026-06-16T20:03:03Z,Generated local Obsidian memory note; not canonical authority.,TEX-RESEARCH-CONTROL-LOCALIZATION-SOURCE-BASIS-AXIOM-SELECTOR-DOMAIN-EQSRC-LEDGER-COMPLETE-SOURCE-FAMILY-GENERATOR-PACKET-FINITE-VARIATION-REPAIR-OR-CONTROLLED-PAUSE-PACKET-REFUTER-STRESS-TEST,TEX_SOURCE_REGISTRY.csv,.local/obsidian/aether-flow-wiki,.local/obsidian/aether-flow-wiki/02_sources/tex/tex-research-control-localization-source-basis-axiom-selector-domain-eqsrc-ledger-complete-source-family-generator-packet-finite-variation-repair-or-controlled-pause-packet-refuter-stress-test.md,.local/obsidian/aether-flow-wiki/01_raw/tex/tex-research-control-localization-source-basis-axiom-selector-domain-eqsrc-ledger-complete-source-family-generator-packet-finite-variation-repair-or-controlled-pause-packet-refuter-stress-test.tex,,.local/obsidian/aether-flow-wiki/03_indexes/by-format-tex.md,local_generated,2026-06-16T20:03:03Z
VAULT-TEX-RESEARCH-CONTROL-LOCALIZATION-SOURCE-BASIS-AXIOM-SELECTOR-DOMAIN-EQSRC-LEDGER-COMPLETE-SOURCE-FAMILY-GENERATOR-PACKET-FINITE-VARIATION-REPAIR-OR-CONTROLLED-PAUSE-PACKET-SMUGGLING-AUDIT,.local/obsidian/aether-flow-wiki/02_sources/tex/tex-research-control-localization-source-basis-axiom-selector-domain-eqsrc-ledger-complete-source-family-generator-packet-finite-variation-repair-or-controlled-pause-packet-smuggling-audit.md,obsidian_note,generated_memory_note,generated_noncanonical,humans_and_agents,55b0a73d1b0e1ac9eed5cf0e3256d32920a736c9e25234ef62d3da0f407a145f,TEX-RESEARCH-CONTROL-LOCALIZATION-SOURCE-BASIS-AXIOM-SELECTOR-DOMAIN-EQSRC-LEDGER-COMPLETE-SOURCE-FAMILY-GENERATOR-PACKET-FINITE-VARIATION-REPAIR-OR-CONTROLLED-PAUSE-PACKET-SMUGGLING-AUDIT,TEX-RESEARCH-CONTROL-LOCALIZATION-SOURCE-BASIS-AXIOM-SELECTOR-DOMAIN-EQSRC-LEDGER-COMPLETE-SOURCE-FAMILY-GENERATOR-PACKET-FINITE-VARIATION-REPAIR-OR-CONTROLLED-PAUSE-PACKET-SMUGGLING-AUDIT,,obsidian-wiki,PASS,2026-06-16T04:19:00Z,Generated local Obsidian memory note; not canonical authority.,TEX-RESEARCH-CONTROL-LOCALIZATION-SOURCE-BASIS-AXIOM-SELECTOR-DOMAIN-EQSRC-LEDGER-COMPLETE-SOURCE-FAMILY-GENERATOR-PACKET-FINITE-VARIATION-REPAIR-OR-CONTROLLED-PAUSE-PACKET-SMUGGLING-AUDIT,TEX_SOURCE_REGISTRY.csv,.local/obsidian/aether-flow-wiki,.local/obsidian/aether-flow-wiki/02_sources/tex/tex-research-control-localization-source-basis-axiom-selector-domain-eqsrc-ledger-complete-source-family-generator-packet-finite-variation-repair-or-controlled-pause-packet-smuggling-audit.md,.local/obsidian/aether-flow-wiki/01_raw/tex/tex-research-control-localization-source-basis-axiom-selector-domain-eqsrc-ledger-complete-source-family-generator-packet-finite-variation-repair-or-controlled-pause-packet-smuggling-audit.tex,,.local/obsidian/aether-flow-wiki/03_indexes/by-format-tex.md,local_generated,2026-06-16T04:19:00Z
VAULT-TEX-RESEARCH-CONTROL-LOCALIZATION-SOURCE-BASIS-AXIOM-SELECTOR-DOMAIN-EQSRC-LEDGER-COMPLETE-SOURCE-FAMILY-GENERATOR-PACKET-FINITE-VARIATION-ROBUSTNESS-READOUT-DISCRIMINANT-OBLIGATION-PACKET,.local/obsidian/aether-flow-wiki/02_sources/tex/tex-research-control-localization-source-basis-axiom-selector-domain-eqsrc-ledger-complete-source-family-generator-packet-finite-variation-robustness-readout-discriminant-obligation-packet.md,obsidian_note,generated_memory_note,generated_noncanonical,humans_and_agents,cd507a8fadd9059325aa6ebc7632f74759e81dc30de2e85b410f9fbc5c9c2618,TEX-RESEARCH-CONTROL-LOCALIZATION-SOURCE-BASIS-AXIOM-SELECTOR-DOMAIN-EQSRC-LEDGER-COMPLETE-SOURCE-FAMILY-GENERATOR-PACKET-FINITE-VARIATION-ROBUSTNESS-READOUT-DISCRIMINANT-OBLIGATION-PACKET,TEX-RESEARCH-CONTROL-LOCALIZATION-SOURCE-BASIS-AXIOM-SELECTOR-DOMAIN-EQSRC-LEDGER-COMPLETE-SOURCE-FAMILY-GENERATOR-PACKET-FINITE-VARIATION-ROBUSTNESS-READOUT-DISCRIMINANT-OBLIGATION-PACKET,,obsidian-wiki,PASS,2026-06-16T03:34:19Z,Generated local Obsidian memory note; not canonical authority.,TEX-RESEARCH-CONTROL-LOCALIZATION-SOURCE-BASIS-AXIOM-SELECTOR-DOMAIN-EQSRC-LEDGER-COMPLETE-SOURCE-FAMILY-GENERATOR-PACKET-FINITE-VARIATION-ROBUSTNESS-READOUT-DISCRIMINANT-OBLIGATION-PACKET,TEX_SOURCE_REGISTRY.csv,.local/obsidian/aether-flow-wiki,.local/obsidian/aether-flow-wiki/02_sources/tex/tex-research-control-localization-source-basis-axiom-selector-domain-eqsrc-ledger-complete-source-family-generator-packet-finite-variation-robustness-readout-discriminant-obligation-packet.md,.local/obsidian/aether-flow-wiki/01_raw/tex/tex-research-control-localization-source-basis-axiom-selector-domain-eqsrc-ledger-complete-source-family-generator-packet-finite-variation-robustness-readout-discriminant-obligation-packet.tex,,.local/obsidian/aether-flow-wiki/03_indexes/by-format-tex.md,local_generated,2026-06-16T03:34:19Z
VAULT-TEX-RESEARCH-CONTROL-LOCALIZATION-SOURCE-BASIS-AXIOM-SELECTOR-DOMAIN-EQSRC-LEDGER-COMPLETE-SOURCE-FAMILY-GENERATOR-PACKET-FINITE-VARIATION-ROBUSTNESS-READOUT-DISCRIMINANT-OBLIGATION-PACKET-REFUTER-STRESS-TEST,.local/obsidian/aether-flow-wiki/02_sources/tex/tex-research-control-localization-source-basis-axiom-selector-domain-eqsrc-ledger-complete-source-family-generator-packet-finite-variation-robustness-readout-discriminant-obligation-packet-refuter-stress-test.md,obsidian_note,generated_memory_note,generated_noncanonical,humans_and_agents,4d65bae9f7e49cd24ffb62f18da32d65c33a6e295c752ca9a8402680d8214607,TEX-RESEARCH-CONTROL-LOCALIZATION-SOURCE-BASIS-AXIOM-SELECTOR-DOMAIN-EQSRC-LEDGER-COMPLETE-SOURCE-FAMILY-GENERATOR-PACKET-FINITE-VARIATION-ROBUSTNESS-READOUT-DISCRIMINANT-OBLIGATION-PACKET-REFUTER-STRESS-TEST,TEX-RESEARCH-CONTROL-LOCALIZATION-SOURCE-BASIS-AXIOM-SELECTOR-DOMAIN-EQSRC-LEDGER-COMPLETE-SOURCE-FAMILY-GENERATOR-PACKET-FINITE-VARIATION-ROBUSTNESS-READOUT-DISCRIMINANT-OBLIGATION-PACKET-REFUTER-STRESS-TEST,,obsidian-wiki,PASS,2026-06-16T03:57:16Z,Generated local Obsidian memory note; not canonical authority.,TEX-RESEARCH-CONTROL-LOCALIZATION-SOURCE-BASIS-AXIOM-SELECTOR-DOMAIN-EQSRC-LEDGER-COMPLETE-SOURCE-FAMILY-GENERATOR-PACKET-FINITE-VARIATION-ROBUSTNESS-READOUT-DISCRIMINANT-OBLIGATION-PACKET-REFUTER-STRESS-TEST,TEX_SOURCE_REGISTRY.csv,.local/obsidian/aether-flow-wiki,.local/obsidian/aether-flow-wiki/02_sources/tex/tex-research-control-localization-source-basis-axiom-selector-domain-eqsrc-ledger-complete-source-family-generator-packet-finite-variation-robustness-readout-discriminant-obligation-packet-refuter-stress-test.md,.local/obsidian/aether-flow-wiki/01_raw/tex/tex-research-control-localization-source-basis-axiom-selector-domain-eqsrc-ledger-complete-source-family-generator-packet-finite-variation-robustness-readout-discriminant-obligation-packet-refuter-stress-test.tex,,.local/obsidian/aether-flow-wiki/03_indexes/by-format-tex.md,local_generated,2026-06-16T03:57:16Z
VAULT-TEX-RESEARCH-CONTROL-LOCALIZATION-SOURCE-BASIS-AXIOM-SELECTOR-DOMAIN-EQSRC-LEDGER-COMPLETE-SOURCE-FAMILY-GENERATOR-PACKET-FINITE-VARIATION-ROBUSTNESS-READOUT-DISCRIMINANT-OBLIGATION-PACKET-SMUGGLING-AUDIT,.local/obsidian/aether-flow-wiki/02_sources/tex/tex-research-control-localization-source-basis-axiom-selector-domain-eqsrc-ledger-complete-source-family-generator-packet-finite-variation-robustness-readout-discriminant-obligation-packet-smuggling-audit.md,obsidian_note,generated_memory_note,generated_noncanonical,humans_and_agents,168f8f74fc8d43a5fdff777715eb3a75567f76a0bbee9e5dcd5b90b752e4f092,TEX-RESEARCH-CONTROL-LOCALIZATION-SOURCE-BASIS-AXIOM-SELECTOR-DOMAIN-EQSRC-LEDGER-COMPLETE-SOURCE-FAMILY-GENERATOR-PACKET-FINITE-VARIATION-ROBUSTNESS-READOUT-DISCRIMINANT-OBLIGATION-PACKET-SMUGGLING-AUDIT,TEX-RESEARCH-CONTROL-LOCALIZATION-SOURCE-BASIS-AXIOM-SELECTOR-DOMAIN-EQSRC-LEDGER-COMPLETE-SOURCE-FAMILY-GENERATOR-PACKET-FINITE-VARIATION-ROBUSTNESS-READOUT-DISCRIMINANT-OBLIGATION-PACKET-SMUGGLING-AUDIT,,obsidian-wiki,PASS,2026-06-16T03:45:14Z,Generated local Obsidian memory note; not canonical authority.,TEX-RESEARCH-CONTROL-LOCALIZATION-SOURCE-BASIS-AXIOM-SELECTOR-DOMAIN-EQSRC-LEDGER-COMPLETE-SOURCE-FAMILY-GENERATOR-PACKET-FINITE-VARIATION-ROBUSTNESS-READOUT-DISCRIMINANT-OBLIGATION-PACKET-SMUGGLING-AUDIT,TEX_SOURCE_REGISTRY.csv,.local/obsidian/aether-flow-wiki,.local/obsidian/aether-flow-wiki/02_sources/tex/tex-research-control-localization-source-basis-axiom-selector-domain-eqsrc-ledger-complete-source-family-generator-packet-finite-variation-robustness-readout-discriminant-obligation-packet-smuggling-audit.md,.local/obsidian/aether-flow-wiki/01_raw/tex/tex-research-control-localization-source-basis-axiom-selector-domain-eqsrc-ledger-complete-source-family-generator-packet-finite-variation-robustness-readout-discriminant-obligation-packet-smuggling-audit.tex,,.local/obsidian/aether-flow-wiki/03_indexes/by-format-tex.md,local_generated,2026-06-16T03:45:14Z
VAULT-TEX-RESEARCH-CONTROL-LOCALIZATION-SOURCE-BASIS-AXIOM-SELECTOR-DOMAIN-EQSRC-LEDGER-COMPLETE-SOURCE-FAMILY-GENERATOR-PACKET-OBSERVER-LOCALIZING-SOLDERING-RULE-CONCRETE-WITNESS,.local/obsidian/aether-flow-wiki/02_sources/tex/tex-research-control-localization-source-basis-axiom-selector-domain-eqsrc-ledger-complete-source-family-generator-packet-observer-localizing-soldering-rule-concrete-witness.md,obsidian_note,generated_memory_note,generated_noncanonical,humans_and_agents,33961256457a059b9b7805c0c906f4336565ef62303ff5124f123f9599b4057f,TEX-RESEARCH-CONTROL-LOCALIZATION-SOURCE-BASIS-AXIOM-SELECTOR-DOMAIN-EQSRC-LEDGER-COMPLETE-SOURCE-FAMILY-GENERATOR-PACKET-OBSERVER-LOCALIZING-SOLDERING-RULE-CONCRETE-WITNESS,TEX-RESEARCH-CONTROL-LOCALIZATION-SOURCE-BASIS-AXIOM-SELECTOR-DOMAIN-EQSRC-LEDGER-COMPLETE-SOURCE-FAMILY-GENERATOR-PACKET-OBSERVER-LOCALIZING-SOLDERING-RULE-CONCRETE-WITNESS,,obsidian-wiki,PASS,2026-06-16T22:20:49Z,Generated local Obsidian memory note; not canonical authority.,TEX-RESEARCH-CONTROL-LOCALIZATION-SOURCE-BASIS-AXIOM-SELECTOR-DOMAIN-EQSRC-LEDGER-COMPLETE-SOURCE-FAMILY-GENERATOR-PACKET-OBSERVER-LOCALIZING-SOLDERING-RULE-CONCRETE-WITNESS,TEX_SOURCE_REGISTRY.csv,.local/obsidian/aether-flow-wiki,.local/obsidian/aether-flow-wiki/02_sources/tex/tex-research-control-localization-source-basis-axiom-selector-domain-eqsrc-ledger-complete-source-family-generator-packet-observer-localizing-soldering-rule-concrete-witness.md,.local/obsidian/aether-flow-wiki/01_raw/tex/tex-research-control-localization-source-basis-axiom-selector-domain-eqsrc-ledger-complete-source-family-generator-packet-observer-localizing-soldering-rule-concrete-witness.tex,,.local/obsidian/aether-flow-wiki/03_indexes/by-format-tex.md,local_generated,2026-06-16T22:20:49Z
VAULT-TEX-RESEARCH-CONTROL-LOCALIZATION-SOURCE-BASIS-AXIOM-SELECTOR-DOMAIN-EQSRC-LEDGER-COMPLETE-SOURCE-FAMILY-GENERATOR-PACKET-OBSERVER-LOCALIZING-SOLDERING-RULE-CONCRETE-WITNESS-SMUGGLING-AUDIT,.local/obsidian/aether-flow-wiki/02_sources/tex/tex-research-control-localization-source-basis-axiom-selector-domain-eqsrc-ledger-complete-source-family-generator-packet-observer-localizing-soldering-rule-concrete-witness-smuggling-audit.md,obsidian_note,generated_memory_note,generated_noncanonical,humans_and_agents,3d484e357325afc43d28de3793ce5e5de5203b30756c52ad45dcf9086cd15a3d,TEX-RESEARCH-CONTROL-LOCALIZATION-SOURCE-BASIS-AXIOM-SELECTOR-DOMAIN-EQSRC-LEDGER-COMPLETE-SOURCE-FAMILY-GENERATOR-PACKET-OBSERVER-LOCALIZING-SOLDERING-RULE-CONCRETE-WITNESS-SMUGGLING-AUDIT,TEX-RESEARCH-CONTROL-LOCALIZATION-SOURCE-BASIS-AXIOM-SELECTOR-DOMAIN-EQSRC-LEDGER-COMPLETE-SOURCE-FAMILY-GENERATOR-PACKET-OBSERVER-LOCALIZING-SOLDERING-RULE-CONCRETE-WITNESS-SMUGGLING-AUDIT,,obsidian-wiki,PASS,2026-06-16T23:00:06Z,Generated local Obsidian memory note; not canonical authority.,TEX-RESEARCH-CONTROL-LOCALIZATION-SOURCE-BASIS-AXIOM-SELECTOR-DOMAIN-EQSRC-LEDGER-COMPLETE-SOURCE-FAMILY-GENERATOR-PACKET-OBSERVER-LOCALIZING-SOLDERING-RULE-CONCRETE-WITNESS-SMUGGLING-AUDIT,TEX_SOURCE_REGISTRY.csv,.local/obsidian/aether-flow-wiki,.local/obsidian/aether-flow-wiki/02_sources/tex/tex-research-control-localization-source-basis-axiom-selector-domain-eqsrc-ledger-complete-source-family-generator-packet-observer-localizing-soldering-rule-concrete-witness-smuggling-audit.md,.local/obsidian/aether-flow-wiki/01_raw/tex/tex-research-control-localization-source-basis-axiom-selector-domain-eqsrc-ledger-complete-source-family-generator-packet-observer-localizing-soldering-rule-concrete-witness-smuggling-audit.tex,,.local/obsidian/aether-flow-wiki/03_indexes/by-format-tex.md,local_generated,2026-06-16T23:00:06Z
VAULT-TEX-RESEARCH-CONTROL-LOCALIZATION-SOURCE-BASIS-AXIOM-SELECTOR-DOMAIN-EQSRC-LEDGER-COMPLETE-SOURCE-FAMILY-GENERATOR-PACKET-OBSERVER-READOUT-BRIDGE-ATTEMPT,.local/obsidian/aether-flow-wiki/02_sources/tex/tex-research-control-localization-source-basis-axiom-selector-domain-eqsrc-ledger-complete-source-family-generator-packet-observer-readout-bridge-attempt.md,obsidian_note,generated_memory_note,generated_noncanonical,humans_and_agents,5f3db22eeadd698e390dca2e904db72ea68a1e2ffe7fe6b67584587ddc289ef7,TEX-RESEARCH-CONTROL-LOCALIZATION-SOURCE-BASIS-AXIOM-SELECTOR-DOMAIN-EQSRC-LEDGER-COMPLETE-SOURCE-FAMILY-GENERATOR-PACKET-OBSERVER-READOUT-BRIDGE-ATTEMPT,TEX-RESEARCH-CONTROL-LOCALIZATION-SOURCE-BASIS-AXIOM-SELECTOR-DOMAIN-EQSRC-LEDGER-COMPLETE-SOURCE-FAMILY-GENERATOR-PACKET-OBSERVER-READOUT-BRIDGE-ATTEMPT,,obsidian-wiki,PASS,2026-06-16T20:25:59Z,Generated local Obsidian memory note; not canonical authority.,TEX-RESEARCH-CONTROL-LOCALIZATION-SOURCE-BASIS-AXIOM-SELECTOR-DOMAIN-EQSRC-LEDGER-COMPLETE-SOURCE-FAMILY-GENERATOR-PACKET-OBSERVER-READOUT-BRIDGE-ATTEMPT,TEX_SOURCE_REGISTRY.csv,.local/obsidian/aether-flow-wiki,.local/obsidian/aether-flow-wiki/02_sources/tex/tex-research-control-localization-source-basis-axiom-selector-domain-eqsrc-ledger-complete-source-family-generator-packet-observer-readout-bridge-attempt.md,.local/obsidian/aether-flow-wiki/01_raw/tex/tex-research-control-localization-source-basis-axiom-selector-domain-eqsrc-ledger-complete-source-family-generator-packet-observer-readout-bridge-attempt.tex,,.local/obsidian/aether-flow-wiki/03_indexes/by-format-tex.md,local_generated,2026-06-16T20:25:59Z
VAULT-TEX-RESEARCH-CONTROL-LOCALIZATION-SOURCE-BASIS-AXIOM-SELECTOR-DOMAIN-EQSRC-LEDGER-COMPLETE-SOURCE-FAMILY-GENERATOR-PACKET-PRE-BRIDGE-ADEQUACY,.local/obsidian/aether-flow-wiki/02_sources/tex/tex-research-control-localization-source-basis-axiom-selector-domain-eqsrc-ledger-complete-source-family-generator-packet-pre-bridge-adequacy.md,obsidian_note,generated_memory_note,generated_noncanonical,humans_and_agents,5969278048dd986f5b07297614971040ce7ac30d0259e09e8dd92c157fbdada7,TEX-RESEARCH-CONTROL-LOCALIZATION-SOURCE-BASIS-AXIOM-SELECTOR-DOMAIN-EQSRC-LEDGER-COMPLETE-SOURCE-FAMILY-GENERATOR-PACKET-PRE-BRIDGE-ADEQUACY,TEX-RESEARCH-CONTROL-LOCALIZATION-SOURCE-BASIS-AXIOM-SELECTOR-DOMAIN-EQSRC-LEDGER-COMPLETE-SOURCE-FAMILY-GENERATOR-PACKET-PRE-BRIDGE-ADEQUACY,,obsidian-wiki,PASS,2026-06-15T23:09:03Z,Generated local Obsidian memory note; not canonical authority.,TEX-RESEARCH-CONTROL-LOCALIZATION-SOURCE-BASIS-AXIOM-SELECTOR-DOMAIN-EQSRC-LEDGER-COMPLETE-SOURCE-FAMILY-GENERATOR-PACKET-PRE-BRIDGE-ADEQUACY,TEX_SOURCE_REGISTRY.csv,.local/obsidian/aether-flow-wiki,.local/obsidian/aether-flow-wiki/02_sources/tex/tex-research-control-localization-source-basis-axiom-selector-domain-eqsrc-ledger-complete-source-family-generator-packet-pre-bridge-adequacy.md,.local/obsidian/aether-flow-wiki/01_raw/tex/tex-research-control-localization-source-basis-axiom-selector-domain-eqsrc-ledger-complete-source-family-generator-packet-pre-bridge-adequacy.tex,,.local/obsidian/aether-flow-wiki/03_indexes/by-format-tex.md,local_generated,2026-06-15T23:09:03Z
VAULT-TEX-RESEARCH-CONTROL-LOCALIZATION-SOURCE-BASIS-AXIOM-SELECTOR-DOMAIN-EQSRC-LEDGER-COMPLETE-SOURCE-FAMILY-GENERATOR-PACKET-PRE-BRIDGE-ADEQUACY-REFUTER-STRESS-TEST,.local/obsidian/aether-flow-wiki/02_sources/tex/tex-research-control-localization-source-basis-axiom-selector-domain-eqsrc-ledger-complete-source-family-generator-packet-pre-bridge-adequacy-refuter-stress-test.md,obsidian_note,generated_memory_note,generated_noncanonical,humans_and_agents,2e9c862cd102d30db9f536b0f551b1cc5fd97505e728de009e067156eab985e7,TEX-RESEARCH-CONTROL-LOCALIZATION-SOURCE-BASIS-AXIOM-SELECTOR-DOMAIN-EQSRC-LEDGER-COMPLETE-SOURCE-FAMILY-GENERATOR-PACKET-PRE-BRIDGE-ADEQUACY-REFUTER-STRESS-TEST,TEX-RESEARCH-CONTROL-LOCALIZATION-SOURCE-BASIS-AXIOM-SELECTOR-DOMAIN-EQSRC-LEDGER-COMPLETE-SOURCE-FAMILY-GENERATOR-PACKET-PRE-BRIDGE-ADEQUACY-REFUTER-STRESS-TEST,,obsidian-wiki,PASS,2026-06-16T00:18:10Z,Generated local Obsidian memory note; not canonical authority.,TEX-RESEARCH-CONTROL-LOCALIZATION-SOURCE-BASIS-AXIOM-SELECTOR-DOMAIN-EQSRC-LEDGER-COMPLETE-SOURCE-FAMILY-GENERATOR-PACKET-PRE-BRIDGE-ADEQUACY-REFUTER-STRESS-TEST,TEX_SOURCE_REGISTRY.csv,.local/obsidian/aether-flow-wiki,.local/obsidian/aether-flow-wiki/02_sources/tex/tex-research-control-localization-source-basis-axiom-selector-domain-eqsrc-ledger-complete-source-family-generator-packet-pre-bridge-adequacy-refuter-stress-test.md,.local/obsidian/aether-flow-wiki/01_raw/tex/tex-research-control-localization-source-basis-axiom-selector-domain-eqsrc-ledger-complete-source-family-generator-packet-pre-bridge-adequacy-refuter-stress-test.tex,,.local/obsidian/aether-flow-wiki/03_indexes/by-format-tex.md,local_generated,2026-06-16T00:18:10Z
VAULT-TEX-RESEARCH-CONTROL-LOCALIZATION-SOURCE-BASIS-AXIOM-SELECTOR-DOMAIN-EQSRC-LEDGER-COMPLETE-SOURCE-FAMILY-GENERATOR-PACKET-PRE-BRIDGE-ADEQUACY-SMUGGLING-AUDIT,.local/obsidian/aether-flow-wiki/02_sources/tex/tex-research-control-localization-source-basis-axiom-selector-domain-eqsrc-ledger-complete-source-family-generator-packet-pre-bridge-adequacy-smuggling-audit.md,obsidian_note,generated_memory_note,generated_noncanonical,humans_and_agents,eedda4af5535974c35d7ed20563878bfb188b80fd356f6f3cd7f118a621fe38a,TEX-RESEARCH-CONTROL-LOCALIZATION-SOURCE-BASIS-AXIOM-SELECTOR-DOMAIN-EQSRC-LEDGER-COMPLETE-SOURCE-FAMILY-GENERATOR-PACKET-PRE-BRIDGE-ADEQUACY-SMUGGLING-AUDIT,TEX-RESEARCH-CONTROL-LOCALIZATION-SOURCE-BASIS-AXIOM-SELECTOR-DOMAIN-EQSRC-LEDGER-COMPLETE-SOURCE-FAMILY-GENERATOR-PACKET-PRE-BRIDGE-ADEQUACY-SMUGGLING-AUDIT,,obsidian-wiki,PASS,2026-06-16T00:04:28Z,Generated local Obsidian memory note; not canonical authority.,TEX-RESEARCH-CONTROL-LOCALIZATION-SOURCE-BASIS-AXIOM-SELECTOR-DOMAIN-EQSRC-LEDGER-COMPLETE-SOURCE-FAMILY-GENERATOR-PACKET-PRE-BRIDGE-ADEQUACY-SMUGGLING-AUDIT,TEX_SOURCE_REGISTRY.csv,.local/obsidian/aether-flow-wiki,.local/obsidian/aether-flow-wiki/02_sources/tex/tex-research-control-localization-source-basis-axiom-selector-domain-eqsrc-ledger-complete-source-family-generator-packet-pre-bridge-adequacy-smuggling-audit.md,.local/obsidian/aether-flow-wiki/01_raw/tex/tex-research-control-localization-source-basis-axiom-selector-domain-eqsrc-ledger-complete-source-family-generator-packet-pre-bridge-adequacy-smuggling-audit.tex,,.local/obsidian/aether-flow-wiki/03_indexes/by-format-tex.md,local_generated,2026-06-16T00:04:28Z
VAULT-TEX-RESEARCH-CONTROL-LOCALIZATION-SOURCE-BASIS-AXIOM-SELECTOR-DOMAIN-EQSRC-LEDGER-COMPLETE-SOURCE-FAMILY-GENERATOR-PACKET-REFUTER-STRESS-TEST,.local/obsidian/aether-flow-wiki/02_sources/tex/tex-research-control-localization-source-basis-axiom-selector-domain-eqsrc-ledger-complete-source-family-generator-packet-refuter-stress-test.md,obsidian_note,generated_memory_note,generated_noncanonical,humans_and_agents,e47c4dd8da63e8ba74ef33688cacf01f627eea8e7f89e4eeb6706d1d279a9c60,TEX-RESEARCH-CONTROL-LOCALIZATION-SOURCE-BASIS-AXIOM-SELECTOR-DOMAIN-EQSRC-LEDGER-COMPLETE-SOURCE-FAMILY-GENERATOR-PACKET-REFUTER-STRESS-TEST,TEX-RESEARCH-CONTROL-LOCALIZATION-SOURCE-BASIS-AXIOM-SELECTOR-DOMAIN-EQSRC-LEDGER-COMPLETE-SOURCE-FAMILY-GENERATOR-PACKET-REFUTER-STRESS-TEST,,obsidian-wiki,PASS,2026-06-15T19:40:40Z,Generated local Obsidian memory note; not canonical authority.,TEX-RESEARCH-CONTROL-LOCALIZATION-SOURCE-BASIS-AXIOM-SELECTOR-DOMAIN-EQSRC-LEDGER-COMPLETE-SOURCE-FAMILY-GENERATOR-PACKET-REFUTER-STRESS-TEST,TEX_SOURCE_REGISTRY.csv,.local/obsidian/aether-flow-wiki,.local/obsidian/aether-flow-wiki/02_sources/tex/tex-research-control-localization-source-basis-axiom-selector-domain-eqsrc-ledger-complete-source-family-generator-packet-refuter-stress-test.md,.local/obsidian/aether-flow-wiki/01_raw/tex/tex-research-control-localization-source-basis-axiom-selector-domain-eqsrc-ledger-complete-source-family-generator-packet-refuter-stress-test.tex,,.local/obsidian/aether-flow-wiki/03_indexes/by-format-tex.md,local_generated,2026-06-15T19:40:40Z
VAULT-TEX-RESEARCH-CONTROL-LOCALIZATION-SOURCE-BASIS-AXIOM-SELECTOR-DOMAIN-EQSRC-LEDGER-COMPLETE-SOURCE-FAMILY-GENERATOR-PACKET-SMUGGLING-AUDIT,.local/obsidian/aether-flow-wiki/02_sources/tex/tex-research-control-localization-source-basis-axiom-selector-domain-eqsrc-ledger-complete-source-family-generator-packet-smuggling-audit.md,obsidian_note,generated_memory_note,generated_noncanonical,humans_and_agents,49a2d5151f92335a654927bdb6b4e7124f59d246eb04bf53f36cd556b3bd882b,TEX-RESEARCH-CONTROL-LOCALIZATION-SOURCE-BASIS-AXIOM-SELECTOR-DOMAIN-EQSRC-LEDGER-COMPLETE-SOURCE-FAMILY-GENERATOR-PACKET-SMUGGLING-AUDIT,TEX-RESEARCH-CONTROL-LOCALIZATION-SOURCE-BASIS-AXIOM-SELECTOR-DOMAIN-EQSRC-LEDGER-COMPLETE-SOURCE-FAMILY-GENERATOR-PACKET-SMUGGLING-AUDIT,,obsidian-wiki,PASS,2026-06-15T16:05:44Z,Generated local Obsidian memory note; not canonical authority.,TEX-RESEARCH-CONTROL-LOCALIZATION-SOURCE-BASIS-AXIOM-SELECTOR-DOMAIN-EQSRC-LEDGER-COMPLETE-SOURCE-FAMILY-GENERATOR-PACKET-SMUGGLING-AUDIT,TEX_SOURCE_REGISTRY.csv,.local/obsidian/aether-flow-wiki,.local/obsidian/aether-flow-wiki/02_sources/tex/tex-research-control-localization-source-basis-axiom-selector-domain-eqsrc-ledger-complete-source-family-generator-packet-smuggling-audit.md,.local/obsidian/aether-flow-wiki/01_raw/tex/tex-research-control-localization-source-basis-axiom-selector-domain-eqsrc-ledger-complete-source-family-generator-packet-smuggling-audit.tex,,.local/obsidian/aether-flow-wiki/03_indexes/by-format-tex.md,local_generated,2026-06-15T16:05:44Z
VAULT-TEX-RESEARCH-CONTROL-LOCALIZATION-SOURCE-BASIS-AXIOM-SELECTOR-DOMAIN-EQSRC-NON-ORBIT-REFINEMENT-FAMILY-DATUM,.local/obsidian/aether-flow-wiki/02_sources/tex/tex-research-control-localization-source-basis-axiom-selector-domain-eqsrc-non-orbit-refinement-family-datum.md,obsidian_note,generated_memory_note,generated_noncanonical,humans_and_agents,9c0e1238fd24947ff20f426e51117cfceb298209069994fcfc279e9880b4e019,TEX-RESEARCH-CONTROL-LOCALIZATION-SOURCE-BASIS-AXIOM-SELECTOR-DOMAIN-EQSRC-NON-ORBIT-REFINEMENT-FAMILY-DATUM,TEX-RESEARCH-CONTROL-LOCALIZATION-SOURCE-BASIS-AXIOM-SELECTOR-DOMAIN-EQSRC-NON-ORBIT-REFINEMENT-FAMILY-DATUM,,obsidian-wiki,PASS,2026-06-15T00:21:49Z,Generated local Obsidian memory note; not canonical authority.,TEX-RESEARCH-CONTROL-LOCALIZATION-SOURCE-BASIS-AXIOM-SELECTOR-DOMAIN-EQSRC-NON-ORBIT-REFINEMENT-FAMILY-DATUM,TEX_SOURCE_REGISTRY.csv,.local/obsidian/aether-flow-wiki,.local/obsidian/aether-flow-wiki/02_sources/tex/tex-research-control-localization-source-basis-axiom-selector-domain-eqsrc-non-orbit-refinement-family-datum.md,.local/obsidian/aether-flow-wiki/01_raw/tex/tex-research-control-localization-source-basis-axiom-selector-domain-eqsrc-non-orbit-refinement-family-datum.tex,,.local/obsidian/aether-flow-wiki/03_indexes/by-format-tex.md,local_generated,2026-06-15T00:21:49Z
VAULT-TEX-RESEARCH-CONTROL-LOCALIZATION-SOURCE-BASIS-AXIOM-SELECTOR-DOMAIN-EQSRC-NON-ORBIT-REFINEMENT-FAMILY-DATUM-REFUTER-STRESS-TEST,.local/obsidian/aether-flow-wiki/02_sources/tex/tex-research-control-localization-source-basis-axiom-selector-domain-eqsrc-non-orbit-refinement-family-datum-refuter-stress-test.md,obsidian_note,generated_memory_note,generated_noncanonical,humans_and_agents,12c1244ee0f9bfdb66bf54bb169fbd882fed3368001cafb9369fe8146998188e,TEX-RESEARCH-CONTROL-LOCALIZATION-SOURCE-BASIS-AXIOM-SELECTOR-DOMAIN-EQSRC-NON-ORBIT-REFINEMENT-FAMILY-DATUM-REFUTER-STRESS-TEST,TEX-RESEARCH-CONTROL-LOCALIZATION-SOURCE-BASIS-AXIOM-SELECTOR-DOMAIN-EQSRC-NON-ORBIT-REFINEMENT-FAMILY-DATUM-REFUTER-STRESS-TEST,,obsidian-wiki,PASS,2026-06-15T00:52:45Z,Generated local Obsidian memory note; not canonical authority.,TEX-RESEARCH-CONTROL-LOCALIZATION-SOURCE-BASIS-AXIOM-SELECTOR-DOMAIN-EQSRC-NON-ORBIT-REFINEMENT-FAMILY-DATUM-REFUTER-STRESS-TEST,TEX_SOURCE_REGISTRY.csv,.local/obsidian/aether-flow-wiki,.local/obsidian/aether-flow-wiki/02_sources/tex/tex-research-control-localization-source-basis-axiom-selector-domain-eqsrc-non-orbit-refinement-family-datum-refuter-stress-test.md,.local/obsidian/aether-flow-wiki/01_raw/tex/tex-research-control-localization-source-basis-axiom-selector-domain-eqsrc-non-orbit-refinement-family-datum-refuter-stress-test.tex,,.local/obsidian/aether-flow-wiki/03_indexes/by-format-tex.md,local_generated,2026-06-15T00:52:45Z
VAULT-TEX-RESEARCH-CONTROL-LOCALIZATION-SOURCE-BASIS-AXIOM-SELECTOR-DOMAIN-EQSRC-NON-ORBIT-REFINEMENT-FAMILY-DATUM-SMUGGLING-AUDIT,.local/obsidian/aether-flow-wiki/02_sources/tex/tex-research-control-localization-source-basis-axiom-selector-domain-eqsrc-non-orbit-refinement-family-datum-smuggling-audit.md,obsidian_note,generated_memory_note,generated_noncanonical,humans_and_agents,7bc82246e22477051b8ce9e0bb8ba4100f3a7e127e054e09c653708939eac5f7,TEX-RESEARCH-CONTROL-LOCALIZATION-SOURCE-BASIS-AXIOM-SELECTOR-DOMAIN-EQSRC-NON-ORBIT-REFINEMENT-FAMILY-DATUM-SMUGGLING-AUDIT,TEX-RESEARCH-CONTROL-LOCALIZATION-SOURCE-BASIS-AXIOM-SELECTOR-DOMAIN-EQSRC-NON-ORBIT-REFINEMENT-FAMILY-DATUM-SMUGGLING-AUDIT,,obsidian-wiki,PASS,2026-06-15T00:39:06Z,Generated local Obsidian memory note; not canonical authority.,TEX-RESEARCH-CONTROL-LOCALIZATION-SOURCE-BASIS-AXIOM-SELECTOR-DOMAIN-EQSRC-NON-ORBIT-REFINEMENT-FAMILY-DATUM-SMUGGLING-AUDIT,TEX_SOURCE_REGISTRY.csv,.local/obsidian/aether-flow-wiki,.local/obsidian/aether-flow-wiki/02_sources/tex/tex-research-control-localization-source-basis-axiom-selector-domain-eqsrc-non-orbit-refinement-family-datum-smuggling-audit.md,.local/obsidian/aether-flow-wiki/01_raw/tex/tex-research-control-localization-source-basis-axiom-selector-domain-eqsrc-non-orbit-refinement-family-datum-smuggling-audit.tex,,.local/obsidian/aether-flow-wiki/03_indexes/by-format-tex.md,local_generated,2026-06-15T00:39:06Z
VAULT-TEX-RESEARCH-CONTROL-LOCALIZATION-SOURCE-BASIS-AXIOM-SELECTOR-DOMAIN-EQSRC-NON-ORBIT-REFINEMENT-FAMILY-EXTENSION-OBSTRUCTION-PACKET-OR-CONTROLLED-PAUSE,.local/obsidian/aether-flow-wiki/02_sources/tex/tex-research-control-localization-source-basis-axiom-selector-domain-eqsrc-non-orbit-refinement-family-extension-obstruction-packet-or-controlled-pause.md,obsidian_note,generated_memory_note,generated_noncanonical,humans_and_agents,bca2eef8ecbcf6c3204cbe5ef50f5f38867f1774fcc1b412dab6f127b080fab5,TEX-RESEARCH-CONTROL-LOCALIZATION-SOURCE-BASIS-AXIOM-SELECTOR-DOMAIN-EQSRC-NON-ORBIT-REFINEMENT-FAMILY-EXTENSION-OBSTRUCTION-PACKET-OR-CONTROLLED-PAUSE,TEX-RESEARCH-CONTROL-LOCALIZATION-SOURCE-BASIS-AXIOM-SELECTOR-DOMAIN-EQSRC-NON-ORBIT-REFINEMENT-FAMILY-EXTENSION-OBSTRUCTION-PACKET-OR-CONTROLLED-PAUSE,,obsidian-wiki,PASS,2026-06-15T01:04:04Z,Generated local Obsidian memory note; not canonical authority.,TEX-RESEARCH-CONTROL-LOCALIZATION-SOURCE-BASIS-AXIOM-SELECTOR-DOMAIN-EQSRC-NON-ORBIT-REFINEMENT-FAMILY-EXTENSION-OBSTRUCTION-PACKET-OR-CONTROLLED-PAUSE,TEX_SOURCE_REGISTRY.csv,.local/obsidian/aether-flow-wiki,.local/obsidian/aether-flow-wiki/02_sources/tex/tex-research-control-localization-source-basis-axiom-selector-domain-eqsrc-non-orbit-refinement-family-extension-obstruction-packet-or-controlled-pause.md,.local/obsidian/aether-flow-wiki/01_raw/tex/tex-research-control-localization-source-basis-axiom-selector-domain-eqsrc-non-orbit-refinement-family-extension-obstruction-packet-or-controlled-pause.tex,,.local/obsidian/aether-flow-wiki/03_indexes/by-format-tex.md,local_generated,2026-06-15T01:04:04Z
VAULT-TEX-RESEARCH-CONTROL-LOCALIZATION-SOURCE-BASIS-AXIOM-SELECTOR-DOMAIN-EQSRC-NON-ORBIT-SOURCE-OBJECT-FAMILY-OBLIGATION-PACKET-OR-CONTROLLED-PAUSE,.local/obsidian/aether-flow-wiki/02_sources/tex/tex-research-control-localization-source-basis-axiom-selector-domain-eqsrc-non-orbit-source-object-family-obligation-packet-or-controlled-pause.md,obsidian_note,generated_memory_note,generated_noncanonical,humans_and_agents,7314176cb94ca628fbc4a3f64d914886ffb21fcc5899ef85177defca8d68ec42,TEX-RESEARCH-CONTROL-LOCALIZATION-SOURCE-BASIS-AXIOM-SELECTOR-DOMAIN-EQSRC-NON-ORBIT-SOURCE-OBJECT-FAMILY-OBLIGATION-PACKET-OR-CONTROLLED-PAUSE,TEX-RESEARCH-CONTROL-LOCALIZATION-SOURCE-BASIS-AXIOM-SELECTOR-DOMAIN-EQSRC-NON-ORBIT-SOURCE-OBJECT-FAMILY-OBLIGATION-PACKET-OR-CONTROLLED-PAUSE,,obsidian-wiki,PASS,2026-06-15T00:00:40Z,Generated local Obsidian memory note; not canonical authority.,TEX-RESEARCH-CONTROL-LOCALIZATION-SOURCE-BASIS-AXIOM-SELECTOR-DOMAIN-EQSRC-NON-ORBIT-SOURCE-OBJECT-FAMILY-OBLIGATION-PACKET-OR-CONTROLLED-PAUSE,TEX_SOURCE_REGISTRY.csv,.local/obsidian/aether-flow-wiki,.local/obsidian/aether-flow-wiki/02_sources/tex/tex-research-control-localization-source-basis-axiom-selector-domain-eqsrc-non-orbit-source-object-family-obligation-packet-or-controlled-pause.md,.local/obsidian/aether-flow-wiki/01_raw/tex/tex-research-control-localization-source-basis-axiom-selector-domain-eqsrc-non-orbit-source-object-family-obligation-packet-or-controlled-pause.tex,,.local/obsidian/aether-flow-wiki/03_indexes/by-format-tex.md,local_generated,2026-06-15T00:00:40Z
VAULT-TEX-RESEARCH-CONTROL-LOCALIZATION-SOURCE-BASIS-AXIOM-SELECTOR-DOMAIN-EQSRC-RELABELING-ORBIT-OBSTRUCTION-PACKET-OR-CONTROLLED-PAUSE,.local/obsidian/aether-flow-wiki/02_sources/tex/tex-research-control-localization-source-basis-axiom-selector-domain-eqsrc-relabeling-orbit-obstruction-packet-or-controlled-pause.md,obsidian_note,generated_memory_note,generated_noncanonical,humans_and_agents,595f1adced4fb3b8522f193340007a0ce63a8f21ca7b86f76b5829df97f116d1,TEX-RESEARCH-CONTROL-LOCALIZATION-SOURCE-BASIS-AXIOM-SELECTOR-DOMAIN-EQSRC-RELABELING-ORBIT-OBSTRUCTION-PACKET-OR-CONTROLLED-PAUSE,TEX-RESEARCH-CONTROL-LOCALIZATION-SOURCE-BASIS-AXIOM-SELECTOR-DOMAIN-EQSRC-RELABELING-ORBIT-OBSTRUCTION-PACKET-OR-CONTROLLED-PAUSE,,obsidian-wiki,PASS,2026-06-14T04:52:47Z,Generated local Obsidian memory note; not canonical authority.,TEX-RESEARCH-CONTROL-LOCALIZATION-SOURCE-BASIS-AXIOM-SELECTOR-DOMAIN-EQSRC-RELABELING-ORBIT-OBSTRUCTION-PACKET-OR-CONTROLLED-PAUSE,TEX_SOURCE_REGISTRY.csv,.local/obsidian/aether-flow-wiki,.local/obsidian/aether-flow-wiki/02_sources/tex/tex-research-control-localization-source-basis-axiom-selector-domain-eqsrc-relabeling-orbit-obstruction-packet-or-controlled-pause.md,.local/obsidian/aether-flow-wiki/01_raw/tex/tex-research-control-localization-source-basis-axiom-selector-domain-eqsrc-relabeling-orbit-obstruction-packet-or-controlled-pause.tex,,.local/obsidian/aether-flow-wiki/03_indexes/by-format-tex.md,local_generated,2026-06-14T04:52:47Z
VAULT-TEX-RESEARCH-CONTROL-LOCALIZATION-SOURCE-BASIS-AXIOM-SELECTOR-DOMAIN-EQSRC-RELABELING-ORBIT-SOURCE-FAMILY-PACKET-OR-CONTROLLED-PAUSE,.local/obsidian/aether-flow-wiki/02_sources/tex/tex-research-control-localization-source-basis-axiom-selector-domain-eqsrc-relabeling-orbit-source-family-packet-or-controlled-pause.md,obsidian_note,generated_memory_note,generated_noncanonical,humans_and_agents,cf952efe26e0ba423b6c339864043990f9b64b0a0cb0c28007a2a7d47470cb4c,TEX-RESEARCH-CONTROL-LOCALIZATION-SOURCE-BASIS-AXIOM-SELECTOR-DOMAIN-EQSRC-RELABELING-ORBIT-SOURCE-FAMILY-PACKET-OR-CONTROLLED-PAUSE,TEX-RESEARCH-CONTROL-LOCALIZATION-SOURCE-BASIS-AXIOM-SELECTOR-DOMAIN-EQSRC-RELABELING-ORBIT-SOURCE-FAMILY-PACKET-OR-CONTROLLED-PAUSE,,obsidian-wiki,PASS,2026-06-14T22:48:31Z,Generated local Obsidian memory note; not canonical authority.,TEX-RESEARCH-CONTROL-LOCALIZATION-SOURCE-BASIS-AXIOM-SELECTOR-DOMAIN-EQSRC-RELABELING-ORBIT-SOURCE-FAMILY-PACKET-OR-CONTROLLED-PAUSE,TEX_SOURCE_REGISTRY.csv,.local/obsidian/aether-flow-wiki,.local/obsidian/aether-flow-wiki/02_sources/tex/tex-research-control-localization-source-basis-axiom-selector-domain-eqsrc-relabeling-orbit-source-family-packet-or-controlled-pause.md,.local/obsidian/aether-flow-wiki/01_raw/tex/tex-research-control-localization-source-basis-axiom-selector-domain-eqsrc-relabeling-orbit-source-family-packet-or-controlled-pause.tex,,.local/obsidian/aether-flow-wiki/03_indexes/by-format-tex.md,local_generated,2026-06-14T22:48:31Z
VAULT-TEX-RESEARCH-CONTROL-LOCALIZATION-SOURCE-BASIS-AXIOM-SELECTOR-DOMAIN-EQSRC-RELABELING-ORBIT-SOURCE-FAMILY-PACKET-SMUGGLING-AUDIT,.local/obsidian/aether-flow-wiki/02_sources/tex/tex-research-control-localization-source-basis-axiom-selector-domain-eqsrc-relabeling-orbit-source-family-packet-smuggling-audit.md,obsidian_note,generated_memory_note,generated_noncanonical,humans_and_agents,ea3dd7b86a8a391ce3bc4cb12d4bb63bb8585c660ec8d915e2dadbf3bfb13eed,TEX-RESEARCH-CONTROL-LOCALIZATION-SOURCE-BASIS-AXIOM-SELECTOR-DOMAIN-EQSRC-RELABELING-ORBIT-SOURCE-FAMILY-PACKET-SMUGGLING-AUDIT,TEX-RESEARCH-CONTROL-LOCALIZATION-SOURCE-BASIS-AXIOM-SELECTOR-DOMAIN-EQSRC-RELABELING-ORBIT-SOURCE-FAMILY-PACKET-SMUGGLING-AUDIT,,obsidian-wiki,PASS,2026-06-14T23:02:16Z,Generated local Obsidian memory note; not canonical authority.,TEX-RESEARCH-CONTROL-LOCALIZATION-SOURCE-BASIS-AXIOM-SELECTOR-DOMAIN-EQSRC-RELABELING-ORBIT-SOURCE-FAMILY-PACKET-SMUGGLING-AUDIT,TEX_SOURCE_REGISTRY.csv,.local/obsidian/aether-flow-wiki,.local/obsidian/aether-flow-wiki/02_sources/tex/tex-research-control-localization-source-basis-axiom-selector-domain-eqsrc-relabeling-orbit-source-family-packet-smuggling-audit.md,.local/obsidian/aether-flow-wiki/01_raw/tex/tex-research-control-localization-source-basis-axiom-selector-domain-eqsrc-relabeling-orbit-source-family-packet-smuggling-audit.tex,,.local/obsidian/aether-flow-wiki/03_indexes/by-format-tex.md,local_generated,2026-06-14T23:02:16Z
VAULT-TEX-RESEARCH-CONTROL-LOCALIZATION-SOURCE-BASIS-AXIOM-SELECTOR-DOMAIN-EQSRC-SOURCE-EQUIVALENCE-OBLIGATION-PACKET-OR-CONTROLLED-PAUSE,.local/obsidian/aether-flow-wiki/02_sources/tex/tex-research-control-localization-source-basis-axiom-selector-domain-eqsrc-source-equivalence-obligation-packet-or-controlled-pause.md,obsidian_note,generated_memory_note,generated_noncanonical,humans_and_agents,bf56d4587d0875e1f9cb244fe3f6acc2b36c522ec96ef9221b9bb1cfb4d42a2d,TEX-RESEARCH-CONTROL-LOCALIZATION-SOURCE-BASIS-AXIOM-SELECTOR-DOMAIN-EQSRC-SOURCE-EQUIVALENCE-OBLIGATION-PACKET-OR-CONTROLLED-PAUSE,TEX-RESEARCH-CONTROL-LOCALIZATION-SOURCE-BASIS-AXIOM-SELECTOR-DOMAIN-EQSRC-SOURCE-EQUIVALENCE-OBLIGATION-PACKET-OR-CONTROLLED-PAUSE,,obsidian-wiki,PASS,2026-06-14T02:24:51Z,Generated local Obsidian memory note; not canonical authority.,TEX-RESEARCH-CONTROL-LOCALIZATION-SOURCE-BASIS-AXIOM-SELECTOR-DOMAIN-EQSRC-SOURCE-EQUIVALENCE-OBLIGATION-PACKET-OR-CONTROLLED-PAUSE,TEX_SOURCE_REGISTRY.csv,.local/obsidian/aether-flow-wiki,.local/obsidian/aether-flow-wiki/02_sources/tex/tex-research-control-localization-source-basis-axiom-selector-domain-eqsrc-source-equivalence-obligation-packet-or-controlled-pause.md,.local/obsidian/aether-flow-wiki/01_raw/tex/tex-research-control-localization-source-basis-axiom-selector-domain-eqsrc-source-equivalence-obligation-packet-or-controlled-pause.tex,,.local/obsidian/aether-flow-wiki/03_indexes/by-format-tex.md,local_generated,2026-06-14T02:24:51Z
VAULT-TEX-RESEARCH-CONTROL-LOCALIZATION-SOURCE-BASIS-AXIOM-SELECTOR-DOMAIN-EQSRC-SOURCE-RELABELING-ISOMORPHISM-DATUM,.local/obsidian/aether-flow-wiki/02_sources/tex/tex-research-control-localization-source-basis-axiom-selector-domain-eqsrc-source-relabeling-isomorphism-datum.md,obsidian_note,generated_memory_note,generated_noncanonical,humans_and_agents,54ed98e8252994b4671088ea23c5eaf3212148ecc7451e5e26bb2b2e92c6eb9b,TEX-RESEARCH-CONTROL-LOCALIZATION-SOURCE-BASIS-AXIOM-SELECTOR-DOMAIN-EQSRC-SOURCE-RELABELING-ISOMORPHISM-DATUM,TEX-RESEARCH-CONTROL-LOCALIZATION-SOURCE-BASIS-AXIOM-SELECTOR-DOMAIN-EQSRC-SOURCE-RELABELING-ISOMORPHISM-DATUM,,obsidian-wiki,PASS,2026-06-14T02:49:35Z,Generated local Obsidian memory note; not canonical authority.,TEX-RESEARCH-CONTROL-LOCALIZATION-SOURCE-BASIS-AXIOM-SELECTOR-DOMAIN-EQSRC-SOURCE-RELABELING-ISOMORPHISM-DATUM,TEX_SOURCE_REGISTRY.csv,.local/obsidian/aether-flow-wiki,.local/obsidian/aether-flow-wiki/02_sources/tex/tex-research-control-localization-source-basis-axiom-selector-domain-eqsrc-source-relabeling-isomorphism-datum.md,.local/obsidian/aether-flow-wiki/01_raw/tex/tex-research-control-localization-source-basis-axiom-selector-domain-eqsrc-source-relabeling-isomorphism-datum.tex,,.local/obsidian/aether-flow-wiki/03_indexes/by-format-tex.md,local_generated,2026-06-14T02:49:35Z
VAULT-TEX-RESEARCH-CONTROL-LOCALIZATION-SOURCE-BASIS-AXIOM-SELECTOR-DOMAIN-EQSRC-SOURCE-RELABELING-ISOMORPHISM-DATUM-REFUTER-STRESS-TEST,.local/obsidian/aether-flow-wiki/02_sources/tex/tex-research-control-localization-source-basis-axiom-selector-domain-eqsrc-source-relabeling-isomorphism-datum-refuter-stress-test.md,obsidian_note,generated_memory_note,generated_noncanonical,humans_and_agents,816be50287d846dc4d97b30d14fe9658f6da83b06bfbc250039dfed9bbd34fd4,TEX-RESEARCH-CONTROL-LOCALIZATION-SOURCE-BASIS-AXIOM-SELECTOR-DOMAIN-EQSRC-SOURCE-RELABELING-ISOMORPHISM-DATUM-REFUTER-STRESS-TEST,TEX-RESEARCH-CONTROL-LOCALIZATION-SOURCE-BASIS-AXIOM-SELECTOR-DOMAIN-EQSRC-SOURCE-RELABELING-ISOMORPHISM-DATUM-REFUTER-STRESS-TEST,,obsidian-wiki,PASS,2026-06-14T04:43:26Z,Generated local Obsidian memory note; not canonical authority.,TEX-RESEARCH-CONTROL-LOCALIZATION-SOURCE-BASIS-AXIOM-SELECTOR-DOMAIN-EQSRC-SOURCE-RELABELING-ISOMORPHISM-DATUM-REFUTER-STRESS-TEST,TEX_SOURCE_REGISTRY.csv,.local/obsidian/aether-flow-wiki,.local/obsidian/aether-flow-wiki/02_sources/tex/tex-research-control-localization-source-basis-axiom-selector-domain-eqsrc-source-relabeling-isomorphism-datum-refuter-stress-test.md,.local/obsidian/aether-flow-wiki/01_raw/tex/tex-research-control-localization-source-basis-axiom-selector-domain-eqsrc-source-relabeling-isomorphism-datum-refuter-stress-test.tex,,.local/obsidian/aether-flow-wiki/03_indexes/by-format-tex.md,local_generated,2026-06-14T04:43:26Z
VAULT-TEX-RESEARCH-CONTROL-LOCALIZATION-SOURCE-BASIS-AXIOM-SELECTOR-DOMAIN-EQSRC-SOURCE-RELABELING-ISOMORPHISM-DATUM-SMUGGLING-AUDIT,.local/obsidian/aether-flow-wiki/02_sources/tex/tex-research-control-localization-source-basis-axiom-selector-domain-eqsrc-source-relabeling-isomorphism-datum-smuggling-audit.md,obsidian_note,generated_memory_note,generated_noncanonical,humans_and_agents,d382a32a7f3819ed0048a11b4e1736d34b80f47db5d81f0408c96adb6531fe26,TEX-RESEARCH-CONTROL-LOCALIZATION-SOURCE-BASIS-AXIOM-SELECTOR-DOMAIN-EQSRC-SOURCE-RELABELING-ISOMORPHISM-DATUM-SMUGGLING-AUDIT,TEX-RESEARCH-CONTROL-LOCALIZATION-SOURCE-BASIS-AXIOM-SELECTOR-DOMAIN-EQSRC-SOURCE-RELABELING-ISOMORPHISM-DATUM-SMUGGLING-AUDIT,,obsidian-wiki,PASS,2026-06-14T03:03:07Z,Generated local Obsidian memory note; not canonical authority.,TEX-RESEARCH-CONTROL-LOCALIZATION-SOURCE-BASIS-AXIOM-SELECTOR-DOMAIN-EQSRC-SOURCE-RELABELING-ISOMORPHISM-DATUM-SMUGGLING-AUDIT,TEX_SOURCE_REGISTRY.csv,.local/obsidian/aether-flow-wiki,.local/obsidian/aether-flow-wiki/02_sources/tex/tex-research-control-localization-source-basis-axiom-selector-domain-eqsrc-source-relabeling-isomorphism-datum-smuggling-audit.md,.local/obsidian/aether-flow-wiki/01_raw/tex/tex-research-control-localization-source-basis-axiom-selector-domain-eqsrc-source-relabeling-isomorphism-datum-smuggling-audit.tex,,.local/obsidian/aether-flow-wiki/03_indexes/by-format-tex.md,local_generated,2026-06-14T03:03:07Z
VAULT-TEX-RESEARCH-CONTROL-LOCALIZATION-SOURCE-BASIS-AXIOM-SELECTOR-DOMAIN-EQSRC-TRI-FAMILY-OBSTRUCTION-PACKET-OR-CONTROLLED-PAUSE,.local/obsidian/aether-flow-wiki/02_sources/tex/tex-research-control-localization-source-basis-axiom-selector-domain-eqsrc-tri-family-obstruction-packet-or-controlled-pause.md,obsidian_note,generated_memory_note,generated_noncanonical,humans_and_agents,c94228f2bda6cc9f2c3ae912745ca1b0d21b5d7aa48e079185e1aae6a4393cc7,TEX-RESEARCH-CONTROL-LOCALIZATION-SOURCE-BASIS-AXIOM-SELECTOR-DOMAIN-EQSRC-TRI-FAMILY-OBSTRUCTION-PACKET-OR-CONTROLLED-PAUSE,TEX-RESEARCH-CONTROL-LOCALIZATION-SOURCE-BASIS-AXIOM-SELECTOR-DOMAIN-EQSRC-TRI-FAMILY-OBSTRUCTION-PACKET-OR-CONTROLLED-PAUSE,,obsidian-wiki,PASS,2026-06-15T04:16:33Z,Generated local Obsidian memory note; not canonical authority.,TEX-RESEARCH-CONTROL-LOCALIZATION-SOURCE-BASIS-AXIOM-SELECTOR-DOMAIN-EQSRC-TRI-FAMILY-OBSTRUCTION-PACKET-OR-CONTROLLED-PAUSE,TEX_SOURCE_REGISTRY.csv,.local/obsidian/aether-flow-wiki,.local/obsidian/aether-flow-wiki/02_sources/tex/tex-research-control-localization-source-basis-axiom-selector-domain-eqsrc-tri-family-obstruction-packet-or-controlled-pause.md,.local/obsidian/aether-flow-wiki/01_raw/tex/tex-research-control-localization-source-basis-axiom-selector-domain-eqsrc-tri-family-obstruction-packet-or-controlled-pause.tex,,.local/obsidian/aether-flow-wiki/03_indexes/by-format-tex.md,local_generated,2026-06-15T04:16:33Z
VAULT-TEX-RESEARCH-CONTROL-LOCALIZATION-SOURCE-BASIS-AXIOM-SELECTOR-DOMAIN-FINITE-SURVEY-PROTOCOL-BENCHMARK-INDEPENDENCE-REFUTATION,.local/obsidian/aether-flow-wiki/02_sources/tex/tex-research-control-localization-source-basis-axiom-selector-domain-finite-survey-protocol-benchmark-independence-refutation.md,obsidian_note,generated_memory_note,generated_noncanonical,humans_and_agents,c6d9841859cbeb40ecb2b1f6e629aa76b455e8c75151d1bc14ac24ee9e8f9332,TEX-RESEARCH-CONTROL-LOCALIZATION-SOURCE-BASIS-AXIOM-SELECTOR-DOMAIN-FINITE-SURVEY-PROTOCOL-BENCHMARK-INDEPENDENCE-REFUTATION,TEX-RESEARCH-CONTROL-LOCALIZATION-SOURCE-BASIS-AXIOM-SELECTOR-DOMAIN-FINITE-SURVEY-PROTOCOL-BENCHMARK-INDEPENDENCE-REFUTATION,,obsidian-wiki,PASS,2026-06-10T05:36:37Z,Generated local Obsidian memory note; not canonical authority.,TEX-RESEARCH-CONTROL-LOCALIZATION-SOURCE-BASIS-AXIOM-SELECTOR-DOMAIN-FINITE-SURVEY-PROTOCOL-BENCHMARK-INDEPENDENCE-REFUTATION,TEX_SOURCE_REGISTRY.csv,.local/obsidian/aether-flow-wiki,.local/obsidian/aether-flow-wiki/02_sources/tex/tex-research-control-localization-source-basis-axiom-selector-domain-finite-survey-protocol-benchmark-independence-refutation.md,.local/obsidian/aether-flow-wiki/01_raw/tex/tex-research-control-localization-source-basis-axiom-selector-domain-finite-survey-protocol-benchmark-independence-refutation.tex,,.local/obsidian/aether-flow-wiki/03_indexes/by-format-tex.md,local_generated,2026-06-10T05:36:37Z
VAULT-TEX-RESEARCH-CONTROL-LOCALIZATION-SOURCE-BASIS-AXIOM-SELECTOR-DOMAIN-FINITE-SURVEY-PROTOCOL-PACKET,.local/obsidian/aether-flow-wiki/02_sources/tex/tex-research-control-localization-source-basis-axiom-selector-domain-finite-survey-protocol-packet.md,obsidian_note,generated_memory_note,generated_noncanonical,humans_and_agents,33d1114b654f302f817894ef9933ca272ae7a0f0804bd3cc00a4ef77005a001f,TEX-RESEARCH-CONTROL-LOCALIZATION-SOURCE-BASIS-AXIOM-SELECTOR-DOMAIN-FINITE-SURVEY-PROTOCOL-PACKET,TEX-RESEARCH-CONTROL-LOCALIZATION-SOURCE-BASIS-AXIOM-SELECTOR-DOMAIN-FINITE-SURVEY-PROTOCOL-PACKET,,obsidian-wiki,PASS,2026-06-10T00:47:57Z,Generated local Obsidian memory note; not canonical authority.,TEX-RESEARCH-CONTROL-LOCALIZATION-SOURCE-BASIS-AXIOM-SELECTOR-DOMAIN-FINITE-SURVEY-PROTOCOL-PACKET,TEX_SOURCE_REGISTRY.csv,.local/obsidian/aether-flow-wiki,.local/obsidian/aether-flow-wiki/02_sources/tex/tex-research-control-localization-source-basis-axiom-selector-domain-finite-survey-protocol-packet.md,.local/obsidian/aether-flow-wiki/01_raw/tex/tex-research-control-localization-source-basis-axiom-selector-domain-finite-survey-protocol-packet.tex,,.local/obsidian/aether-flow-wiki/03_indexes/by-format-tex.md,local_generated,2026-06-10T00:47:57Z
VAULT-TEX-RESEARCH-CONTROL-LOCALIZATION-SOURCE-BASIS-AXIOM-SELECTOR-DOMAIN-FINITE-SURVEY-PROTOCOL-SMUGGLING-AUDIT,.local/obsidian/aether-flow-wiki/02_sources/tex/tex-research-control-localization-source-basis-axiom-selector-domain-finite-survey-protocol-smuggling-audit.md,obsidian_note,generated_memory_note,generated_noncanonical,humans_and_agents,fb39d36e78b99480b64f0caf2d3e2824ce8b4d96582f29866be91237e4118922,TEX-RESEARCH-CONTROL-LOCALIZATION-SOURCE-BASIS-AXIOM-SELECTOR-DOMAIN-FINITE-SURVEY-PROTOCOL-SMUGGLING-AUDIT,TEX-RESEARCH-CONTROL-LOCALIZATION-SOURCE-BASIS-AXIOM-SELECTOR-DOMAIN-FINITE-SURVEY-PROTOCOL-SMUGGLING-AUDIT,,obsidian-wiki,PASS,2026-06-10T00:55:56Z,Generated local Obsidian memory note; not canonical authority.,TEX-RESEARCH-CONTROL-LOCALIZATION-SOURCE-BASIS-AXIOM-SELECTOR-DOMAIN-FINITE-SURVEY-PROTOCOL-SMUGGLING-AUDIT,TEX_SOURCE_REGISTRY.csv,.local/obsidian/aether-flow-wiki,.local/obsidian/aether-flow-wiki/02_sources/tex/tex-research-control-localization-source-basis-axiom-selector-domain-finite-survey-protocol-smuggling-audit.md,.local/obsidian/aether-flow-wiki/01_raw/tex/tex-research-control-localization-source-basis-axiom-selector-domain-finite-survey-protocol-smuggling-audit.tex,,.local/obsidian/aether-flow-wiki/03_indexes/by-format-tex.md,local_generated,2026-06-10T00:55:56Z
VAULT-TEX-RESEARCH-CONTROL-LOCALIZATION-SOURCE-BASIS-AXIOM-SELECTOR-DOMAIN-FINITE-VARIATION-BENCHMARK-INDEPENDENCE-REFUTATION,.local/obsidian/aether-flow-wiki/02_sources/tex/tex-research-control-localization-source-basis-axiom-selector-domain-finite-variation-benchmark-independence-refutation.md,obsidian_note,generated_memory_note,generated_noncanonical,humans_and_agents,a92b9618c041b810875c1b22682780679ca543e221342258f35b7022c0d473c3,TEX-RESEARCH-CONTROL-LOCALIZATION-SOURCE-BASIS-AXIOM-SELECTOR-DOMAIN-FINITE-VARIATION-BENCHMARK-INDEPENDENCE-REFUTATION,TEX-RESEARCH-CONTROL-LOCALIZATION-SOURCE-BASIS-AXIOM-SELECTOR-DOMAIN-FINITE-VARIATION-BENCHMARK-INDEPENDENCE-REFUTATION,,obsidian-wiki,PASS,2026-06-11T03:48:38Z,Generated local Obsidian memory note; not canonical authority.,TEX-RESEARCH-CONTROL-LOCALIZATION-SOURCE-BASIS-AXIOM-SELECTOR-DOMAIN-FINITE-VARIATION-BENCHMARK-INDEPENDENCE-REFUTATION,TEX_SOURCE_REGISTRY.csv,.local/obsidian/aether-flow-wiki,.local/obsidian/aether-flow-wiki/02_sources/tex/tex-research-control-localization-source-basis-axiom-selector-domain-finite-variation-benchmark-independence-refutation.md,.local/obsidian/aether-flow-wiki/01_raw/tex/tex-research-control-localization-source-basis-axiom-selector-domain-finite-variation-benchmark-independence-refutation.tex,,.local/obsidian/aether-flow-wiki/03_indexes/by-format-tex.md,local_generated,2026-06-11T03:48:38Z
VAULT-TEX-RESEARCH-CONTROL-LOCALIZATION-SOURCE-BASIS-AXIOM-SELECTOR-DOMAIN-FINITE-VARIATION-REPAIR-PACKET,.local/obsidian/aether-flow-wiki/02_sources/tex/tex-research-control-localization-source-basis-axiom-selector-domain-finite-variation-repair-packet.md,obsidian_note,generated_memory_note,generated_noncanonical,humans_and_agents,c66851e47ed58604ca63a54828caef092cd1efa91f9f15b6cd5f8ff01aa0260a,TEX-RESEARCH-CONTROL-LOCALIZATION-SOURCE-BASIS-AXIOM-SELECTOR-DOMAIN-FINITE-VARIATION-REPAIR-PACKET,TEX-RESEARCH-CONTROL-LOCALIZATION-SOURCE-BASIS-AXIOM-SELECTOR-DOMAIN-FINITE-VARIATION-REPAIR-PACKET,,obsidian-wiki,PASS,2026-06-10T05:48:43Z,Generated local Obsidian memory note; not canonical authority.,TEX-RESEARCH-CONTROL-LOCALIZATION-SOURCE-BASIS-AXIOM-SELECTOR-DOMAIN-FINITE-VARIATION-REPAIR-PACKET,TEX_SOURCE_REGISTRY.csv,.local/obsidian/aether-flow-wiki,.local/obsidian/aether-flow-wiki/02_sources/tex/tex-research-control-localization-source-basis-axiom-selector-domain-finite-variation-repair-packet.md,.local/obsidian/aether-flow-wiki/01_raw/tex/tex-research-control-localization-source-basis-axiom-selector-domain-finite-variation-repair-packet.tex,,.local/obsidian/aether-flow-wiki/03_indexes/by-format-tex.md,local_generated,2026-06-10T05:48:43Z
VAULT-TEX-RESEARCH-CONTROL-LOCALIZATION-SOURCE-BASIS-AXIOM-SELECTOR-DOMAIN-FINITE-VARIATION-SMUGGLING-AUDIT,.local/obsidian/aether-flow-wiki/02_sources/tex/tex-research-control-localization-source-basis-axiom-selector-domain-finite-variation-smuggling-audit.md,obsidian_note,generated_memory_note,generated_noncanonical,humans_and_agents,e032d4297c85b455d9c896169216c43de87668b4a375c4521af613c2e63d9874,TEX-RESEARCH-CONTROL-LOCALIZATION-SOURCE-BASIS-AXIOM-SELECTOR-DOMAIN-FINITE-VARIATION-SMUGGLING-AUDIT,TEX-RESEARCH-CONTROL-LOCALIZATION-SOURCE-BASIS-AXIOM-SELECTOR-DOMAIN-FINITE-VARIATION-SMUGGLING-AUDIT,,obsidian-wiki,PASS,2026-06-10T16:27:13Z,Generated local Obsidian memory note; not canonical authority.,TEX-RESEARCH-CONTROL-LOCALIZATION-SOURCE-BASIS-AXIOM-SELECTOR-DOMAIN-FINITE-VARIATION-SMUGGLING-AUDIT,TEX_SOURCE_REGISTRY.csv,.local/obsidian/aether-flow-wiki,.local/obsidian/aether-flow-wiki/02_sources/tex/tex-research-control-localization-source-basis-axiom-selector-domain-finite-variation-smuggling-audit.md,.local/obsidian/aether-flow-wiki/01_raw/tex/tex-research-control-localization-source-basis-axiom-selector-domain-finite-variation-smuggling-audit.tex,,.local/obsidian/aether-flow-wiki/03_indexes/by-format-tex.md,local_generated,2026-06-10T16:27:13Z
VAULT-TEX-RESEARCH-CONTROL-LOCALIZATION-SOURCE-BASIS-AXIOM-SELECTOR-DOMAIN-LEDGER-GENERATION-ONTOLOGY-EXPANSION-PROPOSAL,.local/obsidian/aether-flow-wiki/02_sources/tex/tex-research-control-localization-source-basis-axiom-selector-domain-ledger-generation-ontology-expansion-proposal.md,obsidian_note,generated_memory_note,generated_noncanonical,humans_and_agents,15193aa051e27bcb2f41b8cc97c9f9c117746789b1c9248615d37ea1aab2899d,TEX-RESEARCH-CONTROL-LOCALIZATION-SOURCE-BASIS-AXIOM-SELECTOR-DOMAIN-LEDGER-GENERATION-ONTOLOGY-EXPANSION-PROPOSAL,TEX-RESEARCH-CONTROL-LOCALIZATION-SOURCE-BASIS-AXIOM-SELECTOR-DOMAIN-LEDGER-GENERATION-ONTOLOGY-EXPANSION-PROPOSAL,,obsidian-wiki,PASS,2026-06-13T16:22:08Z,Generated local Obsidian memory note; not canonical authority.,TEX-RESEARCH-CONTROL-LOCALIZATION-SOURCE-BASIS-AXIOM-SELECTOR-DOMAIN-LEDGER-GENERATION-ONTOLOGY-EXPANSION-PROPOSAL,TEX_SOURCE_REGISTRY.csv,.local/obsidian/aether-flow-wiki,.local/obsidian/aether-flow-wiki/02_sources/tex/tex-research-control-localization-source-basis-axiom-selector-domain-ledger-generation-ontology-expansion-proposal.md,.local/obsidian/aether-flow-wiki/01_raw/tex/tex-research-control-localization-source-basis-axiom-selector-domain-ledger-generation-ontology-expansion-proposal.tex,,.local/obsidian/aether-flow-wiki/03_indexes/by-format-tex.md,local_generated,2026-06-13T16:22:08Z
VAULT-TEX-RESEARCH-CONTROL-LOCALIZATION-SOURCE-BASIS-AXIOM-SELECTOR-DOMAIN-LEDGER-GENERATION-ONTOLOGY-EXPANSION-PROPOSAL-CONSERVATIVITY-BENCHMARK-INDEPENDENCE-REFUTATION,.local/obsidian/aether-flow-wiki/02_sources/tex/tex-research-control-localization-source-basis-axiom-selector-domain-ledger-generation-ontology-expansion-proposal-conservativity-benchmark-independence-refutation.md,obsidian_note,generated_memory_note,generated_noncanonical,humans_and_agents,2933dfe7e78a480054361aa89387f2c29c12eab4cc7647744367b6e56075b2c5,TEX-RESEARCH-CONTROL-LOCALIZATION-SOURCE-BASIS-AXIOM-SELECTOR-DOMAIN-LEDGER-GENERATION-ONTOLOGY-EXPANSION-PROPOSAL-CONSERVATIVITY-BENCHMARK-INDEPENDENCE-REFUTATION,TEX-RESEARCH-CONTROL-LOCALIZATION-SOURCE-BASIS-AXIOM-SELECTOR-DOMAIN-LEDGER-GENERATION-ONTOLOGY-EXPANSION-PROPOSAL-CONSERVATIVITY-BENCHMARK-INDEPENDENCE-REFUTATION,,obsidian-wiki,PASS,2026-06-13T19:58:02Z,Generated local Obsidian memory note; not canonical authority.,TEX-RESEARCH-CONTROL-LOCALIZATION-SOURCE-BASIS-AXIOM-SELECTOR-DOMAIN-LEDGER-GENERATION-ONTOLOGY-EXPANSION-PROPOSAL-CONSERVATIVITY-BENCHMARK-INDEPENDENCE-REFUTATION,TEX_SOURCE_REGISTRY.csv,.local/obsidian/aether-flow-wiki,.local/obsidian/aether-flow-wiki/02_sources/tex/tex-research-control-localization-source-basis-axiom-selector-domain-ledger-generation-ontology-expansion-proposal-conservativity-benchmark-independence-refutation.md,.local/obsidian/aether-flow-wiki/01_raw/tex/tex-research-control-localization-source-basis-axiom-selector-domain-ledger-generation-ontology-expansion-proposal-conservativity-benchmark-independence-refutation.tex,,.local/obsidian/aether-flow-wiki/03_indexes/by-format-tex.md,local_generated,2026-06-13T19:58:02Z
VAULT-TEX-RESEARCH-CONTROL-LOCALIZATION-SOURCE-BASIS-AXIOM-SELECTOR-DOMAIN-LEDGER-GENERATION-ONTOLOGY-EXPANSION-PROPOSAL-SMUGGLING-AUDIT,.local/obsidian/aether-flow-wiki/02_sources/tex/tex-research-control-localization-source-basis-axiom-selector-domain-ledger-generation-ontology-expansion-proposal-smuggling-audit.md,obsidian_note,generated_memory_note,generated_noncanonical,humans_and_agents,637082e6060a6ef9662e9d149bbefc60a6f5d47f4e9d4f04780de645f50642e1,TEX-RESEARCH-CONTROL-LOCALIZATION-SOURCE-BASIS-AXIOM-SELECTOR-DOMAIN-LEDGER-GENERATION-ONTOLOGY-EXPANSION-PROPOSAL-SMUGGLING-AUDIT,TEX-RESEARCH-CONTROL-LOCALIZATION-SOURCE-BASIS-AXIOM-SELECTOR-DOMAIN-LEDGER-GENERATION-ONTOLOGY-EXPANSION-PROPOSAL-SMUGGLING-AUDIT,,obsidian-wiki,PASS,2026-06-13T19:40:45Z,Generated local Obsidian memory note; not canonical authority.,TEX-RESEARCH-CONTROL-LOCALIZATION-SOURCE-BASIS-AXIOM-SELECTOR-DOMAIN-LEDGER-GENERATION-ONTOLOGY-EXPANSION-PROPOSAL-SMUGGLING-AUDIT,TEX_SOURCE_REGISTRY.csv,.local/obsidian/aether-flow-wiki,.local/obsidian/aether-flow-wiki/02_sources/tex/tex-research-control-localization-source-basis-axiom-selector-domain-ledger-generation-ontology-expansion-proposal-smuggling-audit.md,.local/obsidian/aether-flow-wiki/01_raw/tex/tex-research-control-localization-source-basis-axiom-selector-domain-ledger-generation-ontology-expansion-proposal-smuggling-audit.tex,,.local/obsidian/aether-flow-wiki/03_indexes/by-format-tex.md,local_generated,2026-06-13T19:40:45Z
VAULT-TEX-RESEARCH-CONTROL-LOCALIZATION-SOURCE-BASIS-AXIOM-SELECTOR-DOMAIN-LEDGER-PROVENANCE-THEOREM-ATTEMPT-OR-CONTROLLED-PAUSE,.local/obsidian/aether-flow-wiki/02_sources/tex/tex-research-control-localization-source-basis-axiom-selector-domain-ledger-provenance-theorem-attempt-or-controlled-pause.md,obsidian_note,generated_memory_note,generated_noncanonical,humans_and_agents,2dabf49f2e8bc3707c92eea0b0b84d26459c3c344fe36e28f2f31c042988bc61,TEX-RESEARCH-CONTROL-LOCALIZATION-SOURCE-BASIS-AXIOM-SELECTOR-DOMAIN-LEDGER-PROVENANCE-THEOREM-ATTEMPT-OR-CONTROLLED-PAUSE,TEX-RESEARCH-CONTROL-LOCALIZATION-SOURCE-BASIS-AXIOM-SELECTOR-DOMAIN-LEDGER-PROVENANCE-THEOREM-ATTEMPT-OR-CONTROLLED-PAUSE,,obsidian-wiki,PASS,2026-06-13T15:57:19Z,Generated local Obsidian memory note; not canonical authority.,TEX-RESEARCH-CONTROL-LOCALIZATION-SOURCE-BASIS-AXIOM-SELECTOR-DOMAIN-LEDGER-PROVENANCE-THEOREM-ATTEMPT-OR-CONTROLLED-PAUSE,TEX_SOURCE_REGISTRY.csv,.local/obsidian/aether-flow-wiki,.local/obsidian/aether-flow-wiki/02_sources/tex/tex-research-control-localization-source-basis-axiom-selector-domain-ledger-provenance-theorem-attempt-or-controlled-pause.md,.local/obsidian/aether-flow-wiki/01_raw/tex/tex-research-control-localization-source-basis-axiom-selector-domain-ledger-provenance-theorem-attempt-or-controlled-pause.tex,,.local/obsidian/aether-flow-wiki/03_indexes/by-format-tex.md,local_generated,2026-06-13T15:57:19Z
VAULT-TEX-RESEARCH-CONTROL-LOCALIZATION-SOURCE-BASIS-AXIOM-SELECTOR-DOMAIN-NO-TARGET-SOURCE-REGISTERED-FREEZE-MANIFEST,.local/obsidian/aether-flow-wiki/02_sources/tex/tex-research-control-localization-source-basis-axiom-selector-domain-no-target-source-registered-freeze-manifest.md,obsidian_note,generated_memory_note,generated_noncanonical,humans_and_agents,b2917e3bf536ab6004edf2b9d4a4d09aec46bef10421a96f840a50519489d871,TEX-RESEARCH-CONTROL-LOCALIZATION-SOURCE-BASIS-AXIOM-SELECTOR-DOMAIN-NO-TARGET-SOURCE-REGISTERED-FREEZE-MANIFEST,TEX-RESEARCH-CONTROL-LOCALIZATION-SOURCE-BASIS-AXIOM-SELECTOR-DOMAIN-NO-TARGET-SOURCE-REGISTERED-FREEZE-MANIFEST,,obsidian-wiki,PASS,2026-06-13T22:01:54Z,Generated local Obsidian memory note; not canonical authority.,TEX-RESEARCH-CONTROL-LOCALIZATION-SOURCE-BASIS-AXIOM-SELECTOR-DOMAIN-NO-TARGET-SOURCE-REGISTERED-FREEZE-MANIFEST,TEX_SOURCE_REGISTRY.csv,.local/obsidian/aether-flow-wiki,.local/obsidian/aether-flow-wiki/02_sources/tex/tex-research-control-localization-source-basis-axiom-selector-domain-no-target-source-registered-freeze-manifest.md,.local/obsidian/aether-flow-wiki/01_raw/tex/tex-research-control-localization-source-basis-axiom-selector-domain-no-target-source-registered-freeze-manifest.tex,,.local/obsidian/aether-flow-wiki/03_indexes/by-format-tex.md,local_generated,2026-06-13T22:01:54Z
VAULT-TEX-RESEARCH-CONTROL-LOCALIZATION-SOURCE-BASIS-AXIOM-SELECTOR-DOMAIN-NO-TARGET-SOURCE-REGISTERED-FREEZE-MANIFEST-SMUGGLING-AUDIT,.local/obsidian/aether-flow-wiki/02_sources/tex/tex-research-control-localization-source-basis-axiom-selector-domain-no-target-source-registered-freeze-manifest-smuggling-audit.md,obsidian_note,generated_memory_note,generated_noncanonical,humans_and_agents,fabc42c0ff750b5c3f25beb0d0a93e2e6ec7c2513a910e457a0997872415e321,TEX-RESEARCH-CONTROL-LOCALIZATION-SOURCE-BASIS-AXIOM-SELECTOR-DOMAIN-NO-TARGET-SOURCE-REGISTERED-FREEZE-MANIFEST-SMUGGLING-AUDIT,TEX-RESEARCH-CONTROL-LOCALIZATION-SOURCE-BASIS-AXIOM-SELECTOR-DOMAIN-NO-TARGET-SOURCE-REGISTERED-FREEZE-MANIFEST-SMUGGLING-AUDIT,,obsidian-wiki,PASS,2026-06-13T22:17:53Z,Generated local Obsidian memory note; not canonical authority.,TEX-RESEARCH-CONTROL-LOCALIZATION-SOURCE-BASIS-AXIOM-SELECTOR-DOMAIN-NO-TARGET-SOURCE-REGISTERED-FREEZE-MANIFEST-SMUGGLING-AUDIT,TEX_SOURCE_REGISTRY.csv,.local/obsidian/aether-flow-wiki,.local/obsidian/aether-flow-wiki/02_sources/tex/tex-research-control-localization-source-basis-axiom-selector-domain-no-target-source-registered-freeze-manifest-smuggling-audit.md,.local/obsidian/aether-flow-wiki/01_raw/tex/tex-research-control-localization-source-basis-axiom-selector-domain-no-target-source-registered-freeze-manifest-smuggling-audit.tex,,.local/obsidian/aether-flow-wiki/03_indexes/by-format-tex.md,local_generated,2026-06-13T22:17:53Z
VAULT-TEX-RESEARCH-CONTROL-LOCALIZATION-SOURCE-BASIS-AXIOM-SELECTOR-DOMAIN-NO-TARGET-SOURCE-SYNTAX-BENCHMARK-INDEPENDENCE-PROXY-VARIATION-STRESS-TEST,.local/obsidian/aether-flow-wiki/02_sources/tex/tex-research-control-localization-source-basis-axiom-selector-domain-no-target-source-syntax-benchmark-independence-proxy-variation-stress-test.md,obsidian_note,generated_memory_note,generated_noncanonical,humans_and_agents,ba3f9c1d7277d51ae51105139699bed0d57799b825aae561390a46a8d0c2ba73,TEX-RESEARCH-CONTROL-LOCALIZATION-SOURCE-BASIS-AXIOM-SELECTOR-DOMAIN-NO-TARGET-SOURCE-SYNTAX-BENCHMARK-INDEPENDENCE-PROXY-VARIATION-STRESS-TEST,TEX-RESEARCH-CONTROL-LOCALIZATION-SOURCE-BASIS-AXIOM-SELECTOR-DOMAIN-NO-TARGET-SOURCE-SYNTAX-BENCHMARK-INDEPENDENCE-PROXY-VARIATION-STRESS-TEST,,obsidian-wiki,PASS,2026-06-14T02:03:54Z,Generated local Obsidian memory note; not canonical authority.,TEX-RESEARCH-CONTROL-LOCALIZATION-SOURCE-BASIS-AXIOM-SELECTOR-DOMAIN-NO-TARGET-SOURCE-SYNTAX-BENCHMARK-INDEPENDENCE-PROXY-VARIATION-STRESS-TEST,TEX_SOURCE_REGISTRY.csv,.local/obsidian/aether-flow-wiki,.local/obsidian/aether-flow-wiki/02_sources/tex/tex-research-control-localization-source-basis-axiom-selector-domain-no-target-source-syntax-benchmark-independence-proxy-variation-stress-test.md,.local/obsidian/aether-flow-wiki/01_raw/tex/tex-research-control-localization-source-basis-axiom-selector-domain-no-target-source-syntax-benchmark-independence-proxy-variation-stress-test.tex,,.local/obsidian/aether-flow-wiki/03_indexes/by-format-tex.md,local_generated,2026-06-14T02:03:54Z
VAULT-TEX-RESEARCH-CONTROL-LOCALIZATION-SOURCE-BASIS-AXIOM-SELECTOR-DOMAIN-NO-TARGET-SOURCE-SYNTAX-REPAIR-TARGET-PACKET,.local/obsidian/aether-flow-wiki/02_sources/tex/tex-research-control-localization-source-basis-axiom-selector-domain-no-target-source-syntax-repair-target-packet.md,obsidian_note,generated_memory_note,generated_noncanonical,humans_and_agents,9ebdd774f28e79b365df351ecbd1e740d374f8c927819f0fea32e7fdace36877,TEX-RESEARCH-CONTROL-LOCALIZATION-SOURCE-BASIS-AXIOM-SELECTOR-DOMAIN-NO-TARGET-SOURCE-SYNTAX-REPAIR-TARGET-PACKET,TEX-RESEARCH-CONTROL-LOCALIZATION-SOURCE-BASIS-AXIOM-SELECTOR-DOMAIN-NO-TARGET-SOURCE-SYNTAX-REPAIR-TARGET-PACKET,,obsidian-wiki,PASS,2026-06-13T20:11:02Z,Generated local Obsidian memory note; not canonical authority.,TEX-RESEARCH-CONTROL-LOCALIZATION-SOURCE-BASIS-AXIOM-SELECTOR-DOMAIN-NO-TARGET-SOURCE-SYNTAX-REPAIR-TARGET-PACKET,TEX_SOURCE_REGISTRY.csv,.local/obsidian/aether-flow-wiki,.local/obsidian/aether-flow-wiki/02_sources/tex/tex-research-control-localization-source-basis-axiom-selector-domain-no-target-source-syntax-repair-target-packet.md,.local/obsidian/aether-flow-wiki/01_raw/tex/tex-research-control-localization-source-basis-axiom-selector-domain-no-target-source-syntax-repair-target-packet.tex,,.local/obsidian/aether-flow-wiki/03_indexes/by-format-tex.md,local_generated,2026-06-13T20:11:02Z
VAULT-TEX-RESEARCH-CONTROL-LOCALIZATION-SOURCE-BASIS-AXIOM-SELECTOR-DOMAIN-NO-TARGET-SOURCE-SYNTAX-REPAIR-TARGET-SMUGGLING-AUDIT,.local/obsidian/aether-flow-wiki/02_sources/tex/tex-research-control-localization-source-basis-axiom-selector-domain-no-target-source-syntax-repair-target-smuggling-audit.md,obsidian_note,generated_memory_note,generated_noncanonical,humans_and_agents,d4062c8ef1a6623e04b5f8674a44ae5ffd3e6f97ad4998302a2ed35d12ebd989,TEX-RESEARCH-CONTROL-LOCALIZATION-SOURCE-BASIS-AXIOM-SELECTOR-DOMAIN-NO-TARGET-SOURCE-SYNTAX-REPAIR-TARGET-SMUGGLING-AUDIT,TEX-RESEARCH-CONTROL-LOCALIZATION-SOURCE-BASIS-AXIOM-SELECTOR-DOMAIN-NO-TARGET-SOURCE-SYNTAX-REPAIR-TARGET-SMUGGLING-AUDIT,,obsidian-wiki,PASS,2026-06-13T20:27:53Z,Generated local Obsidian memory note; not canonical authority.,TEX-RESEARCH-CONTROL-LOCALIZATION-SOURCE-BASIS-AXIOM-SELECTOR-DOMAIN-NO-TARGET-SOURCE-SYNTAX-REPAIR-TARGET-SMUGGLING-AUDIT,TEX_SOURCE_REGISTRY.csv,.local/obsidian/aether-flow-wiki,.local/obsidian/aether-flow-wiki/02_sources/tex/tex-research-control-localization-source-basis-axiom-selector-domain-no-target-source-syntax-repair-target-smuggling-audit.md,.local/obsidian/aether-flow-wiki/01_raw/tex/tex-research-control-localization-source-basis-axiom-selector-domain-no-target-source-syntax-repair-target-smuggling-audit.tex,,.local/obsidian/aether-flow-wiki/03_indexes/by-format-tex.md,local_generated,2026-06-13T20:27:53Z
VAULT-TEX-RESEARCH-CONTROL-LOCALIZATION-SOURCE-BASIS-AXIOM-SELECTOR-DOMAIN-NO-TARGET-SOURCE-SYNTAX-THEOREM-ATTEMPT-OR-CONTROLLED-PAUSE,.local/obsidian/aether-flow-wiki/02_sources/tex/tex-research-control-localization-source-basis-axiom-selector-domain-no-target-source-syntax-theorem-attempt-or-controlled-pause.md,obsidian_note,generated_memory_note,generated_noncanonical,humans_and_agents,679218315cbd7a8c556e42c051528ee1b4a01ec9be9a2e0aab37b46e0d84fa1f,TEX-RESEARCH-CONTROL-LOCALIZATION-SOURCE-BASIS-AXIOM-SELECTOR-DOMAIN-NO-TARGET-SOURCE-SYNTAX-THEOREM-ATTEMPT-OR-CONTROLLED-PAUSE,TEX-RESEARCH-CONTROL-LOCALIZATION-SOURCE-BASIS-AXIOM-SELECTOR-DOMAIN-NO-TARGET-SOURCE-SYNTAX-THEOREM-ATTEMPT-OR-CONTROLLED-PAUSE,,obsidian-wiki,PASS,2026-06-13T20:48:14Z,Generated local Obsidian memory note; not canonical authority.,TEX-RESEARCH-CONTROL-LOCALIZATION-SOURCE-BASIS-AXIOM-SELECTOR-DOMAIN-NO-TARGET-SOURCE-SYNTAX-THEOREM-ATTEMPT-OR-CONTROLLED-PAUSE,TEX_SOURCE_REGISTRY.csv,.local/obsidian/aether-flow-wiki,.local/obsidian/aether-flow-wiki/02_sources/tex/tex-research-control-localization-source-basis-axiom-selector-domain-no-target-source-syntax-theorem-attempt-or-controlled-pause.md,.local/obsidian/aether-flow-wiki/01_raw/tex/tex-research-control-localization-source-basis-axiom-selector-domain-no-target-source-syntax-theorem-attempt-or-controlled-pause.tex,,.local/obsidian/aether-flow-wiki/03_indexes/by-format-tex.md,local_generated,2026-06-13T20:48:14Z
VAULT-TEX-RESEARCH-CONTROL-LOCALIZATION-SOURCE-BASIS-AXIOM-SELECTOR-DOMAIN-NO-TARGET-SOURCE-SYNTAX-THEOREM-RETRY,.local/obsidian/aether-flow-wiki/02_sources/tex/tex-research-control-localization-source-basis-axiom-selector-domain-no-target-source-syntax-theorem-retry.md,obsidian_note,generated_memory_note,generated_noncanonical,humans_and_agents,def36917985f3319fbbd07ceefa8209bc6ca2352353bbb2b8d7a500722e7e509,TEX-RESEARCH-CONTROL-LOCALIZATION-SOURCE-BASIS-AXIOM-SELECTOR-DOMAIN-NO-TARGET-SOURCE-SYNTAX-THEOREM-RETRY,TEX-RESEARCH-CONTROL-LOCALIZATION-SOURCE-BASIS-AXIOM-SELECTOR-DOMAIN-NO-TARGET-SOURCE-SYNTAX-THEOREM-RETRY,,obsidian-wiki,PASS,2026-06-13T23:46:43Z,Generated local Obsidian memory note; not canonical authority.,TEX-RESEARCH-CONTROL-LOCALIZATION-SOURCE-BASIS-AXIOM-SELECTOR-DOMAIN-NO-TARGET-SOURCE-SYNTAX-THEOREM-RETRY,TEX_SOURCE_REGISTRY.csv,.local/obsidian/aether-flow-wiki,.local/obsidian/aether-flow-wiki/02_sources/tex/tex-research-control-localization-source-basis-axiom-selector-domain-no-target-source-syntax-theorem-retry.md,.local/obsidian/aether-flow-wiki/01_raw/tex/tex-research-control-localization-source-basis-axiom-selector-domain-no-target-source-syntax-theorem-retry.tex,,.local/obsidian/aether-flow-wiki/03_indexes/by-format-tex.md,local_generated,2026-06-13T23:46:43Z
VAULT-TEX-RESEARCH-CONTROL-LOCALIZATION-SOURCE-BASIS-AXIOM-SELECTOR-DOMAIN-REPAIR-PACKET,.local/obsidian/aether-flow-wiki/02_sources/tex/tex-research-control-localization-source-basis-axiom-selector-domain-repair-packet.md,obsidian_note,generated_memory_note,generated_noncanonical,humans_and_agents,0b4b4ae677a660759848bb52efc6cbf80ffd123a6e80ad2447be39f468925117,TEX-RESEARCH-CONTROL-LOCALIZATION-SOURCE-BASIS-AXIOM-SELECTOR-DOMAIN-REPAIR-PACKET,TEX-RESEARCH-CONTROL-LOCALIZATION-SOURCE-BASIS-AXIOM-SELECTOR-DOMAIN-REPAIR-PACKET,,obsidian-wiki,PASS,2026-06-09T23:54:02Z,Generated local Obsidian memory note; not canonical authority.,TEX-RESEARCH-CONTROL-LOCALIZATION-SOURCE-BASIS-AXIOM-SELECTOR-DOMAIN-REPAIR-PACKET,TEX_SOURCE_REGISTRY.csv,.local/obsidian/aether-flow-wiki,.local/obsidian/aether-flow-wiki/02_sources/tex/tex-research-control-localization-source-basis-axiom-selector-domain-repair-packet.md,.local/obsidian/aether-flow-wiki/01_raw/tex/tex-research-control-localization-source-basis-axiom-selector-domain-repair-packet.tex,,.local/obsidian/aether-flow-wiki/03_indexes/by-format-tex.md,local_generated,2026-06-09T23:54:02Z
VAULT-TEX-RESEARCH-CONTROL-LOCALIZATION-SOURCE-BASIS-AXIOM-SELECTOR-DOMAIN-SMUGGLING-AUDIT,.local/obsidian/aether-flow-wiki/02_sources/tex/tex-research-control-localization-source-basis-axiom-selector-domain-smuggling-audit.md,obsidian_note,generated_memory_note,generated_noncanonical,humans_and_agents,4d052b85e78a7df949c937780dfb4fa496587ecf541c94adf0fd898b654aa5bf,TEX-RESEARCH-CONTROL-LOCALIZATION-SOURCE-BASIS-AXIOM-SELECTOR-DOMAIN-SMUGGLING-AUDIT,TEX-RESEARCH-CONTROL-LOCALIZATION-SOURCE-BASIS-AXIOM-SELECTOR-DOMAIN-SMUGGLING-AUDIT,,obsidian-wiki,PASS,2026-06-10T00:08:19Z,Generated local Obsidian memory note; not canonical authority.,TEX-RESEARCH-CONTROL-LOCALIZATION-SOURCE-BASIS-AXIOM-SELECTOR-DOMAIN-SMUGGLING-AUDIT,TEX_SOURCE_REGISTRY.csv,.local/obsidian/aether-flow-wiki,.local/obsidian/aether-flow-wiki/02_sources/tex/tex-research-control-localization-source-basis-axiom-selector-domain-smuggling-audit.md,.local/obsidian/aether-flow-wiki/01_raw/tex/tex-research-control-localization-source-basis-axiom-selector-domain-smuggling-audit.tex,,.local/obsidian/aether-flow-wiki/03_indexes/by-format-tex.md,local_generated,2026-06-10T00:08:19Z
VAULT-TEX-RESEARCH-CONTROL-LOCALIZATION-SOURCE-BASIS-AXIOM-SELECTOR-DOMAIN-SOURCE-FORCING-DISCHARGE-PROTOCOL,.local/obsidian/aether-flow-wiki/02_sources/tex/tex-research-control-localization-source-basis-axiom-selector-domain-source-forcing-discharge-protocol.md,obsidian_note,generated_memory_note,generated_noncanonical,humans_and_agents,49ff28bc2e1e372603bd49865929bf87ee9a62d78fd7abe421c9ed22b3df4705,TEX-RESEARCH-CONTROL-LOCALIZATION-SOURCE-BASIS-AXIOM-SELECTOR-DOMAIN-SOURCE-FORCING-DISCHARGE-PROTOCOL,TEX-RESEARCH-CONTROL-LOCALIZATION-SOURCE-BASIS-AXIOM-SELECTOR-DOMAIN-SOURCE-FORCING-DISCHARGE-PROTOCOL,,obsidian-wiki,PASS,2026-06-13T13:38:48Z,Generated local Obsidian memory note; not canonical authority.,TEX-RESEARCH-CONTROL-LOCALIZATION-SOURCE-BASIS-AXIOM-SELECTOR-DOMAIN-SOURCE-FORCING-DISCHARGE-PROTOCOL,TEX_SOURCE_REGISTRY.csv,.local/obsidian/aether-flow-wiki,.local/obsidian/aether-flow-wiki/02_sources/tex/tex-research-control-localization-source-basis-axiom-selector-domain-source-forcing-discharge-protocol.md,.local/obsidian/aether-flow-wiki/01_raw/tex/tex-research-control-localization-source-basis-axiom-selector-domain-source-forcing-discharge-protocol.tex,,.local/obsidian/aether-flow-wiki/03_indexes/by-format-tex.md,local_generated,2026-06-13T13:38:48Z
VAULT-TEX-RESEARCH-CONTROL-LOCALIZATION-SOURCE-BASIS-AXIOM-SELECTOR-DOMAIN-SOURCE-FORCING-DISCHARGE-PROTOCOL-BENCHMARK-INDEPENDENCE-REFUTATION,.local/obsidian/aether-flow-wiki/02_sources/tex/tex-research-control-localization-source-basis-axiom-selector-domain-source-forcing-discharge-protocol-benchmark-independence-refutation.md,obsidian_note,generated_memory_note,generated_noncanonical,humans_and_agents,115a7982c5e7d82d7a0f0e36e03b2b790c1a34d5bc8315102f22df19854b1484,TEX-RESEARCH-CONTROL-LOCALIZATION-SOURCE-BASIS-AXIOM-SELECTOR-DOMAIN-SOURCE-FORCING-DISCHARGE-PROTOCOL-BENCHMARK-INDEPENDENCE-REFUTATION,TEX-RESEARCH-CONTROL-LOCALIZATION-SOURCE-BASIS-AXIOM-SELECTOR-DOMAIN-SOURCE-FORCING-DISCHARGE-PROTOCOL-BENCHMARK-INDEPENDENCE-REFUTATION,,obsidian-wiki,PASS,2026-06-13T14:13:13Z,Generated local Obsidian memory note; not canonical authority.,TEX-RESEARCH-CONTROL-LOCALIZATION-SOURCE-BASIS-AXIOM-SELECTOR-DOMAIN-SOURCE-FORCING-DISCHARGE-PROTOCOL-BENCHMARK-INDEPENDENCE-REFUTATION,TEX_SOURCE_REGISTRY.csv,.local/obsidian/aether-flow-wiki,.local/obsidian/aether-flow-wiki/02_sources/tex/tex-research-control-localization-source-basis-axiom-selector-domain-source-forcing-discharge-protocol-benchmark-independence-refutation.md,.local/obsidian/aether-flow-wiki/01_raw/tex/tex-research-control-localization-source-basis-axiom-selector-domain-source-forcing-discharge-protocol-benchmark-independence-refutation.tex,,.local/obsidian/aether-flow-wiki/03_indexes/by-format-tex.md,local_generated,2026-06-13T14:13:13Z
VAULT-TEX-RESEARCH-CONTROL-LOCALIZATION-SOURCE-BASIS-AXIOM-SELECTOR-DOMAIN-SOURCE-FORCING-DISCHARGE-PROTOCOL-SMUGGLING-AUDIT,.local/obsidian/aether-flow-wiki/02_sources/tex/tex-research-control-localization-source-basis-axiom-selector-domain-source-forcing-discharge-protocol-smuggling-audit.md,obsidian_note,generated_memory_note,generated_noncanonical,humans_and_agents,4b634fdfb2ecd3c6af5073cac96205ea5ee14522040f066df65144c178c13e1f,TEX-RESEARCH-CONTROL-LOCALIZATION-SOURCE-BASIS-AXIOM-SELECTOR-DOMAIN-SOURCE-FORCING-DISCHARGE-PROTOCOL-SMUGGLING-AUDIT,TEX-RESEARCH-CONTROL-LOCALIZATION-SOURCE-BASIS-AXIOM-SELECTOR-DOMAIN-SOURCE-FORCING-DISCHARGE-PROTOCOL-SMUGGLING-AUDIT,,obsidian-wiki,PASS,2026-06-13T14:01:08Z,Generated local Obsidian memory note; not canonical authority.,TEX-RESEARCH-CONTROL-LOCALIZATION-SOURCE-BASIS-AXIOM-SELECTOR-DOMAIN-SOURCE-FORCING-DISCHARGE-PROTOCOL-SMUGGLING-AUDIT,TEX_SOURCE_REGISTRY.csv,.local/obsidian/aether-flow-wiki,.local/obsidian/aether-flow-wiki/02_sources/tex/tex-research-control-localization-source-basis-axiom-selector-domain-source-forcing-discharge-protocol-smuggling-audit.md,.local/obsidian/aether-flow-wiki/01_raw/tex/tex-research-control-localization-source-basis-axiom-selector-domain-source-forcing-discharge-protocol-smuggling-audit.tex,,.local/obsidian/aether-flow-wiki/03_indexes/by-format-tex.md,local_generated,2026-06-13T14:01:08Z
VAULT-TEX-RESEARCH-CONTROL-LOCALIZATION-SOURCE-BASIS-AXIOM-SELECTOR-DOMAIN-SOURCE-FORCING-OBLIGATION-PACKET,.local/obsidian/aether-flow-wiki/02_sources/tex/tex-research-control-localization-source-basis-axiom-selector-domain-source-forcing-obligation-packet.md,obsidian_note,generated_memory_note,generated_noncanonical,humans_and_agents,f85cbe67e321fa470e0364597a6480bf2e70bf03954c38cf92cbe78fcabf6d53,TEX-RESEARCH-CONTROL-LOCALIZATION-SOURCE-BASIS-AXIOM-SELECTOR-DOMAIN-SOURCE-FORCING-OBLIGATION-PACKET,TEX-RESEARCH-CONTROL-LOCALIZATION-SOURCE-BASIS-AXIOM-SELECTOR-DOMAIN-SOURCE-FORCING-OBLIGATION-PACKET,,obsidian-wiki,PASS,2026-06-13T12:51:45Z,Generated local Obsidian memory note; not canonical authority.,TEX-RESEARCH-CONTROL-LOCALIZATION-SOURCE-BASIS-AXIOM-SELECTOR-DOMAIN-SOURCE-FORCING-OBLIGATION-PACKET,TEX_SOURCE_REGISTRY.csv,.local/obsidian/aether-flow-wiki,.local/obsidian/aether-flow-wiki/02_sources/tex/tex-research-control-localization-source-basis-axiom-selector-domain-source-forcing-obligation-packet.md,.local/obsidian/aether-flow-wiki/01_raw/tex/tex-research-control-localization-source-basis-axiom-selector-domain-source-forcing-obligation-packet.tex,,.local/obsidian/aether-flow-wiki/03_indexes/by-format-tex.md,local_generated,2026-06-13T12:51:45Z
VAULT-TEX-RESEARCH-CONTROL-LOCALIZATION-SOURCE-BASIS-AXIOM-SELECTOR-DOMAIN-SOURCE-FORCING-SMUGGLING-AUDIT,.local/obsidian/aether-flow-wiki/02_sources/tex/tex-research-control-localization-source-basis-axiom-selector-domain-source-forcing-smuggling-audit.md,obsidian_note,generated_memory_note,generated_noncanonical,humans_and_agents,d452845ceaff3c2f22c1cc85124bd0333f283a28e589da7d9f994916fea6fd30,TEX-RESEARCH-CONTROL-LOCALIZATION-SOURCE-BASIS-AXIOM-SELECTOR-DOMAIN-SOURCE-FORCING-SMUGGLING-AUDIT,TEX-RESEARCH-CONTROL-LOCALIZATION-SOURCE-BASIS-AXIOM-SELECTOR-DOMAIN-SOURCE-FORCING-SMUGGLING-AUDIT,,obsidian-wiki,PASS,2026-06-13T13:09:14Z,Generated local Obsidian memory note; not canonical authority.,TEX-RESEARCH-CONTROL-LOCALIZATION-SOURCE-BASIS-AXIOM-SELECTOR-DOMAIN-SOURCE-FORCING-SMUGGLING-AUDIT,TEX_SOURCE_REGISTRY.csv,.local/obsidian/aether-flow-wiki,.local/obsidian/aether-flow-wiki/02_sources/tex/tex-research-control-localization-source-basis-axiom-selector-domain-source-forcing-smuggling-audit.md,.local/obsidian/aether-flow-wiki/01_raw/tex/tex-research-control-localization-source-basis-axiom-selector-domain-source-forcing-smuggling-audit.tex,,.local/obsidian/aether-flow-wiki/03_indexes/by-format-tex.md,local_generated,2026-06-13T13:09:14Z
VAULT-TEX-RESEARCH-CONTROL-LOCALIZATION-SOURCE-BASIS-AXIOM-SMUGGLING-AUDIT,.local/obsidian/aether-flow-wiki/02_sources/tex/tex-research-control-localization-source-basis-axiom-smuggling-audit.md,obsidian_note,generated_memory_note,generated_noncanonical,humans_and_agents,be0571028af48d775faaa81eaebb9f6b947bc30a7ee7a52e4250010d4b30a8ad,TEX-RESEARCH-CONTROL-LOCALIZATION-SOURCE-BASIS-AXIOM-SMUGGLING-AUDIT,TEX-RESEARCH-CONTROL-LOCALIZATION-SOURCE-BASIS-AXIOM-SMUGGLING-AUDIT,,obsidian-wiki,PASS,2026-06-09T13:44:06Z,Generated local Obsidian memory note; not canonical authority.,TEX-RESEARCH-CONTROL-LOCALIZATION-SOURCE-BASIS-AXIOM-SMUGGLING-AUDIT,TEX_SOURCE_REGISTRY.csv,.local/obsidian/aether-flow-wiki,.local/obsidian/aether-flow-wiki/02_sources/tex/tex-research-control-localization-source-basis-axiom-smuggling-audit.md,.local/obsidian/aether-flow-wiki/01_raw/tex/tex-research-control-localization-source-basis-axiom-smuggling-audit.tex,,.local/obsidian/aether-flow-wiki/03_indexes/by-format-tex.md,local_generated,2026-06-09T13:44:06Z
VAULT-TEX-RESEARCH-CONTROL-LOCALIZATION-SOURCE-BASIS-CONSERVATIVITY-REFUTATION,.local/obsidian/aether-flow-wiki/02_sources/tex/tex-research-control-localization-source-basis-conservativity-refutation.md,obsidian_note,generated_memory_note,generated_noncanonical,humans_and_agents,039f785483c8eb9b86171d2eb8fb419356e96c6c2626c0480315c0fae7d99bd7,TEX-RESEARCH-CONTROL-LOCALIZATION-SOURCE-BASIS-CONSERVATIVITY-REFUTATION,TEX-RESEARCH-CONTROL-LOCALIZATION-SOURCE-BASIS-CONSERVATIVITY-REFUTATION,,obsidian-wiki,PASS,2026-06-09T00:41:14Z,Generated local Obsidian memory note; not canonical authority.,TEX-RESEARCH-CONTROL-LOCALIZATION-SOURCE-BASIS-CONSERVATIVITY-REFUTATION,TEX_SOURCE_REGISTRY.csv,.local/obsidian/aether-flow-wiki,.local/obsidian/aether-flow-wiki/02_sources/tex/tex-research-control-localization-source-basis-conservativity-refutation.md,.local/obsidian/aether-flow-wiki/01_raw/tex/tex-research-control-localization-source-basis-conservativity-refutation.tex,,.local/obsidian/aether-flow-wiki/03_indexes/by-format-tex.md,local_generated,2026-06-09T00:41:14Z
VAULT-TEX-RESEARCH-CONTROL-LOCALIZATION-SOURCE-BASIS-FORMALIZATION,.local/obsidian/aether-flow-wiki/02_sources/tex/tex-research-control-localization-source-basis-formalization.md,obsidian_note,generated_memory_note,generated_noncanonical,humans_and_agents,55c58da81e48528fad6ac2e5d0bd66e8981dbcca51ecbe82be68fcc63a1eeb26,TEX-RESEARCH-CONTROL-LOCALIZATION-SOURCE-BASIS-FORMALIZATION,TEX-RESEARCH-CONTROL-LOCALIZATION-SOURCE-BASIS-FORMALIZATION,,obsidian-wiki,PASS,2026-06-09T00:19:46Z,Generated local Obsidian memory note; not canonical authority.,TEX-RESEARCH-CONTROL-LOCALIZATION-SOURCE-BASIS-FORMALIZATION,TEX_SOURCE_REGISTRY.csv,.local/obsidian/aether-flow-wiki,.local/obsidian/aether-flow-wiki/02_sources/tex/tex-research-control-localization-source-basis-formalization.md,.local/obsidian/aether-flow-wiki/01_raw/tex/tex-research-control-localization-source-basis-formalization.tex,,.local/obsidian/aether-flow-wiki/03_indexes/by-format-tex.md,local_generated,2026-06-09T00:19:46Z
VAULT-TEX-RESEARCH-CONTROL-LOCALIZATION-SOURCE-BASIS-SMUGGLING-AUDIT,.local/obsidian/aether-flow-wiki/02_sources/tex/tex-research-control-localization-source-basis-smuggling-audit.md,obsidian_note,generated_memory_note,generated_noncanonical,humans_and_agents,34b45efc3cc0d50b2df047fe28fd2a21377021def57a1970f2ad1d64d642e606,TEX-RESEARCH-CONTROL-LOCALIZATION-SOURCE-BASIS-SMUGGLING-AUDIT,TEX-RESEARCH-CONTROL-LOCALIZATION-SOURCE-BASIS-SMUGGLING-AUDIT,,obsidian-wiki,PASS,2026-06-09T00:26:30Z,Generated local Obsidian memory note; not canonical authority.,TEX-RESEARCH-CONTROL-LOCALIZATION-SOURCE-BASIS-SMUGGLING-AUDIT,TEX_SOURCE_REGISTRY.csv,.local/obsidian/aether-flow-wiki,.local/obsidian/aether-flow-wiki/02_sources/tex/tex-research-control-localization-source-basis-smuggling-audit.md,.local/obsidian/aether-flow-wiki/01_raw/tex/tex-research-control-localization-source-basis-smuggling-audit.tex,,.local/obsidian/aether-flow-wiki/03_indexes/by-format-tex.md,local_generated,2026-06-09T00:26:30Z
VAULT-TEX-RESEARCH-CONTROL-LOCALIZATION-SOURCE-REPAIR-PACKET,.local/obsidian/aether-flow-wiki/02_sources/tex/tex-research-control-localization-source-repair-packet.md,obsidian_note,generated_memory_note,generated_noncanonical,humans_and_agents,cf297d12204920a95817efe213ed3c5e21b06ff3157f59092e1e250742ffb539,TEX-RESEARCH-CONTROL-LOCALIZATION-SOURCE-REPAIR-PACKET,TEX-RESEARCH-CONTROL-LOCALIZATION-SOURCE-REPAIR-PACKET,,obsidian-wiki,PASS,2026-06-08T23:58:56Z,Generated local Obsidian memory note; not canonical authority.,TEX-RESEARCH-CONTROL-LOCALIZATION-SOURCE-REPAIR-PACKET,TEX_SOURCE_REGISTRY.csv,.local/obsidian/aether-flow-wiki,.local/obsidian/aether-flow-wiki/02_sources/tex/tex-research-control-localization-source-repair-packet.md,.local/obsidian/aether-flow-wiki/01_raw/tex/tex-research-control-localization-source-repair-packet.tex,,.local/obsidian/aether-flow-wiki/03_indexes/by-format-tex.md,local_generated,2026-06-08T23:58:56Z
VAULT-TEX-RESEARCH-CONTROL-RESP-LC-CURRENT-ONTOLOGY-ATLAS-GLUE-DERIVATION-ATTEMPT,.local/obsidian/aether-flow-wiki/02_sources/tex/tex-research-control-resp-lc-current-ontology-atlas-glue-derivation-attempt.md,obsidian_note,generated_memory_note,generated_noncanonical,humans_and_agents,6eb83b8e714641730d28e53af3f43757ae262912deb7b958d571c7ea656e2c0d,TEX-RESEARCH-CONTROL-RESP-LC-CURRENT-ONTOLOGY-ATLAS-GLUE-DERIVATION-ATTEMPT,TEX-RESEARCH-CONTROL-RESP-LC-CURRENT-ONTOLOGY-ATLAS-GLUE-DERIVATION-ATTEMPT,,obsidian-wiki,PASS,2026-06-20T03:24:27Z,Generated local Obsidian memory note; not canonical authority.,TEX-RESEARCH-CONTROL-RESP-LC-CURRENT-ONTOLOGY-ATLAS-GLUE-DERIVATION-ATTEMPT,TEX_SOURCE_REGISTRY.csv,.local/obsidian/aether-flow-wiki,.local/obsidian/aether-flow-wiki/02_sources/tex/tex-research-control-resp-lc-current-ontology-atlas-glue-derivation-attempt.md,.local/obsidian/aether-flow-wiki/01_raw/tex/tex-research-control-resp-lc-current-ontology-atlas-glue-derivation-attempt.tex,,.local/obsidian/aether-flow-wiki/03_indexes/by-format-tex.md,local_generated,2026-06-20T03:24:27Z
VAULT-TEX-RESEARCH-CONTROL-RESP-LC-FINITE-TOY-METRIC-RESPONSE-MODEL,.local/obsidian/aether-flow-wiki/02_sources/tex/tex-research-control-resp-lc-finite-toy-metric-response-model.md,obsidian_note,generated_memory_note,generated_noncanonical,humans_and_agents,45420616b2e8502204adda85f7a008800c5a4c571b30326e9279fb53475a2931,TEX-RESEARCH-CONTROL-RESP-LC-FINITE-TOY-METRIC-RESPONSE-MODEL,TEX-RESEARCH-CONTROL-RESP-LC-FINITE-TOY-METRIC-RESPONSE-MODEL,,obsidian-wiki,PASS,2026-06-18T01:01:53Z,Generated local Obsidian memory note; not canonical authority.,TEX-RESEARCH-CONTROL-RESP-LC-FINITE-TOY-METRIC-RESPONSE-MODEL,TEX_SOURCE_REGISTRY.csv,.local/obsidian/aether-flow-wiki,.local/obsidian/aether-flow-wiki/02_sources/tex/tex-research-control-resp-lc-finite-toy-metric-response-model.md,.local/obsidian/aether-flow-wiki/01_raw/tex/tex-research-control-resp-lc-finite-toy-metric-response-model.tex,,.local/obsidian/aether-flow-wiki/03_indexes/by-format-tex.md,local_generated,2026-06-18T01:01:53Z
VAULT-TEX-RESEARCH-CONTROL-RESP-LC-FINITE-TOY-METRIC-RESPONSE-MODEL-REFUTER-STRESS-TEST,.local/obsidian/aether-flow-wiki/02_sources/tex/tex-research-control-resp-lc-finite-toy-metric-response-model-refuter-stress-test.md,obsidian_note,generated_memory_note,generated_noncanonical,humans_and_agents,b589c29e440750e0dacaebb5d2ad86fd5bf0b593b7e27645052fcbf55839a161,TEX-RESEARCH-CONTROL-RESP-LC-FINITE-TOY-METRIC-RESPONSE-MODEL-REFUTER-STRESS-TEST,TEX-RESEARCH-CONTROL-RESP-LC-FINITE-TOY-METRIC-RESPONSE-MODEL-REFUTER-STRESS-TEST,,obsidian-wiki,PASS,2026-06-18T01:51:46Z,Generated local Obsidian memory note; not canonical authority.,TEX-RESEARCH-CONTROL-RESP-LC-FINITE-TOY-METRIC-RESPONSE-MODEL-REFUTER-STRESS-TEST,TEX_SOURCE_REGISTRY.csv,.local/obsidian/aether-flow-wiki,.local/obsidian/aether-flow-wiki/02_sources/tex/tex-research-control-resp-lc-finite-toy-metric-response-model-refuter-stress-test.md,.local/obsidian/aether-flow-wiki/01_raw/tex/tex-research-control-resp-lc-finite-toy-metric-response-model-refuter-stress-test.tex,,.local/obsidian/aether-flow-wiki/03_indexes/by-format-tex.md,local_generated,2026-06-18T01:51:46Z
VAULT-TEX-RESEARCH-CONTROL-RESP-LC-FINITE-TOY-METRIC-RESPONSE-MODEL-SMUGGLING-AUDIT,.local/obsidian/aether-flow-wiki/02_sources/tex/tex-research-control-resp-lc-finite-toy-metric-response-model-smuggling-audit.md,obsidian_note,generated_memory_note,generated_noncanonical,humans_and_agents,b5efa6a412f6c74770773478d255372b6fd867d9dfda3fa171a0d68a23c0e9c6,TEX-RESEARCH-CONTROL-RESP-LC-FINITE-TOY-METRIC-RESPONSE-MODEL-SMUGGLING-AUDIT,TEX-RESEARCH-CONTROL-RESP-LC-FINITE-TOY-METRIC-RESPONSE-MODEL-SMUGGLING-AUDIT,,obsidian-wiki,PASS,2026-06-18T01:13:59Z,Generated local Obsidian memory note; not canonical authority.,TEX-RESEARCH-CONTROL-RESP-LC-FINITE-TOY-METRIC-RESPONSE-MODEL-SMUGGLING-AUDIT,TEX_SOURCE_REGISTRY.csv,.local/obsidian/aether-flow-wiki,.local/obsidian/aether-flow-wiki/02_sources/tex/tex-research-control-resp-lc-finite-toy-metric-response-model-smuggling-audit.md,.local/obsidian/aether-flow-wiki/01_raw/tex/tex-research-control-resp-lc-finite-toy-metric-response-model-smuggling-audit.tex,,.local/obsidian/aether-flow-wiki/03_indexes/by-format-tex.md,local_generated,2026-06-18T01:13:59Z
VAULT-TEX-RESEARCH-CONTROL-RESP-LC-M-SRC-ONTOLOGY-LAW-ATLAS-GLUE-CANDIDATE-BRIDGE-WITNESS,.local/obsidian/aether-flow-wiki/02_sources/tex/tex-research-control-resp-lc-m-src-ontology-law-atlas-glue-candidate-bridge-witness.md,obsidian_note,generated_memory_note,generated_noncanonical,humans_and_agents,73c9749a706bcb541e3c4269c73ba08f0533741c91b11145b3c1a10b24da8cd4,TEX-RESEARCH-CONTROL-RESP-LC-M-SRC-ONTOLOGY-LAW-ATLAS-GLUE-CANDIDATE-BRIDGE-WITNESS,TEX-RESEARCH-CONTROL-RESP-LC-M-SRC-ONTOLOGY-LAW-ATLAS-GLUE-CANDIDATE-BRIDGE-WITNESS,,obsidian-wiki,PASS,2026-06-20T21:55:26Z,Generated local Obsidian memory note; not canonical authority.,TEX-RESEARCH-CONTROL-RESP-LC-M-SRC-ONTOLOGY-LAW-ATLAS-GLUE-CANDIDATE-BRIDGE-WITNESS,TEX_SOURCE_REGISTRY.csv,.local/obsidian/aether-flow-wiki,.local/obsidian/aether-flow-wiki/02_sources/tex/tex-research-control-resp-lc-m-src-ontology-law-atlas-glue-candidate-bridge-witness.md,.local/obsidian/aether-flow-wiki/01_raw/tex/tex-research-control-resp-lc-m-src-ontology-law-atlas-glue-candidate-bridge-witness.tex,,.local/obsidian/aether-flow-wiki/03_indexes/by-format-tex.md,local_generated,2026-06-20T21:55:26Z
VAULT-TEX-RESEARCH-CONTROL-RESP-LC-M-SRC-ONTOLOGY-LAW-ATLAS-GLUE-PROPOSAL,.local/obsidian/aether-flow-wiki/02_sources/tex/tex-research-control-resp-lc-m-src-ontology-law-atlas-glue-proposal.md,obsidian_note,generated_memory_note,generated_noncanonical,humans_and_agents,5731e2ea36d3495a4d2141e9c68aec8cde263992be4c46a057add1407be727b1,TEX-RESEARCH-CONTROL-RESP-LC-M-SRC-ONTOLOGY-LAW-ATLAS-GLUE-PROPOSAL,TEX-RESEARCH-CONTROL-RESP-LC-M-SRC-ONTOLOGY-LAW-ATLAS-GLUE-PROPOSAL,,obsidian-wiki,PASS,2026-06-20T21:05:54Z,Generated local Obsidian memory note; not canonical authority.,TEX-RESEARCH-CONTROL-RESP-LC-M-SRC-ONTOLOGY-LAW-ATLAS-GLUE-PROPOSAL,TEX_SOURCE_REGISTRY.csv,.local/obsidian/aether-flow-wiki,.local/obsidian/aether-flow-wiki/02_sources/tex/tex-research-control-resp-lc-m-src-ontology-law-atlas-glue-proposal.md,.local/obsidian/aether-flow-wiki/01_raw/tex/tex-research-control-resp-lc-m-src-ontology-law-atlas-glue-proposal.tex,,.local/obsidian/aether-flow-wiki/03_indexes/by-format-tex.md,local_generated,2026-06-20T21:05:54Z
VAULT-TEX-RESEARCH-CONTROL-RESP-LC-M-SRC-ONTOLOGY-LAW-ATLAS-GLUE-REFUTER-STRESS-TEST,.local/obsidian/aether-flow-wiki/02_sources/tex/tex-research-control-resp-lc-m-src-ontology-law-atlas-glue-refuter-stress-test.md,obsidian_note,generated_memory_note,generated_noncanonical,humans_and_agents,092b2e072ed6057276b3db39e1bc63ebe2468fb45195ac78724d5ed7634072f2,TEX-RESEARCH-CONTROL-RESP-LC-M-SRC-ONTOLOGY-LAW-ATLAS-GLUE-REFUTER-STRESS-TEST,TEX-RESEARCH-CONTROL-RESP-LC-M-SRC-ONTOLOGY-LAW-ATLAS-GLUE-REFUTER-STRESS-TEST,,obsidian-wiki,PASS,2026-06-20T21:37:52Z,Generated local Obsidian memory note; not canonical authority.,TEX-RESEARCH-CONTROL-RESP-LC-M-SRC-ONTOLOGY-LAW-ATLAS-GLUE-REFUTER-STRESS-TEST,TEX_SOURCE_REGISTRY.csv,.local/obsidian/aether-flow-wiki,.local/obsidian/aether-flow-wiki/02_sources/tex/tex-research-control-resp-lc-m-src-ontology-law-atlas-glue-refuter-stress-test.md,.local/obsidian/aether-flow-wiki/01_raw/tex/tex-research-control-resp-lc-m-src-ontology-law-atlas-glue-refuter-stress-test.tex,,.local/obsidian/aether-flow-wiki/03_indexes/by-format-tex.md,local_generated,2026-06-20T21:37:52Z
VAULT-TEX-RESEARCH-CONTROL-RESP-LC-M-SRC-ONTOLOGY-LAW-ATLAS-GLUE-SMUGGLING-AUDIT,.local/obsidian/aether-flow-wiki/02_sources/tex/tex-research-control-resp-lc-m-src-ontology-law-atlas-glue-smuggling-audit.md,obsidian_note,generated_memory_note,generated_noncanonical,humans_and_agents,9b17fa5c7639da639210f5dd9d0eeb1e6405d4259f4803c64e226cb9a85024f7,TEX-RESEARCH-CONTROL-RESP-LC-M-SRC-ONTOLOGY-LAW-ATLAS-GLUE-SMUGGLING-AUDIT,TEX-RESEARCH-CONTROL-RESP-LC-M-SRC-ONTOLOGY-LAW-ATLAS-GLUE-SMUGGLING-AUDIT,,obsidian-wiki,PASS,2026-06-20T21:21:46Z,Generated local Obsidian memory note; not canonical authority.,TEX-RESEARCH-CONTROL-RESP-LC-M-SRC-ONTOLOGY-LAW-ATLAS-GLUE-SMUGGLING-AUDIT,TEX_SOURCE_REGISTRY.csv,.local/obsidian/aether-flow-wiki,.local/obsidian/aether-flow-wiki/02_sources/tex/tex-research-control-resp-lc-m-src-ontology-law-atlas-glue-smuggling-audit.md,.local/obsidian/aether-flow-wiki/01_raw/tex/tex-research-control-resp-lc-m-src-ontology-law-atlas-glue-smuggling-audit.tex,,.local/obsidian/aether-flow-wiki/03_indexes/by-format-tex.md,local_generated,2026-06-20T21:21:46Z
VAULT-TEX-RESEARCH-CONTROL-RESP-LC-SOURCE-EXTENSION-CANDIDATE,.local/obsidian/aether-flow-wiki/02_sources/tex/tex-research-control-resp-lc-source-extension-candidate.md,obsidian_note,generated_memory_note,generated_noncanonical,humans_and_agents,b0d6124a7df8cdbacc17ae28fa70331b4c6243fd0aa9b7509391001d52da517e,TEX-RESEARCH-CONTROL-RESP-LC-SOURCE-EXTENSION-CANDIDATE,TEX-RESEARCH-CONTROL-RESP-LC-SOURCE-EXTENSION-CANDIDATE,,obsidian-wiki,PASS,2026-06-18T02:28:50Z,Generated local Obsidian memory note; not canonical authority.,TEX-RESEARCH-CONTROL-RESP-LC-SOURCE-EXTENSION-CANDIDATE,TEX_SOURCE_REGISTRY.csv,.local/obsidian/aether-flow-wiki,.local/obsidian/aether-flow-wiki/02_sources/tex/tex-research-control-resp-lc-source-extension-candidate.md,.local/obsidian/aether-flow-wiki/01_raw/tex/tex-research-control-resp-lc-source-extension-candidate.tex,,.local/obsidian/aether-flow-wiki/03_indexes/by-format-tex.md,local_generated,2026-06-18T02:28:50Z
VAULT-TEX-RESEARCH-CONTROL-RESP-LC-SOURCE-EXTENSION-CANDIDATE-REFUTER-STRESS-TEST,.local/obsidian/aether-flow-wiki/02_sources/tex/tex-research-control-resp-lc-source-extension-candidate-refuter-stress-test.md,obsidian_note,generated_memory_note,generated_noncanonical,humans_and_agents,1dc4968c0a6981164a53b9ceba49d52419433c8ca02a9685fb6a3fe24e05bc47,TEX-RESEARCH-CONTROL-RESP-LC-SOURCE-EXTENSION-CANDIDATE-REFUTER-STRESS-TEST,TEX-RESEARCH-CONTROL-RESP-LC-SOURCE-EXTENSION-CANDIDATE-REFUTER-STRESS-TEST,,obsidian-wiki,PASS,2026-06-18T03:05:04Z,Generated local Obsidian memory note; not canonical authority.,TEX-RESEARCH-CONTROL-RESP-LC-SOURCE-EXTENSION-CANDIDATE-REFUTER-STRESS-TEST,TEX_SOURCE_REGISTRY.csv,.local/obsidian/aether-flow-wiki,.local/obsidian/aether-flow-wiki/02_sources/tex/tex-research-control-resp-lc-source-extension-candidate-refuter-stress-test.md,.local/obsidian/aether-flow-wiki/01_raw/tex/tex-research-control-resp-lc-source-extension-candidate-refuter-stress-test.tex,,.local/obsidian/aether-flow-wiki/03_indexes/by-format-tex.md,local_generated,2026-06-18T03:05:04Z
VAULT-TEX-RESEARCH-CONTROL-RESP-LC-SOURCE-EXTENSION-CANDIDATE-SMUGGLING-AUDIT,.local/obsidian/aether-flow-wiki/02_sources/tex/tex-research-control-resp-lc-source-extension-candidate-smuggling-audit.md,obsidian_note,generated_memory_note,generated_noncanonical,humans_and_agents,967b387d70dac4b0b917069ce3fd1b59ae5fef66aefa5e08dac703dfef8f64ce,TEX-RESEARCH-CONTROL-RESP-LC-SOURCE-EXTENSION-CANDIDATE-SMUGGLING-AUDIT,TEX-RESEARCH-CONTROL-RESP-LC-SOURCE-EXTENSION-CANDIDATE-SMUGGLING-AUDIT,,obsidian-wiki,PASS,2026-06-18T02:44:02Z,Generated local Obsidian memory note; not canonical authority.,TEX-RESEARCH-CONTROL-RESP-LC-SOURCE-EXTENSION-CANDIDATE-SMUGGLING-AUDIT,TEX_SOURCE_REGISTRY.csv,.local/obsidian/aether-flow-wiki,.local/obsidian/aether-flow-wiki/02_sources/tex/tex-research-control-resp-lc-source-extension-candidate-smuggling-audit.md,.local/obsidian/aether-flow-wiki/01_raw/tex/tex-research-control-resp-lc-source-extension-candidate-smuggling-audit.tex,,.local/obsidian/aether-flow-wiki/03_indexes/by-format-tex.md,local_generated,2026-06-18T02:44:02Z
VAULT-TEX-RESEARCH-CONTROL-RESP-LC-SOURCE-EXTENSION-HUMAN-GATE-ADOPTION-DECISION,.local/obsidian/aether-flow-wiki/02_sources/tex/tex-research-control-resp-lc-source-extension-human-gate-adoption-decision.md,obsidian_note,generated_memory_note,generated_noncanonical,humans_and_agents,93182583344ff3f98e8cd28099a36f46b4111e60a0f68bae70baedb7bdbc9376,TEX-RESEARCH-CONTROL-RESP-LC-SOURCE-EXTENSION-HUMAN-GATE-ADOPTION-DECISION,TEX-RESEARCH-CONTROL-RESP-LC-SOURCE-EXTENSION-HUMAN-GATE-ADOPTION-DECISION,,obsidian-wiki,PASS,2026-06-18T03:19:58Z,Generated local Obsidian memory note; not canonical authority.,TEX-RESEARCH-CONTROL-RESP-LC-SOURCE-EXTENSION-HUMAN-GATE-ADOPTION-DECISION,TEX_SOURCE_REGISTRY.csv,.local/obsidian/aether-flow-wiki,.local/obsidian/aether-flow-wiki/02_sources/tex/tex-research-control-resp-lc-source-extension-human-gate-adoption-decision.md,.local/obsidian/aether-flow-wiki/01_raw/tex/tex-research-control-resp-lc-source-extension-human-gate-adoption-decision.tex,,.local/obsidian/aether-flow-wiki/03_indexes/by-format-tex.md,local_generated,2026-06-18T03:19:58Z
VAULT-TEX-RESEARCH-CONTROL-RESP-LC-SOURCE-EXTENSION-M-SRC-ATLAS-GLUE-DISCRIMINATOR-CANDIDATE-WITNESS,.local/obsidian/aether-flow-wiki/02_sources/tex/tex-research-control-resp-lc-source-extension-m-src-atlas-glue-discriminator-candidate-witness.md,obsidian_note,generated_memory_note,generated_noncanonical,humans_and_agents,c7afbbd474dc8255efb58d5ba104f8fb9746463b64bf62c54719d89c852fb236,TEX-RESEARCH-CONTROL-RESP-LC-SOURCE-EXTENSION-M-SRC-ATLAS-GLUE-DISCRIMINATOR-CANDIDATE-WITNESS,TEX-RESEARCH-CONTROL-RESP-LC-SOURCE-EXTENSION-M-SRC-ATLAS-GLUE-DISCRIMINATOR-CANDIDATE-WITNESS,,obsidian-wiki,PASS,2026-06-20T02:29:03Z,Generated local Obsidian memory note; not canonical authority.,TEX-RESEARCH-CONTROL-RESP-LC-SOURCE-EXTENSION-M-SRC-ATLAS-GLUE-DISCRIMINATOR-CANDIDATE-WITNESS,TEX_SOURCE_REGISTRY.csv,.local/obsidian/aether-flow-wiki,.local/obsidian/aether-flow-wiki/02_sources/tex/tex-research-control-resp-lc-source-extension-m-src-atlas-glue-discriminator-candidate-witness.md,.local/obsidian/aether-flow-wiki/01_raw/tex/tex-research-control-resp-lc-source-extension-m-src-atlas-glue-discriminator-candidate-witness.tex,,.local/obsidian/aether-flow-wiki/03_indexes/by-format-tex.md,local_generated,2026-06-20T02:29:03Z
VAULT-TEX-RESEARCH-CONTROL-RESP-LC-SOURCE-EXTENSION-M-SRC-ATLAS-GLUE-DISCRIMINATOR-CANDIDATE-WITNESS-REFUTER-STRESS-TEST,.local/obsidian/aether-flow-wiki/02_sources/tex/tex-research-control-resp-lc-source-extension-m-src-atlas-glue-discriminator-candidate-witness-refuter-stress-test.md,obsidian_note,generated_memory_note,generated_noncanonical,humans_and_agents,9e2ce8cee16e294548ec17d7a7aef427af04c020c8d46dfb12eea85ce2859497,TEX-RESEARCH-CONTROL-RESP-LC-SOURCE-EXTENSION-M-SRC-ATLAS-GLUE-DISCRIMINATOR-CANDIDATE-WITNESS-REFUTER-STRESS-TEST,TEX-RESEARCH-CONTROL-RESP-LC-SOURCE-EXTENSION-M-SRC-ATLAS-GLUE-DISCRIMINATOR-CANDIDATE-WITNESS-REFUTER-STRESS-TEST,,obsidian-wiki,PASS,2026-06-20T02:56:27Z,Generated local Obsidian memory note; not canonical authority.,TEX-RESEARCH-CONTROL-RESP-LC-SOURCE-EXTENSION-M-SRC-ATLAS-GLUE-DISCRIMINATOR-CANDIDATE-WITNESS-REFUTER-STRESS-TEST,TEX_SOURCE_REGISTRY.csv,.local/obsidian/aether-flow-wiki,.local/obsidian/aether-flow-wiki/02_sources/tex/tex-research-control-resp-lc-source-extension-m-src-atlas-glue-discriminator-candidate-witness-refuter-stress-test.md,.local/obsidian/aether-flow-wiki/01_raw/tex/tex-research-control-resp-lc-source-extension-m-src-atlas-glue-discriminator-candidate-witness-refuter-stress-test.tex,,.local/obsidian/aether-flow-wiki/03_indexes/by-format-tex.md,local_generated,2026-06-20T02:56:27Z
VAULT-TEX-RESEARCH-CONTROL-RESP-LC-SOURCE-EXTENSION-M-SRC-ATLAS-GLUE-DISCRIMINATOR-CANDIDATE-WITNESS-SMUGGLING-AUDIT,.local/obsidian/aether-flow-wiki/02_sources/tex/tex-research-control-resp-lc-source-extension-m-src-atlas-glue-discriminator-candidate-witness-smuggling-audit.md,obsidian_note,generated_memory_note,generated_noncanonical,humans_and_agents,2a7fd3af7e2e58eadbc09d6ac00eee5338513b6748d7a54a80b585e41ec227c6,TEX-RESEARCH-CONTROL-RESP-LC-SOURCE-EXTENSION-M-SRC-ATLAS-GLUE-DISCRIMINATOR-CANDIDATE-WITNESS-SMUGGLING-AUDIT,TEX-RESEARCH-CONTROL-RESP-LC-SOURCE-EXTENSION-M-SRC-ATLAS-GLUE-DISCRIMINATOR-CANDIDATE-WITNESS-SMUGGLING-AUDIT,,obsidian-wiki,PASS,2026-06-20T02:42:43Z,Generated local Obsidian memory note; not canonical authority.,TEX-RESEARCH-CONTROL-RESP-LC-SOURCE-EXTENSION-M-SRC-ATLAS-GLUE-DISCRIMINATOR-CANDIDATE-WITNESS-SMUGGLING-AUDIT,TEX_SOURCE_REGISTRY.csv,.local/obsidian/aether-flow-wiki,.local/obsidian/aether-flow-wiki/02_sources/tex/tex-research-control-resp-lc-source-extension-m-src-atlas-glue-discriminator-candidate-witness-smuggling-audit.md,.local/obsidian/aether-flow-wiki/01_raw/tex/tex-research-control-resp-lc-source-extension-m-src-atlas-glue-discriminator-candidate-witness-smuggling-audit.tex,,.local/obsidian/aether-flow-wiki/03_indexes/by-format-tex.md,local_generated,2026-06-20T02:42:43Z
VAULT-TEX-RESEARCH-CONTROL-RESP-LC-SOURCE-EXTENSION-M-SRC-ATLAS-GLUE-DISCRIMINATOR-REFUTER-STRESS-TEST,.local/obsidian/aether-flow-wiki/02_sources/tex/tex-research-control-resp-lc-source-extension-m-src-atlas-glue-discriminator-refuter-stress-test.md,obsidian_note,generated_memory_note,generated_noncanonical,humans_and_agents,9bd21f71b114289672709dad71f4b455c36fa12800ec65e73cfd245009385c22,TEX-RESEARCH-CONTROL-RESP-LC-SOURCE-EXTENSION-M-SRC-ATLAS-GLUE-DISCRIMINATOR-REFUTER-STRESS-TEST,TEX-RESEARCH-CONTROL-RESP-LC-SOURCE-EXTENSION-M-SRC-ATLAS-GLUE-DISCRIMINATOR-REFUTER-STRESS-TEST,,obsidian-wiki,PASS,2026-06-20T02:13:02Z,Generated local Obsidian memory note; not canonical authority.,TEX-RESEARCH-CONTROL-RESP-LC-SOURCE-EXTENSION-M-SRC-ATLAS-GLUE-DISCRIMINATOR-REFUTER-STRESS-TEST,TEX_SOURCE_REGISTRY.csv,.local/obsidian/aether-flow-wiki,.local/obsidian/aether-flow-wiki/02_sources/tex/tex-research-control-resp-lc-source-extension-m-src-atlas-glue-discriminator-refuter-stress-test.md,.local/obsidian/aether-flow-wiki/01_raw/tex/tex-research-control-resp-lc-source-extension-m-src-atlas-glue-discriminator-refuter-stress-test.tex,,.local/obsidian/aether-flow-wiki/03_indexes/by-format-tex.md,local_generated,2026-06-20T02:13:02Z
VAULT-TEX-RESEARCH-CONTROL-RESP-LC-SOURCE-EXTENSION-M-SRC-ATLAS-GLUE-DISCRIMINATOR-REPAIR-PRIMITIVE,.local/obsidian/aether-flow-wiki/02_sources/tex/tex-research-control-resp-lc-source-extension-m-src-atlas-glue-discriminator-repair-primitive.md,obsidian_note,generated_memory_note,generated_noncanonical,humans_and_agents,2a5b7aa61f521ae8319a6a00578ba0b6cd18c54807a54ea4247cdf92c194a8e5,TEX-RESEARCH-CONTROL-RESP-LC-SOURCE-EXTENSION-M-SRC-ATLAS-GLUE-DISCRIMINATOR-REPAIR-PRIMITIVE,TEX-RESEARCH-CONTROL-RESP-LC-SOURCE-EXTENSION-M-SRC-ATLAS-GLUE-DISCRIMINATOR-REPAIR-PRIMITIVE,,obsidian-wiki,PASS,2026-06-20T01:41:37Z,Generated local Obsidian memory note; not canonical authority.,TEX-RESEARCH-CONTROL-RESP-LC-SOURCE-EXTENSION-M-SRC-ATLAS-GLUE-DISCRIMINATOR-REPAIR-PRIMITIVE,TEX_SOURCE_REGISTRY.csv,.local/obsidian/aether-flow-wiki,.local/obsidian/aether-flow-wiki/02_sources/tex/tex-research-control-resp-lc-source-extension-m-src-atlas-glue-discriminator-repair-primitive.md,.local/obsidian/aether-flow-wiki/01_raw/tex/tex-research-control-resp-lc-source-extension-m-src-atlas-glue-discriminator-repair-primitive.tex,,.local/obsidian/aether-flow-wiki/03_indexes/by-format-tex.md,local_generated,2026-06-20T01:41:37Z
VAULT-TEX-RESEARCH-CONTROL-RESP-LC-SOURCE-EXTENSION-M-SRC-ATLAS-GLUE-DISCRIMINATOR-SMUGGLING-AUDIT,.local/obsidian/aether-flow-wiki/02_sources/tex/tex-research-control-resp-lc-source-extension-m-src-atlas-glue-discriminator-smuggling-audit.md,obsidian_note,generated_memory_note,generated_noncanonical,humans_and_agents,65d02c78727c6c605ccceb29a3cc7a830a18efccd2f17015dd19b0995efa5bf4,TEX-RESEARCH-CONTROL-RESP-LC-SOURCE-EXTENSION-M-SRC-ATLAS-GLUE-DISCRIMINATOR-SMUGGLING-AUDIT,TEX-RESEARCH-CONTROL-RESP-LC-SOURCE-EXTENSION-M-SRC-ATLAS-GLUE-DISCRIMINATOR-SMUGGLING-AUDIT,,obsidian-wiki,PASS,2026-06-20T01:55:34Z,Generated local Obsidian memory note; not canonical authority.,TEX-RESEARCH-CONTROL-RESP-LC-SOURCE-EXTENSION-M-SRC-ATLAS-GLUE-DISCRIMINATOR-SMUGGLING-AUDIT,TEX_SOURCE_REGISTRY.csv,.local/obsidian/aether-flow-wiki,.local/obsidian/aether-flow-wiki/02_sources/tex/tex-research-control-resp-lc-source-extension-m-src-atlas-glue-discriminator-smuggling-audit.md,.local/obsidian/aether-flow-wiki/01_raw/tex/tex-research-control-resp-lc-source-extension-m-src-atlas-glue-discriminator-smuggling-audit.tex,,.local/obsidian/aether-flow-wiki/03_indexes/by-format-tex.md,local_generated,2026-06-20T01:55:34Z
VAULT-TEX-RESEARCH-CONTROL-RESP-LC-SOURCE-EXTENSION-M-SRC-ATLAS-GLUE-REFUTER-STRESS-TEST,.local/obsidian/aether-flow-wiki/02_sources/tex/tex-research-control-resp-lc-source-extension-m-src-atlas-glue-refuter-stress-test.md,obsidian_note,generated_memory_note,generated_noncanonical,humans_and_agents,d7a3b887fd678670a6f0f63cf186179fdd8adebe0b9dfe6eaefac05622377853,TEX-RESEARCH-CONTROL-RESP-LC-SOURCE-EXTENSION-M-SRC-ATLAS-GLUE-REFUTER-STRESS-TEST,TEX-RESEARCH-CONTROL-RESP-LC-SOURCE-EXTENSION-M-SRC-ATLAS-GLUE-REFUTER-STRESS-TEST,,obsidian-wiki,PASS,2026-06-20T01:10:36Z,Generated local Obsidian memory note; not canonical authority.,TEX-RESEARCH-CONTROL-RESP-LC-SOURCE-EXTENSION-M-SRC-ATLAS-GLUE-REFUTER-STRESS-TEST,TEX_SOURCE_REGISTRY.csv,.local/obsidian/aether-flow-wiki,.local/obsidian/aether-flow-wiki/02_sources/tex/tex-research-control-resp-lc-source-extension-m-src-atlas-glue-refuter-stress-test.md,.local/obsidian/aether-flow-wiki/01_raw/tex/tex-research-control-resp-lc-source-extension-m-src-atlas-glue-refuter-stress-test.tex,,.local/obsidian/aether-flow-wiki/03_indexes/by-format-tex.md,local_generated,2026-06-20T01:10:36Z
VAULT-TEX-RESEARCH-CONTROL-RESP-LC-SOURCE-EXTENSION-M-SRC-ATLAS-GLUE-SMUGGLING-AUDIT,.local/obsidian/aether-flow-wiki/02_sources/tex/tex-research-control-resp-lc-source-extension-m-src-atlas-glue-smuggling-audit.md,obsidian_note,generated_memory_note,generated_noncanonical,humans_and_agents,09b98faa7f50421a2754621fc180074bfffd26589a8e0052d9102525d3dc3b25,TEX-RESEARCH-CONTROL-RESP-LC-SOURCE-EXTENSION-M-SRC-ATLAS-GLUE-SMUGGLING-AUDIT,TEX-RESEARCH-CONTROL-RESP-LC-SOURCE-EXTENSION-M-SRC-ATLAS-GLUE-SMUGGLING-AUDIT,,obsidian-wiki,PASS,2026-06-20T00:46:44Z,Generated local Obsidian memory note; not canonical authority.,TEX-RESEARCH-CONTROL-RESP-LC-SOURCE-EXTENSION-M-SRC-ATLAS-GLUE-SMUGGLING-AUDIT,TEX_SOURCE_REGISTRY.csv,.local/obsidian/aether-flow-wiki,.local/obsidian/aether-flow-wiki/02_sources/tex/tex-research-control-resp-lc-source-extension-m-src-atlas-glue-smuggling-audit.md,.local/obsidian/aether-flow-wiki/01_raw/tex/tex-research-control-resp-lc-source-extension-m-src-atlas-glue-smuggling-audit.tex,,.local/obsidian/aether-flow-wiki/03_indexes/by-format-tex.md,local_generated,2026-06-20T00:46:44Z
VAULT-TEX-RESEARCH-CONTROL-RESP-LC-SOURCE-EXTENSION-M-SRC-ATLAS-GLUE-SOURCE-PRIMITIVE,.local/obsidian/aether-flow-wiki/02_sources/tex/tex-research-control-resp-lc-source-extension-m-src-atlas-glue-source-primitive.md,obsidian_note,generated_memory_note,generated_noncanonical,humans_and_agents,a6402fd1a868305a89c7b3a534aeb8f19ca3b50d14c1d1872fe2c85fa356b0f9,TEX-RESEARCH-CONTROL-RESP-LC-SOURCE-EXTENSION-M-SRC-ATLAS-GLUE-SOURCE-PRIMITIVE,TEX-RESEARCH-CONTROL-RESP-LC-SOURCE-EXTENSION-M-SRC-ATLAS-GLUE-SOURCE-PRIMITIVE,,obsidian-wiki,PASS,2026-06-18T16:23:32Z,Generated local Obsidian memory note; not canonical authority.,TEX-RESEARCH-CONTROL-RESP-LC-SOURCE-EXTENSION-M-SRC-ATLAS-GLUE-SOURCE-PRIMITIVE,TEX_SOURCE_REGISTRY.csv,.local/obsidian/aether-flow-wiki,.local/obsidian/aether-flow-wiki/02_sources/tex/tex-research-control-resp-lc-source-extension-m-src-atlas-glue-source-primitive.md,.local/obsidian/aether-flow-wiki/01_raw/tex/tex-research-control-resp-lc-source-extension-m-src-atlas-glue-source-primitive.tex,,.local/obsidian/aether-flow-wiki/03_indexes/by-format-tex.md,local_generated,2026-06-18T16:23:32Z
VAULT-TEX-RESEARCH-CONTROL-RESP-LC-SOURCE-EXTENSION-M-SRC-BRIDGE-ATTEMPT,.local/obsidian/aether-flow-wiki/02_sources/tex/tex-research-control-resp-lc-source-extension-m-src-bridge-attempt.md,obsidian_note,generated_memory_note,generated_noncanonical,humans_and_agents,87654664d9adb83fd158b70893b0f5739b19e7d6bd882d85aeddfdd45cad1bb1,TEX-RESEARCH-CONTROL-RESP-LC-SOURCE-EXTENSION-M-SRC-BRIDGE-ATTEMPT,TEX-RESEARCH-CONTROL-RESP-LC-SOURCE-EXTENSION-M-SRC-BRIDGE-ATTEMPT,,obsidian-wiki,PASS,2026-06-18T04:19:05Z,Generated local Obsidian memory note; not canonical authority.,TEX-RESEARCH-CONTROL-RESP-LC-SOURCE-EXTENSION-M-SRC-BRIDGE-ATTEMPT,TEX_SOURCE_REGISTRY.csv,.local/obsidian/aether-flow-wiki,.local/obsidian/aether-flow-wiki/02_sources/tex/tex-research-control-resp-lc-source-extension-m-src-bridge-attempt.md,.local/obsidian/aether-flow-wiki/01_raw/tex/tex-research-control-resp-lc-source-extension-m-src-bridge-attempt.tex,,.local/obsidian/aether-flow-wiki/03_indexes/by-format-tex.md,local_generated,2026-06-18T04:19:05Z
VAULT-TEX-RESEARCH-CONTROL-RESP-LC-SOURCE-EXTENSION-M-SRC-BRIDGE-REFUTER-STRESS-TEST,.local/obsidian/aether-flow-wiki/02_sources/tex/tex-research-control-resp-lc-source-extension-m-src-bridge-refuter-stress-test.md,obsidian_note,generated_memory_note,generated_noncanonical,humans_and_agents,2bd4d8f5e30c48d65667da390f7a499c538637b6bdae44d9cf88c7a29ce4c07b,TEX-RESEARCH-CONTROL-RESP-LC-SOURCE-EXTENSION-M-SRC-BRIDGE-REFUTER-STRESS-TEST,TEX-RESEARCH-CONTROL-RESP-LC-SOURCE-EXTENSION-M-SRC-BRIDGE-REFUTER-STRESS-TEST,,obsidian-wiki,PASS,2026-06-18T04:46:47Z,Generated local Obsidian memory note; not canonical authority.,TEX-RESEARCH-CONTROL-RESP-LC-SOURCE-EXTENSION-M-SRC-BRIDGE-REFUTER-STRESS-TEST,TEX_SOURCE_REGISTRY.csv,.local/obsidian/aether-flow-wiki,.local/obsidian/aether-flow-wiki/02_sources/tex/tex-research-control-resp-lc-source-extension-m-src-bridge-refuter-stress-test.md,.local/obsidian/aether-flow-wiki/01_raw/tex/tex-research-control-resp-lc-source-extension-m-src-bridge-refuter-stress-test.tex,,.local/obsidian/aether-flow-wiki/03_indexes/by-format-tex.md,local_generated,2026-06-18T04:46:47Z
VAULT-TEX-RESEARCH-CONTROL-RESP-LC-SOURCE-EXTENSION-M-SRC-BRIDGE-SMUGGLING-AUDIT,.local/obsidian/aether-flow-wiki/02_sources/tex/tex-research-control-resp-lc-source-extension-m-src-bridge-smuggling-audit.md,obsidian_note,generated_memory_note,generated_noncanonical,humans_and_agents,a968340eddf76cc029cdb378729c40f459ba0eab9b1e819427c9b09413b1198e,TEX-RESEARCH-CONTROL-RESP-LC-SOURCE-EXTENSION-M-SRC-BRIDGE-SMUGGLING-AUDIT,TEX-RESEARCH-CONTROL-RESP-LC-SOURCE-EXTENSION-M-SRC-BRIDGE-SMUGGLING-AUDIT,,obsidian-wiki,PASS,2026-06-18T04:32:50Z,Generated local Obsidian memory note; not canonical authority.,TEX-RESEARCH-CONTROL-RESP-LC-SOURCE-EXTENSION-M-SRC-BRIDGE-SMUGGLING-AUDIT,TEX_SOURCE_REGISTRY.csv,.local/obsidian/aether-flow-wiki,.local/obsidian/aether-flow-wiki/02_sources/tex/tex-research-control-resp-lc-source-extension-m-src-bridge-smuggling-audit.md,.local/obsidian/aether-flow-wiki/01_raw/tex/tex-research-control-resp-lc-source-extension-m-src-bridge-smuggling-audit.tex,,.local/obsidian/aether-flow-wiki/03_indexes/by-format-tex.md,local_generated,2026-06-18T04:32:50Z
VAULT-TEX-RESEARCH-CONTROL-RESP-LC-SOURCE-SIDE-SELECTOR-NO-GO-THEOREM-REFUTER-STRESS-TEST,.local/obsidian/aether-flow-wiki/02_sources/tex/tex-research-control-resp-lc-source-side-selector-no-go-theorem-refuter-stress-test.md,obsidian_note,generated_memory_note,generated_noncanonical,humans_and_agents,fc2a0d719078716c483acc3d697fc2c844744401bc760aec3b3b995808d4c6a1,TEX-RESEARCH-CONTROL-RESP-LC-SOURCE-SIDE-SELECTOR-NO-GO-THEOREM-REFUTER-STRESS-TEST,TEX-RESEARCH-CONTROL-RESP-LC-SOURCE-SIDE-SELECTOR-NO-GO-THEOREM-REFUTER-STRESS-TEST,,obsidian-wiki,PASS,2026-06-17T06:50:54Z,Generated local Obsidian memory note; not canonical authority.,TEX-RESEARCH-CONTROL-RESP-LC-SOURCE-SIDE-SELECTOR-NO-GO-THEOREM-REFUTER-STRESS-TEST,TEX_SOURCE_REGISTRY.csv,.local/obsidian/aether-flow-wiki,.local/obsidian/aether-flow-wiki/02_sources/tex/tex-research-control-resp-lc-source-side-selector-no-go-theorem-refuter-stress-test.md,.local/obsidian/aether-flow-wiki/01_raw/tex/tex-research-control-resp-lc-source-side-selector-no-go-theorem-refuter-stress-test.tex,,.local/obsidian/aether-flow-wiki/03_indexes/by-format-tex.md,local_generated,2026-06-17T06:50:54Z
