task_id,task_path,task_type,status,current_decision_id,current_job_id,parent_task_id,created_at,updated_at,closed_at,closure_status,requires_human_gate,notes
RT-20260614-076,research_control/tasks/RT-20260614-076,resp_lc_m_src_ontology_law_theoretical_selector_atlas_glue,completed,DDR-20260614-076,AJ-RT-20260614-076-001,RT-20260614-075,2026-06-20T20:22:50Z,2026-06-20T20:22:50Z,2026-06-20T20:22:50Z,ontology_law_selector_completed_as_msrc_atlasglue_law_packet_selected,false,Ontology-law selector selected MSL-MSRC-ATLASGLUE-LAW as next proposal-only atlas-glue law packet with adoption blocked and same-milestone continuation open
RT-20260614-075,research_control/tasks/RT-20260614-075,resp_lc_current_ontology_atlas_glue_derivation_attempt,completed,DDR-20260614-075,AJ-RT-20260614-075-001,RT-20260614-074,2026-06-20T03:06:26Z,2026-06-20T03:06:26Z,2026-06-20T03:06:26Z,current_ontology_derivation_attempt_completed_as_obstruction_to_deriving_atlasglue_data,false,Current canonical ontology does not derive discriminator profiles selector preorder inverse checks cocycle checks or finite-variation robustness without a new source-side rule
RT-20260614-074,research_control/tasks/RT-20260614-074,resp_lc_source_extension_m_src_atlas_glue_discriminator_candidate_witness_refuter_stress_test,completed,DDR-20260614-074,AJ-RT-20260614-074-001,RT-20260614-073,2026-06-20T02:47:11Z,2026-06-20T02:47:11Z,2026-06-20T02:47:11Z,atlasglue_disc_src_plus_candidate_witness_refuter_stress_completed_as_scoped_obstruction_with_human_gated_source_extension_adoption_required,false,Finite repaired source-atlas witness Refuter stress completed as scoped obstruction with source-authority adoption human-gated
RT-20260614-073,research_control/tasks/RT-20260614-073,resp_lc_source_extension_m_src_atlas_glue_discriminator_candidate_witness_smuggling_audit,completed,DDR-20260614-073,AJ-RT-20260614-073-001,RT-20260614-072,2026-06-20T02:33:47Z,2026-06-20T02:33:47Z,2026-06-20T02:33:47Z,atlasglue_disc_src_plus_candidate_witness_smuggling_audit_completed_as_conditional_source_purity_pass_with_finite_witness_guards,false,Finite repaired source-atlas witness smuggling audit completed as conditional source-purity pass with source-authority and finite-source-overread guards
RT-20260614-072,research_control/tasks/RT-20260614-072,resp_lc_source_extension_m_src_atlas_glue_discriminator_candidate_witness,completed,DDR-20260614-072,AJ-RT-20260614-072-001,RT-20260614-071,2026-06-20T02:19:35Z,2026-06-20T02:19:35Z,2026-06-20T02:19:35Z,atlasglue_disc_src_plus_candidate_constructor_completed_as_finite_repaired_source_atlas_witness_with_full_m_src_generalization_blocked,false,Finite repaired source-atlas witness constructed with explicit discriminator selector inverse cocycle and bot branches while full M_src and downstream GR claims remain blocked
RT-20260614-071,research_control/tasks/RT-20260614-071,resp_lc_source_extension_m_src_atlas_glue_discriminator_refuter_stress_test,completed,DDR-20260614-071,AJ-RT-20260614-071-001,RT-20260614-070,2026-06-20T02:03:33Z,2026-06-20T02:03:33Z,2026-06-20T02:03:33Z,atlasglue_disc_src_plus_refuter_stress_completed_as_bridge_facing_candidate_path_with_fail_closed_guards,false,AtlasGlueDisc_src^+ Refuter stress completed as bridge-facing candidate path with fail-closed guards and Candidate Constructor next before M_src construction
RT-20260614-070,research_control/tasks/RT-20260614-070,resp_lc_source_extension_m_src_atlas_glue_discriminator_smuggling_audit,completed,DDR-20260614-070,AJ-RT-20260614-070-001,RT-20260614-069,2026-06-20T01:47:13Z,2026-06-20T01:47:13Z,2026-06-20T01:47:13Z,atlasglue_disc_src_plus_smuggling_audit_completed_as_conditional_source_purity_pass_with_discriminator_authority_guards,false,AtlasGlueDisc_src^+ smuggling audit completed with conditional source-purity pass and Refuter stress required before M_src construction
RT-20260614-069,research_control/tasks/RT-20260614-069,resp_lc_source_extension_m_src_atlas_glue_discriminator_repair_primitive,completed,DDR-20260614-069,AJ-RT-20260614-069-001,RT-20260614-068,2026-06-20T01:32:25Z,2026-06-20T01:32:25Z,2026-06-20T01:32:25Z,atlasglue_disc_src_plus_drafted_as_source_side_discriminator_repair_with_uniqueness_and_failure_conditions,false,AtlasGlueDisc_src^+ discriminator repair primitive drafted with conditional uniqueness theorem finite witness failure branch and audit next
RT-20260614-068,research_control/tasks/RT-20260614-068,resp_lc_source_extension_m_src_theoretical_continuation_selector_discriminator_repair,completed,DDR-20260614-068,AJ-RT-20260614-068-001,RT-20260614-067,2026-06-20T01:20:36Z,2026-06-20T01:20:36Z,2026-06-20T01:20:36Z,atlasglue_src_plus_selector_completed_as_source_discriminator_repair_selected,false,Selector chose source-side discriminator repair primitive as next M_src packet after AtlasGlue_src^+ transition-label obstruction
RT-20260614-067,research_control/tasks/RT-20260614-067,resp_lc_source_extension_m_src_atlas_glue_refuter_stress_test,completed,DDR-20260614-067,AJ-RT-20260614-067-001,RT-20260614-066,2026-06-20T01:01:52Z,2026-06-20T01:01:52Z,2026-06-20T01:01:52Z,atlasglue_src_plus_refuter_stress_completed_as_scoped_transition_label_obstruction_with_selector_next,false,AtlasGlue_src^+ Refuter stress completed as scoped transition-token and label-compatibility obstruction with selector next before M_src construction
RT-20260614-066,research_control/tasks/RT-20260614-066,resp_lc_source_extension_m_src_atlas_glue_smuggling_audit,completed,DDR-20260614-066,AJ-RT-20260614-066-001,RT-20260614-065,2026-06-20T00:38:19Z,2026-06-20T00:38:19Z,2026-06-20T00:38:19Z,atlasglue_src_plus_smuggling_audit_completed_as_conditional_source_purity_pass_with_source_authority_guards,false,AtlasGlue_src^+ source primitive smuggling audit completed with conditional source-purity pass and Refuter stress required before M_src construction
RT-20260619-015,research_control/tasks/RT-20260619-015,documentation_curator_reader_scope_footer_relocation_phase4_research_control_operation,completed,DDR-20260619-015,AJ-RT-20260619-015-001,RT-20260619-014,2026-06-19T22:47:30Z,2026-06-19T22:52:57Z,2026-06-19T22:52:57Z,reader_scope_footer_relocation_phase4_research_control_operation_completed,false,Reader Scope footer relocation Phase 4 research-control operation pages completed without validator role schema routing checkpoint dependency or physics claim changes
RT-20260619-014,research_control/tasks/RT-20260619-014,documentation_curator_reader_scope_footer_relocation_phase3_physics_claim_boundary,completed,DDR-20260619-014,AJ-RT-20260619-014-001,RT-20260619-013,2026-06-19T22:16:11Z,2026-06-19T22:16:11Z,2026-06-19T22:16:11Z,reader_scope_footer_relocation_phase3_physics_claim_boundary_completed,false,Reader Scope footer relocation Phase 3 physics status and claim-boundary pages completed without validator role schema routing checkpoint dependency or physics claim changes
RT-20260619-006,research_control/tasks/RT-20260619-006,documentation_curator_post_migration_phase3_research_control_operation,completed,DDR-20260619-006,AJ-RT-20260619-006-001,RT-20260619-005,2026-06-19T16:58:43Z,2026-06-19T16:58:43Z,2026-06-19T16:58:43Z,post_migration_phase3_footer_authority_completed,false,Post-migration Phase 3 research-control operation footer-authority rewrite completed without role schema routing validator checkpoint or physics claim changes
RT-20260619-005,research_control/tasks/RT-20260619-005,documentation_curator_post_migration_phase2_physics_status_claim_boundaries,completed,DDR-20260619-005,AJ-RT-20260619-005-001,RT-20260619-004,2026-06-19T16:32:55Z,2026-06-19T16:32:55Z,2026-06-19T16:32:55Z,post_migration_phase2_footer_authority_completed,false,Post-migration Phase 2 physics status and claim-boundary footer-authority rewrite completed without physics claim promotion or contract validator role schema routing checkpoint changes
RT-20260619-004,research_control/tasks/RT-20260619-004,project_system_documentation_curator_post_migration_phase1_contract_validator_guard,completed,DDR-20260619-004,AJ-RT-20260619-004-001,RT-20260619-003,2026-06-19T16:01:27Z,2026-06-19T16:09:15Z,2026-06-19T16:09:15Z,phase1_contract_validator_guard_completed,false,Phase 1 publication contract and validator guard completed without public page rewrites or physics claim changes
RT-20260619-003,research_control/tasks/RT-20260619-003,documentation_curator_post_migration_phase0_audit,completed,DDR-20260619-003,AJ-RT-20260619-003-001,RT-20260619-002,2026-06-19T15:42:37Z,2026-06-19T15:42:37Z,2026-06-19T15:42:37Z,phase0_audit_completed_with_surface_audit_findings,false,Phase 0 post-migration page audit completed without public page output edits or physics claim changes
RT-20260619-002,research_control/tasks/RT-20260619-002,project_system_documentation_curator_post_migration_quality_plan,completed,DDR-20260619-002,AJ-RT-20260619-002-001,RT-20260619-001,2026-06-19T14:32:37Z,2026-06-19T14:32:37Z,2026-06-19T14:32:37Z,post_migration_quality_plan_completed,false,Post-migration Documentation Curator quality plan completed without public page output edits or physics claim changes
RT-20260619-001,research_control/tasks/RT-20260619-001,documentation_curator_phase5c_technical_requirements,completed,DDR-20260619-001,AJ-RT-20260619-001-001,RT-20260618-022,2026-06-19T13:35:00Z,2026-06-19T13:35:00Z,2026-06-19T13:35:00Z,phase5c_technical_requirements_completed,false,Phase 5C technical-requirements operator guide completed without dependency validator Makefile command-semantics harness-policy role-authority routing checkpoint generated-output authority or physics claim changes
RT-20260618-022,research_control/tasks/RT-20260618-022,documentation_curator_phase5b_roles_and_skills,completed,DDR-20260618-022,AJ-RT-20260618-022-001,RT-20260618-021,2026-06-19T04:55:00Z,2026-06-19T04:55:00Z,2026-06-19T04:55:00Z,phase5b_roles_and_skills_completed,false,Phase 5B roles-and-skills reference packet completed without role status role registration skill-contract validator routing checkpoint generated-output authority or physics claim changes
RT-20260618-021,research_control/tasks/RT-20260618-021,documentation_curator_phase5a_memory_system,completed,DDR-20260618-021,AJ-RT-20260618-021-001,RT-20260618-020,2026-06-19T04:30:00Z,2026-06-19T04:30:00Z,2026-06-19T04:30:00Z,phase5a_memory_system_completed,false,Phase 5A memory-system reference packet completed without memory-system behavior registry schema validator routing role-authority checkpoint generated-output authority or physics claim changes
RT-20260618-020,research_control/tasks/RT-20260618-020,documentation_curator_phase4c_validator_operator_workflow,completed,DDR-20260618-020,AJ-RT-20260618-020-001,RT-20260618-019,2026-06-19T03:00:00Z,2026-06-19T03:00:00Z,2026-06-19T03:00:00Z,phase4c_validator_operator_workflow_completed,false,Phase 4C validator-operator workflow packet completed without validator behavior role-authority schema routing checkpoint or physics claim changes
RT-20260618-019,research_control/tasks/RT-20260618-019,documentation_curator_phase4b_publication_process,completed,DDR-20260618-019,AJ-RT-20260618-019-001,RT-20260618-018,2026-06-19T02:40:00Z,2026-06-19T02:40:00Z,2026-06-19T02:40:00Z,phase4b_publication_process_completed,false,Phase 4B publication-process packet completed without validator role-authority schema routing or physics claim changes
RT-20260618-018,research_control/tasks/RT-20260618-018,documentation_curator_phase4a_project_system_improvement,completed,DDR-20260618-018,AJ-RT-20260618-018-001,RT-20260618-017,2026-06-19T01:38:00Z,2026-06-19T01:38:00Z,2026-06-19T01:38:00Z,phase4a_project_system_improvement_completed,false,Phase 4A project-system improvement packet completed without validator routing signal-registry role-authority schema or physics claim changes
RT-20260618-017,research_control/tasks/RT-20260618-017,documentation_curator_phase3c_research_control_system_merge_decision,completed,DDR-20260618-017,AJ-RT-20260618-017-001,RT-20260618-016,2026-06-19T01:22:00Z,2026-06-19T01:22:00Z,2026-06-19T01:22:00Z,phase3c_research_control_system_merged,false,Phase 3C completed as merge decision without public page migration or physics claim authority
RT-20260618-016,research_control/tasks/RT-20260618-016,documentation_curator_phase3b_research_control_operation,completed,DDR-20260618-016,AJ-RT-20260618-016-001,RT-20260618-015,2026-06-19T00:25:10Z,2026-06-19T00:45:00Z,2026-06-19T00:45:00Z,phase3b_research_control_operation_completed,false,Phase 3B research-control operation packet completed without role schema routing validator or physics claim authority
RT-20260618-015,research_control/tasks/RT-20260618-015,documentation_curator_phase3a_research_control_operation,completed,DDR-20260618-015,AJ-RT-20260618-015-001,RT-20260618-014,2026-06-18T23:57:14Z,2026-06-19T00:18:00Z,2026-06-19T00:18:00Z,phase3a_research_control_operation_completed,false,Phase 3A research-control operation packet completed without role schema routing validator or physics claim authority
RT-20260618-014,research_control/tasks/RT-20260618-014,documentation_curator_phase2b_claim_gates,completed,DDR-20260618-014,AJ-RT-20260618-014-001,RT-20260618-013,2026-06-18T23:41:27Z,2026-06-18T23:55:00Z,2026-06-18T23:55:00Z,phase2b_claim_gates_completed,false,Phase 2B claim-gates packet completed without physics claim authority
RT-20260618-013,research_control/tasks/RT-20260618-013,documentation_curator_phase2a_gr_derivation_roadmap,completed,DDR-20260618-013,AJ-RT-20260618-013-001,RT-20260618-012,2026-06-18T23:22:00Z,2026-06-18T23:40:00Z,2026-06-18T23:40:00Z,phase2a_gr_derivation_roadmap_completed,false,Phase 2A GR derivation roadmap packet completed without physics claim authority
RT-20260618-012,research_control/tasks/RT-20260618-012,documentation_curator_phase1b_ontology,completed,DDR-20260618-012,AJ-RT-20260618-012-001,RT-20260618-011,2026-06-18T23:03:00Z,2026-06-18T23:18:00Z,2026-06-18T23:18:00Z,phase1b_ontology_completed,false,Phase 1B ontology packet completed without physics claim authority
RT-20260618-011,research_control/tasks/RT-20260618-011,documentation_curator_phase1a_public_physics_status,completed,DDR-20260618-011,AJ-RT-20260618-011-001,RT-20260618-010,2026-06-18T22:30:00Z,2026-06-18T22:48:00Z,2026-06-18T22:48:00Z,phase1a_public_physics_status_completed,false,Phase 1A public physics status packet completed without physics claim authority
RT-20260618-010,research_control/tasks/RT-20260618-010,project_system_documentation_curator_phase0_pilot_baseline,completed,DDR-20260618-010,AJ-RT-20260618-010-001,RT-20260618-009,2026-06-18T22:16:00Z,2026-06-18T22:16:00Z,2026-06-18T22:16:00Z,phase0_pilot_baseline_verified,false,Phase 0 pilot baseline verified without public page migration or physics claim authority
RT-20260618-009,research_control/tasks/RT-20260618-009,project_system_documentation_curator_corpus_migration_plan,completed,DDR-20260618-009,AJ-RT-20260618-009-001,RT-20260618-008,2026-06-18T22:00:01Z,2026-06-18T22:00:01Z,2026-06-18T22:00:01Z,corpus_migration_plan_completed,false,Documentation Curator corpus migration plan completed without public page migration or physics claim authority
RT-20260618-008,research_control/tasks/RT-20260618-008,project_system_retired_explainer_process_removal,completed,DDR-20260618-008,AJ-RT-20260618-008-001,RT-20260618-007,2026-06-18T21:12:26Z,2026-06-18T21:27:59Z,2026-06-18T21:27:59Z,retired_explainer_process_removed,true,Retired explainer topic-registry teaching-loop and Visual Atlas creation process removed from active functionality without physics claim authority
RT-20260618-007,research_control/tasks/RT-20260618-007,project_system_documentation_curator_publication_process,completed,DDR-20260618-007,AJ-RT-20260618-007-001,RT-20260618-006,2026-06-18T18:20:00Z,2026-06-18T18:20:00Z,2026-06-18T18:20:00Z,documentation_curator_publication_process_completed,true,Documentation Curator publication process completed without physics claim authority and corpus migration remains user gated
RT-20260618-006,research_control/tasks/RT-20260618-006,project_system_documentation_curator_visual_atlas_v2,completed,DDR-20260618-006,AJ-RT-20260618-006-001,RT-20260618-005,2026-06-18T16:55:00Z,2026-06-18T16:55:00Z,2026-06-18T16:55:00Z,documentation_curator_visual_atlas_v2_completed,true,Documentation Curator Visual Atlas v2 recommendations completed without physics claim authority
RT-20260614-065,research_control/tasks/RT-20260614-065,resp_lc_source_extension_m_src_atlas_glue_source_primitive_formalization,completed,DDR-20260614-065,AJ-RT-20260614-065-001,RT-20260614-064,2026-06-18T16:07:45Z,2026-06-18T16:07:45Z,2026-06-18T16:07:45Z,atlasglue_src_plus_drafted_as_source_only_primitive_with_finite_witness_counterexample_and_limited_stability,false,AtlasGlue_src^+ source-only primitive formalization completed with audit required before adoption or M_src construction
RT-20260618-005,research_control/tasks/RT-20260618-005,project_system_controlled_memory_preflight,completed,DDR-20260618-005,AJ-RT-20260618-005-001,RT-20260618-004,2026-06-18T15:41:47Z,2026-06-18T15:41:47Z,2026-06-18T15:41:47Z,controlled_memory_preflight_completed,true,Controlled memory preflight enforcement completed without physics claim authority
RT-20260618-004,research_control/tasks/RT-20260618-004,documentation_curator_readme_legacy_project_link_syntax_repair,completed,DDR-20260618-004,AJ-RT-20260618-004-001,RT-20260618-003,2026-06-18T14:31:20Z,2026-06-18T14:31:20Z,2026-06-18T14:31:20Z,readme_legacy_project_link_syntax_repair_completed,false,README legacy project link syntax repair completed without physics claim authority
RT-20260614-064,research_control/tasks/RT-20260614-064,resp_lc_source_extension_m_src_theoretical_continuation_selector_atlas_glue,completed,DDR-20260614-064,AJ-RT-20260614-064-001,RT-20260614-063,2026-06-18T05:13:39Z,2026-06-18T05:13:39Z,2026-06-18T05:13:39Z,resp_lc_source_extension_m_src_theoretical_selector_completed_as_source_side_atlas_glue_primitive_selected,false,Resp_lc source-extension M_src theoretical selector completed with source-side AtlasGlue_src^+ primitive construction selected
RT-20260614-063,research_control/tasks/RT-20260614-063,resp_lc_source_extension_m_src_bridge_refuter_stress_test,completed,DDR-20260614-063,AJ-RT-20260614-063-001,RT-20260614-062,2026-06-18T04:37:53Z,2026-06-18T04:37:53Z,2026-06-18T04:37:53Z,resp_lc_source_extension_m_src_bridge_refuter_stress_completed_as_scoped_atlas_glue_obstruction_with_selector_next,false,Resp_lc source-extension M_src bridge Refuter stress completed as scoped AtlasGlue_src^+ obstruction with theoretical selector next route
RT-20260614-062,research_control/tasks/RT-20260614-062,resp_lc_source_extension_m_src_bridge_smuggling_audit,completed,DDR-20260614-062,AJ-RT-20260614-062-001,RT-20260614-061,2026-06-18T04:24:01Z,2026-06-18T04:24:01Z,2026-06-18T04:24:01Z,resp_lc_source_extension_m_src_bridge_smuggling_audit_completed_as_conditional_source_purity_pass_with_atlas_glue_block,false,Resp_lc source-extension M_src bridge smuggling audit completed as conditional source-purity pass with AtlasGlue_src^+ block
RT-20260614-061,research_control/tasks/RT-20260614-061,resp_lc_source_extension_m_src_bridge_attempt,completed,DDR-20260614-061,AJ-RT-20260614-061-001,RT-20260614-060,2026-06-18T04:09:32Z,2026-06-18T04:09:32Z,2026-06-18T04:09:32Z,resp_lc_source_extension_m_src_bridge_attempt_completed_as_local_chart_germ_with_atlas_gluing_missing,false,Resp_lc source-extension M_src bridge attempt completed as local chart germ with AtlasGlue_src^+ missing
RT-20260618-003,research_control/tasks/RT-20260618-003,project_system_legacy_ontology_snapshot,completed,DDR-20260618-003,AJ-RT-20260618-003-001,RT-20260618-002,2026-06-18T03:52:01Z,2026-06-18T03:52:01Z,2026-06-18T03:52:01Z,legacy_ontology_snapshot_completed,true,Legacy ontology snapshot lane and memory registration completed without physics claim authority
RT-20260614-060,research_control/tasks/RT-20260614-060,resp_lc_source_extension_human_gate_adoption_decision,completed,DDR-20260614-060,AJ-RT-20260614-060-001,RT-20260614-059,2026-06-18T03:11:32Z,2026-06-18T03:11:32Z,2026-06-18T03:11:32Z,resp_lc_source_extension_human_gate_adoption_completed_with_downstream_gr_claims_blocked,false,Resp_lc source-extension human gate adoption completed for Xi_X^R with downstream GR claims blocked
RT-20260614-059,research_control/tasks/RT-20260614-059,resp_lc_source_extension_candidate_refuter_stress_test,completed,DDR-20260614-059,AJ-RT-20260614-059-001,RT-20260614-058,2026-06-18T03:02:00Z,2026-06-18T03:02:00Z,2026-06-18T03:02:00Z,resp_lc_source_extension_candidate_refuter_stress_completed_as_scoped_obstruction_with_human_gated_source_extension_adoption_required,true,Resp_lc source-extension candidate Refuter stress completed as scoped obstruction with human-gated adoption required
RT-20260614-058,research_control/tasks/RT-20260614-058,resp_lc_source_extension_candidate_smuggling_audit,completed,DDR-20260614-058,AJ-RT-20260614-058-001,RT-20260614-057,2026-06-18T02:34:26Z,2026-06-18T02:34:26Z,2026-06-18T02:34:26Z,resp_lc_source_extension_candidate_smuggling_audit_completed_as_conditional_source_purity_pass_with_source_extension_adoption_block,false,Resp_lc source-extension candidate smuggling audit completed as conditional source-purity pass with source-extension adoption block
RT-20260614-057,research_control/tasks/RT-20260614-057,resp_lc_source_extension_candidate_formalization,completed,DDR-20260614-057,AJ-RT-20260614-057-001,RT-20260614-056,2026-06-18T02:22:01Z,2026-06-18T02:22:01Z,2026-06-18T02:22:01Z,resp_lc_source_extension_candidate_formalized_as_draft_control_with_audit_required,false,Resp_lc source-extension candidate formalized as draft control with Smuggling Auditor audit required
RT-20260614-056,research_control/tasks/RT-20260614-056,resp_lc_theoretical_continuation_selector_source_extension_candidate_selection,completed,DDR-20260614-056,AJ-RT-20260614-056-001,RT-20260614-055,2026-06-18T01:58:38Z,2026-06-18T01:58:38Z,2026-06-18T01:58:38Z,resp_lc_theoretical_continuation_selector_completed_as_source_extension_candidate_selected,false,Resp_lc theoretical continuation selector completed with source-extension candidate selected
RT-20260614-055,research_control/tasks/RT-20260614-055,resp_lc_finite_toy_metric_response_model_refuter_stress_test,completed,DDR-20260614-055,AJ-RT-20260614-055-001,RT-20260614-054,2026-06-18T01:24:12Z,2026-06-18T01:24:12Z,2026-06-18T01:24:12Z,resp_lc_finite_toy_metric_response_model_refuter_stress_completed_as_scoped_obstruction_with_explicit_tag_route_frozen,false,Resp_lc finite toy metric-response model Refuter stress completed as scoped obstruction with explicit-tag route frozen
RT-20260614-054,research_control/tasks/RT-20260614-054,resp_lc_finite_toy_metric_response_model_smuggling_audit,completed,DDR-20260614-054,AJ-RT-20260614-054-001,RT-20260614-053,2026-06-18T01:06:20Z,2026-06-18T01:06:20Z,2026-06-18T01:06:20Z,resp_lc_finite_toy_metric_response_model_smuggling_audit_completed_as_conditional_source_purity_pass_with_tag_ontology_block,false,Resp_lc finite toy metric-response model smuggling audit completed as conditional source-purity pass with tag-ontology block
RT-20260614-053,research_control/tasks/RT-20260614-053,resp_lc_finite_toy_metric_response_model_construction,completed,DDR-20260614-053,AJ-RT-20260614-053-001,RT-20260614-052,2026-06-18T00:54:37Z,2026-06-18T00:54:37Z,2026-06-18T00:54:37Z,resp_lc_finite_toy_metric_response_model_constructed_as_draft_control_scaffolding,false,Resp_lc finite toy metric-response model constructed as draft control scaffolding
RT-20260614-052,research_control/tasks/RT-20260614-052,resp_lc_theoretical_continuation_selector_finite_toy_metric_response_packet_selection,completed,DDR-20260614-052,AJ-RT-20260614-052-001,RT-20260614-051,2026-06-17T17:16:02Z,2026-06-17T17:16:02Z,2026-06-17T17:16:02Z,resp_lc_theoretical_continuation_selector_completed_as_finite_toy_metric_response_model_selected,false,Resp_lc theoretical continuation selector completed with finite toy metric-response model selected
RT-20260617-003,research_control/tasks/RT-20260617-003,project_system_gr_derivation_roadmap_control,completed,DDR-20260617-003,AJ-RT-20260617-003-001,RT-20260617-002,2026-06-17T15:46:25Z,2026-06-17T16:01:05Z,2026-06-17T16:01:05Z,gr_derivation_roadmap_control_completed,true,GR derivation roadmap and Distance-to-GR ledger control implementation completed
RT-20260614-051,research_control/tasks/RT-20260614-051,resp_lc_source_side_selector_no_go_theorem_refuter_stress_test,completed,DDR-20260614-051,AJ-RT-20260614-051-001,RT-20260614-050,2026-06-17T06:37:06Z,2026-06-17T06:37:06Z,2026-06-17T06:37:06Z,resp_lc_selector_no_go_theorem_stress_completed_as_scoped_obstruction_with_theoretical_selector_required,false,Resp_lc source-side selector no-go theorem Refuter stress completed as scoped obstruction with theoretical selector route required
RT-20260614-050,research_control/tasks/RT-20260614-050,resp_lc_source_side_selector_no_go_theorem_packet,completed,DDR-20260614-050,AJ-RT-20260614-050-001,RT-20260614-049,2026-06-17T06:10:40Z,2026-06-17T06:10:40Z,2026-06-17T06:10:40Z,resp_lc_source_side_selector_no_go_theorem_completed_as_scoped_no_go_for_current_tuple,false,Resp_lc source-side selector no-go theorem completed as scoped no-go for current tuple
RT-20260614-049,research_control/tasks/RT-20260614-049,resp_lc_theoretical_continuation_selector_distinct_scoped_no_go_question_packet_selection,completed,DDR-20260614-049,AJ-RT-20260614-049-001,RT-20260614-048,2026-06-17T05:53:09Z,2026-06-17T05:53:09Z,2026-06-17T05:53:09Z,resp_lc_theoretical_continuation_selector_completed_as_distinct_scoped_no_go_question_packet_selected,false,Resp_lc theoretical continuation selector completed with distinct scoped no-go question packet selected
RT-20260614-048,research_control/tasks/RT-20260614-048,resp_lc_source_side_selector_instantiation_refuter_stress_test,completed,DDR-20260614-048,AJ-RT-20260614-048-001,RT-20260614-047,2026-06-17T05:40:52Z,2026-06-17T05:40:52Z,2026-06-17T05:40:52Z,resp_lc_source_side_selector_instantiation_refuter_stress_completed_as_scoped_obstruction_with_theoretical_selector_required,false,Resp_lc source-side selector instantiation Refuter stress completed as scoped obstruction with theoretical selector route required
RT-20260614-047,research_control/tasks/RT-20260614-047,resp_lc_source_side_selector_primitive_smuggling_audit,completed,DDR-20260614-047,AJ-RT-20260614-047-001,RT-20260614-046,2026-06-17T05:28:00Z,2026-06-17T05:28:00Z,2026-06-17T05:28:00Z,resp_lc_source_side_selector_primitive_smuggling_audit_completed_as_conditional_contract_pass_with_instantiation_block,false,Resp_lc source-side selector primitive smuggling audit completed as conditional contract pass with instantiation block
RT-20260614-046,research_control/tasks/RT-20260614-046,resp_lc_source_side_selector_primitive_packet,completed,DDR-20260614-046,AJ-RT-20260614-046-001,RT-20260614-045,2026-06-17T05:16:13Z,2026-06-17T05:16:13Z,2026-06-17T05:16:13Z,resp_lc_source_side_selector_primitive_packet_completed_as_draft_contract_not_instantiated,false,Resp_lc source-side selector primitive packet completed as draft contract not instantiated
RT-20260614-045,research_control/tasks/RT-20260614-045,resp_lc_source_side_irrelevance_theorem_test,completed,DDR-20260614-045,AJ-RT-20260614-045-001,RT-20260614-044,2026-06-17T05:04:43Z,2026-06-17T05:04:43Z,2026-06-17T05:04:43Z,resp_lc_source_side_irrelevance_theorem_test_completed_as_quotient_burden_obstruction,false,Resp_lc source-side irrelevance theorem test completed as quotient-burden obstruction
RT-20260614-044,research_control/tasks/RT-20260614-044,resp_lc_theoretical_continuation_selector_source_side_irrelevance_theorem_packet_selection,completed,DDR-20260614-044,AJ-RT-20260614-044-001,RT-20260614-043,2026-06-17T04:48:17Z,2026-06-17T04:48:17Z,2026-06-17T04:48:17Z,resp_lc_theoretical_continuation_selector_completed_as_source_side_irrelevance_theorem_packet_selected,false,Resp_lc theoretical continuation selector completed with source-side irrelevance theorem packet selected
RT-20260617-002,research_control/tasks/RT-20260617-002,project_system_theoretical_continuation_pause_gate_policy,completed,DDR-20260617-002,AJ-RT-20260617-002-001,RT-20260617-001,2026-06-17T04:29:31Z,2026-06-17T04:29:31Z,2026-06-17T04:29:31Z,theoretical_continuation_pause_gate_policy_completed,true,Theoretical continuation pause-gate policy and selector role completed without physics claim authority
RT-20260617-001,research_control/tasks/RT-20260617-001,project_system_mandatory_parent_child_continue_research_policy,completed,DDR-20260617-001,AJ-RT-20260617-001-001,RT-20260614-043,2026-06-17T04:09:41Z,2026-06-17T04:09:41Z,2026-06-17T04:09:41Z,mandatory_parent_child_continue_research_policy_completed,true,Mandatory parent-child continue-research policy implemented for future physics AgentJobs without science claim promotion
RT-20260614-043,research_control/tasks/RT-20260614-043,localization_source_basis_axiom_selector_domain_eqsrc_ledger_complete_source_family_generator_packet_audited_obsloc_observer_readout_resp_lc_source_response_obstruction_theorem_refuter_stress_test,completed,DDR-20260614-043,AJ-RT-20260614-043-001,RT-20260614-042,2026-06-17T03:53:15Z,2026-06-17T03:53:15Z,2026-06-17T03:53:15Z,resp_lc_source_response_obstruction_theorem_refuter_stress_test_completed_as_scoped_obstruction_controlled_pause_recommended,false,Resp_lc source-response obstruction theorem Refuter stress test completed as scoped obstruction with controlled pause recommended
RT-20260616-002,research_control/tasks/RT-20260616-002,project_system_parent_child_research_roles,completed,DDR-20260616-002,AJ-RT-20260616-002-001,RT-20260616-001,2026-06-17T01:23:00Z,2026-06-17T01:23:00Z,2026-06-17T01:23:00Z,parent_child_research_roles_project_functionality_completed,true,Parent-child research-role recommendations implemented as optional one-AgentJob perspective synthesis without physics claim promotion
RT-20260616-003,research_control/tasks/RT-20260616-003,project_system_parent_child_research_roles_documentation_sync,completed,DDR-20260616-003,AJ-RT-20260616-003-001,RT-20260616-002,2026-06-17T02:01:37Z,2026-06-17T02:01:37Z,2026-06-17T02:01:37Z,completed,false,Parent-child research-role documentation surfaces synchronized without control behavior or physics claim changes
RT-20260614-042,research_control/tasks/RT-20260614-042,localization_source_basis_axiom_selector_domain_eqsrc_ledger_complete_source_family_generator_packet_audited_obsloc_observer_readout_resp_lc_source_response_obstruction_theorem,completed,DDR-20260614-042,AJ-RT-20260614-042-001,RT-20260614-041,2026-06-17T03:42:04Z,2026-06-17T03:42:04Z,2026-06-17T03:42:04Z,resp_lc_source_response_obstruction_theorem_completed_as_scoped_obstruction,false,Resp_lc source-response obstruction theorem completed as scoped obstruction with promotion blocks preserved
RT-20260614-041,research_control/tasks/RT-20260614-041,localization_source_basis_axiom_selector_domain_eqsrc_ledger_complete_source_family_generator_packet_audited_obsloc_observer_readout_metric_response_law_bridge_attempt,completed,DDR-20260614-041,AJ-RT-20260614-041-001,RT-20260614-040,2026-06-17T02:14:43Z,2026-06-17T02:14:43Z,2026-06-17T02:14:43Z,metric_response_law_bridge_attempt_completed_as_missing_resp_lc_source_response_primitive,false,Metric-response-law bridge attempt completed as missing Resp_lc source response primitive
RT-20260614-040,research_control/tasks/RT-20260614-040,localization_source_basis_axiom_selector_domain_eqsrc_ledger_complete_source_family_generator_packet_audited_obsloc_observer_readout_bridge_map_refuter_stress_test,completed,DDR-20260614-040,AJ-RT-20260614-040-001,RT-20260614-039,2026-06-17T00:46:41Z,2026-06-17T00:46:41Z,2026-06-17T00:46:41Z,audited_obsloc_observer_readout_bridge_map_refuter_stress_test_completed_as_bridge_facing_candidate_path_with_metric_response_law_missing,false,Audited ObsLoc_lc source observer-readout bridge map Refuter stress test completed as bridge-facing candidate path with M_src missing
RT-20260614-039,research_control/tasks/RT-20260614-039,localization_source_basis_axiom_selector_domain_eqsrc_ledger_complete_source_family_generator_packet_audited_obsloc_observer_readout_bridge_map_smuggling_audit,completed,DDR-20260614-039,AJ-RT-20260614-039-001,RT-20260614-038,2026-06-17T00:24:14Z,2026-06-17T00:24:14Z,2026-06-17T00:24:14Z,audited_obsloc_observer_readout_bridge_map_smuggling_audit_completed_as_local_exact_source_purity_pass_with_refuter_stress_required,false,Audited ObsLoc_lc source observer-readout bridge map smuggling audit completed as exact branch source purity pass with Refuter stress required
RT-20260614-038,research_control/tasks/RT-20260614-038,localization_source_basis_axiom_selector_domain_eqsrc_ledger_complete_source_family_generator_packet_audited_obsloc_observer_readout_bridge_attempt,completed,DDR-20260614-038,AJ-RT-20260614-038-001,RT-20260614-037,2026-06-16T23:14:27Z,2026-06-16T23:14:27Z,2026-06-16T23:14:27Z,audited_obsloc_observer_readout_bridge_attempt_completed_as_exact_source_observer_readout_candidate_with_metric_law_missing,false,Audited ObsLoc_lc observer-readout bridge attempt completed as exact source candidate map with metric law missing
RT-20260614-037,research_control/tasks/RT-20260614-037,localization_source_basis_axiom_selector_domain_eqsrc_ledger_complete_source_family_generator_packet_observer_localizing_soldering_rule_concrete_witness_smuggling_audit,completed,DDR-20260614-037,AJ-RT-20260614-037-001,RT-20260614-036,2026-06-16T22:51:50Z,2026-06-16T22:51:50Z,2026-06-16T22:51:50Z,obsloc_lc_concrete_witness_smuggling_audit_completed_as_local_exact_source_purity_pass_with_bridge_retry_allowed,false,ObsLoc_lc concrete witness smuggling audit completed as local exact source purity pass with bridge retry allowed
RT-20260614-036,research_control/tasks/RT-20260614-036,localization_source_basis_axiom_selector_domain_eqsrc_ledger_complete_source_family_generator_packet_observer_localizing_soldering_rule_concrete_witness,completed,DDR-20260614-036,AJ-RT-20260614-036-001,RT-20260614-035,2026-06-16T22:14:21Z,2026-06-16T22:14:21Z,2026-06-16T22:14:21Z,obsloc_lc_concrete_witness_completed_as_local_exact_source_soldering_rule_with_relaxed_transport_obstruction,false,ObsLoc_lc concrete witness completed as local exact source soldering rule with relaxed transport obstruction and promotion blocks preserved
RT-20260614-035,research_control/tasks/RT-20260614-035,localization_source_basis_axiom_selector_domain_eqsrc_ledger_complete_source_family_generator_packet_observer_readout_bridge_attempt,completed,DDR-20260614-035,AJ-RT-20260614-035-001,RT-20260614-034,2026-06-16T20:18:09Z,2026-06-16T20:18:09Z,2026-06-16T20:18:09Z,observer_readout_bridge_attempt_completed_as_missing_observer_localizing_soldering_rule,false,Observer-readout bridge attempt completed as missing ObsLoc_lc primitive with promotion blocks preserved
RT-20260616-001,research_control/tasks/RT-20260616-001,project_system_bridge_or_fail_loop_control,completed,DDR-20260616-001,AJ-RT-20260616-001-001,RT-20260614-033,2026-06-16T19:20:00Z,2026-06-16T19:20:00Z,2026-06-16T19:20:00Z,bridge_or_fail_loop_control_project_functionality_completed,true,Review 6-16 loop-analysis recommendations implemented as prospective project-system functionality without physics claim promotion
RT-20260614-034,research_control/tasks/RT-20260614-034,localization_source_basis_axiom_selector_domain_eqsrc_ledger_complete_source_family_generator_packet_finite_variation_repair_or_controlled_pause_packet_refuter_stress_test,completed,DDR-20260614-034,AJ-RT-20260614-034-001,RT-20260614-033,2026-06-16T19:50:34Z,2026-06-16T19:50:34Z,2026-06-16T19:50:34Z,finite_variation_repair_or_controlled_pause_packet_refuter_stress_test_completed_as_repeated_unmet_burdens_controlled_pause,false,EqSrc ledger-complete source-family generator finite-variation repair-or-controlled-pause packet Refuter stress test completed as repeated unmet burdens with controlled pause
RT-20260614-033,research_control/tasks/RT-20260614-033,localization_source_basis_axiom_selector_domain_eqsrc_ledger_complete_source_family_generator_packet_finite_variation_repair_or_controlled_pause_packet_smuggling_audit,completed,DDR-20260614-033,AJ-RT-20260614-033-001,RT-20260614-032,2026-06-16T04:12:11Z,2026-06-16T04:12:11Z,2026-06-16T04:12:11Z,finite_variation_repair_or_controlled_pause_packet_smuggling_audit_completed_as_local_conditional_pass_with_refuter_stress_required,false,EqSrc ledger-complete source-family generator finite-variation repair-or-controlled-pause packet Smuggling Auditor review completed as local conditional pass with Refuter stress required
RT-20260614-032,research_control/tasks/RT-20260614-032,localization_source_basis_axiom_selector_domain_eqsrc_ledger_complete_source_family_generator_packet_finite_variation_repair_or_controlled_pause_packet,completed,DDR-20260614-032,AJ-RT-20260614-032-001,RT-20260614-031,2026-06-16T04:00:25Z,2026-06-16T04:00:25Z,2026-06-16T04:00:25Z,finite_variation_repair_or_controlled_pause_packet_completed_as_conservative_source_side_repair_interface_with_unsupplied_concrete_witness_burdens,false,EqSrc ledger-complete source-family generator finite-variation repair-or-controlled-pause packet completed as conservative source-side repair interface with unsupplied concrete witness burdens
RT-20260614-031,research_control/tasks/RT-20260614-031,localization_source_basis_axiom_selector_domain_eqsrc_ledger_complete_source_family_generator_packet_finite_variation_robustness_readout_discriminant_obligation_packet_refuter_stress_test,completed,DDR-20260614-031,AJ-RT-20260614-031-001,RT-20260614-030,2026-06-16T03:49:04Z,2026-06-16T03:49:04Z,2026-06-16T03:49:04Z,finite_variation_robustness_readout_discriminant_obligation_packet_refuter_stress_test_completed_as_obligation_interface_retained_with_repair_burdens,false,EqSrc ledger-complete source-family generator finite-variation robustness and readout-discriminant obligation packet Refuter stress test completed as obligation-interface retention with repair burdens
RT-20260614-030,research_control/tasks/RT-20260614-030,localization_source_basis_axiom_selector_domain_eqsrc_ledger_complete_source_family_generator_packet_finite_variation_robustness_readout_discriminant_obligation_packet_smuggling_audit,completed,DDR-20260614-030,AJ-RT-20260614-030-001,RT-20260614-029,2026-06-16T03:37:50Z,2026-06-16T03:37:50Z,2026-06-16T03:37:50Z,finite_variation_robustness_readout_discriminant_obligation_packet_smuggling_audit_completed_as_local_conditional_pass_with_refuter_stress_required,false,EqSrc ledger-complete source-family generator finite-variation robustness and readout-discriminant obligation packet Smuggling Auditor review completed as local conditional pass with Refuter stress required
RT-20260614-029,research_control/tasks/RT-20260614-029,localization_source_basis_axiom_selector_domain_eqsrc_ledger_complete_source_family_generator_packet_finite_variation_robustness_readout_discriminant_obligation_packet,completed,DDR-20260614-029,AJ-RT-20260614-029-001,RT-20260614-028,2026-06-16T03:25:49Z,2026-06-16T03:25:49Z,2026-06-16T03:25:49Z,finite_variation_robustness_readout_discriminant_obligation_packet_completed_as_source_side_obligation_suite_with_controlled_pause,false,EqSrc ledger-complete source-family generator finite-variation robustness and readout-discriminant obligation packet completed as source-side obligation suite with controlled pause
RT-20260614-028,research_control/tasks/RT-20260614-028,localization_source_basis_axiom_selector_domain_eqsrc_ledger_complete_source_family_generator_packet_finite_example_readout_witness_refuter_stress_test,completed,DDR-20260614-028,AJ-RT-20260614-028-001,RT-20260614-027,2026-06-16T03:10:03Z,2026-06-16T03:10:03Z,2026-06-16T03:10:03Z,eqsrc_ledger_complete_source_family_generator_packet_finite_example_readout_witness_refuter_stress_test_completed_as_local_witness_retention_with_robustness_pause,false,EqSrc ledger-complete source-family generator finite example and readout witness Refuter stress test completed as local witness retention with robustness pause
RT-20260614-027,research_control/tasks/RT-20260614-027,localization_source_basis_axiom_selector_domain_eqsrc_ledger_complete_source_family_generator_packet_finite_example_readout_witness_smuggling_audit,completed,DDR-20260614-027,AJ-RT-20260614-027-001,RT-20260614-026,2026-06-16T02:41:42Z,2026-06-16T02:41:42Z,2026-06-16T02:41:42Z,eqsrc_ledger_complete_source_family_generator_packet_finite_example_readout_witness_smuggling_audit_completed_as_local_conditional_pass_with_refuter_stress_required,false,EqSrc ledger-complete source-family generator finite example and readout witness Smuggling Auditor review completed as local conditional pass with Refuter stress required
RT-20260614-026,research_control/tasks/RT-20260614-026,localization_source_basis_axiom_selector_domain_eqsrc_ledger_complete_source_family_generator_packet_finite_example_readout_witness,completed,DDR-20260614-026,AJ-RT-20260614-026-001,RT-20260614-025,2026-06-16T01:04:53Z,2026-06-16T01:04:53Z,2026-06-16T01:04:53Z,eqsrc_ledger_complete_source_family_generator_packet_finite_example_readout_witness_completed_as_local_source_readout_invariance_with_audit_required,false,EqSrc ledger-complete source-family generator finite example and readout witness packet completed as local source readout invariance with audit required
RT-20260614-025,research_control/tasks/RT-20260614-025,localization_source_basis_axiom_selector_domain_eqsrc_ledger_complete_source_family_generator_packet_pre_bridge_adequacy_refuter_stress_test,completed,DDR-20260614-025,AJ-RT-20260614-025-001,RT-20260614-024,2026-06-16T00:07:37Z,2026-06-16T00:07:37Z,2026-06-16T00:07:37Z,eqsrc_ledger_complete_source_family_generator_packet_pre_bridge_adequacy_refuter_stress_test_completed_as_control_object_retention_with_scientific_adequacy_pause,false,EqSrc ledger-complete source-family generator packet pre-bridge adequacy Refuter stress test completed as control-object retention with scientific adequacy pause
RT-20260614-024,research_control/tasks/RT-20260614-024,localization_source_basis_axiom_selector_domain_eqsrc_ledger_complete_source_family_generator_packet_pre_bridge_adequacy_smuggling_audit,completed,DDR-20260614-024,AJ-RT-20260614-024-001,RT-20260614-023,2026-06-15T23:57:13Z,2026-06-15T23:57:13Z,2026-06-15T23:57:13Z,eqsrc_ledger_complete_source_family_generator_packet_pre_bridge_adequacy_smuggling_audit_completed_as_local_conditional_pass_with_refuter_stress_required,false,EqSrc ledger-complete source-family generator packet pre-bridge adequacy Smuggling Auditor review completed as local conditional pass with Refuter stress required
RT-20260614-023,research_control/tasks/RT-20260614-023,localization_source_basis_axiom_selector_domain_eqsrc_ledger_complete_source_family_generator_packet_pre_bridge_adequacy,completed,DDR-20260614-023,AJ-RT-20260614-023-001,RT-20260614-022,2026-06-15T23:01:43Z,2026-06-15T23:01:43Z,2026-06-15T23:01:43Z,eqsrc_ledger_complete_source_family_generator_packet_pre_bridge_adequacy_completed_as_finite_adequacy_boundary_with_bridge_blocks,false,EqSrc ledger-complete source-family generator packet pre-bridge adequacy completed as finite adequacy boundary with bridge blocks
RT-20260614-022,research_control/tasks/RT-20260614-022,localization_source_basis_axiom_selector_domain_eqsrc_ledger_complete_source_family_generator_packet_refuter_stress_test,completed,DDR-20260614-022,AJ-RT-20260614-022-001,RT-20260614-021,2026-06-15T19:31:44Z,2026-06-15T19:31:44Z,2026-06-15T19:31:44Z,eqsrc_ledger_complete_source_family_generator_packet_refuter_stress_test_completed_as_local_formal_retention_with_scientific_adequacy_controlled_pause,false,EqSrc ledger-complete source-family generator packet Refuter stress test completed as local formal retention with scientific adequacy controlled pause
RT-20260614-021,research_control/tasks/RT-20260614-021,localization_source_basis_axiom_selector_domain_eqsrc_ledger_complete_source_family_generator_packet_smuggling_audit,completed,DDR-20260614-021,AJ-RT-20260614-021-001,RT-20260614-020,2026-06-15T15:58:40Z,2026-06-15T15:58:40Z,2026-06-15T15:58:40Z,eqsrc_ledger_complete_source_family_generator_packet_smuggling_audit_completed_as_local_conditional_pass_with_general_blocks,false,EqSrc ledger-complete source-family generator packet smuggling audit completed as local conditional pass with general blocks
RT-20260614-020,research_control/tasks/RT-20260614-020,localization_source_basis_axiom_selector_domain_eqsrc_ledger_complete_source_family_generator_packet,completed,DDR-20260614-020,AJ-RT-20260614-020-001,RT-20260614-019,2026-06-15T04:24:53Z,2026-06-15T04:24:53Z,2026-06-15T04:24:53Z,eqsrc_ledger_complete_source_family_generator_packet_supplied_as_draft_control_evidence_without_general_promotion,false,EqSrc ledger-complete source-family generator packet supplied as draft control evidence without general promotion
RT-20260614-019,research_control/tasks/RT-20260614-019,localization_source_basis_axiom_selector_domain_eqsrc_tri_family_obstruction_packet_or_controlled_pause,completed,DDR-20260614-019,AJ-RT-20260614-019-001,RT-20260614-018,2026-06-15T04:08:10Z,2026-06-15T04:08:10Z,2026-06-15T04:08:10Z,eqsrc_tri_family_obstruction_packet_completed_as_controlled_pause_with_local_tri_family_retention_and_generalization_blocks,false,EqSrc tri-family obstruction packet completed as controlled pause with local tri-family retention and broader generalization blocks
RT-20260614-018,research_control/tasks/RT-20260614-018,localization_source_basis_axiom_selector_domain_eqsrc_alternative_branch_family_guard_stability_source_packet_refuter_stress_test,completed,DDR-20260614-018,AJ-RT-20260614-018-001,RT-20260614-017,2026-06-15T03:43:53Z,2026-06-15T03:43:53Z,2026-06-15T03:43:53Z,eqsrc_alternative_branch_family_guard_stability_source_packet_refuter_stress_test_completed_with_local_tri_family_retention_and_generalization_blocks,false,EqSrc alternative branch-family guard-stability source packet Refuter stress test completed with local tri-family retention and broader generalization blocks
RT-20260614-017,research_control/tasks/RT-20260614-017,localization_source_basis_axiom_selector_domain_eqsrc_alternative_branch_family_guard_stability_source_packet_smuggling_audit,completed,DDR-20260614-017,AJ-RT-20260614-017-001,RT-20260614-016,2026-06-15T03:25:46Z,2026-06-15T03:25:46Z,2026-06-15T03:25:46Z,eqsrc_alternative_branch_family_guard_stability_source_packet_smuggling_audit_completed_as_local_conditional_pass_with_general_blocks,false,EqSrc alternative branch-family guard-stability source packet smuggling audit completed as local conditional pass without general promotion
RT-20260614-016,research_control/tasks/RT-20260614-016,localization_source_basis_axiom_selector_domain_eqsrc_alternative_branch_family_guard_stability_source_packet,completed,DDR-20260614-016,AJ-RT-20260614-016-001,RT-20260614-015,2026-06-15T03:12:25Z,2026-06-15T03:12:25Z,2026-06-15T03:12:25Z,eqsrc_alternative_branch_family_guard_stability_source_packet_supplied_as_local_draft_control_evidence,false,EqSrc alternative branch-family guard-stability source packet supplied as local draft control evidence without general promotion
RT-20260614-015,research_control/tasks/RT-20260614-015,localization_source_basis_axiom_selector_domain_eqsrc_branch_refinement_extension_obstruction_packet_or_controlled_pause,completed,DDR-20260614-015,AJ-RT-20260614-015-001,RT-20260614-014,2026-06-15T02:57:40Z,2026-06-15T02:57:40Z,2026-06-15T02:57:40Z,eqsrc_branch_refinement_extension_obstruction_packet_completed_as_controlled_pause_with_local_branch_domain_retention_and_generalization_blocks,false,EqSrc branch-refinement extension obstruction packet completed as controlled pause with local branch-domain retention and broader generalization blocks
RT-20260614-014,research_control/tasks/RT-20260614-014,localization_source_basis_axiom_selector_domain_eqsrc_branch_refinement_extension_datum_refuter_stress_test,completed,DDR-20260614-014,AJ-RT-20260614-014-001,RT-20260614-013,2026-06-15T02:30:01Z,2026-06-15T02:30:01Z,2026-06-15T02:30:01Z,eqsrc_branch_refinement_extension_datum_refuter_stress_test_completed_with_local_branch_domain_retention_and_generalization_blocks,false,EqSrc branch-refinement extension datum Refuter stress test completed with local branch-domain retention and broader generalization blocks
RT-20260614-013,research_control/tasks/RT-20260614-013,localization_source_basis_axiom_selector_domain_eqsrc_branch_refinement_extension_datum_smuggling_audit,completed,DDR-20260614-013,AJ-RT-20260614-013-001,RT-20260614-012,2026-06-15T01:31:07Z,2026-06-15T01:31:07Z,2026-06-15T01:31:07Z,eqsrc_branch_refinement_extension_datum_smuggling_audit_completed_as_local_conditional_pass_with_general_eqsrc_blocks,false,EqSrc branch-refinement extension datum smuggling audit completed as local conditional pass without general promotion
RT-20260614-012,research_control/tasks/RT-20260614-012,localization_source_basis_axiom_selector_domain_eqsrc_branch_refinement_extension_datum,completed,DDR-20260614-012,AJ-RT-20260614-012-001,RT-20260614-011,2026-06-15T01:09:22Z,2026-06-15T01:09:22Z,2026-06-15T01:09:22Z,eqsrc_branch_refinement_extension_datum_supplied_as_local_draft_control_evidence,false,EqSrc branch-refinement extension datum supplied as local draft control evidence without general promotion
RT-20260614-011,research_control/tasks/RT-20260614-011,localization_source_basis_axiom_selector_domain_eqsrc_non_orbit_refinement_family_extension_obstruction_packet_or_controlled_pause,completed,DDR-20260614-011,AJ-RT-20260614-011-001,RT-20260614-010,2026-06-15T00:56:02Z,2026-06-15T00:56:02Z,2026-06-15T00:56:02Z,eqsrc_non_orbit_refinement_family_extension_obstruction_packet_completed_as_controlled_pause,false,EqSrc non-orbit refinement-family extension obstruction packet completed as controlled pause with local chain-domain retention and broader extension blocks
RT-20260614-010,research_control/tasks/RT-20260614-010,localization_source_basis_axiom_selector_domain_eqsrc_non_orbit_refinement_family_datum_refuter_stress_test,completed,DDR-20260614-010,AJ-RT-20260614-010-001,RT-20260614-009,2026-06-15T00:45:15Z,2026-06-15T00:45:15Z,2026-06-15T00:45:15Z,eqsrc_non_orbit_refinement_family_datum_refuter_stress_test_completed_with_chain_domain_retention_and_generalization_blocks,false,EqSrc non-orbit refinement-family datum Refuter stress test completed with local chain-domain retention and broader generalization blocks
RT-20260614-009,research_control/tasks/RT-20260614-009,localization_source_basis_axiom_selector_domain_eqsrc_non_orbit_refinement_family_datum_smuggling_audit,completed,DDR-20260614-009,AJ-RT-20260614-009-001,RT-20260614-007,2026-06-15T00:32:01Z,2026-06-15T00:32:01Z,2026-06-15T00:32:01Z,eqsrc_non_orbit_refinement_family_datum_smuggling_audit_completed_as_local_conditional_pass_with_general_eqsrc_blocks,false,EqSrc non-orbit refinement-family datum smuggling audit completed as local conditional pass without general promotion
RT-20260614-008,research_control/tasks/RT-20260614-008,project_system_novel_datum_acquisition_routing_contract,completed,DDR-20260614-008,AJ-RT-20260614-008-001,RT-20260614-007,2026-06-15T00:18:46Z,2026-06-15T00:18:46Z,2026-06-15T00:18:46Z,completed,false,Novel datum acquisition routing contract completed without physics claim authority
RT-20260614-007,research_control/tasks/RT-20260614-007,localization_source_basis_axiom_selector_domain_eqsrc_non_orbit_refinement_family_datum,completed,DDR-20260614-007,AJ-RT-20260614-007-001,RT-20260614-006,2026-06-15T00:11:35Z,2026-06-15T00:11:35Z,2026-06-15T00:11:35Z,eqsrc_non_orbit_refinement_family_datum_supplied_as_draft_control_evidence,false,EqSrc non-orbit refinement-family datum supplied as draft control evidence without general promotion
RT-20260614-006,research_control/tasks/RT-20260614-006,localization_source_basis_axiom_selector_domain_eqsrc_non_orbit_source_object_family_obligation_packet_or_controlled_pause,completed,DDR-20260614-006,AJ-RT-20260614-006-001,RT-20260614-005,2026-06-14T23:53:22Z,2026-06-14T23:53:22Z,2026-06-14T23:53:22Z,eqsrc_non_orbit_source_object_family_obligation_packet_completed_as_controlled_pause,false,EqSrc non-orbit source-object family obligation packet completed as controlled pause without general promotion
RT-20260614-005,research_control/tasks/RT-20260614-005,localization_source_basis_axiom_selector_domain_eqsrc_relabeling_orbit_source_family_packet_smuggling_audit,completed,DDR-20260614-005,AJ-RT-20260614-005-001,RT-20260614-004,2026-06-14T22:56:27Z,2026-06-14T22:56:27Z,2026-06-14T22:56:27Z,eqsrc_relabeling_orbit_source_family_packet_smuggling_audit_completed_as_local_conditional_pass_with_general_eqsrc_controlled_pause,false,EqSrc relabeling-orbit source-family packet smuggling audit completed as local conditional pass without general promotion
RT-20260614-004,research_control/tasks/RT-20260614-004,localization_source_basis_axiom_selector_domain_eqsrc_relabeling_orbit_source_family_packet_or_controlled_pause,completed,DDR-20260614-004,AJ-RT-20260614-004-001,RT-20260614-003,2026-06-14T22:42:48Z,2026-06-14T22:42:48Z,2026-06-14T22:42:48Z,eqsrc_relabeling_orbit_source_family_packet_completed_with_general_eqsrc_controlled_pause,false,EqSrc relabeling-orbit source-family packet completed as orbit-local theoretical evidence without general promotion
RT-20260614-003,research_control/tasks/RT-20260614-003,localization_source_basis_axiom_selector_domain_eqsrc_relabeling_orbit_obstruction_packet_or_controlled_pause,completed,DDR-20260614-003,AJ-RT-20260614-003-001,RT-20260614-002,2026-06-14T04:47:07Z,2026-06-14T04:47:07Z,2026-06-14T04:47:07Z,eqsrc_relabeling_orbit_obstruction_controlled_pause_completed,false,EqSrc relabeling-orbit obstruction packet completed as controlled pause without promotion
RT-20260614-002,research_control/tasks/RT-20260614-002,localization_source_basis_axiom_selector_domain_eqsrc_source_relabeling_isomorphism_datum_refuter_stress_test,completed,DDR-20260614-002,AJ-RT-20260614-002-001,RT-20260613-027,2026-06-14T04:37:19Z,2026-06-14T04:37:19Z,2026-06-14T04:37:19Z,eqsrc_source_relabeling_isomorphism_datum_refuter_stress_test_completed_with_generalization_block,false,Local EqSrc source-relabeling isomorphism datum Refuter stress test completed with generalization block without promotion
RT-20260614-001,research_control/tasks/RT-20260614-001,project_system_github_facing_reader_explainer_contract,completed,DDR-20260614-001,AJ-RT-20260614-001-001,RT-20260613-002,2026-06-14T03:56:10Z,2026-06-14T03:56:10Z,2026-06-14T03:56:10Z,completed,false,GitHub-facing reader explainer contract implemented with derived noncanonical pages and deterministic audit coverage
RT-20260613-027,research_control/tasks/RT-20260613-027,localization_source_basis_axiom_selector_domain_eqsrc_source_relabeling_isomorphism_datum_smuggling_audit,completed,DDR-20260613-027,AJ-RT-20260613-027-001,RT-20260613-026,2026-06-14T02:55:49Z,2026-06-14T02:55:49Z,2026-06-14T02:55:49Z,eqsrc_source_relabeling_isomorphism_datum_smuggling_audit_completed_as_local_conditional_pass_with_general_equivalence_blocks,false,Local EqSrc source-relabeling isomorphism datum smuggling audit completed as conditional local pass without promotion
RT-20260613-026,research_control/tasks/RT-20260613-026,localization_source_basis_axiom_selector_domain_eqsrc_source_relabeling_isomorphism_datum,completed,DDR-20260613-026,AJ-RT-20260613-026-001,RT-20260613-025,2026-06-14T02:43:17Z,2026-06-14T02:43:17Z,2026-06-14T02:43:17Z,eqsrc_source_relabeling_isomorphism_datum_supplied_as_local_draft_control_evidence,false,Local EqSrc source-relabeling isomorphism datum supplied as draft control evidence without promotion
RT-20260613-025,research_control/tasks/RT-20260613-025,localization_source_basis_axiom_selector_domain_eqsrc_source_equivalence_obligation_packet_or_controlled_pause,completed,DDR-20260613-025,AJ-RT-20260613-025-001,RT-20260613-024,2026-06-14T02:18:18Z,2026-06-14T02:18:18Z,2026-06-14T02:18:18Z,eqsrc_source_equivalence_obligation_packet_controlled_pause,false,EqSrc source-equivalence obligation packet completed as controlled pause without promotion
RT-20260613-024,research_control/tasks/RT-20260613-024,localization_source_basis_axiom_selector_domain_no_target_source_syntax_benchmark_independence_proxy_variation_stress_test,completed,DDR-20260613-024,AJ-RT-20260613-024-001,RT-20260613-023,2026-06-14T01:55:35Z,2026-06-14T01:55:35Z,2026-06-14T01:55:35Z,no_target_source_syntax_benchmark_independence_proxy_variation_stress_test_completed,false,NoTarget source-syntax benchmark-independence and proxy-variation stress test completed as draft control artifact
RT-20260613-023,research_control/tasks/RT-20260613-023,localization_source_basis_axiom_selector_domain_no_target_source_syntax_theorem_retry,completed,DDR-20260613-023,AJ-RT-20260613-023-001,RT-20260613-022,2026-06-13T23:38:59Z,2026-06-13T23:38:59Z,2026-06-13T23:38:59Z,localization_source_basis_axiom_selector_domain_no_target_source_syntax_theorem_retry_completed,false,NoTarget source-syntax theorem retry completed as draft control artifact
RT-20260613-022,research_control/tasks/RT-20260613-022,localization_source_basis_axiom_selector_domain_no_target_source_registered_freeze_manifest_smuggling_audit,completed,DDR-20260613-022,AJ-RT-20260613-022-001,RT-20260613-021,2026-06-13T22:11:41Z,2026-06-13T22:11:41Z,2026-06-13T22:11:41Z,localization_source_basis_axiom_selector_domain_no_target_source_registered_freeze_manifest_smuggling_audit_completed,false,NoTarget source-registered freeze manifest smuggling audit completed as draft control artifact
RT-20260613-021,research_control/tasks/RT-20260613-021,localization_source_basis_axiom_selector_domain_no_target_source_registered_freeze_manifest,completed,DDR-20260613-021,AJ-RT-20260613-021-001,RT-20260613-020,2026-06-13T21:54:45Z,2026-06-13T22:02:32Z,2026-06-13T22:02:32Z,localization_source_basis_axiom_selector_domain_no_target_source_registered_freeze_manifest_completed,false,NoTarget source-registered freeze manifest completed as human-authorized draft control artifact
RT-20260613-020,research_control/tasks/RT-20260613-020,localization_source_basis_axiom_selector_domain_no_target_source_freeze_inventory_annotation_influence_packet_attempt_or_controlled_pause,completed,DDR-20260613-020,AJ-RT-20260613-020-001,RT-20260613-019,2026-06-13T21:22:29Z,2026-06-13T21:22:29Z,2026-06-13T21:22:29Z,localization_source_basis_axiom_selector_domain_no_target_source_freeze_packet_attempt_controlled_pause_completed,false,NoTarget source-freeze inventory and annotation influence packet attempt reached controlled pause as draft control artifact
RT-20260613-019,research_control/tasks/RT-20260613-019,localization_source_basis_axiom_selector_domain_no_target_source_syntax_theorem_attempt_or_controlled_pause,completed,DDR-20260613-019,AJ-RT-20260613-019-001,RT-20260613-018,2026-06-13T20:36:25Z,2026-06-13T20:36:25Z,2026-06-13T20:36:25Z,localization_source_basis_axiom_selector_domain_no_target_source_syntax_theorem_attempt_controlled_pause_completed,false,NoTarget source-syntax theorem attempt reached controlled pause as draft control artifact
RT-20260613-018,research_control/tasks/RT-20260613-018,localization_source_basis_axiom_selector_domain_no_target_source_syntax_repair_target_smuggling_audit,completed,DDR-20260613-018,AJ-RT-20260613-018-001,RT-20260613-017,2026-06-13T20:19:48Z,2026-06-13T20:19:48Z,2026-06-13T20:19:48Z,localization_source_basis_axiom_selector_domain_no_target_source_syntax_repair_target_smuggling_audit_completed,false,NoTarget source-syntax repair-target smuggling audit completed as draft control artifact
RT-20260613-017,research_control/tasks/RT-20260613-017,localization_source_basis_axiom_selector_domain_no_target_source_syntax_repair_target_packet,completed,DDR-20260613-017,AJ-RT-20260613-017-001,RT-20260613-016,2026-06-13T20:04:51Z,2026-06-13T20:04:51Z,2026-06-13T20:04:51Z,localization_source_basis_axiom_selector_domain_no_target_source_syntax_repair_target_packet_completed,false,NoTarget source-syntax repair-target packet completed as draft control artifact
RT-20260613-016,research_control/tasks/RT-20260613-016,localization_source_basis_axiom_selector_domain_ledger_generation_ontology_expansion_proposal_conservativity_benchmark_independence_refutation,completed,DDR-20260613-016,AJ-RT-20260613-016-001,RT-20260613-015,2026-06-13T19:51:37Z,2026-06-13T19:51:37Z,2026-06-13T19:51:37Z,localization_source_basis_axiom_selector_domain_ledger_generation_ontology_expansion_proposal_conservativity_benchmark_independence_refutation_completed,false,Ledger generation ontology expansion proposal conservativity and benchmark-independence refutation completed as draft control artifact
RT-20260613-015,research_control/tasks/RT-20260613-015,localization_source_basis_axiom_selector_domain_ledger_generation_ontology_expansion_proposal_smuggling_audit,completed,DDR-20260613-015,AJ-RT-20260613-015-001,RT-20260613-010,2026-06-13T19:28:55Z,2026-06-13T19:28:55Z,2026-06-13T19:28:55Z,localization_source_basis_axiom_selector_domain_ledger_generation_ontology_expansion_proposal_smuggling_audit_completed,false,Ledger generation ontology expansion proposal smuggling audit completed as draft control artifact
RT-20260613-014,research_control/tasks/RT-20260613-014,project_system_readme_mermaid_benchmark_route_clarity_repair,completed,DDR-20260613-014,AJ-RT-20260613-014-001,RT-20260613-013,2026-06-13T19:04:45Z,2026-06-13T19:04:45Z,2026-06-13T19:04:45Z,completed,false,README Mermaid benchmark-node route-clarity repair completed without physics claim authority
RT-20260613-013,research_control/tasks/RT-20260613-013,project_system_readme_mermaid_route_clarity_repair,completed,DDR-20260613-013,AJ-RT-20260613-013-001,RT-20260613-012,2026-06-13T18:45:29Z,2026-06-13T18:45:29Z,2026-06-13T18:45:29Z,completed,false,README Mermaid route-clarity repair completed without physics claim authority
RT-20260613-012,research_control/tasks/RT-20260613-012,project_system_mermaid_label_fit_repair,completed,DDR-20260613-012,AJ-RT-20260613-012-001,RT-20260611-009,2026-06-13T18:02:26Z,2026-06-13T18:02:26Z,2026-06-13T18:02:26Z,completed,false,Mermaid label wrapping repair completed without physics claim authority
RT-20260613-011,research_control/tasks/RT-20260613-011,project_system_user_modified_project_integration_skill,completed,DDR-20260613-011,AJ-RT-20260613-011-001,RT-20260613-003,2026-06-13T17:31:36Z,2026-06-13T17:31:36Z,2026-06-13T17:31:36Z,completed,true,User-modified project integration skill completed without physics claim authority
RT-20260613-010,research_control/tasks/RT-20260613-010,localization_source_basis_axiom_selector_domain_ledger_generation_ontology_expansion_proposal,completed,DDR-20260613-010,AJ-RT-20260613-010-001,RT-20260613-009,2026-06-13T16:15:23Z,2026-06-13T16:15:23Z,2026-06-13T16:15:23Z,localization_source_basis_axiom_selector_domain_ledger_generation_ontology_expansion_proposal_completed,true,Ledger-generation ontology-expansion proposal completed as draft control artifact
RT-20260613-009,research_control/tasks/RT-20260613-009,localization_source_basis_axiom_selector_domain_single_surface_ledger_provenance_theorem_attempt_or_controlled_pause,completed,DDR-20260613-009,AJ-RT-20260613-009-001,RT-20260613-008,2026-06-13T15:51:30Z,2026-06-13T15:51:30Z,2026-06-13T15:51:30Z,localization_source_basis_axiom_selector_domain_single_surface_ledger_provenance_theorem_attempt_or_controlled_pause_completed,false,Single-surface ledger-provenance theorem attempt reached controlled pause as draft control artifact
RT-20260613-008,research_control/tasks/RT-20260613-008,localization_source_basis_axiom_selector_domain_source_forcing_discharge_protocol_benchmark_independence_refutation,completed,DDR-20260613-008,AJ-RT-20260613-008-001,RT-20260613-007,2026-06-13T14:06:34Z,2026-06-13T14:06:34Z,2026-06-13T14:06:34Z,localization_source_basis_axiom_selector_domain_source_forcing_discharge_protocol_benchmark_independence_refutation_completed,false,Source forcing discharge protocol benchmark-independence refutation preserved as draft control artifact
RT-20260613-007,research_control/tasks/RT-20260613-007,localization_source_basis_axiom_selector_domain_source_forcing_discharge_protocol_smuggling_audit,completed,DDR-20260613-007,AJ-RT-20260613-007-001,RT-20260613-006,2026-06-13T13:53:55Z,2026-06-13T13:53:55Z,2026-06-13T13:53:55Z,localization_source_basis_axiom_selector_domain_source_forcing_discharge_protocol_smuggling_audit_completed,false,Source forcing discharge protocol smuggling audit completed as draft control artifact
RT-20260613-006,research_control/tasks/RT-20260613-006,localization_source_basis_axiom_selector_domain_source_forcing_discharge_protocol,completed,DDR-20260613-006,AJ-RT-20260613-006-001,RT-20260613-005,2026-06-13T13:31:39Z,2026-06-13T13:31:39Z,2026-06-13T13:31:39Z,localization_source_basis_axiom_selector_domain_source_forcing_discharge_protocol_completed,false,Source forcing discharge protocol and controlled-pause ledger completed as draft control artifact
RT-20260613-005,research_control/tasks/RT-20260613-005,localization_source_basis_axiom_selector_domain_source_forcing_smuggling_audit,completed,DDR-20260613-005,AJ-RT-20260613-005-001,RT-20260613-004,2026-06-13T13:03:40Z,2026-06-13T13:03:40Z,2026-06-13T13:03:40Z,localization_source_basis_axiom_selector_domain_source_forcing_smuggling_audit_completed,false,Source forcing obligation packet smuggling audit completed as draft control artifact
RT-20260613-004,research_control/tasks/RT-20260613-004,localization_source_basis_axiom_selector_domain_source_forcing_obligation_packet,completed,DDR-20260613-004,AJ-RT-20260613-004-001,RT-20260611-006,2026-06-13T12:46:21Z,2026-06-13T12:46:21Z,2026-06-13T12:46:21Z,localization_source_basis_axiom_selector_domain_source_forcing_obligation_packet_completed,false,Source forcing obligation packet stated as draft control artifact
RT-20260613-003,research_control/tasks/RT-20260613-003,project_system_documentation_surface_audit_tooling,completed,DDR-20260613-003,AJ-RT-20260613-003-001,RT-20260613-002,2026-06-13T03:22:30Z,2026-06-13T03:22:30Z,2026-06-13T03:22:30Z,completed,false,Documentation surface audit tooling implemented with deterministic script tests and validation entrypoint
RT-20260613-002,research_control/tasks/RT-20260613-002,project_system_github_facing_markdown_root_mirror,completed,DDR-20260613-002,AJ-RT-20260613-002-001,RT-20260613-001,2026-06-13T02:40:38Z,2026-06-13T02:40:38Z,2026-06-13T02:40:38Z,completed,true,GitHub-facing Markdown mirror moved to root and populated from explainer specs without metadata headers
RT-20260613-001,research_control/tasks/RT-20260613-001,project_system_github_facing_markdown_layer,completed,DDR-20260613-001,AJ-RT-20260613-001-001,RT-20260612-007,2026-06-13T01:42:25Z,2026-06-13T01:42:25Z,2026-06-13T01:42:25Z,completed,true,GitHub-facing Markdown documentation layer implemented without physics claim authority
RT-20260611-006,research_control/tasks/RT-20260611-006,localization_source_basis_axiom_selector_domain_finite_variation_benchmark_independence_refutation,completed,DDR-20260611-006,AJ-RT-20260611-006-001,RT-20260608-023,2026-06-11T03:40:07Z,2026-06-11T03:40:07Z,2026-06-11T03:40:07Z,localization_source_basis_axiom_selector_domain_finite_variation_benchmark_independence_refutation_completed,false,Source basis axiom selector-domain finite-variation benchmark-independence refutation preserved as draft control artifact
RT-20260608-023,research_control/tasks/RT-20260608-023,localization_source_basis_axiom_selector_domain_finite_variation_smuggling_audit,completed,DDR-20260608-023,AJ-RT-20260608-023-001,RT-20260608-022,2026-06-10T16:21:25Z,2026-06-10T16:21:25Z,2026-06-10T16:21:25Z,localization_source_basis_axiom_selector_domain_finite_variation_smuggling_audit_completed,false,Source basis axiom selector-domain finite-variation smuggling audit preserved as draft control artifact
RT-20260608-022,research_control/tasks/RT-20260608-022,localization_source_basis_axiom_selector_domain_finite_variation_repair_packet,completed,DDR-20260608-022,AJ-RT-20260608-022-001,RT-20260608-021,2026-06-10T05:42:24Z,2026-06-10T05:42:24Z,2026-06-10T05:42:24Z,localization_source_basis_axiom_selector_domain_finite_variation_repair_packet_completed,false,Source basis axiom selector-domain finite-variation repair packet preserved as draft control artifact
RT-20260608-001,research_control/tasks/RT-20260608-001,control_spine_bootstrap,completed,DDR-20260608-001,AJ-RT-20260608-001-001,,2026-06-08T00:00:00Z,2026-06-08T00:00:00Z,2026-06-08T00:00:00Z,control_spine_bootstrap_completed,false,Installs minimal Director led AgentJob control spine
RT-20260608-002,research_control/tasks/RT-20260608-002,gate0_ontology_formalization,completed,DDR-20260608-002,AJ-RT-20260608-002-001,RT-20260608-001,2026-06-08T22:03:50Z,2026-06-08T22:03:50Z,2026-06-08T22:03:50Z,gate0_ontology_formalization_completed,false,Gate 0 source primitive burden formalized
RT-20260608-003,research_control/tasks/RT-20260608-003,localization_candidate_packet,completed,DDR-20260608-003,AJ-RT-20260608-003-001,RT-20260608-002,2026-06-08T22:17:47Z,2026-06-08T22:17:47Z,2026-06-08T22:17:47Z,localization_candidate_packet_completed,false,Source localization packet proposed as draft control artifact
RT-20260608-004,research_control/tasks/RT-20260608-004,localization_smuggling_audit,completed,DDR-20260608-004,AJ-RT-20260608-004-001,RT-20260608-003,2026-06-08T23:41:47Z,2026-06-08T23:41:47Z,2026-06-08T23:41:47Z,localization_smuggling_audit_completed,false,Target-smuggling risks audited for localization packet
RT-20260608-005,research_control/tasks/RT-20260608-005,localization_source_repair_packet,completed,DDR-20260608-005,AJ-RT-20260608-005-001,RT-20260608-004,2026-06-08T23:53:45Z,2026-06-08T23:53:45Z,2026-06-08T23:53:45Z,localization_source_repair_packet_completed,false,Source-only localization repair packet proposed as draft control artifact
RT-20260608-006,research_control/tasks/RT-20260608-006,localization_repair_refutation,completed,DDR-20260608-006,AJ-RT-20260608-006-001,RT-20260608-005,2026-06-09T00:04:12Z,2026-06-09T00:04:12Z,2026-06-09T00:04:12Z,localization_source_refutation_completed,false,Localization repair refutation preserved as draft control artifact
RT-20260608-007,research_control/tasks/RT-20260608-007,localization_source_basis_formalization,completed,DDR-20260608-007,AJ-RT-20260608-007-001,RT-20260608-006,2026-06-09T00:14:36Z,2026-06-09T00:14:36Z,2026-06-09T00:14:36Z,localization_source_basis_formalization_completed,false,Source basis formalization preserved as draft control artifact
RT-20260608-008,research_control/tasks/RT-20260608-008,localization_source_basis_smuggling_audit,completed,DDR-20260608-008,AJ-RT-20260608-008-001,RT-20260608-007,2026-06-09T00:22:21Z,2026-06-09T00:22:21Z,2026-06-09T00:22:21Z,localization_source_basis_smuggling_audit_completed,false,Source basis smuggling audit preserved as draft control artifact
RT-20260608-009,research_control/tasks/RT-20260608-009,localization_source_basis_conservativity_refutation,completed,DDR-20260608-009,AJ-RT-20260608-009-001,RT-20260608-008,2026-06-09T00:36:03Z,2026-06-09T00:36:03Z,2026-06-09T00:36:03Z,localization_source_basis_conservativity_refutation_completed,false,Source basis conservativity refutation preserved as draft control artifact
RT-20260608-010,research_control/tasks/RT-20260608-010,localization_source_basis_axiom_justification,completed,DDR-20260608-010,AJ-RT-20260608-010-001,RT-20260608-009,2026-06-09T00:46:46Z,2026-06-09T00:46:46Z,2026-06-09T00:46:46Z,localization_source_basis_axiom_justification_completed,false,Minimal source-basis axiom justification packet preserved as draft control artifact
RT-20260608-011,research_control/tasks/RT-20260608-011,localization_source_basis_axiom_smuggling_audit,completed,DDR-20260608-011,AJ-RT-20260608-011-001,RT-20260608-010,2026-06-09T13:39:04Z,2026-06-09T13:39:04Z,2026-06-09T13:39:04Z,localization_source_basis_axiom_smuggling_audit_completed,false,Source basis axiom smuggling audit preserved as draft control artifact
RT-20260608-012,research_control/tasks/RT-20260608-012,localization_source_basis_axiom_benchmark_independence_refutation,completed,DDR-20260608-012,AJ-RT-20260608-012-001,RT-20260608-011,2026-06-09T13:53:43Z,2026-06-09T13:53:43Z,2026-06-09T13:53:43Z,localization_source_basis_axiom_benchmark_independence_refutation_completed,false,Source basis axiom benchmark-independence refutation preserved as draft control artifact
RT-20260608-013,research_control/tasks/RT-20260608-013,localization_source_basis_axiom_selection_law_packet,completed,DDR-20260608-013,AJ-RT-20260608-013-001,RT-20260608-012,2026-06-09T14:04:04Z,2026-06-09T14:04:04Z,2026-06-09T14:04:04Z,localization_source_basis_axiom_selection_law_packet_completed,false,Source basis axiom selection-law packet preserved as draft control artifact
RT-20260608-014,research_control/tasks/RT-20260608-014,localization_source_basis_axiom_selection_law_smuggling_audit,completed,DDR-20260608-014,AJ-RT-20260608-014-001,RT-20260608-013,2026-06-09T23:33:06Z,2026-06-09T23:33:06Z,2026-06-09T23:33:06Z,localization_source_basis_axiom_selection_law_smuggling_audit_completed,false,Source basis axiom selection-law smuggling audit preserved as draft control artifact
RT-20260608-015,research_control/tasks/RT-20260608-015,localization_source_basis_axiom_selection_law_benchmark_independence_refutation,completed,DDR-20260608-015,AJ-RT-20260608-015-001,RT-20260608-014,2026-06-09T23:40:31Z,2026-06-09T23:40:31Z,2026-06-09T23:40:31Z,localization_source_basis_axiom_selection_law_benchmark_independence_refutation_completed,false,Source basis axiom selection-law benchmark-independence refutation preserved as draft control artifact
RT-20260608-016,research_control/tasks/RT-20260608-016,localization_source_basis_axiom_selector_domain_repair_packet,completed,DDR-20260608-016,AJ-RT-20260608-016-001,RT-20260608-015,2026-06-09T23:49:55Z,2026-06-09T23:49:55Z,2026-06-09T23:49:55Z,localization_source_basis_axiom_selector_domain_repair_packet_completed,false,Source basis axiom selector-domain repair packet preserved as draft control artifact
RT-20260608-017,research_control/tasks/RT-20260608-017,localization_source_basis_axiom_selector_domain_smuggling_audit,completed,DDR-20260608-017,AJ-RT-20260608-017-001,RT-20260608-016,2026-06-10T00:02:41Z,2026-06-10T00:02:41Z,2026-06-10T00:02:41Z,localization_source_basis_axiom_selector_domain_smuggling_audit_completed,false,Source basis axiom selector-domain smuggling audit preserved as draft control artifact
RT-20260608-018,research_control/tasks/RT-20260608-018,localization_source_basis_axiom_selector_domain_benchmark_independence_refutation,completed,DDR-20260608-018,AJ-RT-20260608-018-001,RT-20260608-017,2026-06-10T00:22:08Z,2026-06-10T00:22:08Z,2026-06-10T00:22:08Z,localization_source_basis_axiom_selector_domain_benchmark_independence_refutation_completed,false,Source basis axiom selector-domain benchmark-independence refutation preserved as draft control artifact
RT-20260608-019,research_control/tasks/RT-20260608-019,localization_source_basis_axiom_selector_domain_finite_survey_protocol_packet,completed,DDR-20260608-019,AJ-RT-20260608-019-001,RT-20260608-018,2026-06-10T00:40:21Z,2026-06-10T00:40:21Z,2026-06-10T00:40:21Z,localization_source_basis_axiom_selector_domain_finite_survey_protocol_packet_completed,false,Source basis axiom selector-domain finite survey protocol packet preserved as draft control artifact
RT-20260608-020,research_control/tasks/RT-20260608-020,localization_source_basis_axiom_selector_domain_finite_survey_protocol_smuggling_audit,completed,DDR-20260608-020,AJ-RT-20260608-020-001,RT-20260608-019,2026-06-10T00:50:44Z,2026-06-10T00:50:44Z,2026-06-10T00:50:44Z,localization_source_basis_axiom_selector_domain_finite_survey_protocol_smuggling_audit_completed,false,Source basis axiom selector-domain finite survey protocol smuggling audit preserved as draft control artifact
RT-20260610-001,research_control/tasks/RT-20260610-001,project_system_documentation_curator_implementation,completed,DDR-20260610-001,AJ-RT-20260610-001-001,,2026-06-10T02:22:13Z,2026-06-10T02:22:13Z,2026-06-10T02:22:13Z,project_system_improvement_completed,false,Documentation Curator and improve-project-system control circuit implemented
RT-20260610-002,research_control/tasks/RT-20260610-002,project_system_signal_and_documentation_impact_gate,completed,DDR-20260610-002,AJ-RT-20260610-002-001,RT-20260610-001,2026-06-10T03:10:45Z,2026-06-10T03:10:45Z,2026-06-10T03:10:45Z,project_system_signal_and_documentation_impact_gate_completed,false,Project-improvement signal-type registry signal-registration canonical-completion resolution-evidence multi-signal and documentation-impact gates implemented
RT-20260608-021,research_control/tasks/RT-20260608-021,localization_source_basis_axiom_selector_domain_finite_survey_protocol_benchmark_independence_refutation,completed,DDR-20260608-021,AJ-RT-20260608-021-001,RT-20260608-020,2026-06-10T05:30:09Z,2026-06-10T05:30:09Z,2026-06-10T05:30:09Z,localization_source_basis_axiom_selector_domain_finite_survey_protocol_benchmark_independence_refutation_completed,false,Source basis axiom selector-domain finite survey protocol benchmark-independence refutation preserved as draft control artifact
RT-20260610-003,research_control/tasks/RT-20260610-003,project_system_director_role_flexibility,completed,DDR-20260610-003,AJ-RT-20260610-003-001,RT-20260610-002,2026-06-10T17:36:36Z,2026-06-10T17:36:36Z,2026-06-10T17:36:36Z,project_system_director_role_flexibility_completed,false,Director role-flexibility execution-role taxonomy and recurrence signal gates implemented
RT-20260610-004,research_control/tasks/RT-20260610-004,project_system_readme_decision_vocabulary_table,completed,DDR-20260610-004,AJ-RT-20260610-004-001,RT-20260610-003,2026-06-10T17:58:14Z,2026-06-10T17:58:14Z,2026-06-10T17:58:14Z,project_system_readme_decision_vocabulary_table_completed,false,README decision vocabulary table added for continuation and project-system roles
RT-20260610-005,research_control/tasks/RT-20260610-005,project_system_control_markdown_authority_split,completed,DDR-20260610-005,AJ-RT-20260610-005-001,RT-20260610-004,2026-06-10T18:13:01Z,2026-06-10T18:13:01Z,2026-06-10T18:13:01Z,project_system_control_markdown_authority_split_completed,true,Project-Control Maintainer role and mixed-markdown authority split implemented
RT-20260610-006,research_control/tasks/RT-20260610-006,project_system_documentation_curator_html_explainer,completed,DDR-20260610-006,AJ-RT-20260610-006-001,RT-20260610-005,2026-06-10T19:27:19Z,2026-06-10T19:27:19Z,2026-06-10T19:27:19Z,project_system_documentation_curator_html_explainer_completed,true,Documentation Curator v0.2.0 and source-backed human HTML explainer governance implemented
RT-20260610-007,research_control/tasks/RT-20260610-007,project_system_documentation_curator_first_content_pass,completed,DDR-20260610-007,AJ-RT-20260610-007-001,RT-20260610-006,2026-06-10T22:28:04Z,2026-06-10T22:28:04Z,2026-06-10T22:28:04Z,documentation_curator_first_content_pass_completed,false,Documentation Curator first comprehensive README and source-backed HTML content pass completed
RT-20260610-008,research_control/tasks/RT-20260610-008,project_system_interactive_html_explainer_contract,completed,DDR-20260610-008,AJ-RT-20260610-008-001,RT-20260610-007,2026-06-10T23:22:58Z,2026-06-10T23:22:58Z,2026-06-10T23:22:58Z,interactive_html_explainer_contract_completed,true,Interactive source-backed HTML explainer contract validator specs and generated pages implemented
RT-20260610-009,research_control/tasks/RT-20260610-009,project_system_human_visual_explainer_qa,completed,DDR-20260610-009,AJ-RT-20260610-009-001,RT-20260610-008,2026-06-10T23:45:22Z,2026-06-10T23:45:22Z,2026-06-10T23:45:22Z,human_visual_explainer_qa_polish_completed,false,Human visual explainer QA source drilldown and rendered navigation polish completed
RT-20260610-010,research_control/tasks/RT-20260610-010,project_system_deep_first_html_explainer_contract,completed,DDR-20260610-010,AJ-RT-20260610-010-001,RT-20260610-009,2026-06-11T00:06:37Z,2026-06-11T00:06:37Z,2026-06-11T00:06:37Z,deep_first_html_explainer_contract_completed,true,Deep-first source-backed HTML explainer contract completed without scientific authority
RT-20260611-001,research_control/tasks/RT-20260611-001,project_system_mermaid_documentation_subskill,completed,DDR-20260611-001,AJ-RT-20260611-001-001,RT-20260610-010,2026-06-11T01:04:15Z,2026-06-11T01:23:22Z,2026-06-11T01:23:22Z,mermaid_documentation_subskill_validator_completed,true,Mermaid documentation subskill validator and local runtime asset implementation completed
RT-20260611-002,research_control/tasks/RT-20260611-002,project_system_mermaid_documentation_content_pilot,completed,DDR-20260611-002,AJ-RT-20260611-002-001,RT-20260611-001,2026-06-11T01:32:43Z,2026-06-11T01:41:58Z,2026-06-11T01:41:58Z,mermaid_content_pilot_completed,false,Governed Mermaid diagram pilot for the research-control-system explainer completed
RT-20260611-003,research_control/tasks/RT-20260611-003,project_system_mermaid_inline_svg_runtime,completed,DDR-20260611-003,AJ-RT-20260611-003-001,RT-20260611-002,2026-06-11T02:18:55Z,2026-06-11T02:18:55Z,2026-06-11T02:18:55Z,mermaid_inline_svg_runtime_completed,true,Standalone inline-SVG Mermaid tracked HTML renderer validator and runtime cleanup completed
RT-20260611-004,research_control/tasks/RT-20260611-004,project_system_mermaid_inline_svg_css_selector_repair,completed,DDR-20260611-004,AJ-RT-20260611-004-001,RT-20260611-003,2026-06-11T03:06:25Z,2026-06-11T03:06:25Z,2026-06-11T03:06:25Z,mermaid_inline_svg_css_selector_repair_completed,true,Mermaid inline SVG CSS selector rewrite and browser smoke proof completed
RT-20260611-005,research_control/tasks/RT-20260611-005,project_system_mermaid_live_server_script_injection_repair,completed,DDR-20260611-005,AJ-RT-20260611-005-001,RT-20260611-004,2026-06-11T03:32:00Z,2026-06-11T03:32:00Z,2026-06-11T03:32:00Z,mermaid_live_server_script_injection_repair_completed,true,Mermaid interaction script live-server injection repair completed
RT-20260611-007,research_control/tasks/RT-20260611-007,project_system_research_atlas_explainer_set,completed,DDR-20260611-007,AJ-RT-20260611-007-001,RT-20260611-005,2026-06-11T16:16:53Z,2026-06-11T16:35:44Z,2026-06-11T16:35:44Z,research_atlas_explainer_set_completed,false,Research-atlas source-backed HTML explainer expansion completed
RT-20260611-008,research_control/tasks/RT-20260611-008,project_system_three_layer_html_readability_repair,completed,DDR-20260611-008,AJ-RT-20260611-008-001,RT-20260611-007,2026-06-11T17:10:34Z,2026-06-11T17:20:32Z,2026-06-11T17:20:32Z,completed,true,Three-layer source-backed HTML explainer readability repair completed
RT-20260611-009,research_control/tasks/RT-20260611-009,project_system_adaptive_mermaid_diagram_fit_repair,completed,DDR-20260611-009,AJ-RT-20260611-009-001,RT-20260611-008,2026-06-11T18:37:39Z,2026-06-11T18:45:51Z,2026-06-11T18:45:51Z,completed,true,Adaptive Mermaid diagram fit repair completed
RT-20260611-010,research_control/tasks/RT-20260611-010,project_system_flexible_html_explainer_contract,completed,DDR-20260611-010,AJ-RT-20260611-010-001,RT-20260611-009,2026-06-11T20:21:49Z,2026-06-11T21:11:34Z,2026-06-11T21:11:34Z,completed,true,Flexible source-backed HTML explainer presentation contract migration completed
RT-20260611-011,research_control/tasks/RT-20260611-011,project_system_html_explainer_ui_cleanup_mermaid_render_repair,completed,DDR-20260611-011,AJ-RT-20260611-011-001,RT-20260611-010,2026-06-11T22:37:13Z,2026-06-11T23:20:59Z,2026-06-11T23:20:59Z,completed,true,HTML explainer UI cleanup and Mermaid render repair completed without physics claim authority
RT-20260612-001,research_control/tasks/RT-20260612-001,project_system_html_explainer_subject_summary_contract,completed,DDR-20260612-001,AJ-RT-20260612-001-001,RT-20260611-011,2026-06-12T01:38:51Z,2026-06-12T02:22:44Z,2026-06-12T02:22:44Z,completed,true,Subject summary HTML explainer contract migration completed without physics claim authority
RT-20260612-002,research_control/tasks/RT-20260612-002,project_system_html_explainer_source_backed_summary_correction,completed,DDR-20260612-002,AJ-RT-20260612-002-001,RT-20260612-001,2026-06-12T03:23:00Z,2026-06-12T03:59:06Z,2026-06-12T03:59:06Z,completed,true,Source-backed Summary of subject HTML explainer correction completed without physics claim authority
RT-20260612-003,research_control/tasks/RT-20260612-003,project_system_source_backed_coverage_layout_repair,completed,DDR-20260612-003,AJ-RT-20260612-003-001,RT-20260612-002,2026-06-12T04:37:04Z,2026-06-12T04:53:22Z,2026-06-12T04:53:22Z,completed,false,Source-backed Coverage layout repair completed without physics claim authority
RT-20260612-004,research_control/tasks/RT-20260612-004,project_system_html_summary_grounding_contract_hardening,completed,DDR-20260612-004,AJ-RT-20260612-004-001,RT-20260612-003,2026-06-12T13:17:10Z,2026-06-12T13:17:10Z,2026-06-12T13:17:10Z,completed,true,Summary grounding prose removed from summary_text and explainer skill contracts hardened without physics claim authority
RT-20260612-005,research_control/tasks/RT-20260612-005,project_system_html_explainer_depth_upgrade_kit,completed,DDR-20260612-005,AJ-RT-20260612-005-001,RT-20260612-004,2026-06-12T19:14:43Z,2026-06-12T19:48:54Z,2026-06-12T19:48:54Z,completed,true,HTML explainer depth upgrade kit completed with PASS validation receipt without physics claim authority
RT-20260612-006,research_control/tasks/RT-20260612-006,project_system_html_explainer_reader_layer_cleanup,completed,DDR-20260612-006,AJ-RT-20260612-006-001,RT-20260612-005,2026-06-12T20:42:00Z,2026-06-12T20:42:00Z,2026-06-12T20:42:00Z,completed,true,HTML explainer reader-layer cleanup completed without physics claim authority
RT-20260612-007,research_control/tasks/RT-20260612-007,project_system_html_explainer_analysis_capsule_removal,completed,DDR-20260612-007,AJ-RT-20260612-007-001,RT-20260612-006,2026-06-12T23:36:46Z,2026-06-12T23:36:46Z,2026-06-12T23:36:46Z,completed,true,HTML explainer analysis-capsule removal and claim-boilerplate cleanup completed without physics claim authority
RT-20260617-004,research_control/tasks/RT-20260617-004,project_system_html_teaching_loop,completed,DDR-20260617-004,AJ-RT-20260617-004-001,RT-20260617-003,2026-06-17T17:35:00Z,2026-06-17T17:51:06Z,2026-06-17T17:51:06Z,html_teaching_loop_completed,true,HTML teaching enrichment loop contracts validator exemplar packet and generated derivatives completed without physics claim authority
RT-20260617-005,research_control/tasks/RT-20260617-005,documentation_curator_teaching_loop_surface_sync,completed,DDR-20260617-005,AJ-RT-20260617-005-001,RT-20260617-004,2026-06-17T20:18:46Z,2026-06-17T20:31:44Z,2026-06-17T20:31:44Z,teaching_surface_sync_completed,false,Teaching-loop documentation surface sync completed without physics claim authority
RT-20260617-006,research_control/tasks/RT-20260617-006,project_system_subject_first_explainer_reset,completed,DDR-20260617-006,AJ-RT-20260617-006-001,RT-20260617-005,2026-06-17T20:57:00Z,2026-06-17T21:08:27Z,2026-06-17T21:08:27Z,subject_first_explainer_reset_completed,true,Subject-first explainer contract and derivative reset completed without physics claim authority
RT-20260617-007,research_control/tasks/RT-20260617-007,documentation_curator_functionality_coverage_expansion,completed,DDR-20260617-007,AJ-RT-20260617-007-001,RT-20260617-006,2026-06-17T21:44:49Z,2026-06-17T22:01:18Z,2026-06-17T22:01:18Z,functionality_coverage_expansion_completed,false,Documentation Curator functionality coverage expansion completed without physics claim authority
RT-20260617-008,research_control/tasks/RT-20260617-008,project_system_workflow_step_inspector_rollout,completed,DDR-20260617-008,AJ-RT-20260617-008-001,RT-20260617-007,2026-06-17T22:29:49Z,2026-06-17T22:39:54Z,2026-06-17T22:39:54Z,workflow_step_inspector_rollout_completed,true,Workflow-step inspector contract rollout completed without physics claim authority
RT-20260617-009,research_control/tasks/RT-20260617-009,project_system_github_facing_markdown_reset,completed,DDR-20260617-009,AJ-RT-20260617-009-001,RT-20260617-008,2026-06-17T23:07:05Z,2026-06-17T23:19:04Z,2026-06-17T23:19:04Z,github_facing_markdown_reset_completed,true,GitHub-facing Markdown contract reset and full derivative Markdown rebuild completed without physics claim authority
RT-20260617-010,research_control/tasks/RT-20260617-010,project_system_github_facing_markdown_transcript_repair,completed,DDR-20260617-010,AJ-RT-20260617-010-001,RT-20260617-009,2026-06-17T23:43:13Z,2026-06-17T23:43:13Z,2026-06-17T23:43:13Z,github_facing_markdown_transcript_repair_completed,true,GitHub-facing Markdown transcript leakage repair completed without physics claim authority
RT-20260618-001,research_control/tasks/RT-20260618-001,project_system_folder_readme_coverage,completed,DDR-20260618-001,AJ-RT-20260618-001-001,RT-20260617-010,2026-06-18T00:16:52Z,2026-06-18T00:16:52Z,2026-06-18T00:16:52Z,folder_readme_coverage_completed,true,Folder README coverage and registration completed without physics claim authority
RT-20260618-002,research_control/tasks/RT-20260618-002,project_system_codex_app_harness_documentation,completed,DDR-20260618-002,AJ-RT-20260618-002-001,RT-20260618-001,2026-06-18T00:40:02Z,2026-06-18T00:40:02Z,2026-06-18T00:40:02Z,codex_app_harness_documentation_completed,true,Codex app current harness documentation completed without physics claim authority
RT-20260619-007,research_control/tasks/RT-20260619-007,documentation_curator_post_migration_phase4_project_system_documentation_memory_operator,completed,DDR-20260619-007,AJ-RT-20260619-007-001,RT-20260619-006,2026-06-19T17:23:37Z,2026-06-19T17:32:24Z,2026-06-19T17:32:24Z,post_migration_phase4_footer_authority_completed,false,Post-migration Phase 4 operator-page footer-authority rewrite completed without role schema routing validator checkpoint dependency or physics claim changes
RT-20260619-008,research_control/tasks/RT-20260619-008,documentation_curator_post_migration_phase5_overview_source_authority,completed,DDR-20260619-008,AJ-RT-20260619-008-001,RT-20260619-007,2026-06-19T18:05:00Z,2026-06-19T18:10:00Z,2026-06-19T18:10:00Z,post_migration_phase5_overview_source_authority_completed,false,Post-migration Phase 5 overview and source-authority footer/coherence rewrite completed without role schema routing validator checkpoint dependency or physics claim changes
RT-20260619-009,research_control/tasks/RT-20260619-009,documentation_curator_post_migration_phase6_full_corpus_qa,completed,DDR-20260619-009,AJ-RT-20260619-009-001,RT-20260619-008,2026-06-19T18:20:00Z,2026-06-19T18:20:00Z,2026-06-19T18:20:00Z,post_migration_phase6_full_corpus_qa_completed,false,Post-migration Phase 6 full-corpus QA evidence refresh completed without page-source validator role schema routing checkpoint dependency or physics claim changes
RT-20260619-010,research_control/tasks/RT-20260619-010,project_system_documentation_curator_reader_scope_footer_relocation_plan,completed,DDR-20260619-010,AJ-RT-20260619-010-001,RT-20260619-009,2026-06-19T18:40:00Z,2026-06-19T18:40:00Z,2026-06-19T18:40:00Z,reader_scope_footer_relocation_plan_completed,false,Reader Scope footer relocation modification plan completed without public page output edits or physics claim changes
RT-20260619-011,research_control/tasks/RT-20260619-011,documentation_curator_reader_scope_footer_relocation_phase0_audit,completed,DDR-20260619-011,AJ-RT-20260619-011-001,RT-20260619-010,2026-06-19T18:53:00Z,2026-06-19T18:53:00Z,2026-06-19T18:53:00Z,reader_scope_footer_relocation_phase0_audit_completed,false,Reader Scope footer relocation Phase 0 audit completed without public page output edits or physics claim changes
RT-20260619-012,research_control/tasks/RT-20260619-012,project_system_reader_scope_footer_relocation_phase1_guardrail,completed,DDR-20260619-012,AJ-RT-20260619-012-001,RT-20260619-011,2026-06-19T19:09:31Z,2026-06-19T19:09:31Z,2026-06-19T19:09:31Z,reader_scope_footer_relocation_phase1_guardrail_completed,false,Reader Scope footer relocation Phase 1 guardrail completed without public page migration or physics claim changes
RT-20260619-013,research_control/tasks/RT-20260619-013,documentation_curator_reader_scope_footer_relocation_phase2_pilot_pair,completed,DDR-20260619-013,AJ-RT-20260619-013-001,RT-20260619-012,2026-06-19T21:55:20Z,2026-06-19T21:55:20Z,2026-06-19T21:55:20Z,reader_scope_footer_relocation_phase2_pilot_pair_completed,false,Reader Scope footer relocation Phase 2 pilot pair completed without validator role schema routing checkpoint dependency or physics claim changes
RT-20260619-016,research_control/tasks/RT-20260619-016,documentation_curator_reader_scope_footer_relocation_phase5_project_system_operator,completed,DDR-20260619-016,AJ-RT-20260619-016-001,RT-20260619-015,2026-06-19T23:10:33Z,2026-06-19T23:17:53Z,2026-06-19T23:17:53Z,reader_scope_footer_relocation_phase5_project_system_operator_completed,false,Reader Scope footer relocation Phase 5 project-system memory operator role and requirement pages completed without validator role schema memory-system routing checkpoint dependency or physics claim changes
RT-20260619-017,research_control/tasks/RT-20260619-017,documentation_curator_reader_scope_footer_relocation_phase6_full_corpus_qa,completed,DDR-20260619-017,AJ-RT-20260619-017-001,RT-20260619-016,2026-06-19T23:28:36Z,2026-06-19T23:31:30Z,2026-06-19T23:31:30Z,reader_scope_footer_relocation_phase6_full_corpus_qa_completed,false,Reader Scope footer relocation Phase 6 full-corpus QA completed without public page rewrites validator role schema memory-system routing checkpoint dependency or physics claim changes
RT-20260619-018,research_control/tasks/RT-20260619-018,documentation_curator_readme_refresh_after_reader_corpus_closure,completed,DDR-20260619-018,AJ-RT-20260619-018-001,RT-20260619-017,2026-06-19T23:54:48Z,2026-06-19T23:59:30Z,2026-06-19T23:59:30Z,readme_refresh_after_reader_corpus_closure_completed,false,README refresh after reader corpus closure completed without public page rewrites validator role schema memory-system routing checkpoint dependency or physics claim changes
RT-20260620-001,research_control/tasks/RT-20260620-001,project_system_ontology_law_research_packet_phase0_intake_audit,completed,DDR-20260620-001,AJ-RT-20260620-001-001,RT-20260619-018,2026-06-20T04:18:57Z,2026-06-20T04:18:57Z,2026-06-20T04:18:57Z,ontology_law_research_packet_phase0_intake_audit_completed,false,Ontology-law research packet Phase 0 intake audit completed without route activation validator behavior change or physics claim changes
RT-20260620-002,research_control/tasks/RT-20260620-002,project_system_ontology_law_research_packet_phase1_route_contract_vocabulary,completed,DDR-20260620-002,AJ-RT-20260620-002-001,RT-20260620-001,2026-06-20T04:33:37Z,2026-06-20T04:33:37Z,2026-06-20T04:33:37Z,ontology_law_research_packet_phase1_route_contract_vocabulary_completed,false,Ontology-law research packet Phase 1 route contract and vocabulary completed without validator behavior change receipt schema enforcement or physics claim changes
RT-20260620-003,research_control/tasks/RT-20260620-003,project_system_ontology_law_research_packet_phase2_receipt_schema,completed,DDR-20260620-003,AJ-RT-20260620-003-001,RT-20260620-002,2026-06-20T05:00:15Z,2026-06-20T05:00:15Z,2026-06-20T05:00:15Z,ontology_law_research_packet_phase2_receipt_schema_completed,false,Ontology-law research packet Phase 2 receipt schema completed without validator behavior test fixture routing change or physics claim changes
RT-20260620-004,research_control/tasks/RT-20260620-004,project_system_ontology_law_research_packet_phase3_routing_role_integration,completed,DDR-20260620-004,AJ-RT-20260620-004-001,RT-20260620-003,2026-06-20T15:16:07Z,2026-06-20T15:16:07Z,2026-06-20T15:16:07Z,ontology_law_research_packet_phase3_routing_role_integration_completed,false,Ontology-law research packet Phase 3 routing and role integration completed without validator behavior test fixture permanent role registration or physics claim changes
RT-20260620-005,research_control/tasks/RT-20260620-005,project_system_ontology_law_research_packet_phase4_validator_enforcement,completed,DDR-20260620-005,AJ-RT-20260620-005-001,RT-20260620-004,2026-06-20T15:38:03Z,2026-06-20T15:38:03Z,2026-06-20T15:38:03Z,ontology_law_research_packet_phase4_validator_enforcement_completed,false,Ontology-law research packet Phase 4 validator enforcement completed without physics claim changes checkpoint behavior changes permanent role registration or physics artifacts
RT-20260620-006,research_control/tasks/RT-20260620-006,project_system_ontology_law_research_packet_phase5_tests_fixtures,completed,DDR-20260620-006,AJ-RT-20260620-006-001,RT-20260620-005,2026-06-20T15:55:35Z,2026-06-20T15:55:35Z,2026-06-20T15:55:35Z,ontology_law_research_packet_phase5_tests_fixtures_completed,false,Ontology-law research packet Phase 5 tests and fixtures completed without validator behavior change physics claim changes checkpoint behavior changes permanent role registration or physics artifacts
RT-20260620-007,research_control/tasks/RT-20260620-007,project_system_checkpoint_tracked_local_staging_fix,completed,DDR-20260620-007,AJ-RT-20260620-007-001,RT-20260620-006,2026-06-20T16:06:37Z,2026-06-20T16:06:37Z,2026-06-20T16:06:37Z,checkpoint_tracked_local_staging_fix_completed,false,Checkpoint tracked-local staging fix completed without physics claim changes generated-output authority expansion permanent role registration or physics artifacts
RT-20260620-008,research_control/tasks/RT-20260620-008,project_system_ontology_law_research_packet_phase6_documentation_generated_sync,completed,DDR-20260620-008,AJ-RT-20260620-008-001,RT-20260620-006,2026-06-20T16:22:11Z,2026-06-20T16:22:11Z,2026-06-20T16:22:11Z,ontology_law_research_packet_phase6_documentation_generated_sync_completed,false,Ontology-law research packet Phase 6 documentation and generated sync completed without physics claim changes validator behavior checkpoint behavior permanent role registration or physics artifacts
RT-20260620-009,research_control/tasks/RT-20260620-009,project_system_missing_source_law_inventory_phase0_schema_decision,completed,DDR-20260620-009,AJ-RT-20260620-009-001,RT-20260620-008,2026-06-20T17:35:13Z,2026-06-20T17:35:13Z,2026-06-20T17:35:13Z,missing_source_law_inventory_phase0_schema_decision_completed,false,Missing-source-law inventory Phase 0 schema and registry decision completed without inventory creation route behavior change validator behavior change or physics claim changes
RT-20260620-010,research_control/tasks/RT-20260620-010,project_system_missing_source_law_inventory_phase1_artifact_creation,completed,DDR-20260620-010,AJ-RT-20260620-010-001,RT-20260620-009,2026-06-20T19:19:28Z,2026-06-20T19:19:28Z,2026-06-20T19:19:28Z,missing_source_law_inventory_phase1_artifact_creation_completed,false,Missing-source-law inventory Phase 1 artifact creation completed with YAML and Markdown seed candidates and without route behavior validator behavior dedicated registry or physics claim changes
RT-20260620-011,research_control/tasks/RT-20260620-011,project_system_missing_source_law_inventory_phase2_registration_index,completed,DDR-20260620-011,AJ-RT-20260620-011-001,RT-20260620-010,2026-06-20T19:38:16Z,2026-06-20T19:38:16Z,2026-06-20T19:38:16Z,missing_source_law_inventory_phase2_registration_index_completed,false,Missing-source-law inventory Phase 2 registered Markdown companion in existing source registry and generated derivative index support without YAML source registration dedicated registry route behavior validator behavior or physics claim changes
