execution_role_ref,role_execution_kind,task_id,agent_job_id,record_path,base_role_id,base_role_version,provisional_role_name,authority_delta_summary,added_constraints,removed_permissions,expanded_permissions,allowed_write_paths,requires_human_gate,expires_after,justification,non_reusable_until_registered,validation_status,created_at,updated_at,notes
project-control-maintainer@0.1.0--RT-20260621-009,task_overlay,RT-20260621-009,AJ-RT-20260621-009-001,research_control/tasks/RT-20260621-009/roles/project-control-maintainer@0.1.0--RT-20260621-009.yaml,project-control-maintainer,0.1.0,,Project-Control Maintainer task overlay for README synchronization after AEther recommendations implementation.,Update only the README surfaces with observed drift.;Preserve the distinction between operational validation and physics progress.;Do not change validator behavior role contracts schema contracts skills public explainers or science sources.;Regenerate derivative wiki CSV and local memory systems through scripts only.;Mechanical historical receipt changes are limited to MD-README and MD-README-RESEARCH-CONTROL memory_preflight source_hash refreshes required by current registry validation.,physics_claim_promotion;canonical_science_source_edit;science_artifact_creation;validator_behavior_change;checkpoint_behavior_change;skill_contract_change;role_contract_change;schema_contract_change;generated_derivative_authority;permanent_role_registration,control_markdown_readme_update;explanatory_markdown_readme_update;control_registry_rows;documentation_impact;task_evidence_artifact;generated_memory_derivative_refresh;historical_memory_preflight_hash_refresh,README.md;research_control/README.md;FOLDER_MAP.md;registries/AGENT_JOB_REGISTRY.csv;registries/CLAIM_BOUNDARY_REGISTRY.csv;registries/CONTENT_SEMANTIC_REGISTRY.csv;registries/CONTENT_SEMANTIC_REGISTRY.meta.json;registries/DIRECTOR_DECISION_REGISTRY.csv;registries/FILE_OBJECT_REGISTRY.csv;registries/FILE_OBJECT_REGISTRY.meta.json;registries/MARKDOWN_SOURCE_REGISTRY.csv;registries/OBJECT_RELATIONSHIP_REGISTRY.csv;registries/OBJECT_RELATIONSHIP_REGISTRY.meta.json;registries/OBSIDIAN_VAULT_REGISTRY.csv;registries/OBSIDIAN_VAULT_REGISTRY.meta.json;registries/RESEARCH_TASK_REGISTRY.csv;registries/ROLE_EXECUTION_REGISTRY.csv;registries/WIKI_ARTIFACT_REGISTRY.csv;registries/WIKI_ARTIFACT_REGISTRY.meta.json;research_control/tasks/RT-20260618-005/jobs/**;research_control/tasks/RT-20260618-011/jobs/**;research_control/tasks/RT-20260618-013/jobs/**;research_control/tasks/RT-20260618-014/jobs/**;research_control/tasks/RT-20260618-015/jobs/**;research_control/tasks/RT-20260618-016/jobs/**;research_control/tasks/RT-20260618-017/jobs/**;research_control/tasks/RT-20260618-018/jobs/**;research_control/tasks/RT-20260618-020/jobs/**;research_control/tasks/RT-20260619-001/jobs/**;research_control/tasks/RT-20260619-005/jobs/**;research_control/tasks/RT-20260619-006/jobs/**;research_control/tasks/RT-20260619-007/jobs/**;research_control/tasks/RT-20260619-008/jobs/**;research_control/tasks/RT-20260619-018/jobs/**;research_control/tasks/RT-20260620-008/jobs/**;research_control/tasks/RT-20260621-009/**;wiki/indexes/**;wiki/markdown/**;wiki/tex/**,false,AJ-RT-20260621-009-001,The user requested README updates as needed after completing the AEther recommendations implementation plan plus wiki and CSV system synchronization.,false,PASS,2026-06-21T05:39:59Z,2026-06-21T05:39:59Z,Execution-role overlay completed for README synchronization and generated-system refresh only.
validator-engineer@0.1.0--RT-20260621-008,task_overlay,RT-20260621-008,AJ-RT-20260621-008-001,research_control/tasks/RT-20260621-008/roles/validator-engineer@0.1.0--RT-20260621-008.yaml,validator-engineer,0.1.0,,Validator Engineer task overlay for Phase 9 operational metrics reporting.,Add only read-only reporting metrics for tracked completions and registries.;Do not change validator or checkpoint behavior.;Do not treat metrics or validation status as physics evidence.;Preserve all ontology adoption exact-GR recovery benchmark Gate Chair and downstream GR claim blocks.;Acknowledge Phase 8 paths only for whole-branch origin/main check-diff scope.,physics_claim_promotion;canonical_science_source_edit;science_artifact_creation;validator_behavior_change;checkpoint_behavior_change;skill_contract_change;generated_derivative_authority;permanent_role_registration,research_control_metrics_tooling;focused_test_change;script_readme_update;control_registry_rows;documentation_impact;task_evidence_artifact,FOLDER_MAP.md;registries/AGENT_JOB_REGISTRY.csv;registries/CLAIM_BOUNDARY_REGISTRY.csv;registries/CONTENT_SEMANTIC_REGISTRY.csv;registries/CONTENT_SEMANTIC_REGISTRY.meta.json;registries/DIRECTOR_DECISION_REGISTRY.csv;registries/FILE_OBJECT_REGISTRY.csv;registries/FILE_OBJECT_REGISTRY.meta.json;registries/MARKDOWN_SOURCE_REGISTRY.csv;registries/OBJECT_RELATIONSHIP_REGISTRY.csv;registries/OBJECT_RELATIONSHIP_REGISTRY.meta.json;registries/OBSIDIAN_VAULT_REGISTRY.csv;registries/OBSIDIAN_VAULT_REGISTRY.meta.json;registries/RESEARCH_TASK_REGISTRY.csv;registries/ROLE_EXECUTION_REGISTRY.csv;registries/WIKI_ARTIFACT_REGISTRY.csv;registries/WIKI_ARTIFACT_REGISTRY.meta.json;research_control/tasks/RT-20260621-007/**;research_control/tasks/RT-20260621-008/**;scripts/research_control/report_physics_progress_metrics.py;scripts/research_control/README.md;tests/test_research_control.py;wiki/indexes/**;wiki/markdown/**;wiki/tex/**,false,AJ-RT-20260621-008-001,The user explicitly authorized Phase 9 after Phase 8 completed and recommended metrics/reporting as the remaining optional plan item.,false,PASS,2026-06-21T05:09:53Z,2026-06-21T05:09:53Z,Execution-role overlay completed for Phase 9 operational metrics reporting only.
project-control-maintainer@0.1.0--RT-20260621-007,task_overlay,RT-20260621-007,AJ-RT-20260621-007-001,research_control/tasks/RT-20260621-007/roles/project-control-maintainer@0.1.0--RT-20260621-007.yaml,project-control-maintainer,0.1.0,,Project-Control Maintainer task overlay for Phase 8 metadata-only backfill.,Create only metadata overlays for completed pre-contract tasks.;Do not rewrite prior scientific artifacts completions handoffs or TeX.;Preserve original task closure statuses and claim boundaries.;Do not change validator behavior or checkpoint behavior.;Do not implement Phase 9 metrics.,physics_claim_promotion;canonical_science_source_edit;historical_artifact_rewrite;validator_behavior_change;checkpoint_behavior_change;skill_contract_change;generated_derivative_authority;permanent_role_registration,metadata_backfill_overlay;control_registry_rows;documentation_impact;task_evidence_artifact,FOLDER_MAP.md;registries/AGENT_JOB_REGISTRY.csv;registries/CLAIM_BOUNDARY_REGISTRY.csv;registries/CONTENT_SEMANTIC_REGISTRY.csv;registries/CONTENT_SEMANTIC_REGISTRY.meta.json;registries/DIRECTOR_DECISION_REGISTRY.csv;registries/FILE_OBJECT_REGISTRY.csv;registries/FILE_OBJECT_REGISTRY.meta.json;registries/MARKDOWN_SOURCE_REGISTRY.csv;registries/OBJECT_RELATIONSHIP_REGISTRY.csv;registries/OBJECT_RELATIONSHIP_REGISTRY.meta.json;registries/OBSIDIAN_VAULT_REGISTRY.csv;registries/OBSIDIAN_VAULT_REGISTRY.meta.json;registries/RESEARCH_TASK_REGISTRY.csv;registries/ROLE_EXECUTION_REGISTRY.csv;registries/WIKI_ARTIFACT_REGISTRY.csv;registries/WIKI_ARTIFACT_REGISTRY.meta.json;research_control/tasks/RT-20260621-007/**;wiki/indexes/**;wiki/markdown/**;wiki/tex/**,false,AJ-RT-20260621-007-001,The user explicitly authorized Phase 8 after RT-20260621-006 deferred metadata backfill as a separate bounded AgentJob.,false,PASS,2026-06-21T04:56:16Z,2026-06-21T04:56:16Z,Execution-role overlay completed for Phase 8 metadata-only backfill.
project-control-maintainer@0.1.0--RT-20260621-006,task_overlay,RT-20260621-006,AJ-RT-20260621-006-001,research_control/tasks/RT-20260621-006/roles/project-control-maintainer@0.1.0--RT-20260621-006.yaml,project-control-maintainer,0.1.0,,Project-Control Maintainer task overlay for branch-level check-diff scope cleanup and Phase 8 Phase 9 deferral accounting.,Record branch-level validation scope without rewriting prior AgentJob completions.;Preserve per-AgentJob validation as the normal research-control discipline.;Treat Phase 8 backfill and Phase 9 metrics as deferred optional plan items.;Do not change validator behavior or checkpoint behavior.;Do not change physics claim status or scientific artifact meaning.,physics_claim_promotion;canonical_science_source_edit;validator_behavior_change;checkpoint_behavior_change;skill_contract_change;generated_derivative_authority;permanent_role_registration,branch_validation_closure;control_registry_rows;documentation_impact;task_evidence_artifact;whole_branch_check_diff_rationale,.agents/roles/physics/candidate-constructor.v0.2.0.md;.agents/schemas/AGENT_JOB_SCHEMA.md;.agents/schemas/PHYSICS_COMPLETION_DECISIVENESS_SCHEMA.md;.agents/schemas/README.md;FOLDER_MAP.md;registries/AGENT_JOB_REGISTRY.csv;registries/AGENT_ROLE_REGISTRY.csv;registries/CLAIM_BOUNDARY_REGISTRY.csv;registries/CONTENT_SEMANTIC_REGISTRY.csv;registries/CONTENT_SEMANTIC_REGISTRY.meta.json;registries/DIRECTOR_DECISION_REGISTRY.csv;registries/DISTANCE_TO_GR_LEDGER.csv;registries/FILE_OBJECT_REGISTRY.csv;registries/FILE_OBJECT_REGISTRY.meta.json;registries/MARKDOWN_SOURCE_REGISTRY.csv;registries/OBJECT_RELATIONSHIP_REGISTRY.csv;registries/OBJECT_RELATIONSHIP_REGISTRY.meta.json;registries/OBSIDIAN_VAULT_REGISTRY.csv;registries/OBSIDIAN_VAULT_REGISTRY.meta.json;registries/RESEARCH_TASK_REGISTRY.csv;registries/ROLE_EXECUTION_REGISTRY.csv;registries/TEX_SOURCE_REGISTRY.csv;registries/WIKI_ARTIFACT_REGISTRY.csv;registries/WIKI_ARTIFACT_REGISTRY.meta.json;research_control/design/README.md;research_control/design/mathematical_decisiveness_completion_contract.md;research_control/design/obstruction_and_freeze_control.md;research_control/handoffs/handoff-0126.md;research_control/handoffs/handoff-0126.yaml;research_control/program_state.yaml;research_control/tasks/RT-20260614-078/jobs/**;research_control/tasks/RT-20260614-084/**;research_control/tasks/RT-20260618-005/jobs/**;research_control/tasks/RT-20260618-015/jobs/**;research_control/tasks/RT-20260618-016/jobs/**;research_control/tasks/RT-20260619-006/jobs/**;research_control/tasks/RT-20260620-003/jobs/**;research_control/tasks/RT-20260620-005/jobs/**;research_control/tasks/RT-20260620-006/jobs/**;research_control/tasks/RT-20260620-007/jobs/**;research_control/tasks/RT-20260621-001/**;research_control/tasks/RT-20260621-002/**;research_control/tasks/RT-20260621-003/**;research_control/tasks/RT-20260621-004/**;research_control/tasks/RT-20260621-005/**;research_control/tasks/RT-20260621-006/**;research_control/templates/COMPLETION_TEMPLATE.yaml;scripts/research_control/validate_research_control.py;tests/test_research_control.py;wiki/indexes/**;wiki/markdown/**;wiki/tex/**,false,AJ-RT-20260621-006-001,The user requested the logical next step after identifying whole-branch check-diff boundary failure and unimplemented Phase 8 Phase 9 scope.,false,PASS,2026-06-21T04:39:00Z,2026-06-21T04:39:00Z,Execution-role overlay completed for branch-level validation scope cleanup and optional Phase 8 Phase 9 deferral only.
candidate-constructor@0.2.0--RT-20260614-084,task_overlay,RT-20260614-084,AJ-RT-20260614-084-001,research_control/tasks/RT-20260614-084/roles/candidate-constructor@0.2.0--RT-20260614-084.yaml,candidate-constructor,0.2.0,,Candidate Constructor task overlay for one ontology-law-research-packet general source-cover construction attempt under MSL-MSRC-ATLASGLUE-LAW and the active M_src burden.,Use ontology-law-research-packet only for derivation_critical_missing_source_law and not ordinary_gap or workflow_inconvenience work.;Opt into PHYSICS_COMPLETION_DECISIVENESS_SCHEMA.md and end with one decisive candidate_constructor_result result_type.;Construct source-extension data as draft/control rather than adopted source authority.;Name the constructed candidate path formal objects maps proof obligations and next required role or name a precise obstruction countermodel or claim-boundary invalidation.;Use only source-side cover carriers overlap predicates profiles selector preorders transition tokens inverse cocycle and admissible variation data.;Preserve blocked_adoption_open_continuation and require a human gate before any source-authority adoption or canonical ontology edit.,,,research_control/program_state.yaml;research_control/tasks/RT-20260614-084/**;research_control/handoffs/handoff-0126.yaml;research_control/handoffs/handoff-0126.md;registries/AGENT_JOB_REGISTRY.csv;registries/DIRECTOR_DECISION_REGISTRY.csv;registries/RESEARCH_TASK_REGISTRY.csv;registries/ROLE_EXECUTION_REGISTRY.csv;registries/CLAIM_BOUNDARY_REGISTRY.csv;registries/TEX_SOURCE_REGISTRY.csv;registries/DISTANCE_TO_GR_LEDGER.csv,false,AJ-RT-20260614-084-001,Handoff-0125 explicitly requires a bounded Candidate Constructor general source-cover construction attempt after RT-20260614-083 selected that packet.,false,PASS,2026-06-21T04:06:23Z,2026-06-21T04:06:23Z,Execution-role overlay completed for Phase 6 GSC_src source-extension construction.
validator-engineer@0.1.0--RT-20260621-005,task_overlay,RT-20260621-005,AJ-RT-20260621-005-001,research_control/tasks/RT-20260621-005/roles/validator-engineer@0.1.0--RT-20260621-005.yaml,validator-engineer,0.1.0,,Validator Engineer task overlay for Phase 5 Candidate Constructor no-fog output rules.,Require decisive Candidate Constructor result types for opted-in future physics completions.;Require no_fog_check true and no_fog_explanation as the primary result explanation.;Reject fog-only primary result phrases such as more work required or controlled pause.;Require result-type-specific constructed candidate countermodel obstruction or claim-boundary fields.;Do not rewrite prior scientific artifacts or reclassify historical task truth status.;Preserve all ontology adoption exact-GR recovery benchmark Gate Chair and downstream GR claim blocks.,physics_claim_promotion;canonical_science_source_edit;checkpoint_behavior_change;skill_contract_change;generated_derivative_authority;permanent_role_registration;physics_artifact_creation,role_contract_guidance;schema_contract;research_control_design_note;completion_template;validator_hard_failure_for_opted_in_future_physics_jobs;focused_test_change;control_registry_rows;documentation_impact;generated_memory_derivative;memory_preflight_source_hash_receipt_refresh,.agents/roles/physics/candidate-constructor.v0.2.0.md;.agents/schemas/PHYSICS_COMPLETION_DECISIVENESS_SCHEMA.md;.agents/schemas/README.md;research_control/design/mathematical_decisiveness_completion_contract.md;research_control/design/README.md;research_control/templates/COMPLETION_TEMPLATE.yaml;scripts/research_control/validate_research_control.py;tests/test_research_control.py;.agents/schemas/AGENT_JOB_SCHEMA.md;research_control/design/obstruction_and_freeze_control.md;registries/AGENT_ROLE_REGISTRY.csv;registries/AGENT_JOB_REGISTRY.csv;registries/CLAIM_BOUNDARY_REGISTRY.csv;registries/DIRECTOR_DECISION_REGISTRY.csv;registries/MARKDOWN_SOURCE_REGISTRY.csv;registries/RESEARCH_TASK_REGISTRY.csv;registries/ROLE_EXECUTION_REGISTRY.csv;registries/CONTENT_SEMANTIC_REGISTRY.csv;registries/CONTENT_SEMANTIC_REGISTRY.meta.json;registries/FILE_OBJECT_REGISTRY.csv;registries/FILE_OBJECT_REGISTRY.meta.json;registries/OBJECT_RELATIONSHIP_REGISTRY.csv;registries/OBJECT_RELATIONSHIP_REGISTRY.meta.json;registries/OBSIDIAN_VAULT_REGISTRY.csv;registries/OBSIDIAN_VAULT_REGISTRY.meta.json;registries/WIKI_ARTIFACT_REGISTRY.csv;registries/WIKI_ARTIFACT_REGISTRY.meta.json;FOLDER_MAP.md;wiki/indexes/**;wiki/markdown/**;wiki/html/**;research_control/tasks/RT-20260621-005/**;research_control/tasks/RT-20260621-004/**;research_control/tasks/RT-20260621-003/**;research_control/tasks/RT-20260621-002/**;research_control/tasks/RT-20260614-078/jobs/**;research_control/tasks/RT-20260618-005/jobs/**;research_control/tasks/RT-20260618-015/jobs/**;research_control/tasks/RT-20260618-016/jobs/**;research_control/tasks/RT-20260619-006/jobs/**;research_control/tasks/RT-20260620-003/jobs/**;research_control/tasks/RT-20260620-005/jobs/**;research_control/tasks/RT-20260620-006/jobs/**;research_control/tasks/RT-20260620-007/jobs/**,false,AJ-RT-20260621-005-001,The user explicitly requested Phase 5 after Phase 4 recommended Candidate Constructor no-fog output rules and role guidance.,false,PASS,2026-06-21T03:44:31Z,2026-06-21T03:44:31Z,Execution-role overlay completed for mathematical-decisiveness Phase 5 Candidate Constructor no-fog output rules only.
validator-engineer@0.1.0--RT-20260621-004,task_overlay,RT-20260621-004,AJ-RT-20260621-004-001,research_control/tasks/RT-20260621-004/roles/validator-engineer@0.1.0--RT-20260621-004.yaml,validator-engineer,0.1.0,,Validator Engineer task overlay for Phase 4 obstruction and freeze-control machinery.,Document obstruction scopes consequences and freeze-control policy in a registered design note.;Enforce richer prospective route-cycle and freeze-consequence receipt fields only for opted-in future physics completions.;Keep historical tasks and non-physics project-system completions outside the hard-enforcement boundary.;Do not rewrite prior scientific artifacts or reclassify historical task truth status.;Preserve all ontology adoption exact-GR recovery benchmark Gate Chair and downstream GR claim blocks.,physics_claim_promotion;canonical_science_source_edit;checkpoint_behavior_change;generated_derivative_authority;permanent_role_registration;physics_artifact_creation,research_control_design_note;schema_contract;completion_template;validator_hard_failure_for_opted_in_future_physics_jobs;focused_test_change;control_registry_rows;documentation_impact;generated_memory_derivative;memory_preflight_source_hash_receipt_refresh,research_control/design/obstruction_and_freeze_control.md;research_control/design/README.md;.agents/schemas/PHYSICS_COMPLETION_DECISIVENESS_SCHEMA.md;.agents/schemas/README.md;research_control/templates/COMPLETION_TEMPLATE.yaml;scripts/research_control/validate_research_control.py;tests/test_research_control.py;registries/AGENT_JOB_REGISTRY.csv;registries/CLAIM_BOUNDARY_REGISTRY.csv;registries/DIRECTOR_DECISION_REGISTRY.csv;registries/MARKDOWN_SOURCE_REGISTRY.csv;registries/RESEARCH_TASK_REGISTRY.csv;registries/ROLE_EXECUTION_REGISTRY.csv;registries/CONTENT_SEMANTIC_REGISTRY.csv;registries/CONTENT_SEMANTIC_REGISTRY.meta.json;registries/FILE_OBJECT_REGISTRY.csv;registries/FILE_OBJECT_REGISTRY.meta.json;registries/OBJECT_RELATIONSHIP_REGISTRY.csv;registries/OBJECT_RELATIONSHIP_REGISTRY.meta.json;registries/OBSIDIAN_VAULT_REGISTRY.csv;registries/OBSIDIAN_VAULT_REGISTRY.meta.json;registries/WIKI_ARTIFACT_REGISTRY.csv;registries/WIKI_ARTIFACT_REGISTRY.meta.json;FOLDER_MAP.md;wiki/indexes/**;wiki/markdown/**;wiki/html/**;research_control/tasks/RT-20260621-004/**;research_control/tasks/RT-20260621-003/jobs/AJ-RT-20260621-003-001.yaml;research_control/tasks/RT-20260621-003/jobs/completions/AJC-AJ-RT-20260621-003-001.yaml;.agents/schemas/AGENT_JOB_SCHEMA.md;research_control/tasks/RT-20260614-078/jobs/**;research_control/tasks/RT-20260618-005/jobs/**;research_control/tasks/RT-20260618-015/jobs/**;research_control/tasks/RT-20260618-016/jobs/**;research_control/tasks/RT-20260619-006/jobs/**;research_control/tasks/RT-20260620-003/jobs/**;research_control/tasks/RT-20260620-005/jobs/**;research_control/tasks/RT-20260620-006/jobs/**;research_control/tasks/RT-20260620-007/jobs/**;research_control/tasks/RT-20260621-002/**;research_control/tasks/RT-20260621-003/**,false,AJ-RT-20260621-004-001,The user explicitly requested Phase 4 after Phase 3 recommended documenting obstruction and freeze-control scopes.,false,PASS,2026-06-21T03:20:31Z,2026-06-21T03:20:31Z,Execution-role overlay completed for mathematical-decisiveness Phase 4 obstruction and freeze-control machinery only.
validator-engineer@0.1.0--RT-20260621-003,task_overlay,RT-20260621-003,AJ-RT-20260621-003-001,research_control/tasks/RT-20260621-003/roles/validator-engineer@0.1.0--RT-20260621-003.yaml,validator-engineer,0.1.0,,Validator Engineer task overlay for Phase 3 mathematical-decisiveness hard validator enforcement.,Convert selected warning-level mathematical-decisiveness checks into hard errors only for opted-in future physics completions.;Keep historical tasks and non-physics project-system completions outside the hard-enforcement boundary.;Add focused positive and negative fixtures for selector Candidate Constructor obstruction freeze review unauthorized promotion and non-physics compatibility.;Do not rewrite prior scientific artifacts or reclassify historical task truth status.;Preserve all ontology adoption exact-GR recovery benchmark Gate Chair and downstream GR claim blocks.,physics_claim_promotion;canonical_science_source_edit;route_behavior_change;checkpoint_behavior_change;generated_derivative_authority;permanent_role_registration;physics_artifact_creation,schema_contract;completion_template;validator_hard_failure_for_opted_in_future_physics_jobs;focused_test_change;control_registry_rows;documentation_impact;generated_memory_derivative;memory_preflight_source_hash_receipt_refresh,.agents/schemas/PHYSICS_COMPLETION_DECISIVENESS_SCHEMA.md;.agents/schemas/README.md;.agents/schemas/AGENT_JOB_SCHEMA.md;research_control/templates/COMPLETION_TEMPLATE.yaml;scripts/research_control/validate_research_control.py;tests/test_research_control.py;registries/AGENT_JOB_REGISTRY.csv;registries/CLAIM_BOUNDARY_REGISTRY.csv;registries/DIRECTOR_DECISION_REGISTRY.csv;registries/MARKDOWN_SOURCE_REGISTRY.csv;registries/RESEARCH_TASK_REGISTRY.csv;registries/ROLE_EXECUTION_REGISTRY.csv;registries/CONTENT_SEMANTIC_REGISTRY.csv;registries/CONTENT_SEMANTIC_REGISTRY.meta.json;registries/FILE_OBJECT_REGISTRY.csv;registries/FILE_OBJECT_REGISTRY.meta.json;registries/OBJECT_RELATIONSHIP_REGISTRY.csv;registries/OBJECT_RELATIONSHIP_REGISTRY.meta.json;registries/OBSIDIAN_VAULT_REGISTRY.csv;registries/OBSIDIAN_VAULT_REGISTRY.meta.json;registries/WIKI_ARTIFACT_REGISTRY.csv;registries/WIKI_ARTIFACT_REGISTRY.meta.json;FOLDER_MAP.md;wiki/indexes/**;wiki/markdown/**;wiki/html/**;research_control/tasks/RT-20260621-003/**;research_control/tasks/RT-20260621-002/**;research_control/tasks/RT-20260614-078/jobs/AJ-RT-20260614-078-001.yaml;research_control/tasks/RT-20260614-078/jobs/completions/AJC-AJ-RT-20260614-078-001.yaml;research_control/tasks/RT-20260618-005/jobs/AJ-RT-20260618-005-001.yaml;research_control/tasks/RT-20260618-005/jobs/completions/AJC-AJ-RT-20260618-005-001.yaml;research_control/tasks/RT-20260618-015/jobs/AJ-RT-20260618-015-001.yaml;research_control/tasks/RT-20260618-016/jobs/AJ-RT-20260618-016-001.yaml;research_control/tasks/RT-20260619-006/jobs/AJ-RT-20260619-006-001.yaml;research_control/tasks/RT-20260619-006/jobs/completions/AJC-AJ-RT-20260619-006-001.yaml;research_control/tasks/RT-20260620-003/jobs/AJ-RT-20260620-003-001.yaml;research_control/tasks/RT-20260620-003/jobs/completions/AJC-AJ-RT-20260620-003-001.yaml;research_control/tasks/RT-20260620-005/jobs/AJ-RT-20260620-005-001.yaml;research_control/tasks/RT-20260620-005/jobs/completions/AJC-AJ-RT-20260620-005-001.yaml;research_control/tasks/RT-20260620-006/jobs/AJ-RT-20260620-006-001.yaml;research_control/tasks/RT-20260620-006/jobs/completions/AJC-AJ-RT-20260620-006-001.yaml;research_control/tasks/RT-20260620-007/jobs/AJ-RT-20260620-007-001.yaml;research_control/tasks/RT-20260620-007/jobs/completions/AJC-AJ-RT-20260620-007-001.yaml,false,AJ-RT-20260621-003-001,The user explicitly requested Phase 3 after Phase 2 recommended reviewing pilot warning behavior and converting selected checks into hard validator failures.,false,PASS,2026-06-21T03:05:53Z,2026-06-21T03:05:53Z,Execution-role overlay completed for mathematical-decisiveness Phase 3 hard validator enforcement only.
validator-engineer@0.1.0--RT-20260621-002,task_overlay,RT-20260621-002,AJ-RT-20260621-002-001,research_control/tasks/RT-20260621-002/roles/validator-engineer@0.1.0--RT-20260621-002.yaml,validator-engineer,0.1.0,,Validator Engineer task overlay for Phase 2 mathematical-decisiveness schema and warning-only validator support.,Add schema and template support for the mathematical-decisiveness completion fields.;Validator behavior must remain warning-only for this phase.;Do not convert missing mathematical-decisiveness fields into hard validation failures.;Do not rewrite prior scientific artifacts or reclassify historical task truth status.;Preserve all ontology adoption exact-GR recovery benchmark Gate Chair and downstream GR claim blocks.,physics_claim_promotion;canonical_science_source_edit;hard_validator_failure;route_behavior_change;checkpoint_behavior_change;generated_derivative_authority;permanent_role_registration,schema_contract;completion_template;validator_warning_support;focused_test_change;control_registry_rows;documentation_impact;generated_memory_derivative,.agents/schemas/PHYSICS_COMPLETION_DECISIVENESS_SCHEMA.md;.agents/schemas/README.md;.agents/schemas/AGENT_JOB_SCHEMA.md;research_control/templates/COMPLETION_TEMPLATE.yaml;scripts/research_control/validate_research_control.py;tests/test_research_control.py;registries/AGENT_JOB_REGISTRY.csv;registries/CLAIM_BOUNDARY_REGISTRY.csv;registries/DIRECTOR_DECISION_REGISTRY.csv;registries/MARKDOWN_SOURCE_REGISTRY.csv;registries/RESEARCH_TASK_REGISTRY.csv;registries/ROLE_EXECUTION_REGISTRY.csv;registries/CONTENT_SEMANTIC_REGISTRY.csv;registries/CONTENT_SEMANTIC_REGISTRY.meta.json;registries/FILE_OBJECT_REGISTRY.csv;registries/FILE_OBJECT_REGISTRY.meta.json;registries/OBJECT_RELATIONSHIP_REGISTRY.csv;registries/OBJECT_RELATIONSHIP_REGISTRY.meta.json;registries/OBSIDIAN_VAULT_REGISTRY.csv;registries/OBSIDIAN_VAULT_REGISTRY.meta.json;registries/WIKI_ARTIFACT_REGISTRY.csv;registries/WIKI_ARTIFACT_REGISTRY.meta.json;FOLDER_MAP.md;wiki/indexes/**;wiki/markdown/**;wiki/html/**;research_control/tasks/RT-20260621-002/**;research_control/tasks/RT-20260614-078/jobs/AJ-RT-20260614-078-001.yaml;research_control/tasks/RT-20260614-078/jobs/completions/AJC-AJ-RT-20260614-078-001.yaml;research_control/tasks/RT-20260618-005/jobs/AJ-RT-20260618-005-001.yaml;research_control/tasks/RT-20260618-005/jobs/completions/AJC-AJ-RT-20260618-005-001.yaml;research_control/tasks/RT-20260618-015/jobs/AJ-RT-20260618-015-001.yaml;research_control/tasks/RT-20260618-016/jobs/AJ-RT-20260618-016-001.yaml;research_control/tasks/RT-20260619-006/jobs/AJ-RT-20260619-006-001.yaml;research_control/tasks/RT-20260619-006/jobs/completions/AJC-AJ-RT-20260619-006-001.yaml;research_control/tasks/RT-20260620-003/jobs/AJ-RT-20260620-003-001.yaml;research_control/tasks/RT-20260620-003/jobs/completions/AJC-AJ-RT-20260620-003-001.yaml;research_control/tasks/RT-20260620-005/jobs/AJ-RT-20260620-005-001.yaml;research_control/tasks/RT-20260620-005/jobs/completions/AJC-AJ-RT-20260620-005-001.yaml;research_control/tasks/RT-20260620-006/jobs/AJ-RT-20260620-006-001.yaml;research_control/tasks/RT-20260620-006/jobs/completions/AJC-AJ-RT-20260620-006-001.yaml;research_control/tasks/RT-20260620-007/jobs/AJ-RT-20260620-007-001.yaml;research_control/tasks/RT-20260620-007/jobs/completions/AJC-AJ-RT-20260620-007-001.yaml,false,AJ-RT-20260621-002-001,The user explicitly requested Phase 2 after Phase 1 recommended schema/template support and prospective warning-level validator support.,false,PASS,2026-06-21T02:32:39Z,2026-06-21T02:32:39Z,Execution-role overlay completed for mathematical-decisiveness Phase 2 schema and warning-only validator support.
project-control-maintainer@0.1.0--RT-20260621-001,task_overlay,RT-20260621-001,AJ-RT-20260621-001-001,research_control/tasks/RT-20260621-001/roles/project-control-maintainer@0.1.0--RT-20260621-001.yaml,project-control-maintainer,0.1.0,,Project-Control Maintainer task overlay for Phase 1 mathematical-decisiveness completion contract creation.,Create only the prospective completion contract and minimal research-control references.;Do not implement validator enforcement in this phase.;Do not create new physics progress registries in this phase.;Do not rewrite prior scientific artifacts or reclassify historical task truth status.;Preserve all ontology adoption exact-GR recovery benchmark Gate Chair and downstream GR claim blocks.,physics_claim_promotion;canonical_science_source_edit;validator_behavior_change;schema_hard_failure;route_behavior_change;checkpoint_behavior_change;generated_derivative_authority;permanent_role_registration,control_markdown_contract;research_control_design_note;control_registry_rows;documentation_impact;generated_memory_derivative,research_control/design/mathematical_decisiveness_completion_contract.md;research_control/design/README.md;registries/AGENT_JOB_REGISTRY.csv;registries/CLAIM_BOUNDARY_REGISTRY.csv;registries/DIRECTOR_DECISION_REGISTRY.csv;registries/MARKDOWN_SOURCE_REGISTRY.csv;registries/RESEARCH_TASK_REGISTRY.csv;registries/ROLE_EXECUTION_REGISTRY.csv;registries/CONTENT_SEMANTIC_REGISTRY.csv;registries/CONTENT_SEMANTIC_REGISTRY.meta.json;registries/FILE_OBJECT_REGISTRY.csv;registries/FILE_OBJECT_REGISTRY.meta.json;registries/OBJECT_RELATIONSHIP_REGISTRY.csv;registries/OBJECT_RELATIONSHIP_REGISTRY.meta.json;registries/OBSIDIAN_VAULT_REGISTRY.csv;registries/OBSIDIAN_VAULT_REGISTRY.meta.json;registries/WIKI_ARTIFACT_REGISTRY.csv;registries/WIKI_ARTIFACT_REGISTRY.meta.json;FOLDER_MAP.md;wiki/indexes/**;wiki/markdown/**;wiki/html/**;research_control/tasks/RT-20260621-001/**,false,AJ-RT-20260621-001-001,The user explicitly requested implementation of implementations_plans/aether_recommendations_implementation_plan.md. The plan recommends the control contract before validator enforcement.,false,PASS,2026-06-21T01:56:33Z,2026-06-21T01:56:33Z,Execution-role overlay completed for mathematical-decisiveness Phase 1 contract creation only.
theoretical-continuation-selector@0.1.0--RT-20260614-083,task_overlay,RT-20260614-083,AJ-RT-20260614-083-001,research_control/tasks/RT-20260614-083/roles/theoretical-continuation-selector@0.1.0--RT-20260614-083.yaml,theoretical-continuation-selector,0.1.0,,Theoretical Continuation Selector task overlay for one ontology-law general source-cover packet-selection decision after exact finite/local A_star survived stress under the active M_src burden.,Select exactly one same-milestone ontology-law packet after RT-20260614-082 and handoff-0124.;Prefer a constructive non-promotional packet when available.;Use the missing-source-law inventory only as navigation evidence and not as a second router or adoption mechanism.;Preserve derivation_critical_missing_source_law as the trigger and reject ordinary_gap or workflow_inconvenience routing.;Preserve blocked_adoption_open_continuation and require a human gate before any source-authority adoption.;Name the next execution-role family without creating a permanent ontology-law role.,,,research_control/program_state.yaml;research_control/tasks/RT-20260614-083/**;research_control/handoffs/handoff-0125.yaml;research_control/handoffs/handoff-0125.md;registries/AGENT_JOB_REGISTRY.csv;registries/DIRECTOR_DECISION_REGISTRY.csv;registries/RESEARCH_TASK_REGISTRY.csv;registries/ROLE_EXECUTION_REGISTRY.csv;registries/CLAIM_BOUNDARY_REGISTRY.csv;registries/DISTANCE_TO_GR_LEDGER.csv,false,AJ-RT-20260614-083-001,The latest tracked handoff exposes multiple same-milestone branches after exact finite/local A_star survived stress and requires one selector job before generalization construction formal theorem scoped obstruction or human-gated framing.,false,PASS,2026-06-20T22:49:22Z,2026-06-20T22:49:22Z,Execution-role overlay completed for ontology-law general source-cover selector with Candidate Constructor packet selected.
refuter@0.2.0--RT-20260614-082,task_overlay,RT-20260614-082,AJ-RT-20260614-082-001,research_control/tasks/RT-20260614-082/roles/refuter@0.2.0--RT-20260614-082.yaml,refuter,0.2.0,,Refuter task overlay for one ontology-law-research-packet stress test of the audited finite/local MSL-MSRC-ATLASGLUE-LAW bridge witness under the active M_src burden.,Use ontology-law-research-packet only for derivation_critical_missing_source_law and not ordinary_gap or workflow_inconvenience work.;Stress-test the RT-20260614-080 finite/local A_star witness as draft/control source-extension data rather than adopted source authority.;Cover profile collapse selector ties inverse defects cocycle defects finite-variation fragility source-authority laundering finite-witness overread target-atlas side-door import and bridge-ladder collapse.;Classify the Refuter result using exactly one bridge-or-fail category and preserve freeze criteria status.;Preserve blocked_adoption_open_continuation and require a human gate before any source-authority adoption or canonical ontology edit.,,,research_control/program_state.yaml;research_control/tasks/RT-20260614-082/**;research_control/handoffs/handoff-0124.yaml;research_control/handoffs/handoff-0124.md;registries/AGENT_JOB_REGISTRY.csv;registries/DIRECTOR_DECISION_REGISTRY.csv;registries/RESEARCH_TASK_REGISTRY.csv;registries/ROLE_EXECUTION_REGISTRY.csv;registries/CLAIM_BOUNDARY_REGISTRY.csv;registries/TEX_SOURCE_REGISTRY.csv;registries/DISTANCE_TO_GR_LEDGER.csv,false,AJ-RT-20260614-082-001,Handoff-0123 explicitly requires a bounded Refuter stress test of the audited finite/local bridge witness before any adoption or downstream GR claim.,false,PASS,2026-06-20T22:26:40Z,2026-06-20T22:26:40Z,Execution-role overlay completed for audited finite/local ontology-law atlas-glue bridge witness Refuter stress test.
smuggling-auditor@0.2.0--RT-20260614-081,task_overlay,RT-20260614-081,AJ-RT-20260614-081-001,research_control/tasks/RT-20260614-081/roles/smuggling-auditor@0.2.0--RT-20260614-081.yaml,smuggling-auditor,0.2.0,,Smuggling Auditor task overlay for one ontology-law-research-packet audit of the finite/local MSL-MSRC-ATLASGLUE-LAW bridge witness under the active M_src burden.,Use ontology-law-research-packet only for derivation_critical_missing_source_law and not ordinary_gap or workflow_inconvenience work.;Audit the RT-20260614-080 finite/local MSL-MSRC-ATLASGLUE-LAW bridge witness as draft/control source-extension data rather than adopted source authority.;Screen target atlas target metric benchmark success generated derivatives registry authority role authority validation authority finite-witness overread source-authority laundering and premature adoption as forbidden premises.;Classify the witness as source-side under stated finite/local assumptions conservative source-extension data new ontology primitive if promoted or forbidden target-GR import as written.;Preserve blocked_adoption_open_continuation and require a human gate before any source-authority adoption or canonical ontology edit.,,,research_control/program_state.yaml;research_control/tasks/RT-20260614-081/**;research_control/handoffs/handoff-0123.yaml;research_control/handoffs/handoff-0123.md;registries/AGENT_JOB_REGISTRY.csv;registries/DIRECTOR_DECISION_REGISTRY.csv;registries/RESEARCH_TASK_REGISTRY.csv;registries/ROLE_EXECUTION_REGISTRY.csv;registries/CLAIM_BOUNDARY_REGISTRY.csv;registries/TEX_SOURCE_REGISTRY.csv;registries/DISTANCE_TO_GR_LEDGER.csv,false,AJ-RT-20260614-081-001,Handoff-0122 explicitly requires a bounded Smuggling Auditor audit of the finite/local bridge witness before Refuter follow-up or any adoption question.,false,PASS,2026-06-20T22:03:28Z,2026-06-20T22:03:28Z,Execution-role overlay completed for finite/local ontology-law atlas-glue bridge witness hidden-import audit.
candidate-constructor@0.2.0--RT-20260614-080,task_overlay,RT-20260614-080,AJ-RT-20260614-080-001,research_control/tasks/RT-20260614-080/roles/candidate-constructor@0.2.0--RT-20260614-080.yaml,candidate-constructor,0.2.0,,Candidate Constructor task overlay for one ontology-law-research-packet minimal non-bottom bridge witness attempt for the proposal-only MSL-MSRC-ATLASGLUE-LAW source-law tuple under the active M_src burden.,Use ontology-law-research-packet only for derivation_critical_missing_source_law and not ordinary_gap or workflow_inconvenience work.;Construct MSL-MSRC-ATLASGLUE-LAW witness data as proposal-only draft/control or source-extension data rather than adopted source authority.;Name the candidate map or the exact missing primitive and include bridge_attempt_status.;Use only explicit source-side profile selector transition inverse cocycle and finite-variation assumptions.;Preserve blocked_adoption_open_continuation and require a human gate before any source-authority adoption or canonical ontology edit.,,,research_control/program_state.yaml;research_control/tasks/RT-20260614-080/**;research_control/handoffs/handoff-0122.yaml;research_control/handoffs/handoff-0122.md;registries/AGENT_JOB_REGISTRY.csv;registries/DIRECTOR_DECISION_REGISTRY.csv;registries/RESEARCH_TASK_REGISTRY.csv;registries/ROLE_EXECUTION_REGISTRY.csv;registries/CLAIM_BOUNDARY_REGISTRY.csv;registries/TEX_SOURCE_REGISTRY.csv;registries/DISTANCE_TO_GR_LEDGER.csv,false,AJ-RT-20260614-080-001,Handoff-0121 explicitly requires a bounded Candidate Constructor bridge attempt after the proposal-only source-authorized atlas-glue law survived Refuter stress as a bridge-facing candidate path.,false,PASS,2026-06-20T21:44:38Z,2026-06-20T21:44:38Z,Execution-role overlay completed for proposal-only ontology-law atlas-glue Candidate Constructor bridge witness.
refuter@0.2.0--RT-20260614-079,task_overlay,RT-20260614-079,AJ-RT-20260614-079-001,research_control/tasks/RT-20260614-079/roles/refuter@0.2.0--RT-20260614-079.yaml,refuter,0.2.0,,Refuter task overlay for one ontology-law-research-packet stress test of the proposal-only MSL-MSRC-ATLASGLUE-LAW source-law tuple under the active M_src burden.,Use ontology-law-research-packet only for derivation_critical_missing_source_law and not ordinary_gap or workflow_inconvenience work.;Stress-test MSL-MSRC-ATLASGLUE-LAW as proposal-only and draft/control material rather than adopted source authority.;Cover profile collapse selector nonuniqueness inverse defect cocycle defect finite-variation fragility source-authority laundering finite-witness overread target-atlas side-door import and bridge-ladder collapse.;Classify the Refuter result using exactly one bridge-or-fail category and preserve freeze criteria status.;Preserve blocked_adoption_open_continuation and require a human gate before any source-authority adoption or canonical ontology edit.,,,research_control/program_state.yaml;research_control/tasks/RT-20260614-079/**;research_control/handoffs/handoff-0121.yaml;research_control/handoffs/handoff-0121.md;registries/AGENT_JOB_REGISTRY.csv;registries/DIRECTOR_DECISION_REGISTRY.csv;registries/RESEARCH_TASK_REGISTRY.csv;registries/ROLE_EXECUTION_REGISTRY.csv;registries/CLAIM_BOUNDARY_REGISTRY.csv;registries/TEX_SOURCE_REGISTRY.csv;registries/DISTANCE_TO_GR_LEDGER.csv,false,AJ-RT-20260614-079-001,Handoff-0120 explicitly requires a bounded Refuter stress test of the audited proposal-only source-authorized atlas-glue law before construction adoption or downstream GR claims.,false,PASS,2026-06-20T21:26:45Z,2026-06-20T21:26:45Z,Execution-role overlay completed for proposal-only ontology-law atlas-glue Refuter stress test.
smuggling-auditor@0.2.0--RT-20260614-078,task_overlay,RT-20260614-078,AJ-RT-20260614-078-001,research_control/tasks/RT-20260614-078/roles/smuggling-auditor@0.2.0--RT-20260614-078.yaml,smuggling-auditor,0.2.0,,Smuggling Auditor task overlay for one ontology-law-research-packet audit of the proposal-only MSL-MSRC-ATLASGLUE-LAW source-law tuple under the active M_src burden.,Use ontology-law-research-packet only for derivation_critical_missing_source_law and not ordinary_gap or workflow_inconvenience work.;Audit MSL-MSRC-ATLASGLUE-LAW as proposal-only and draft/control material rather than adopted source authority.;Screen target atlas target metric benchmark success generated derivatives registry authority role authority validation authority finite witness overread and source-authority laundering as forbidden premises.;Classify the proposal as source-side under assumptions conservative source-extension data new ontology primitive if promoted or forbidden target-GR import as written.;Preserve blocked_adoption_open_continuation and require a human gate before any source-authority adoption or canonical ontology edit.,,,research_control/program_state.yaml;research_control/tasks/RT-20260614-078/**;research_control/handoffs/handoff-0120.yaml;research_control/handoffs/handoff-0120.md;registries/AGENT_JOB_REGISTRY.csv;registries/DIRECTOR_DECISION_REGISTRY.csv;registries/RESEARCH_TASK_REGISTRY.csv;registries/ROLE_EXECUTION_REGISTRY.csv;registries/CLAIM_BOUNDARY_REGISTRY.csv;registries/TEX_SOURCE_REGISTRY.csv;registries/DISTANCE_TO_GR_LEDGER.csv,false,AJ-RT-20260614-078-001,Handoff-0119 explicitly requires a bounded Smuggling Auditor audit of the proposal-only source-authorized atlas-glue law before Refuter stress construction or adoption questions.,false,PASS,2026-06-20T21:11:13Z,2026-06-20T21:11:13Z,Execution-role overlay completed for proposal-only ontology-law atlas-glue hidden-import audit.
ontology-formalizer@0.2.0--RT-20260614-077,task_overlay,RT-20260614-077,AJ-RT-20260614-077-001,research_control/tasks/RT-20260614-077/roles/ontology-formalizer@0.2.0--RT-20260614-077.yaml,ontology-formalizer,0.2.0,,Ontology Formalizer task overlay for one proposal-only ontology-law atlas-glue law packet under the active M_src burden.,Use ontology-law-research-packet only for derivation_critical_missing_source_law and not ordinary_gap or workflow_inconvenience work.;Draft MSL-MSRC-ATLASGLUE-LAW as proposal-only or draft/control material and not as adopted source authority.;Define source-side profile semantics selector preorder transition algebra inverse checks cocycle checks finite-variation class and preservation theorem obligations.;Preserve blocked_adoption_open_continuation and require a human gate before any source-authority adoption or canonical ontology edit.;Forbid target atlas target metric benchmark success generated derivatives registry authority role authority and validation authority as source premises.,,,research_control/program_state.yaml;research_control/tasks/RT-20260614-077/**;research_control/handoffs/handoff-0119.yaml;research_control/handoffs/handoff-0119.md;registries/AGENT_JOB_REGISTRY.csv;registries/DIRECTOR_DECISION_REGISTRY.csv;registries/RESEARCH_TASK_REGISTRY.csv;registries/ROLE_EXECUTION_REGISTRY.csv;registries/CLAIM_BOUNDARY_REGISTRY.csv;registries/TEX_SOURCE_REGISTRY.csv;registries/DISTANCE_TO_GR_LEDGER.csv,false,AJ-RT-20260614-077-001,Handoff-0118 selected MSL-MSRC-ATLASGLUE-LAW and explicitly required one bounded Ontology Formalizer task overlay for the source-authorized atlas-glue law packet.,false,PASS,2026-06-20T20:56:21Z,2026-06-20T20:56:21Z,Execution-role overlay completed for proposal-only source-authorized atlas-glue law formalization.
theoretical-continuation-selector@0.1.0--RT-20260614-076,task_overlay,RT-20260614-076,AJ-RT-20260614-076-001,research_control/tasks/RT-20260614-076/roles/theoretical-continuation-selector@0.1.0--RT-20260614-076.yaml,theoretical-continuation-selector,0.1.0,,Theoretical Continuation Selector task overlay for one ontology-law atlas-glue packet-selection decision under the active M_src burden.,Select exactly one ontology-law research packet branch after RT-20260614-075 and handoff-0117.;Use the missing-source-law inventory only as navigation evidence and not as a second router or adoption mechanism.;Preserve derivation_critical_missing_source_law as the trigger and reject ordinary_gap or workflow_inconvenience routing.;Preserve blocked_adoption_open_continuation and require a human gate before any source-authority adoption.;Name the next execution-role family without creating a permanent ontology-law role.,,,research_control/program_state.yaml;research_control/tasks/RT-20260614-076/**;research_control/handoffs/handoff-0118.yaml;research_control/handoffs/handoff-0118.md;registries/AGENT_JOB_REGISTRY.csv;registries/DIRECTOR_DECISION_REGISTRY.csv;registries/RESEARCH_TASK_REGISTRY.csv;registries/ROLE_EXECUTION_REGISTRY.csv;registries/CLAIM_BOUNDARY_REGISTRY.csv;registries/DISTANCE_TO_GR_LEDGER.csv,false,AJ-RT-20260614-076-001,The latest tracked handoff and inventory expose multiple branches within the active M_src atlas-glue missing-source-law burden and require one selector job before formalization.,false,PASS,2026-06-20T20:22:50Z,2026-06-20T20:22:50Z,Execution-role overlay completed for ontology-law atlas-glue selector with MSL-MSRC-ATLASGLUE-LAW selected.
ontology-formalizer@0.2.0--RT-20260614-075,registered_role,RT-20260614-075,AJ-RT-20260614-075-001,research_control/tasks/RT-20260614-075/roles/ontology-formalizer@0.2.0--RT-20260614-075.yaml,ontology-formalizer,0.2.0,,Registered Ontology Formalizer role without permission expansion for one bounded current-ontology derivation attempt with canonical ontology read-only evidence,Use current canonical ontology TeX only as read-only evidence;Attempt to derive atlas-glue data;If derivation fails state precise missing source-side primitives;Prohibit target benchmark role registry generated derivative or prior finite-witness laundering;Preserve all adoption downstream GR and ontology-edit blocks,,,research_control/program_state.yaml;research_control/tasks/RT-20260614-075/**;research_control/handoffs/handoff-0117.yaml;research_control/handoffs/handoff-0117.md;registries/AGENT_JOB_REGISTRY.csv;registries/DIRECTOR_DECISION_REGISTRY.csv;registries/RESEARCH_TASK_REGISTRY.csv;registries/ROLE_EXECUTION_REGISTRY.csv;registries/CLAIM_BOUNDARY_REGISTRY.csv;registries/TEX_SOURCE_REGISTRY.csv;registries/DISTANCE_TO_GR_LEDGER.csv,false,AJ-RT-20260614-075-001,,false,PASS,2026-06-20T03:06:26Z,2026-06-20T03:06:26Z,Execution role completed for current-ontology atlas-glue derivation attempt without ontology edit or claim promotion
refuter@0.2.0--RT-20260614-074,registered_role,RT-20260614-074,AJ-RT-20260614-074-001,research_control/tasks/RT-20260614-074/roles/refuter@0.2.0--RT-20260614-074.yaml,refuter,0.2.0,,Registered Refuter role without permission expansion for one bounded stress test of the audited finite repaired source-atlas witness W_Delta^fin.,Stress only the RT-20260614-073 audited finite repaired source-atlas witness and directly relevant predecessor artifacts.;Pressure discriminator collapse selector-preorder nonuniqueness inverse and cocycle fragility finite-variation fragility source-authority laundering finite-quotient overread target-atlas side-door import and bridge-ladder collapse.;Completion must include expanded distance_to_gr_status new_mathematical_payload loop_risk_decision freeze_criteria_status atlasglue_discriminator_candidate_witness_refuter_stress_result and parent_child_synthesis.;Do not authorize AtlasGlue_src^+ adoption AtlasGlueDisc_src^+ adoption M_src adoption full M_src construction g_eff matter coupling Einstein equations benchmark promotion Gate Chair closure completed-derivation language future source-extension impossibility or global theory rejection.,,,research_control/program_state.yaml;research_control/tasks/RT-20260614-074/**;research_control/handoffs/handoff-0116.yaml;research_control/handoffs/handoff-0116.md;registries/AGENT_JOB_REGISTRY.csv;registries/DIRECTOR_DECISION_REGISTRY.csv;registries/RESEARCH_TASK_REGISTRY.csv;registries/ROLE_EXECUTION_REGISTRY.csv;registries/CLAIM_BOUNDARY_REGISTRY.csv;registries/TEX_SOURCE_REGISTRY.csv;registries/DISTANCE_TO_GR_LEDGER.csv,false,AJ-RT-20260614-074-001,,false,PASS,2026-06-20T02:47:11Z,2026-06-20T02:47:11Z,Execution-role record completed for finite repaired source-atlas witness Refuter stress with human-gated adoption boundary and downstream GR claim blocks preserved.
smuggling-auditor@0.2.0--RT-20260614-073,registered_role,RT-20260614-073,AJ-RT-20260614-073-001,research_control/tasks/RT-20260614-073/roles/smuggling-auditor@0.2.0--RT-20260614-073.yaml,smuggling-auditor,0.2.0,,Registered Smuggling Auditor role without permission expansion for one bounded finite repaired source-atlas witness hidden-import source-authority and finite-source-overread audit.,Audit only the RT-20260614-072 draft/control finite repaired source-atlas witness and directly relevant predecessor artifacts.;Screen hidden target-atlas import source-authority laundering selector-preorder laundering validation-authority import role-authority import generated-derivative authority import and finite-source overread.;Classify source-extension status without adopting AtlasGlue_src^+ AtlasGlueDisc_src^+ M_src or any downstream GR object.;Completion must include expanded distance_to_gr_status new_mathematical_payload atlasglue_discriminator_candidate_witness_smuggling_audit_result and parent_child_synthesis.;Do not authorize AtlasGlue_src^+ adoption AtlasGlueDisc_src^+ adoption M_src adoption full M_src construction g_eff matter coupling Einstein equations benchmark promotion Gate Chair closure completed-derivation language future source-extension impossibility or global theory rejection.,,,research_control/program_state.yaml;research_control/tasks/RT-20260614-073/**;research_control/handoffs/handoff-0115.yaml;research_control/handoffs/handoff-0115.md;registries/AGENT_JOB_REGISTRY.csv;registries/DIRECTOR_DECISION_REGISTRY.csv;registries/RESEARCH_TASK_REGISTRY.csv;registries/ROLE_EXECUTION_REGISTRY.csv;registries/CLAIM_BOUNDARY_REGISTRY.csv;registries/TEX_SOURCE_REGISTRY.csv;registries/DISTANCE_TO_GR_LEDGER.csv,false,AJ-RT-20260614-073-001,,false,PASS,2026-06-20T02:33:47Z,2026-06-20T02:33:47Z,Execution-role record completed for finite repaired source-atlas witness smuggling audit with adoption and downstream GR claim blocks preserved.
candidate-constructor@0.2.0--RT-20260614-072,registered_role,RT-20260614-072,AJ-RT-20260614-072-001,research_control/tasks/RT-20260614-072/roles/candidate-constructor@0.2.0--RT-20260614-072.yaml,candidate-constructor,0.2.0,,Registered Candidate Constructor role without permission expansion for one bounded finite repaired source-atlas witness attempt under the AtlasGlueDisc_src^+ discriminator repair line.,Construct only a draft/control finite repaired source-atlas witness or name the smallest missing primitive.;Use explicit source discriminator profiles source selector preorders inverse checks cocycle checks and bot failure branches.;Completion must include bridge_attempt_status expanded distance_to_gr_status new_mathematical_payload and parent_child_synthesis.;Do not authorize AtlasGlue_src^+ adoption AtlasGlueDisc_src^+ adoption M_src adoption full M_src construction g_eff matter coupling Einstein equations benchmark promotion Gate Chair closure completed-derivation language future source-extension impossibility or global theory rejection.,,,research_control/program_state.yaml;research_control/tasks/RT-20260614-072/**;research_control/handoffs/handoff-0114.yaml;research_control/handoffs/handoff-0114.md;registries/AGENT_JOB_REGISTRY.csv;registries/DIRECTOR_DECISION_REGISTRY.csv;registries/RESEARCH_TASK_REGISTRY.csv;registries/ROLE_EXECUTION_REGISTRY.csv;registries/CLAIM_BOUNDARY_REGISTRY.csv;registries/TEX_SOURCE_REGISTRY.csv;registries/DISTANCE_TO_GR_LEDGER.csv,false,AJ-RT-20260614-072-001,The latest tracked handoff requests one bounded Candidate Constructor bridge attempt after the AtlasGlueDisc_src^+ Refuter stress classified the repaired interface as a fail-closed bridge-facing candidate path.,false,PASS,2026-06-20T02:19:35Z,2026-06-20T02:19:35Z,Execution-role record completed for the finite repaired source-atlas witness attempt with adoption and downstream GR claim blocks preserved.
refuter@0.2.0--RT-20260614-071,registered_role,RT-20260614-071,AJ-RT-20260614-071-001,research_control/tasks/RT-20260614-071/roles/refuter@0.2.0--RT-20260614-071.yaml,refuter,0.2.0,,Registered Refuter role without permission expansion for one bounded AtlasGlueDisc_src^+ discriminator repair stress test.,Stress only the RT-20260614-069 draft/control AtlasGlueDisc_src^+ discriminator repair primitive as audited in RT-20260614-070 plus directly relevant predecessor Refuter and primitive artifacts.;Pressure discriminator-token collapse selector-preorder nonuniqueness transition-token ambiguity finite-variation fragility source-authority laundering quotient-support overread target-atlas side-door import and bridge-ladder collapse.;Completion must include expanded distance_to_gr_status new_mathematical_payload loop_risk_decision freeze_criteria_status atlasglue_discriminator_refuter_stress_result and parent_child_synthesis.;Do not authorize AtlasGlue_src^+ adoption AtlasGlueDisc_src^+ adoption M_src adoption M_src construction g_eff matter coupling Einstein equations benchmark promotion Gate Chair closure completed-derivation language future source-extension impossibility or global theory rejection.,,,research_control/program_state.yaml;research_control/tasks/RT-20260614-071/**;research_control/handoffs/handoff-0113.yaml;research_control/handoffs/handoff-0113.md;registries/AGENT_JOB_REGISTRY.csv;registries/DIRECTOR_DECISION_REGISTRY.csv;registries/RESEARCH_TASK_REGISTRY.csv;registries/ROLE_EXECUTION_REGISTRY.csv;registries/CLAIM_BOUNDARY_REGISTRY.csv;registries/TEX_SOURCE_REGISTRY.csv;registries/DISTANCE_TO_GR_LEDGER.csv,false,AJ-RT-20260614-071-001,,false,PASS,2026-06-20T02:03:33Z,2026-06-20T02:03:33Z,Execution-role record completed for AtlasGlueDisc_src^+ Refuter stress with fail-closed bridge-facing candidate path and downstream GR claim blocks preserved.
smuggling-auditor@0.2.0--RT-20260614-070,registered_role,RT-20260614-070,AJ-RT-20260614-070-001,research_control/tasks/RT-20260614-070/roles/smuggling-auditor@0.2.0--RT-20260614-070.yaml,smuggling-auditor,0.2.0,,Registered Smuggling Auditor role without permission expansion for one bounded AtlasGlueDisc_src^+ discriminator repair hidden-import and source-authority audit.,Audit only the RT-20260614-069 draft/control AtlasGlueDisc_src^+ discriminator repair primitive and directly relevant predecessor audit artifacts.;Screen target topology target smooth atlas coordinate transition metric scale proper time empirical calibration empirical protocol benchmark structure validation-authority role-authority generated-derivative authority and source-authority laundering.;Classify source-extension status without adopting AtlasGlue_src^+ AtlasGlueDisc_src^+ M_src or any downstream GR object.;Completion must include expanded distance_to_gr_status new_mathematical_payload atlasglue_discriminator_smuggling_audit_result and parent_child_synthesis.;Do not authorize AtlasGlue_src^+ adoption AtlasGlueDisc_src^+ adoption M_src adoption M_src construction g_eff matter coupling Einstein equations benchmark promotion Gate Chair closure completed-derivation language future source-extension impossibility or global theory rejection.,,,research_control/program_state.yaml;research_control/tasks/RT-20260614-070/**;research_control/handoffs/handoff-0112.yaml;research_control/handoffs/handoff-0112.md;registries/AGENT_JOB_REGISTRY.csv;registries/DIRECTOR_DECISION_REGISTRY.csv;registries/RESEARCH_TASK_REGISTRY.csv;registries/ROLE_EXECUTION_REGISTRY.csv;registries/CLAIM_BOUNDARY_REGISTRY.csv;registries/TEX_SOURCE_REGISTRY.csv;registries/DISTANCE_TO_GR_LEDGER.csv,false,AJ-RT-20260614-070-001,,false,PASS,2026-06-20T01:47:13Z,2026-06-20T01:47:13Z,Execution-role record completed for AtlasGlueDisc_src^+ discriminator repair smuggling audit with adoption and downstream GR claim blocks preserved.
ontology-formalizer@0.2.0--RT-20260614-069,registered_role,RT-20260614-069,AJ-RT-20260614-069-001,research_control/tasks/RT-20260614-069/roles/ontology-formalizer@0.2.0--RT-20260614-069.yaml,ontology-formalizer,0.2.0,,Registered Ontology Formalizer role without permission expansion for one bounded AtlasGlueDisc_src^+ source-side discriminator repair primitive draft.,Draft only the AtlasGlueDisc_src^+ discriminator repair primitive selected by RT-20260614-068.;Use only source-side discriminants source-token comparison refinement transition-token candidate filters selector rules and finite-variation obligations.;Include definitions conditional theorem proof finite witness counterexample or failure branch exact limitation and Distance-to-GR effect.;State source-extension classification and preserve that adoption would require later audit stress and any required human gate.;Prohibit target topology target smooth atlas coordinate transition metric scale proper time empirical calibration benchmark solution structure validation-authority role-authority generated-derivative authority and source-authority laundering.;Completion must include expanded distance_to_gr_status new_mathematical_payload atlasglue_discriminator_repair_status and parent_child_synthesis.;Do not authorize AtlasGlue_src^+ adoption AtlasGlueDisc_src^+ adoption M_src adoption M_src construction g_eff matter coupling Einstein equations benchmark promotion Gate Chair closure completed-derivation language future source-extension impossibility or global theory rejection.,,,research_control/program_state.yaml;research_control/tasks/RT-20260614-069/**;research_control/handoffs/handoff-0111.yaml;research_control/handoffs/handoff-0111.md;registries/AGENT_JOB_REGISTRY.csv;registries/DIRECTOR_DECISION_REGISTRY.csv;registries/RESEARCH_TASK_REGISTRY.csv;registries/ROLE_EXECUTION_REGISTRY.csv;registries/CLAIM_BOUNDARY_REGISTRY.csv;registries/TEX_SOURCE_REGISTRY.csv;registries/DISTANCE_TO_GR_LEDGER.csv,false,AJ-RT-20260614-069-001,,false,PASS,2026-06-20T01:32:25Z,2026-06-20T01:32:25Z,Execution-role record completed for AtlasGlueDisc_src^+ discriminator repair primitive formalization with adoption and downstream GR claim blocks preserved.
theoretical-continuation-selector@0.1.0--RT-20260614-068,registered_role,RT-20260614-068,AJ-RT-20260614-068-001,research_control/tasks/RT-20260614-068/roles/theoretical-continuation-selector@0.1.0--RT-20260614-068.yaml,theoretical-continuation-selector,0.1.0,,Registered Theoretical Continuation Selector role without permission expansion for one bounded M_src source-discriminator repair packet-selection decision.,Select exactly one next packet type from the role contract after the RT-20260614-067 AtlasGlue_src^+ transition-token and label-comparison obstruction.;Prefer a constructive source_manifold_m_src packet when available and preserve all AtlasGlue_src^+ adoption M_src adoption M_src construction g_eff matter coupling Einstein equations benchmark Gate Chair completed-derivation future source-extension impossibility and global rejection blocks.;For a source_side_selector_primitive decision state the source-discriminator repair target obligations and the downstream role that should attempt the draft/control construction.,,,research_control/program_state.yaml;research_control/tasks/RT-20260614-068/**;research_control/handoffs/handoff-0110.yaml;research_control/handoffs/handoff-0110.md;registries/AGENT_JOB_REGISTRY.csv;registries/DIRECTOR_DECISION_REGISTRY.csv;registries/RESEARCH_TASK_REGISTRY.csv;registries/ROLE_EXECUTION_REGISTRY.csv;registries/CLAIM_BOUNDARY_REGISTRY.csv;registries/DISTANCE_TO_GR_LEDGER.csv,false,AJ-RT-20260614-068-001,The latest handoff names several admissible source_manifold_m_src theoretical continuations after a scoped AtlasGlue_src^+ transition-label obstruction and requires one selector job.,false,PASS,2026-06-20T01:20:36Z,2026-06-20T01:20:36Z,Execution-role record completed for the M_src theoretical selector with source-side discriminator repair selected.
refuter@0.2.0--RT-20260614-067,registered_role,RT-20260614-067,AJ-RT-20260614-067-001,research_control/tasks/RT-20260614-067/roles/refuter@0.2.0--RT-20260614-067.yaml,refuter,0.2.0,,Registered Refuter role without permission expansion for one bounded AtlasGlue_src^+ transition-token and label-compatibility stress test.,Stress only the RT-20260614-065 draft/control AtlasGlue_src^+ primitive as audited in RT-20260614-066 plus directly relevant predecessor obstruction artifacts.;Pressure transition-token nonuniqueness label-compatibility collapse source-authority laundering finite-variation fragility target-atlas side-door import quotient-support overread and bridge-ladder collapse.;Completion must include expanded distance_to_gr_status new_mathematical_payload loop_risk_decision freeze_criteria_status atlasglue_refuter_stress_result and parent_child_synthesis.;Do not authorize AtlasGlue_src^+ adoption M_src adoption M_src construction g_eff matter coupling Einstein equations benchmark promotion Gate Chair closure completed-derivation language future source-extension impossibility or global theory rejection.,,,research_control/program_state.yaml;research_control/tasks/RT-20260614-067/**;research_control/handoffs/handoff-0109.yaml;research_control/handoffs/handoff-0109.md;registries/AGENT_JOB_REGISTRY.csv;registries/DIRECTOR_DECISION_REGISTRY.csv;registries/RESEARCH_TASK_REGISTRY.csv;registries/ROLE_EXECUTION_REGISTRY.csv;registries/CLAIM_BOUNDARY_REGISTRY.csv;registries/TEX_SOURCE_REGISTRY.csv;registries/DISTANCE_TO_GR_LEDGER.csv,false,AJ-RT-20260614-067-001,,false,PASS,2026-06-20T01:01:52Z,2026-06-20T01:01:52Z,Execution-role record completed for AtlasGlue_src^+ Refuter stress with transition-token and label-compatibility obstruction and downstream GR claim blocks preserved.
smuggling-auditor@0.2.0--RT-20260614-066,registered_role,RT-20260614-066,AJ-RT-20260614-066-001,research_control/tasks/RT-20260614-066/roles/smuggling-auditor@0.2.0--RT-20260614-066.yaml,smuggling-auditor,0.2.0,,Registered Smuggling Auditor role without permission expansion for one bounded AtlasGlue_src^+ primitive hidden-import and source-authority audit.,Audit only the RT-20260614-065 draft/control AtlasGlue_src^+ primitive and directly relevant predecessor audit artifacts.;Screen target topology target smooth atlas metric scale proper time empirical calibration empirical protocol benchmark structure validation-authority role-authority generated-derivative authority and source-authority laundering.;Classify source-extension status without adopting AtlasGlue_src^+ M_src or any downstream GR object.;Completion must include expanded distance_to_gr_status new_mathematical_payload atlasglue_smuggling_audit_result and parent_child_synthesis.;Do not authorize AtlasGlue_src^+ adoption M_src adoption g_eff matter coupling Einstein equations benchmark promotion Gate Chair closure completed-derivation language future source-extension impossibility or global theory rejection.,,,research_control/program_state.yaml;research_control/tasks/RT-20260614-066/**;research_control/handoffs/handoff-0108.yaml;research_control/handoffs/handoff-0108.md;registries/AGENT_JOB_REGISTRY.csv;registries/DIRECTOR_DECISION_REGISTRY.csv;registries/RESEARCH_TASK_REGISTRY.csv;registries/ROLE_EXECUTION_REGISTRY.csv;registries/CLAIM_BOUNDARY_REGISTRY.csv;registries/TEX_SOURCE_REGISTRY.csv;registries/DISTANCE_TO_GR_LEDGER.csv,false,AJ-RT-20260614-066-001,,false,PASS,2026-06-20T00:38:19Z,2026-06-20T00:38:19Z,Execution-role record completed for AtlasGlue_src^+ source primitive smuggling audit with adoption and downstream GR claim blocks preserved.
documentation-curator@2.0.0--RT-20260619-015,task_overlay,RT-20260619-015,AJ-RT-20260619-015-001,research_control/tasks/RT-20260619-015/roles/documentation-curator@2.0.0--RT-20260619-015.yaml,documentation-curator,2.0.0,,Documentation Curator task overlay for Reader Scope footer relocation Phase 4 research-control operation pages.,Migrate only the four Phase 4 research-control operation page stacks to the locked bottom Reader Scope hook.;Preserve one-job role-authority task-record schema and allowlist boundaries.;Place GitHub Markdown ## Reader Scope immediately above the authority_footer marker.;Place tracked HTML section reader_scope immediately above footer authority_footer.;Refresh screenshot QA and publication-brief registry evidence paths for the changed Phase 4 pages.;Do not alter publication brief source files validators role contracts schemas skill contracts routing behavior checkpoint behavior canonical science sources dependencies or physics claim status.,validator_behavior_change;control_contract_change;role_contract_change;schema_contract_change;skill_contract_change;routing_behavior_change;checkpoint_behavior_change;canonical_science_source_edit;dependency_change;corpus_wide_migration,reader_scope_footer_public_page_rewrite;publication_evidence_registry_refresh;screenshot_qa_evidence_refresh,markdown/html-explainer-specs/research-agent-workflow-explainer.md;markdown/html-explainer-specs/director-agentjob-lifecycle-explainer.md;markdown/html-explainer-specs/parent-child-synthesis-explainer.md;markdown/html-explainer-specs/role-routing-explainer.md;github-facing/research-agent-workflow-explainer.md;github-facing/director-agentjob-lifecycle-explainer.md;github-facing/parent-child-synthesis-explainer.md;github-facing/role-routing-explainer.md;html/research-agent-workflow-explainer.html;html/director-agentjob-lifecycle-explainer.html;html/parent-child-synthesis-explainer.html;html/role-routing-explainer.html;research_control/tasks/RT-20260618-017/jobs/AJ-RT-20260618-017-001.yaml;research_control/tasks/RT-20260618-017/jobs/completions/AJC-AJ-RT-20260618-017-001.yaml;registries/*.csv;registries/*.meta.json;FOLDER_MAP.md;research_control/tasks/RT-20260619-015/**;wiki/indexes/**;wiki/markdown/**;wiki/html/**,false,AJ-RT-20260619-015-001,The user explicitly requested Phase 4 and a git commit after Phase 3 migrated the physics status and claim-boundary pages to the locked Reader Scope footer hook.,false,PASS,2026-06-19T22:47:30Z,2026-06-19T22:52:57Z,Execution-role overlay completed for Reader Scope footer relocation Phase 4 research-control operation page stacks.
documentation-curator@2.0.0--RT-20260619-014,task_overlay,RT-20260619-014,AJ-RT-20260619-014-001,research_control/tasks/RT-20260619-014/roles/documentation-curator@2.0.0--RT-20260619-014.yaml,documentation-curator,2.0.0,,Documentation Curator task overlay for Reader Scope footer relocation Phase 3 physics status and claim-boundary pages.,Migrate only the five Phase 3 physics status and claim-boundary page stacks to the locked bottom Reader Scope hook.;Preserve high-risk qualifiers including draft/control source-only local exact-branch source-extension data and human-gated.;Place GitHub Markdown ## Reader Scope immediately above the authority_footer marker.;Place tracked HTML section reader_scope immediately above footer authority_footer.;Refresh screenshot QA and publication-brief registry evidence paths for the changed Phase 3 pages.;Do not alter publication brief source files validators role contracts schemas skill contracts routing behavior checkpoint behavior canonical science sources dependencies or physics claim status.,validator_behavior_change;control_contract_change;role_contract_change;schema_contract_change;skill_contract_change;routing_behavior_change;checkpoint_behavior_change;canonical_science_source_edit;dependency_change;corpus_wide_migration,reader_scope_footer_public_page_rewrite;publication_evidence_registry_refresh;screenshot_qa_evidence_refresh,markdown/html-explainer-specs/aether-flow-physics-program-explainer.md;markdown/html-explainer-specs/exact-gr-benchmark-boundary-explainer.md;markdown/html-explainer-specs/aether-flow-ontology-explainer.md;markdown/html-explainer-specs/gr-derivation-roadmap-explainer.md;markdown/html-explainer-specs/claim-gates-explainer.md;github-facing/aether-flow-physics-program-explainer.md;github-facing/exact-gr-benchmark-boundary-explainer.md;github-facing/aether-flow-ontology-explainer.md;github-facing/gr-derivation-roadmap-explainer.md;github-facing/claim-gates-explainer.md;html/aether-flow-physics-program-explainer.html;html/exact-gr-benchmark-boundary-explainer.html;html/aether-flow-ontology-explainer.html;html/gr-derivation-roadmap-explainer.html;html/claim-gates-explainer.html;registries/*.csv;registries/*.meta.json;FOLDER_MAP.md;research_control/tasks/RT-20260619-014/**;wiki/indexes/**;wiki/markdown/**;wiki/html/**,false,AJ-RT-20260619-014-001,The user explicitly requested Phase 3 and a git commit after Phase 2 migrated the pilot pair to the locked Reader Scope footer hook.,false,PASS,2026-06-19T22:16:11Z,2026-06-19T22:16:11Z,Execution-role overlay completed for Reader Scope footer relocation Phase 3 physics status and claim-boundary page stacks.
documentation-curator@2.0.0--RT-20260619-006,task_overlay,RT-20260619-006,AJ-RT-20260619-006-001,research_control/tasks/RT-20260619-006/roles/documentation-curator@2.0.0--RT-20260619-006.yaml,documentation-curator,2.0.0,,Documentation Curator task overlay for the post-migration Phase 3 research-control operation footer-authority rewrite.,Rewrite only the four Phase 3 page stacks named by the post-migration quality plan.;Move the full generated-noncanonical authority paragraph to the marked authority footer in GitHub Markdown and HTML.;Expand openings around the page-specific research-control operation distinction before authority metadata.;Add page-specific diagrams or matrices for workflow lifecycle parent-child synthesis and role routing.;Refresh screenshot QA and publication-brief registry evidence paths for the changed pages.;Do not alter publication brief source files validators role contracts schemas skill contracts routing behavior checkpoint behavior canonical science sources or physics claim status.,validator_behavior_change;control_contract_change;role_contract_change;schema_contract_change;skill_contract_change;routing_behavior_change;checkpoint_behavior_change;canonical_science_source_edit,footer_authority_public_page_rewrite;publication_evidence_registry_refresh,markdown/html-explainer-specs/research-agent-workflow-explainer.md;markdown/html-explainer-specs/director-agentjob-lifecycle-explainer.md;markdown/html-explainer-specs/parent-child-synthesis-explainer.md;markdown/html-explainer-specs/role-routing-explainer.md;github-facing/research-agent-workflow-explainer.md;github-facing/director-agentjob-lifecycle-explainer.md;github-facing/parent-child-synthesis-explainer.md;github-facing/role-routing-explainer.md;html/research-agent-workflow-explainer.html;html/director-agentjob-lifecycle-explainer.html;html/parent-child-synthesis-explainer.html;html/role-routing-explainer.html;research_control/tasks/RT-20260618-017/jobs/AJ-RT-20260618-017-001.yaml;research_control/tasks/RT-20260618-017/jobs/completions/AJC-AJ-RT-20260618-017-001.yaml;registries/*.csv;registries/*.meta.json;FOLDER_MAP.md;research_control/tasks/RT-20260619-006/**;wiki/indexes/**;wiki/markdown/**;wiki/html/**,false,AJ-RT-20260619-006-001,The user explicitly approved Phase 3 after Phase 2 completed the physics status and claim-boundary footer-authority rewrite.,false,PASS,2026-06-19T16:58:43Z,2026-06-19T16:58:43Z,Execution-role overlay completed for the Phase 3 research-control operation page family rewrite.
documentation-curator@2.0.0--RT-20260619-005,task_overlay,RT-20260619-005,AJ-RT-20260619-005-001,research_control/tasks/RT-20260619-005/roles/documentation-curator@2.0.0--RT-20260619-005.yaml,documentation-curator,2.0.0,,Documentation Curator task overlay for the post-migration Phase 2 physics status and claim-boundary footer-authority rewrite.,Rewrite only the five Phase 2 page stacks named by the post-migration quality plan.;Move the full generated-noncanonical authority paragraph to the marked authority footer in GitHub Markdown and HTML.;Expand openings around the page-specific physics status or claim-boundary distinction before authority metadata.;Refresh screenshot QA and publication-brief registry evidence paths for the changed pages.;Do not alter publication brief source files validators role contracts schemas skill contracts routing behavior checkpoint behavior canonical science sources or physics claim status.,validator_behavior_change;control_contract_change;role_contract_change;schema_contract_change;skill_contract_change;routing_behavior_change;checkpoint_behavior_change;canonical_science_source_edit,footer_authority_public_page_rewrite;publication_evidence_registry_refresh,markdown/html-explainer-specs/aether-flow-physics-program-explainer.md;markdown/html-explainer-specs/exact-gr-benchmark-boundary-explainer.md;markdown/html-explainer-specs/aether-flow-ontology-explainer.md;markdown/html-explainer-specs/gr-derivation-roadmap-explainer.md;markdown/html-explainer-specs/claim-gates-explainer.md;github-facing/aether-flow-physics-program-explainer.md;github-facing/exact-gr-benchmark-boundary-explainer.md;github-facing/aether-flow-ontology-explainer.md;github-facing/gr-derivation-roadmap-explainer.md;github-facing/claim-gates-explainer.md;html/aether-flow-physics-program-explainer.html;html/exact-gr-benchmark-boundary-explainer.html;html/aether-flow-ontology-explainer.html;html/gr-derivation-roadmap-explainer.html;html/claim-gates-explainer.html;registries/*.csv;registries/*.meta.json;FOLDER_MAP.md;research_control/tasks/RT-20260619-005/**;wiki/indexes/**;wiki/markdown/**;wiki/html/**,false,AJ-RT-20260619-005-001,The user explicitly approved Phase 2 after Phase 1 resolved the footer-authority contract and validator guard.,false,PASS,2026-06-19T16:32:55Z,2026-06-19T16:32:55Z,Execution-role overlay completed for the Phase 2 footer-authority page family rewrite.
project-control-maintainer@0.1.0--RT-20260619-004,task_overlay,RT-20260619-004,AJ-RT-20260619-004-001,research_control/tasks/RT-20260619-004/roles/project-control-maintainer@0.1.0--RT-20260619-004.yaml,project-control-maintainer,0.1.0,,Project-Control Maintainer task overlay for Phase 1 publication contract and validator guard repair.,Reconcile GitHub-facing and HTML publication contract language with footer authority placement.;Repair documentation-surface audit expectations that still encode the retired universal GitHub-facing skeleton.;Add deterministic guard tests for future footer-authority placement without rewriting current public pages.;Do not edit publication briefs source specs GitHub-facing Markdown tracked HTML role contracts schemas skill contracts routing behavior checkpoint behavior or science sources.,public_page_rewrite;source_spec_rewrite;github_facing_rewrite;tracked_html_rewrite;publication_brief_rewrite;role_contract;schema_contract;skill_contract;routing_behavior;checkpoint_behavior,control_markdown_contract;validator_behavior;test_fixture;documentation_impact;control_registry_rows;generated_memory_derivative,research_control/design/github_facing_explainer_contract.md;research_control/design/html_explainer_flexible_presentation_contract.md;scripts/project_control/audit_documentation_surfaces.py;scripts/validate_publication_process.py;tests/test_documentation_surface_audit.py;tests/test_publication_process_validation.py;registries/AGENT_JOB_REGISTRY.csv;registries/CLAIM_BOUNDARY_REGISTRY.csv;registries/DIRECTOR_DECISION_REGISTRY.csv;registries/RESEARCH_TASK_REGISTRY.csv;registries/ROLE_EXECUTION_REGISTRY.csv;registries/CONTENT_SEMANTIC_REGISTRY.csv;registries/CONTENT_SEMANTIC_REGISTRY.meta.json;registries/FILE_OBJECT_REGISTRY.csv;registries/FILE_OBJECT_REGISTRY.meta.json;registries/MARKDOWN_SOURCE_REGISTRY.csv;registries/OBJECT_RELATIONSHIP_REGISTRY.csv;registries/OBJECT_RELATIONSHIP_REGISTRY.meta.json;registries/OBSIDIAN_VAULT_REGISTRY.csv;registries/OBSIDIAN_VAULT_REGISTRY.meta.json;registries/WIKI_ARTIFACT_REGISTRY.csv;registries/WIKI_ARTIFACT_REGISTRY.meta.json;FOLDER_MAP.md;wiki/indexes/**;wiki/markdown/**;wiki/html/**;research_control/tasks/RT-20260619-004/**,false,AJ-RT-20260619-004-001,The user explicitly approved Phase 1 after the Phase 0 audit identified stale contract and validator expectations.,false,PASS,2026-06-19T16:01:27Z,2026-06-19T16:09:15Z,Execution-role overlay completed for Phase 1 contract and validator guard work only.
documentation-curator@2.0.0--RT-20260619-003,task_overlay,RT-20260619-003,AJ-RT-20260619-003-001,research_control/tasks/RT-20260619-003/roles/documentation-curator@2.0.0--RT-20260619-003.yaml,documentation-curator,2.0.0,,Documentation Curator task overlay for Phase 0 post-migration page audit only with public page writes removed.,Audit all 17 reviewed publication page stacks named by the publication brief registry.;Record current opening text top authority placement footer binding visual strategy and diagram decision.;Do not edit publication briefs source specs GitHub-facing Markdown tracked HTML contracts validators schemas roles routing behavior checkpoint behavior or science sources.;Preserve generated-output nonauthority and physics claim boundaries.,public_page_rewrite;source_spec_rewrite;github_facing_rewrite;tracked_html_rewrite;publication_brief_rewrite,audit_artifact;documentation_impact;control_registry_rows;generated_memory_derivative,registries/AGENT_JOB_REGISTRY.csv;registries/CLAIM_BOUNDARY_REGISTRY.csv;registries/DIRECTOR_DECISION_REGISTRY.csv;registries/RESEARCH_TASK_REGISTRY.csv;registries/ROLE_EXECUTION_REGISTRY.csv;registries/CONTENT_SEMANTIC_REGISTRY.csv;registries/CONTENT_SEMANTIC_REGISTRY.meta.json;registries/FILE_OBJECT_REGISTRY.csv;registries/FILE_OBJECT_REGISTRY.meta.json;registries/OBJECT_RELATIONSHIP_REGISTRY.csv;registries/OBJECT_RELATIONSHIP_REGISTRY.meta.json;registries/OBSIDIAN_VAULT_REGISTRY.csv;registries/OBSIDIAN_VAULT_REGISTRY.meta.json;registries/WIKI_ARTIFACT_REGISTRY.csv;registries/WIKI_ARTIFACT_REGISTRY.meta.json;FOLDER_MAP.md;wiki/indexes/**;wiki/markdown/**;wiki/html/**;research_control/tasks/RT-20260619-003/**,false,AJ-RT-20260619-003-001,The user explicitly approved Phase 0 from the post-migration quality plan.,false,PASS,2026-06-19T15:42:37Z,2026-06-19T15:42:37Z,Execution-role overlay completed for Phase 0 audit only.
project-control-maintainer@0.1.0--RT-20260619-002,task_overlay,RT-20260619-002,AJ-RT-20260619-002-001,research_control/tasks/RT-20260619-002/roles/project-control-maintainer@0.1.0--RT-20260619-002.yaml,project-control-maintainer,0.1.0,,Project-Control Maintainer task overlay for a tracked Documentation Curator post-migration quality plan and generated memory wiki refresh.,Create only a phased implementation plan.;Do not edit publication briefs source specs GitHub-facing Markdown or tracked HTML in this transaction.;Keep future implementation packets gated by explicit user approval.;Preserve generated-output nonauthority and physics claim boundaries.;Do not modify canonical science sources validators schemas roles routing behavior or checkpoint behavior.,,research_control_design;documentation_registry;registry;documentation_impact;generated_memory_derivative,research_control/design/documentation_curator_post_migration_quality_plan.md;research_control/design/README.md;registries/AGENT_JOB_REGISTRY.csv;registries/CLAIM_BOUNDARY_REGISTRY.csv;registries/DIRECTOR_DECISION_REGISTRY.csv;registries/MARKDOWN_SOURCE_REGISTRY.csv;registries/RESEARCH_TASK_REGISTRY.csv;registries/ROLE_EXECUTION_REGISTRY.csv;registries/CONTENT_SEMANTIC_REGISTRY.csv;registries/CONTENT_SEMANTIC_REGISTRY.meta.json;registries/FILE_OBJECT_REGISTRY.csv;registries/FILE_OBJECT_REGISTRY.meta.json;registries/OBJECT_RELATIONSHIP_REGISTRY.csv;registries/OBJECT_RELATIONSHIP_REGISTRY.meta.json;registries/OBSIDIAN_VAULT_REGISTRY.csv;registries/OBSIDIAN_VAULT_REGISTRY.meta.json;registries/WIKI_ARTIFACT_REGISTRY.csv;registries/WIKI_ARTIFACT_REGISTRY.meta.json;FOLDER_MAP.md;wiki/indexes/**;wiki/markdown/md-readme-research-control-design.md;wiki/markdown/md-research-control-design-documentation-curator-post-migration-quality-plan.md;research_control/tasks/RT-20260619-002/**,false,AJ-RT-20260619-002-001,The user requested a phased implementation plan for post-migration Documentation Curator quality requirements.,false,PASS,2026-06-19T14:32:37Z,2026-06-19T14:32:37Z,Execution-role overlay completed for post-migration quality planning only.
documentation-curator@2.0.0--RT-20260619-001,registered_role,RT-20260619-001,AJ-RT-20260619-001-001,research_control/tasks/RT-20260619-001/roles/documentation-curator@2.0.0--RT-20260619-001.yaml,documentation-curator,2.0.0,,Registered Documentation Curator role used without permission expansion for Phase 5C technical-requirements operator guide migration.,Migrate only the Phase 5C technical-requirements page.;Keep Phase 6 optional or deferred pages out of this packet.;Explain existing requirement tiers current Codex app harness assumption Python environment requirements Makefile command families HTML screenshot QA PDF derivative requirements and tool-versus-authority boundaries without changing any of them.;Keep generated HTML and GitHub-facing Markdown noncanonical.;Do not modify dependencies validators Makefile targets command semantics harness policy role authority routing behavior checkpoint behavior generated-output authority or physics claim status.,,,markdown/publication-briefs/technical-requirements.publication-brief.md;markdown/html-explainer-specs/technical-requirements-explainer.md;github-facing/technical-requirements-explainer.md;html/technical-requirements-explainer.html;registries/*.csv;research_control/tasks/RT-20260619-001/**;wiki/indexes/**;wiki/markdown/**;wiki/html/**,false,AJ-RT-20260619-001-001,The user explicitly approved the next logical step Phase 5C.,false,PASS,2026-06-19T13:35:00Z,2026-06-19T13:35:00Z,Execution-role record completed for Phase 5C technical-requirements operator guide migration.
documentation-curator@2.0.0--RT-20260618-022,registered_role,RT-20260618-022,AJ-RT-20260618-022-001,research_control/tasks/RT-20260618-022/roles/documentation-curator@2.0.0--RT-20260618-022.yaml,documentation-curator,2.0.0,,Registered Documentation Curator role used without permission expansion for Phase 5B roles-and-skills catalog migration.,Migrate only the Phase 5B roles-and-skills page.;Keep Phase 5C technical-requirements page out of this packet.;Explain existing role registry rows active and superseded role contracts skill entry points default validator families and human-gated role status without changing any of them.;Keep generated HTML and GitHub-facing Markdown noncanonical.;Do not modify role status role registration role authority skill contracts validators routing behavior checkpoint behavior generated-output authority or physics claim status.,,,markdown/publication-briefs/roles-and-skills.publication-brief.md;markdown/html-explainer-specs/roles-and-skills-explainer.md;github-facing/roles-and-skills-explainer.md;html/roles-and-skills-explainer.html;registries/*.csv;research_control/tasks/RT-20260618-022/**;wiki/indexes/**;wiki/markdown/**;wiki/html/**,false,AJ-RT-20260618-022-001,The user explicitly approved the next logical step Phase 5B.,false,PASS,2026-06-19T04:55:00Z,2026-06-19T04:55:00Z,Execution-role record completed for Phase 5B roles-and-skills catalog migration.
documentation-curator@2.0.0--RT-20260618-021,registered_role,RT-20260618-021,AJ-RT-20260618-021-001,research_control/tasks/RT-20260618-021/roles/documentation-curator@2.0.0--RT-20260618-021.yaml,documentation-curator,2.0.0,,Registered Documentation Curator role used without permission expansion for Phase 5A memory-system reference migration.,Migrate only the Phase 5A memory-system page.;Keep Phase 5B roles-and-skills and Phase 5C technical-requirements pages out of this packet.;Explain existing memory lookup registry wiki semantic Obsidian SQLite .local bootstrap and freshness-warning boundaries without changing any of them.;Keep generated HTML and GitHub-facing Markdown noncanonical.;Do not modify memory-system behavior registry schemas validators routing behavior role authority checkpoint behavior generated-output authority or physics claim status.,,,markdown/publication-briefs/memory-system.publication-brief.md;markdown/html-explainer-specs/memory-system-explainer.md;github-facing/memory-system-explainer.md;html/memory-system-explainer.html;registries/*.csv;research_control/tasks/RT-20260618-021/**;wiki/indexes/**;wiki/markdown/**;wiki/html/**,false,AJ-RT-20260618-021-001,The user explicitly approved the next logical step Phase 5A.,false,PASS,2026-06-19T04:30:00Z,2026-06-19T04:30:00Z,Execution-role record completed for Phase 5A memory-system reference migration.
documentation-curator@2.0.0--RT-20260618-020,registered_role,RT-20260618-020,AJ-RT-20260618-020-001,research_control/tasks/RT-20260618-020/roles/documentation-curator@2.0.0--RT-20260618-020.yaml,documentation-curator,2.0.0,,Registered Documentation Curator role used without permission expansion for Phase 4C validator-operator workflow migration.,Migrate only the Phase 4C validator-operator-workflow page.;Keep Phase 5 memory-system page out of this packet.;Explain existing command selection bootstrap publication checks documentation-impact checks research-control checks unit-test triggers screenshot evidence and PASS-result limits without changing any of them.;Keep generated HTML and GitHub-facing Markdown noncanonical.;Do not modify validators command semantics role authority schemas routing behavior checkpoint behavior or physics claim status.,,,markdown/publication-briefs/validator-operator-workflow.publication-brief.md;markdown/html-explainer-specs/validator-operator-workflow-explainer.md;github-facing/validator-operator-workflow-explainer.md;html/validator-operator-workflow-explainer.html;registries/*.csv;research_control/tasks/RT-20260618-020/**;wiki/indexes/**;wiki/markdown/**;wiki/html/**,false,AJ-RT-20260618-020-001,The user requested the next logical step after Phase 4B recommended explicit approval for Phase 4C.,false,PASS,2026-06-19T03:00:00Z,2026-06-19T03:00:00Z,Execution-role record completed for Phase 4C validator-operator workflow migration.
documentation-curator@2.0.0--RT-20260618-019,registered_role,RT-20260618-019,AJ-RT-20260618-019-001,research_control/tasks/RT-20260618-019/roles/documentation-curator@2.0.0--RT-20260618-019.yaml,documentation-curator,2.0.0,,Registered Documentation Curator role used without permission expansion for Phase 4B publication-process migration.,Migrate only the Phase 4B documentation-curator-publication-process page.;Keep Phase 4C validator-operator page out of this packet.;Explain brief-first publication planning writing review screenshot QA and validation without changing any of them.;Keep generated HTML and GitHub-facing Markdown noncanonical.;Do not revive Visual Atlas topic-registry creation path active teaching-packet fallback universal headings validator behavior role authority schema routing or physics claim status.,,,markdown/publication-briefs/documentation-curator-publication-process.publication-brief.md;markdown/html-explainer-specs/documentation-curator-publication-process-explainer.md;github-facing/documentation-curator-publication-process-explainer.md;html/documentation-curator-publication-process-explainer.html;registries/*.csv;research_control/tasks/RT-20260618-019/**;wiki/indexes/**;wiki/markdown/**;wiki/html/**,false,AJ-RT-20260618-019-001,The user requested the next logical step after Phase 4A recommended explicit approval for Phase 4B.,false,PASS,2026-06-19T02:40:00Z,2026-06-19T02:40:00Z,Execution-role record completed for Phase 4B publication-process migration.
documentation-curator@2.0.0--RT-20260618-018,registered_role,RT-20260618-018,AJ-RT-20260618-018-001,research_control/tasks/RT-20260618-018/roles/documentation-curator@2.0.0--RT-20260618-018.yaml,documentation-curator,2.0.0,,Registered Documentation Curator role used without permission expansion for Phase 4A project-system improvement migration.,Migrate only the Phase 4A project-system-improvement page.;Keep Phase 4B publication-process and Phase 4C validator-operator pages out of this packet.;Explain classifier resolver signal registries documentation-impact receipts and signal-resolution evidence without changing any of them.;Keep generated HTML and GitHub-facing Markdown noncanonical.;Do not modify canonical science sources role authority schemas validators routing behavior signal registries or physics claim status.,,,markdown/publication-briefs/project-system-improvement.publication-brief.md;markdown/html-explainer-specs/project-system-improvement-explainer.md;github-facing/project-system-improvement-explainer.md;html/project-system-improvement-explainer.html;registries/*.csv;research_control/tasks/RT-20260618-018/**;wiki/indexes/**;wiki/markdown/**;wiki/html/**,false,AJ-RT-20260618-018-001,The user explicitly requested Phase 4A after Phase 3C completion recommended seeking explicit approval.,false,PASS,2026-06-19T01:38:00Z,2026-06-19T01:38:00Z,Execution-role record completed for Phase 4A project-system improvement migration.
project-control-maintainer@0.1.0--RT-20260618-017,task_overlay,RT-20260618-017,AJ-RT-20260618-017-001,research_control/tasks/RT-20260618-017/roles/project-control-maintainer@0.1.0--RT-20260618-017.yaml,project-control-maintainer,0.1.0,,Project-Control Maintainer task overlay for Phase 3C research-control-system merge decision receipt.,Decide only whether research-control-system-explainer remains standalone or merged after Phase 3A and Phase 3B.;Do not create a publication brief source spec GitHub-facing Markdown page tracked HTML page or screenshot QA for research-control-system-explainer.;Preserve the distinct-reader-job rule and generated noncanonical output boundary.;Do not modify canonical science sources role authority schemas validators routing behavior or physics claim status.,,documentation_impact;generated_memory_derivative,registries/*.csv;research_control/tasks/RT-20260618-017/**;wiki/indexes/**;wiki/markdown/md-research-control-design-documentation-curator-corpus-migration-plan.md,false,AJ-RT-20260618-017-001,The user instructed the next logical step after Phase 3B which was to decide Phase 3C before any public-page migration.,false,PASS,2026-06-19T01:22:00Z,2026-06-19T01:22:00Z,Execution-role overlay completed for Phase 3C merge decision.
documentation-curator@2.0.0--RT-20260618-016,registered_role,RT-20260618-016,AJ-RT-20260618-016-001,research_control/tasks/RT-20260618-016/roles/documentation-curator@2.0.0--RT-20260618-016.yaml,documentation-curator,2.0.0,,Registered Documentation Curator role used without permission expansion for Phase 3B parent-child synthesis and role-routing migration.,Migrate only the Phase 3B parent-child synthesis and role-routing pages.;Keep Phase 3C research-control-system decision out of this packet.;Preserve the one bounded AgentJob invariant child-output draft/control boundary execution-role authority boundary human-gated Gate Chair status and noncanonical generated-output boundary.;Keep generated HTML and GitHub-facing Markdown noncanonical.;Do not modify canonical science sources role authority schemas validators routing behavior or physics claim status.,,,markdown/publication-briefs/parent-child-synthesis.publication-brief.md;markdown/publication-briefs/role-routing.publication-brief.md;markdown/html-explainer-specs/parent-child-synthesis-explainer.md;markdown/html-explainer-specs/role-routing-explainer.md;github-facing/parent-child-synthesis-explainer.md;github-facing/role-routing-explainer.md;html/parent-child-synthesis-explainer.html;html/role-routing-explainer.html;registries/*.csv;research_control/tasks/RT-20260618-016/**;wiki/indexes/**;wiki/markdown/**;wiki/html/**,false,AJ-RT-20260618-016-001,The user explicitly requested Phase 3B after Phase 3A completion recommended seeking explicit approval.,false,PASS,2026-06-19T00:25:10Z,2026-06-19T00:45:00Z,Execution-role record completed for Phase 3B research-control operation migration.
documentation-curator@2.0.0--RT-20260618-015,registered_role,RT-20260618-015,AJ-RT-20260618-015-001,research_control/tasks/RT-20260618-015/roles/documentation-curator@2.0.0--RT-20260618-015.yaml,documentation-curator,2.0.0,,Registered Documentation Curator role used without permission expansion for Phase 3A research-control operation migration.,Migrate only the Phase 3A research-agent workflow and Director/AgentJob lifecycle pages.;Keep Phase 3B parent-child synthesis and role-routing pages out of this packet.;Preserve one bounded AgentJob per invocation memory as navigation immutable-record human-gated and noncanonical generated-output boundaries.;Keep generated HTML and GitHub-facing Markdown noncanonical.;Do not modify canonical science sources role authority schemas validators routing behavior or physics claim status.,,,markdown/publication-briefs/research-agent-workflow.publication-brief.md;markdown/publication-briefs/director-agentjob-lifecycle.publication-brief.md;markdown/html-explainer-specs/research-agent-workflow-explainer.md;markdown/html-explainer-specs/director-agentjob-lifecycle-explainer.md;github-facing/research-agent-workflow-explainer.md;github-facing/director-agentjob-lifecycle-explainer.md;html/research-agent-workflow-explainer.html;html/director-agentjob-lifecycle-explainer.html;registries/*.csv;research_control/tasks/RT-20260618-015/**;wiki/indexes/**;wiki/markdown/**;wiki/html/**,false,AJ-RT-20260618-015-001,The user explicitly requested Phase 3A after Phase 2B completion recommended seeking explicit approval.,false,PASS,2026-06-18T23:57:14Z,2026-06-19T00:18:00Z,Execution-role record completed for Phase 3A research-control operation migration.
documentation-curator@2.0.0--RT-20260618-014,registered_role,RT-20260618-014,AJ-RT-20260618-014-001,research_control/tasks/RT-20260618-014/roles/documentation-curator@2.0.0--RT-20260618-014.yaml,documentation-curator,2.0.0,,Registered Documentation Curator role used without permission expansion for Phase 2B claim-gates migration.,Migrate only the Phase 2B claim-gates page.;Keep Phase 3A research-agent workflow and Director/AgentJob lifecycle pages out of this packet.;Preserve draft/control source-only source-extension local exact-branch human-gated and noncanonical qualifiers.;Keep generated HTML and GitHub-facing Markdown noncanonical.;Do not modify canonical science sources role authority Gate Chair status or physics claim status.,,,markdown/publication-briefs/claim-gates.publication-brief.md;markdown/html-explainer-specs/claim-gates-explainer.md;github-facing/claim-gates-explainer.md;html/claim-gates-explainer.html;registries/*.csv;research_control/tasks/RT-20260618-014/**;wiki/indexes/**;wiki/markdown/**;wiki/html/**,false,AJ-RT-20260618-014-001,The user explicitly requested Phase 2B after Phase 2A completion recommended seeking explicit approval.,false,PASS,2026-06-18T23:41:27Z,2026-06-18T23:55:00Z,Execution-role record completed for Phase 2B claim-gates migration.
documentation-curator@2.0.0--RT-20260618-013,registered_role,RT-20260618-013,AJ-RT-20260618-013-001,research_control/tasks/RT-20260618-013/roles/documentation-curator@2.0.0--RT-20260618-013.yaml,documentation-curator,2.0.0,,Registered Documentation Curator role used without permission expansion for Phase 2A GR derivation roadmap migration.,Migrate only the Phase 2A GR derivation roadmap page.;Keep Phase 2B claim-gates page out of this packet.;Preserve draft/control source-only source-extension local exact-branch human-gated and noncanonical qualifiers.;Keep generated HTML and GitHub-facing Markdown noncanonical.;Do not modify canonical science sources or physics claim status.,,,markdown/publication-briefs/gr-derivation-roadmap.publication-brief.md;markdown/html-explainer-specs/gr-derivation-roadmap-explainer.md;github-facing/gr-derivation-roadmap-explainer.md;html/gr-derivation-roadmap-explainer.html;registries/*.csv;research_control/tasks/RT-20260618-013/**;wiki/indexes/**;wiki/markdown/**;wiki/html/**,false,AJ-RT-20260618-013-001,The user explicitly requested Phase 2A after Phase 1B completion recommended seeking explicit approval.,false,PASS,2026-06-18T23:22:00Z,2026-06-18T23:40:00Z,Execution-role record completed for Phase 2A GR derivation roadmap migration.
documentation-curator@2.0.0--RT-20260618-012,registered_role,RT-20260618-012,AJ-RT-20260618-012-001,research_control/tasks/RT-20260618-012/roles/documentation-curator@2.0.0--RT-20260618-012.yaml,documentation-curator,2.0.0,,Registered Documentation Curator role used without permission expansion for Phase 1B ontology migration.,Migrate only the Phase 1B ontology page.;Keep Phase 2 derivation roadmap and claim-gate pages out of this packet.;Preserve ontology vocabulary versus open derivation boundaries.;Keep generated HTML and GitHub-facing Markdown noncanonical.;Do not modify canonical science sources or physics claim status.,,,markdown/publication-briefs/aether-flow-ontology.publication-brief.md;markdown/html-explainer-specs/aether-flow-ontology-explainer.md;github-facing/aether-flow-ontology-explainer.md;html/aether-flow-ontology-explainer.html;registries/*.csv;research_control/tasks/RT-20260618-012/**;wiki/indexes/**;wiki/markdown/**;wiki/html/**,false,AJ-RT-20260618-012-001,The user explicitly requested Phase 1B after Phase 1A completion recommended seeking explicit approval.,false,PASS,2026-06-18T23:03:00Z,2026-06-18T23:18:00Z,Execution-role record completed for Phase 1B ontology migration.
documentation-curator@2.0.0--RT-20260618-011,registered_role,RT-20260618-011,AJ-RT-20260618-011-001,research_control/tasks/RT-20260618-011/roles/documentation-curator@2.0.0--RT-20260618-011.yaml,documentation-curator,2.0.0,,Registered Documentation Curator role used without permission expansion for Phase 1A public physics status migration.,Migrate only the Phase 1A page pair.;Keep Phase 1B ontology page out of this packet.;Preserve exact-GR benchmark versus open derivation boundaries.;Keep generated HTML and GitHub-facing Markdown noncanonical.;Do not modify canonical science sources or physics claim status.,,,markdown/publication-briefs/exact-gr-benchmark-boundary.publication-brief.md;markdown/publication-briefs/aether-flow-physics-program.publication-brief.md;markdown/html-explainer-specs/exact-gr-benchmark-boundary-explainer.md;markdown/html-explainer-specs/aether-flow-physics-program-explainer.md;github-facing/exact-gr-benchmark-boundary-explainer.md;github-facing/aether-flow-physics-program-explainer.md;html/exact-gr-benchmark-boundary-explainer.html;html/aether-flow-physics-program-explainer.html;registries/*.csv;research_control/tasks/RT-20260618-011/**;wiki/indexes/**;wiki/markdown/**;wiki/html/**,false,AJ-RT-20260618-011-001,The user explicitly requested Phase 1 Public Physics Status implementation after Phase 0 approval gating.,false,PASS,2026-06-18T22:30:00Z,2026-06-18T22:48:00Z,Execution-role record completed for Phase 1A public physics status migration.
project-control-maintainer@0.1.0--RT-20260618-010,task_overlay,RT-20260618-010,AJ-RT-20260618-010-001,research_control/tasks/RT-20260618-010/roles/project-control-maintainer@0.1.0--RT-20260618-010.yaml,project-control-maintainer,0.1.0,,Project-Control Maintainer task overlay for Phase 0 Documentation Curator pilot-baseline verification and generated memory/wiki refresh.,Verify only the reviewed pilot baseline.;Do not create publication briefs or public page outputs in this transaction.;Keep corpus-wide migration blocked pending explicit user approval.;Repair pilot drift only if validation or source inspection detects drift.;Do not modify canonical science sources or physics claim status.,,project_control;registry;documentation_impact;generated_memory_derivative,registries/AGENT_JOB_REGISTRY.csv;registries/CLAIM_BOUNDARY_REGISTRY.csv;registries/DIRECTOR_DECISION_REGISTRY.csv;registries/RESEARCH_TASK_REGISTRY.csv;registries/ROLE_EXECUTION_REGISTRY.csv;registries/CONTENT_SEMANTIC_REGISTRY.csv;registries/CONTENT_SEMANTIC_REGISTRY.meta.json;registries/FILE_OBJECT_REGISTRY.csv;registries/FILE_OBJECT_REGISTRY.meta.json;registries/MARKDOWN_SOURCE_REGISTRY.csv;registries/OBJECT_RELATIONSHIP_REGISTRY.csv;registries/OBJECT_RELATIONSHIP_REGISTRY.meta.json;registries/OBSIDIAN_VAULT_REGISTRY.csv;registries/OBSIDIAN_VAULT_REGISTRY.meta.json;registries/WIKI_ARTIFACT_REGISTRY.csv;registries/WIKI_ARTIFACT_REGISTRY.meta.json;FOLDER_MAP.md;research_control/design/README.md;research_control/design/documentation_curator_corpus_migration_plan.md;research_control/tasks/RT-20260618-009/**;research_control/tasks/RT-20260618-010/**;wiki/indexes/**;wiki/markdown/md-readme-research-control-design.md;wiki/markdown/md-research-control-design-documentation-curator-corpus-migration-plan.md,false,AJ-RT-20260618-010-001,The user explicitly requested implementation of Phase 0 which the migration plan defines as pilot-baseline maintenance.,false,PASS,2026-06-18T22:16:00Z,2026-06-18T22:16:00Z,Execution-role overlay completed for Phase 0 pilot-baseline verification.
project-control-maintainer@0.1.0--RT-20260618-009,task_overlay,RT-20260618-009,AJ-RT-20260618-009-001,research_control/tasks/RT-20260618-009/roles/project-control-maintainer@0.1.0--RT-20260618-009.yaml,project-control-maintainer,0.1.0,,Project-Control Maintainer task overlay for a registered Documentation Curator corpus migration plan and generated memory/wiki refresh.,Create only a phased migration plan.;Do not create publication briefs or public page outputs in this transaction.;Keep corpus-wide migration blocked pending explicit user approval.;Preserve publication-brief registry as the sole active public-page control surface.;Do not modify canonical science sources or physics claim status.,,research_control_design;documentation_registry;registry;documentation_impact;generated_memory_derivative,research_control/design/documentation_curator_corpus_migration_plan.md;research_control/design/README.md;registries/AGENT_JOB_REGISTRY.csv;registries/CLAIM_BOUNDARY_REGISTRY.csv;registries/DIRECTOR_DECISION_REGISTRY.csv;registries/MARKDOWN_SOURCE_REGISTRY.csv;registries/RESEARCH_TASK_REGISTRY.csv;registries/ROLE_EXECUTION_REGISTRY.csv;registries/CONTENT_SEMANTIC_REGISTRY.csv;registries/CONTENT_SEMANTIC_REGISTRY.meta.json;registries/FILE_OBJECT_REGISTRY.csv;registries/FILE_OBJECT_REGISTRY.meta.json;registries/OBJECT_RELATIONSHIP_REGISTRY.csv;registries/OBJECT_RELATIONSHIP_REGISTRY.meta.json;registries/OBSIDIAN_VAULT_REGISTRY.csv;registries/OBSIDIAN_VAULT_REGISTRY.meta.json;registries/WIKI_ARTIFACT_REGISTRY.csv;registries/WIKI_ARTIFACT_REGISTRY.meta.json;FOLDER_MAP.md;wiki/indexes/**;wiki/markdown/md-readme-research-control-design.md;wiki/markdown/md-research-control-design-documentation-curator-corpus-migration-plan.md;research_control/tasks/RT-20260618-009/**,false,AJ-RT-20260618-009-001,The user requested a detailed phased migration plan saved in the project.,false,PASS,2026-06-18T22:00:01Z,2026-06-18T22:00:01Z,Execution-role overlay completed for corpus migration planning only.
project-control-maintainer@0.1.0--RT-20260618-008,task_overlay,RT-20260618-008,AJ-RT-20260618-008-001,research_control/tasks/RT-20260618-008/roles/project-control-maintainer@0.1.0--RT-20260618-008.yaml,project-control-maintainer,0.1.0,,Project-Control Maintainer task overlay with human-authorized one-job permission for retired explainer topic registry teaching-packet validator role schema skill derivative corpus bootstrap wiring documentation and test removal.,Keep only publication-brief-driven public explainer creation as active functionality.;Retain only Project Overview and Source Authority as reviewed public explainer pilots.;Delete deferred Visual Atlas/topic explainer triplets instead of leaving them as inactive fallbacks.;Remove teaching-loop process assets from the active repo.;Preserve historical research_control task records as immutable evidence.;Do not modify canonical science sources or physics claim status.,,role_contract;schema_contract;skill_contract;validator;test;registry;documentation_registry;publication_brief;explanatory_markdown;research_control_design;html_source_spec;html_visual_derivative;github_facing_markdown;documentation_impact;memory_tooling,README.md;markdown/README.md;markdown/html-explainer-specs/README.md;markdown/teaching-packets/**;.agents/roles/research_ops/documentation-curator.v2.0.0.md;.agents/roles/research_ops/documentation-student.v0.1.0.md;.agents/roles/research_ops/documentation-teacher.v0.1.0.md;.agents/schemas/TEACHING_QA_PACKET_SCHEMA.md;.codex/skills/aether-teaching-explainer/**;.codex/skills/html-visual-explainer/SKILL.md;.codex/skills/visual-explainer/SKILL.md;.codex/skills/project-memory-system/SKILL.md;.codex/skills/project-memory-system/scripts/bootstrap_memory_system.py;research_control/design/documentation_curator_publication_process.md;research_control/design/github_facing_explainer_contract.md;scripts/validate_publication_process.py;scripts/validate_teaching_qa.py;tests/test_publication_process_validation.py;tests/test_validate_teaching_qa.py;tests/test_memory_system.py;markdown/html-explainer-specs/*-explainer.md;github-facing/*-explainer.md;html/*-explainer.html;registries/*.csv;registries/*.meta.json;FOLDER_MAP.md;wiki/html/**;wiki/indexes/**;wiki/markdown/**;research_control/tasks/RT-20260618-006/jobs/AJ-RT-20260618-006-001.yaml;research_control/tasks/RT-20260618-006/jobs/completions/AJC-AJ-RT-20260618-006-001.yaml;research_control/tasks/RT-20260618-007/jobs/AJ-RT-20260618-007-001.yaml;research_control/tasks/RT-20260618-007/jobs/completions/AJC-AJ-RT-20260618-007-001.yaml;research_control/tasks/RT-20260618-008/**,true,AJ-RT-20260618-008-001,The user explicitly approved full removal of the retired explainer process and related files.,false,PASS,2026-06-18T21:12:26Z,2026-06-18T21:27:59Z,Execution-role overlay completed for retired explainer process removal.
project-control-maintainer@0.1.0--RT-20260618-007,task_overlay,RT-20260618-007,AJ-RT-20260618-007-001,research_control/tasks/RT-20260618-007/roles/project-control-maintainer@0.1.0--RT-20260618-007.yaml,project-control-maintainer,0.1.0,,Project-Control Maintainer task overlay with human-authorized one-job permission for Documentation Curator publication-process replacement validator deletion new validator implementation pilot rebuild screenshot QA registries role contracts and verification receipts.,Use the publication PRD as the implementation requirement source.;Remove prior active process machinery instead of reusing it.;Keep publication briefs and registered source specs as control authority before generated outputs.;Keep generated GitHub Markdown and HTML noncanonical.;Require explicit user approval before corpus-wide migration.;Do not modify canonical science sources or physics claim status.,,role_contract;skill_contract;validator;registry;documentation_registry;publication_brief;explanatory_markdown;research_control_design;html_source_spec;html_visual_derivative;github_facing_markdown;documentation_impact;memory_tooling,.agents/roles/research_ops/documentation-curator.v1.0.0.md;.agents/roles/research_ops/documentation-curator.v2.0.0.md;.codex/skills/html-visual-explainer/SKILL.md;.codex/skills/visual-explainer/SKILL.md;.codex/skills/project-memory-system/SKILL.md;.codex/skills/project-memory-system/scripts/bootstrap_memory_system.py;research_control/design/documentation_curator_publication_process.md;research_control/design/documentation_curator_visual_atlas_contract.md;research_control/design/github_facing_explainer_contract.md;scripts/validate_publication_process.py;tests/test_publication_process_validation.py;tests/test_memory_system.py;markdown/publication-briefs/**;markdown/html-explainer-specs/project-overview-explainer.md;markdown/html-explainer-specs/source-authority-explainer.md;github-facing/project-overview-explainer.md;github-facing/source-authority-explainer.md;html/project-overview-explainer.html;html/source-authority-explainer.html;registries/*.csv;registries/*.meta.json;FOLDER_MAP.md;wiki/html/**;wiki/indexes/**;wiki/markdown/**;research_control/tasks/RT-20260618-006/jobs/AJ-RT-20260618-006-001.yaml;research_control/tasks/RT-20260618-006/jobs/completions/AJC-AJ-RT-20260618-006-001.yaml;research_control/tasks/RT-20260618-007/**,true,AJ-RT-20260618-007-001,The user explicitly requested full implementation and verification of the publication-process PRD and explicitly required scrapping the previous active implementation.,false,PASS,2026-06-18T18:20:00Z,2026-06-18T18:20:00Z,Execution-role overlay completed for Documentation Curator publication-process replacement.
project-control-maintainer@0.1.0--RT-20260618-006,task_overlay,RT-20260618-006,AJ-RT-20260618-006-001,research_control/tasks/RT-20260618-006/roles/project-control-maintainer@0.1.0--RT-20260618-006.yaml,project-control-maintainer,0.1.0,,Project-Control Maintainer task overlay with human-authorized one-job permission for Documentation Curator Visual Atlas v2 implementation role registration validators source specs derivatives bootstrap integration and verification receipts.,Keep source specs and registries as authority before generated derivatives.;Register Documentation Curator v1.0.0 and supersede v0.9.0.;Keep Student and Teacher packets explanatory support only.;Require standalone tracked HTML with no external runtime.;Do not modify canonical science sources or physics claim status.,,role_contract;skill_contract;validator;registry;documentation_registry;explanatory_markdown;research_control_design;html_source_spec;html_visual_derivative;github_facing_markdown;teaching_qa_packet;documentation_impact;memory_tooling,.agents/roles/research_ops/documentation-curator.v0.9.0.md;.agents/roles/research_ops/documentation-curator.v1.0.0.md;.codex/skills/html-visual-explainer/SKILL.md;.codex/skills/visual-explainer/SKILL.md;.codex/skills/project-memory-system/SKILL.md;.codex/skills/project-memory-system/scripts/bootstrap_memory_system.py;research_control/design/documentation_curator_visual_atlas_contract.md;research_control/design/github_facing_explainer_contract.md;scripts/explainer_validation_lib.py;scripts/validate_explainer_topic_coverage.py;scripts/validate_explainer_parity.py;scripts/validate_standalone_html.py;scripts/validate_reader_first_docs.py;scripts/validate_explainer_diagrams.py;markdown/html-explainer-specs/*.md;markdown/teaching-packets/*.teaching-qa.md;github-facing/*.md;html/*.html;registries/*.csv;registries/*.meta.json;FOLDER_MAP.md;wiki/html/**;wiki/indexes/**;wiki/markdown/**;research_control/tasks/RT-20260618-006/**,true,AJ-RT-20260618-006-001,The user explicitly requested implementation and verification of all recommendations in the Documentation Curator system revamp plan.,false,PASS,2026-06-18T16:55:00Z,2026-06-18T16:55:00Z,Execution-role overlay completed for Documentation Curator Visual Atlas v2 implementation.
ontology-formalizer@0.2.0--RT-20260614-065,registered_role,RT-20260614-065,AJ-RT-20260614-065-001,research_control/tasks/RT-20260614-065/roles/ontology-formalizer@0.2.0--RT-20260614-065.yaml,ontology-formalizer,0.2.0,,Registered Ontology Formalizer role without permission expansion for one bounded source-only AtlasGlue_src^+ primitive draft.,Draft only the AtlasGlue_src^+ primitive interface selected by RT-20260614-064.;Use only source-side finite carrier coverage overlap transition-token compatibility and variation data.;Include definitions assumptions construction theorem proof finite witness counterexample exact failure mode and Distance-to-GR effect.;State a source-extension classification table for the primitive and preserve that adoption would require later audit stress and any required human gate.;Prohibit target topology target smooth atlas metric scale proper time empirical calibration benchmark solution structure validation-authority and source-authority laundering.;Completion must include expanded distance_to_gr_status new_mathematical_payload source primitive status and parent_child_synthesis.;Do not authorize AtlasGlue_src^+ adoption M_src adoption g_eff matter coupling Einstein equations benchmark promotion Gate Chair closure completed-derivation language future source-extension impossibility or global theory rejection.,,,research_control/program_state.yaml;research_control/tasks/RT-20260614-065/**;research_control/handoffs/handoff-0107.yaml;research_control/handoffs/handoff-0107.md;registries/AGENT_JOB_REGISTRY.csv;registries/DIRECTOR_DECISION_REGISTRY.csv;registries/RESEARCH_TASK_REGISTRY.csv;registries/ROLE_EXECUTION_REGISTRY.csv;registries/CLAIM_BOUNDARY_REGISTRY.csv;registries/TEX_SOURCE_REGISTRY.csv;registries/DISTANCE_TO_GR_LEDGER.csv,false,AJ-RT-20260614-065-001,,false,PASS,2026-06-18T16:07:45Z,2026-06-18T16:07:45Z,Execution-role record completed for AtlasGlue_src^+ source-only primitive formalization with adoption and downstream GR claim blocks preserved.
memory-system-maintainer@0.1.0--RT-20260618-005,task_overlay,RT-20260618-005,AJ-RT-20260618-005-001,research_control/tasks/RT-20260618-005/roles/memory-system-maintainer@0.1.0--RT-20260618-005.yaml,memory-system-maintainer,0.1.0,,Memory-System Maintainer task overlay for prospective memory preflight validator skill schema template documentation and retrieval freshness reporting.,Preserve Obsidian wiki notes semantic extracts SQLite memory index and .local as retrieval layers only.;Enforce memory_preflight receipts prospectively without invalidating historical AgentJobs.;Keep registered source hash mismatches as authoritative validation errors.;Expose stale local retrieval state only as warnings.;Do not modify canonical science sources or active physics program state.,,validator;test;skill_contract;schema_contract;template_contract;research_control_documentation;memory_tooling,.agents/schemas/AGENT_JOB_SCHEMA.md;.codex/skills/continue-research/SKILL.md;.codex/skills/improve-project-system/SKILL.md;.codex/skills/obsidian-wiki/SKILL.md;.codex/skills/project-memory-system/scripts/bootstrap_memory_system.py;.codex/skills/project-memory-system/scripts/obsidian_wiki_lib.py;research_control/README.md;research_control/templates/AGENT_JOB_TEMPLATE.yaml;research_control/templates/COMPLETION_TEMPLATE.yaml;scripts/research_control/validate_research_control.py;tests/test_obsidian_wiki.py;tests/test_research_control.py;registries/*.csv;research_control/tasks/RT-20260618-005/**,true,AJ-RT-20260618-005-001,The user explicitly requested the controlled memory preflight implementation as a small project-system improvement packet.,false,PASS,2026-06-18T15:41:47Z,2026-06-18T15:41:47Z,Execution-role overlay completed for controlled memory preflight enforcement.
documentation-curator@0.9.0--RT-20260618-004,registered_role,RT-20260618-004,AJ-RT-20260618-004-001,research_control/tasks/RT-20260618-004/roles/documentation-curator@0.9.0--RT-20260618-004.yaml,documentation-curator,0.9.0,,Registered Documentation Curator role used without permission expansion for a README Markdown syntax repair and derivative memory refresh.,Infer the human intent narrowly from the live README diff.;Repair only the malformed legacy-project link fragment.;Keep the legacy-project reference as plain text unless a future task authorizes a portable public link target.;Refresh generated registry and wiki surfaces only through bootstrap.;Do not modify canonical science sources role contracts skill contracts validators routing behavior or physics claim status.,,,README.md;registries/*.csv;research_control/tasks/RT-20260618-004/**,false,AJ-RT-20260618-004-001,The user reported a manual README edit; the deterministic classifier routed the live diff to Documentation Curator handling.,false,PASS,2026-06-18T14:31:20Z,2026-06-18T14:31:20Z,Execution-role record completed for README legacy-project link syntax repair.
theoretical-continuation-selector@0.1.0--RT-20260614-064,registered_role,RT-20260614-064,AJ-RT-20260614-064-001,research_control/tasks/RT-20260614-064/roles/theoretical-continuation-selector@0.1.0--RT-20260614-064.yaml,theoretical-continuation-selector,0.1.0,,Registered Theoretical Continuation Selector role without permission expansion for one bounded M_src AtlasGlue_src^+ packet-selection decision.,Select exactly one next packet type from the role contract.;Prefer a constructive source_manifold_m_src packet when available and preserve all M_src adoption g_eff matter coupling Einstein equations benchmark Gate Chair completed-derivation future source-extension impossibility and global rejection blocks.;Use parent_child_parallel_synthesis internally while keeping one outer AgentJob and one completion.;For a source_side_selector_primitive decision state the AtlasGlue_src^+ primitive target obligations and the downstream role that should attempt the draft/control construction.,,,research_control/program_state.yaml;research_control/tasks/RT-20260614-064/**;research_control/handoffs/handoff-0106.yaml;research_control/handoffs/handoff-0106.md;registries/AGENT_JOB_REGISTRY.csv;registries/DIRECTOR_DECISION_REGISTRY.csv;registries/RESEARCH_TASK_REGISTRY.csv;registries/ROLE_EXECUTION_REGISTRY.csv;registries/CLAIM_BOUNDARY_REGISTRY.csv;registries/DISTANCE_TO_GR_LEDGER.csv,false,AJ-RT-20260614-064-001,The latest handoff names several admissible source_manifold_m_src theoretical continuations after a scoped AtlasGlue_src^+ obstruction and requires one selector job instead of another generic obligation packet.,false,PASS,2026-06-18T05:13:39Z,2026-06-18T05:13:39Z,Execution-role record completed for the M_src theoretical selector with source-side AtlasGlue_src^+ primitive construction selected.
refuter@0.2.0--RT-20260614-063,registered_role,RT-20260614-063,AJ-RT-20260614-063-001,research_control/tasks/RT-20260614-063/roles/refuter@0.2.0--RT-20260614-063.yaml,refuter,0.2.0,,Registered Refuter role without permission expansion for one bounded stress test of the S_X^+ local source-chart germ and AtlasGlue_src^+ missing-primitive boundary.,Stress-test only the RT-20260614-062 audited local chart germ and directly relevant predecessor source-extension and M_src bridge artifacts.;Pressure chart-germ collapse target-atlas side-door imports transition-law nonuniqueness finite-variation fragility exact-branch overread response-label overread validation-authority laundering and bridge-ladder collapse.;Completion must include expanded distance_to_gr_status new_mathematical_payload loop_risk_decision freeze_criteria_status m_src_bridge_refuter_stress_result and parent_child_synthesis.;If stress opens multiple admissible theoretical packets route next to theoretical-continuation-selector rather than a generic Ontology Formalizer obligation packet.;Do not authorize M_src adoption g_eff matter coupling Einstein equations benchmark promotion Gate Chair closure completed-derivation language future source-extension impossibility or global theory rejection.,,,research_control/program_state.yaml;research_control/tasks/RT-20260614-063/**;research_control/handoffs/handoff-0105.yaml;research_control/handoffs/handoff-0105.md;registries/AGENT_JOB_REGISTRY.csv;registries/DIRECTOR_DECISION_REGISTRY.csv;registries/RESEARCH_TASK_REGISTRY.csv;registries/ROLE_EXECUTION_REGISTRY.csv;registries/CLAIM_BOUNDARY_REGISTRY.csv;registries/TEX_SOURCE_REGISTRY.csv;registries/DISTANCE_TO_GR_LEDGER.csv,false,AJ-RT-20260614-063-001,The latest tracked handoff requests one bounded Refuter stress test after the local M_src chart-germ smuggling audit.,false,PASS,2026-06-18T04:37:53Z,2026-06-18T04:37:53Z,Execution-role record completed for the M_src chart-germ Refuter stress test with selector routing and downstream GR claim blocks preserved.
smuggling-auditor@0.2.0--RT-20260614-062,registered_role,RT-20260614-062,AJ-RT-20260614-062-001,research_control/tasks/RT-20260614-062/roles/smuggling-auditor@0.2.0--RT-20260614-062.yaml,smuggling-auditor,0.2.0,,Registered Smuggling Auditor role without permission expansion for one bounded audit of the S_X^+ local source-chart germ and AtlasGlue_src^+ missing-primitive boundary.,Audit only the RT-20260614-061 local source-chart germ M_src^{loc-plus} and directly relevant predecessor source-extension adoption artifacts.;Screen hidden target-manifold import target-metric import proper-time import target observer protocol import calibration import metric-scale import matter-coupling import benchmark evidence validation-authority laundering authority-label laundering exact-branch inflation response-label overread and bridge-ladder collapse.;Completion must include expanded distance_to_gr_status new_mathematical_payload m_src_bridge_smuggling_audit_result and parent_child_synthesis while preserving that the local chart germ is not adopted M_src.;Do not authorize M_src adoption g_eff matter coupling Einstein equations benchmark promotion Gate Chair closure completed-derivation language future source-extension impossibility or global theory rejection.,,,research_control/program_state.yaml;research_control/tasks/RT-20260614-062/**;research_control/handoffs/handoff-0104.yaml;research_control/handoffs/handoff-0104.md;registries/AGENT_JOB_REGISTRY.csv;registries/DIRECTOR_DECISION_REGISTRY.csv;registries/RESEARCH_TASK_REGISTRY.csv;registries/ROLE_EXECUTION_REGISTRY.csv;registries/CLAIM_BOUNDARY_REGISTRY.csv;registries/TEX_SOURCE_REGISTRY.csv;registries/DISTANCE_TO_GR_LEDGER.csv,false,AJ-RT-20260614-062-001,The latest tracked handoff requests one bounded Smuggling Auditor review after the S_X^+ to local source-chart germ bridge attempt.,false,PASS,2026-06-18T04:24:01Z,2026-06-18T04:24:01Z,Execution-role record completed for the local M_src chart-germ smuggling audit with downstream GR claim blocks preserved.
candidate-constructor@0.2.0--RT-20260614-061,registered_role,RT-20260614-061,AJ-RT-20260614-061-001,research_control/tasks/RT-20260614-061/roles/candidate-constructor@0.2.0--RT-20260614-061.yaml,candidate-constructor,0.2.0,,Registered Candidate Constructor role without permission expansion for one bounded source_manifold_m_src bridge attempt from adopted S_X^+ response-extension input and retained exact source-localization evidence.,Construct only a draft/control bridge-facing source-manifold candidate or name the smallest missing primitive.;Use adopted S_X^+ only as response-extension input and retained ObsLoc_lc evidence only as exact-branch source-localization input.;Completion must include bridge_attempt_status expanded distance_to_gr_status new_mathematical_payload and parent_child_synthesis.;Do not authorize M_src adoption g_eff matter coupling Einstein equations benchmark promotion Gate Chair closure completed-derivation language future source-extension impossibility or global theory rejection.,,,research_control/program_state.yaml;research_control/tasks/RT-20260614-061/**;research_control/handoffs/handoff-0103.yaml;research_control/handoffs/handoff-0103.md;registries/AGENT_JOB_REGISTRY.csv;registries/DIRECTOR_DECISION_REGISTRY.csv;registries/RESEARCH_TASK_REGISTRY.csv;registries/ROLE_EXECUTION_REGISTRY.csv;registries/CLAIM_BOUNDARY_REGISTRY.csv;registries/TEX_SOURCE_REGISTRY.csv;registries/DISTANCE_TO_GR_LEDGER.csv,false,AJ-RT-20260614-061-001,The latest tracked handoff requests one bounded Candidate Constructor bridge attempt targeting source_manifold_m_src after Xi_X^R was adopted only as Resp_lc source-extension data.,false,PASS,2026-06-18T04:09:32Z,2026-06-18T04:09:32Z,Execution-role record completed for the S_X^+ to local source-chart germ bridge attempt.
memory-system-maintainer@0.1.0--RT-20260618-003,task_overlay,RT-20260618-003,AJ-RT-20260618-003-001,research_control/tasks/RT-20260618-003/roles/memory-system-maintainer@0.1.0--RT-20260618-003.yaml,memory-system-maintainer,0.1.0,,Memory-System Maintainer task overlay constrained to legacy ontology snapshot registration and explanatory live-versus-legacy ontology documentation.,Preserve ontology/ as the live mutable ontology lane.;Register legacy_ontology/ TeX PDF and Markdown objects as archival noncanonical snapshot material.;Use distinct LEGACY-ONTOLOGY object IDs so legacy rows cannot collide with live ontology rows.;Do not edit canonical ontology TeX or promote physics claims.,,archival_snapshot_source;legacy_ontology_registration;explanatory_markdown;focused_test,.codex/skills/project-memory-system/scripts/bootstrap_memory_system.py;README.md;legacy_ontology/**;ontology/README.md;ontology/tex/README.md;registries/README.md;registries/*.csv;tests/test_memory_system.py;research_control/tasks/RT-20260618-003/**,true,AJ-RT-20260618-003-001,The user explicitly requested a legacy ontology snapshot folder plus wiki PDF Markdown and CSV process updates.,false,PASS,2026-06-18T03:52:01Z,2026-06-18T03:52:01Z,Execution-role overlay completed for the legacy ontology snapshot and memory registration transaction.
gate-chair@0.1.0--RT-20260614-060,registered_role,RT-20260614-060,AJ-RT-20260614-060-001,research_control/tasks/RT-20260614-060/roles/gate-chair@0.1.0--RT-20260614-060.yaml,gate-chair,0.1.0,,Registered Gate Chair role used once after tracked user approval to decide the Xi_X^R Resp_lc source-extension adoption question without canonical ontology TeX edits or downstream GR promotion.,Decide only whether Xi_X^R may be adopted as an admissible source-extension datum for Resp_lc continuation.;Use only the RT-20260614-057 formalization RT-20260614-058 audit RT-20260614-059 stress result current handoff and tracked approval as authority.;Preserve that adoption is not a derivation from the old retained tuple S_X and does not erase the scoped S_X selector obstruction.;Do not authorize M_src g_eff matter coupling Einstein equations benchmark promotion completed-derivation language future source-extension impossibility global theory rejection or canonical ontology TeX edits.,canonical ontology TeX edit;benchmark promotion;Gate Chair closure or suspension beyond this source-extension adoption question,,research_control/program_state.yaml;research_control/approvals/approval-20260618-001.yaml;research_control/tasks/RT-20260614-060/**;research_control/handoffs/handoff-0102.yaml;research_control/handoffs/handoff-0102.md;registries/AGENT_JOB_REGISTRY.csv;registries/DIRECTOR_DECISION_REGISTRY.csv;registries/RESEARCH_TASK_REGISTRY.csv;registries/ROLE_EXECUTION_REGISTRY.csv;registries/CLAIM_BOUNDARY_REGISTRY.csv;registries/TEX_SOURCE_REGISTRY.csv;registries/DISTANCE_TO_GR_LEDGER.csv,false,AJ-RT-20260614-060-001,The user explicitly authorized the source-extension adoption question raised by handoff-0101 and RT-20260614-059.,false,PASS,2026-06-18T03:11:32Z,2026-06-18T03:11:32Z,Execution-role record completed for the human-approved Resp_lc source-extension adoption gate with downstream GR claim blocks preserved.
refuter@0.2.0--RT-20260614-059,registered_role,RT-20260614-059,AJ-RT-20260614-059-001,research_control/tasks/RT-20260614-059/roles/refuter@0.2.0--RT-20260614-059.yaml,refuter,0.2.0,,Registered Refuter role without permission expansion for a bounded Resp_lc source-extension candidate stress test.,Stress-test only the audited RT-20260614-057 Resp_lc source-extension candidate and directly relevant predecessor control artifacts.;Pressure extension-collapse tag-removal target-calibration independence no-target-import robustness source-extension adoption leakage and ontology overread.;Completion must include expanded distance_to_gr_status new_mathematical_payload loop_risk_decision freeze_criteria_status source_extension_refuter_stress_result and parent_child_synthesis.;If stress reaches protected source-extension adoption authority route to human_gated_ontology_change_required rather than another autonomous construction or promotion packet.;Do not authorize Resp_lc adoption source-extension adoption RetainH GenH M_src adoption g_eff matter coupling Einstein equations candidate reconstruction canonical ontology edit benchmark promotion Gate Chair review completed-derivation language future source-extension impossibility or global theory rejection.,,,research_control/program_state.yaml;research_control/tasks/RT-20260614-059/**;research_control/handoffs/handoff-0101.yaml;research_control/handoffs/handoff-0101.md;registries/AGENT_JOB_REGISTRY.csv;registries/DIRECTOR_DECISION_REGISTRY.csv;registries/RESEARCH_TASK_REGISTRY.csv;registries/ROLE_EXECUTION_REGISTRY.csv;registries/CLAIM_BOUNDARY_REGISTRY.csv;registries/TEX_SOURCE_REGISTRY.csv;registries/DISTANCE_TO_GR_LEDGER.csv,false,AJ-RT-20260614-059-001,The latest tracked handoff requests one bounded Refuter task after the Resp_lc source-extension candidate smuggling audit.,false,PASS,2026-06-18T03:02:00Z,2026-06-18T03:02:00Z,Execution-role record completed for Resp_lc source-extension candidate stress test with human-gated adoption and promotion blocks preserved.
smuggling-auditor@0.2.0--RT-20260614-058,registered_role,RT-20260614-058,AJ-RT-20260614-058-001,research_control/tasks/RT-20260614-058/roles/smuggling-auditor@0.2.0--RT-20260614-058.yaml,smuggling-auditor,0.2.0,,Registered Smuggling Auditor role without permission expansion for a bounded Resp_lc source-extension candidate hidden-import and adoption-leakage audit.,Audit only the RT-20260614-057 Resp_lc source-extension candidate and directly relevant predecessor control artifacts.;Screen target metric import target proper-time import target observer protocol import target calibration import matter-coupling import benchmark evidence import validation-authority laundering authority-label laundering ontology-overread and source-extension adoption leakage.;Completion must include expanded distance_to_gr_status new_mathematical_payload source_extension_smuggling_audit_result and parent_child_synthesis while preserving that the candidate is not adopted ontology.;Do not authorize Resp_lc adoption source-extension adoption RetainH GenH M_src adoption g_eff matter coupling Einstein equations candidate reconstruction canonical ontology edit benchmark promotion Gate Chair review completed-derivation language future source-extension impossibility or global theory rejection.,,,research_control/program_state.yaml;research_control/tasks/RT-20260614-058/**;research_control/handoffs/handoff-0100.yaml;research_control/handoffs/handoff-0100.md;registries/AGENT_JOB_REGISTRY.csv;registries/DIRECTOR_DECISION_REGISTRY.csv;registries/RESEARCH_TASK_REGISTRY.csv;registries/ROLE_EXECUTION_REGISTRY.csv;registries/CLAIM_BOUNDARY_REGISTRY.csv;registries/TEX_SOURCE_REGISTRY.csv;registries/DISTANCE_TO_GR_LEDGER.csv,false,AJ-RT-20260614-058-001,The latest tracked handoff requests one bounded Smuggling Auditor task after the Resp_lc source-extension candidate formalization.,false,PASS,2026-06-18T02:34:26Z,2026-06-18T02:34:26Z,Execution-role record completed for Resp_lc source-extension candidate smuggling audit with adoption and promotion blocks preserved.
ontology-formalizer@0.2.0--RT-20260614-057,registered_role,RT-20260614-057,AJ-RT-20260614-057-001,research_control/tasks/RT-20260614-057/roles/ontology-formalizer@0.2.0--RT-20260614-057.yaml,ontology-formalizer,0.2.0,,Registered Ontology Formalizer role without permission expansion for a bounded Resp_lc draft/control source-extension candidate formalization.,Formalize only the minimal source-extension candidate selected by RT-20260614-056.;Define candidate selector data o^R_X nu^R_X kappa^R_X as draft/control extension symbols and not as derived data from the current retained tuple.;Classify the packet as a conservative definitional extension candidate relative to an expanded source signature while preserving that ontology adoption would require later gates.;Prohibit target metric proper-time calibration target observer protocol matter-coupling benchmark validation-authority and Gate Chair imports.;Completion must include expanded distance_to_gr_status new_mathematical_payload source-extension classification and parent_child_synthesis.;Do not authorize Resp_lc adoption source-extension adoption RetainH GenH M_src adoption g_eff matter coupling Einstein equations candidate reconstruction canonical ontology edit benchmark promotion Gate Chair review completed-derivation language future source-extension impossibility or global theory rejection.,,,research_control/program_state.yaml;research_control/tasks/RT-20260614-057/**;research_control/handoffs/handoff-0099.yaml;research_control/handoffs/handoff-0099.md;registries/AGENT_JOB_REGISTRY.csv;registries/DIRECTOR_DECISION_REGISTRY.csv;registries/RESEARCH_TASK_REGISTRY.csv;registries/ROLE_EXECUTION_REGISTRY.csv;registries/CLAIM_BOUNDARY_REGISTRY.csv;registries/TEX_SOURCE_REGISTRY.csv;registries/DISTANCE_TO_GR_LEDGER.csv,false,AJ-RT-20260614-057-001,,false,PASS,2026-06-18T02:22:01Z,2026-06-18T02:22:01Z,Execution-role record completed for Resp_lc source-extension candidate formalization with promotion blocks preserved.
theoretical-continuation-selector@0.1.0--RT-20260614-056,registered_role,RT-20260614-056,AJ-RT-20260614-056-001,research_control/tasks/RT-20260614-056/roles/theoretical-continuation-selector@0.1.0--RT-20260614-056.yaml,theoretical-continuation-selector,0.1.0,,Registered Theoretical Continuation Selector role without permission expansion for one bounded Resp_lc post-finite-toy-freeze source-extension packet-selection decision.,Select exactly one next packet type from source_extension_candidate source_extension_human_gate human_gated_ontology_change_required or finite-toy route suspension.;Prefer a constructive non-promotional packet when available and preserve all canonical ontology benchmark Gate Chair candidate reconstruction completed-derivation future source-extension impossibility and global rejection blocks.;Use parent_child_parallel_synthesis internally while keeping one outer AgentJob and one completion.;For source-extension decisions state source_extension_category and source_extension_import_classification.;Do not authorize Resp_lc adoption source-extension adoption RetainH GenH M_src adoption g_eff matter coupling Einstein equations candidate reconstruction canonical ontology edit benchmark promotion Gate Chair review completed-derivation language future source-extension impossibility or global theory rejection.,,,research_control/program_state.yaml;research_control/tasks/RT-20260614-056/**;research_control/handoffs/handoff-0098.yaml;research_control/handoffs/handoff-0098.md;registries/AGENT_JOB_REGISTRY.csv;registries/DIRECTOR_DECISION_REGISTRY.csv;registries/RESEARCH_TASK_REGISTRY.csv;registries/ROLE_EXECUTION_REGISTRY.csv;registries/CLAIM_BOUNDARY_REGISTRY.csv;registries/DISTANCE_TO_GR_LEDGER.csv,false,AJ-RT-20260614-056-001,The latest tracked handoff requests one bounded Theoretical Continuation Selector task after the explicit-tag finite toy metric-response route failed tag-removal stress as a scoped obstruction.,false,PASS,2026-06-18T01:58:38Z,2026-06-18T01:58:38Z,Execution-role record completed for Resp_lc theoretical continuation selector with source-extension candidate selected and promotion blocks preserved.
refuter@0.2.0--RT-20260614-055,registered_role,RT-20260614-055,AJ-RT-20260614-055-001,research_control/tasks/RT-20260614-055/roles/refuter@0.2.0--RT-20260614-055.yaml,refuter,0.2.0,,Registered Refuter role without permission expansion for a bounded finite toy metric-response model tag-removal and finite-variation stress test.,Stress-test only the audited RT-20260614-053 finite toy metric-response model and directly relevant predecessor control artifacts.;Pressure tag-removal collapse finite tag perturbation robustness equivariant no-new-source-data totalization and relocation of the missing Resp_lc primitive into explicit toy tags.;Completion must include expanded distance_to_gr_status new_mathematical_payload loop_risk_decision freeze_criteria_status and parent_child_synthesis.;If the explicit-tag-only route fails as scoped obstruction route to a Theoretical Continuation Selector decision packet rather than another generic construction or audit packet.;Do not authorize Resp_lc adoption RetainH GenH M_src adoption g_eff matter coupling Einstein equations candidate reconstruction canonical ontology edit benchmark promotion Gate Chair review completed-derivation language future source-extension impossibility or global theory rejection.,,,research_control/program_state.yaml;research_control/tasks/RT-20260614-055/**;research_control/handoffs/handoff-0097.yaml;research_control/handoffs/handoff-0097.md;registries/AGENT_JOB_REGISTRY.csv;registries/DIRECTOR_DECISION_REGISTRY.csv;registries/RESEARCH_TASK_REGISTRY.csv;registries/ROLE_EXECUTION_REGISTRY.csv;registries/CLAIM_BOUNDARY_REGISTRY.csv;registries/TEX_SOURCE_REGISTRY.csv;registries/DISTANCE_TO_GR_LEDGER.csv,false,AJ-RT-20260614-055-001,The latest tracked handoff requests one bounded Refuter stress test after the finite toy metric-response model smuggling audit.,false,PASS,2026-06-18T01:24:12Z,2026-06-18T01:24:12Z,Execution-role record completed for Resp_lc finite toy metric-response model stress test with explicit-tag route freeze and promotion blocks preserved.
smuggling-auditor@0.2.0--RT-20260614-054,registered_role,RT-20260614-054,AJ-RT-20260614-054-001,research_control/tasks/RT-20260614-054/roles/smuggling-auditor@0.2.0--RT-20260614-054.yaml,smuggling-auditor,0.2.0,,Registered Smuggling Auditor role without permission expansion for a bounded finite toy metric-response model hidden-import and ontology-overread audit.,Audit only the RT-20260614-053 finite toy metric-response model and directly relevant predecessor control artifacts.;Screen target metric import proper-time import target observer import calibration import arbitrary sign or scale convention leakage matter-coupling import benchmark evidence import validation-authority inflation authority-label laundering tag-ontology adoption and finite toy model bridge-ladder collapse.;Completion must include expanded distance_to_gr_status new_mathematical_payload and parent_child_synthesis while preserving that the finite toy model is not an instantiated Resp_lc witness.;Do not authorize Resp_lc adoption RetainH GenH M_src adoption g_eff matter coupling Einstein equations candidate reconstruction canonical ontology edit benchmark promotion Gate Chair review completed-derivation language future source-extension impossibility or global theory rejection.,,,research_control/program_state.yaml;research_control/tasks/RT-20260614-054/**;research_control/handoffs/handoff-0096.yaml;research_control/handoffs/handoff-0096.md;registries/AGENT_JOB_REGISTRY.csv;registries/DIRECTOR_DECISION_REGISTRY.csv;registries/RESEARCH_TASK_REGISTRY.csv;registries/ROLE_EXECUTION_REGISTRY.csv;registries/CLAIM_BOUNDARY_REGISTRY.csv;registries/TEX_SOURCE_REGISTRY.csv;registries/DISTANCE_TO_GR_LEDGER.csv,false,AJ-RT-20260614-054-001,The latest tracked handoff requests one bounded Smuggling Auditor task after the finite toy metric-response model construction.,false,PASS,2026-06-18T01:06:20Z,2026-06-18T01:06:20Z,Execution-role record completed for Resp_lc finite toy metric-response model smuggling audit with tag-ontology and promotion blocks preserved.
candidate-constructor@0.2.0--RT-20260614-053,registered_role,RT-20260614-053,AJ-RT-20260614-053-001,research_control/tasks/RT-20260614-053/roles/candidate-constructor@0.2.0--RT-20260614-053.yaml,candidate-constructor,0.2.0,,Registered Candidate Constructor role without permission expansion for one bounded finite toy metric-response model construction.,Construct only a finite toy source-to-response model from explicit draft/control toy tags selected by RT-20260614-052.;Completion must include bridge_attempt_status expanded distance_to_gr_status new_mathematical_payload and parent_child_synthesis.;State that the model is draft/control scaffolding and does not adopt Resp_lc M_src g_eff matter coupling Einstein equations or benchmark status.;Do not authorize candidate reconstruction canonical ontology edit benchmark promotion Gate Chair review completed-derivation language future source-extension impossibility or global theory rejection.,,,research_control/program_state.yaml;research_control/tasks/RT-20260614-053/**;research_control/handoffs/handoff-0095.yaml;research_control/handoffs/handoff-0095.md;registries/AGENT_JOB_REGISTRY.csv;registries/DIRECTOR_DECISION_REGISTRY.csv;registries/RESEARCH_TASK_REGISTRY.csv;registries/ROLE_EXECUTION_REGISTRY.csv;registries/CLAIM_BOUNDARY_REGISTRY.csv;registries/TEX_SOURCE_REGISTRY.csv;registries/DISTANCE_TO_GR_LEDGER.csv,false,AJ-RT-20260614-053-001,The latest tracked handoff requests one bounded Candidate Constructor packet after finite_toy_metric_response_model was selected.,false,PASS,2026-06-18T00:54:37Z,2026-06-18T00:54:37Z,Execution-role record completed for finite toy metric-response model construction.
theoretical-continuation-selector@0.1.0--RT-20260614-052,registered_role,RT-20260614-052,AJ-RT-20260614-052-001,research_control/tasks/RT-20260614-052/roles/theoretical-continuation-selector@0.1.0--RT-20260614-052.yaml,theoretical-continuation-selector,0.1.0,,Registered Theoretical Continuation Selector role without permission expansion for one bounded Resp_lc finite toy metric-response packet-selection decision.,Select exactly one next packet type from the role contract.;Prefer a constructive packet when available and preserve all canonical ontology benchmark Gate Chair candidate reconstruction completed-derivation future source-extension impossibility and global rejection blocks.;Use parent_child_parallel_synthesis internally while keeping one outer AgentJob and one completion.;For finite_toy_metric_response_model decisions state the finite source set response relation metric-response analogue and invariance checks.,,,research_control/program_state.yaml;research_control/tasks/RT-20260614-052/**;research_control/handoffs/handoff-0094.yaml;research_control/handoffs/handoff-0094.md;registries/AGENT_JOB_REGISTRY.csv;registries/DIRECTOR_DECISION_REGISTRY.csv;registries/RESEARCH_TASK_REGISTRY.csv;registries/ROLE_EXECUTION_REGISTRY.csv;registries/CLAIM_BOUNDARY_REGISTRY.csv,false,AJ-RT-20260614-052-001,The latest handoff names several admissible theoretical continuation packets after a scoped Resp_lc selector obstruction and requires one selector job instead of another generic selector obligation.,false,PASS,2026-06-17T17:16:02Z,2026-06-17T17:16:02Z,Execution-role record completed for Resp_lc theoretical continuation selector finite toy metric-response packet selection.
validator-engineer@0.1.0--RT-20260617-003,task_overlay,RT-20260617-003,AJ-RT-20260617-003-001,research_control/tasks/RT-20260617-003/roles/validator-engineer@0.1.0--RT-20260617-003.yaml,validator-engineer,0.1.0,,Validator Engineer task overlay with human-authorized one-job permission for GR derivation roadmap ledger payload freeze source-extension and finite-toy target enforcement.,Implement only project-system controls from the review recommendations.;Do not execute physics research or alter scientific claim status.;Preserve historical AgentJobs and completions before the activation timestamp.;Keep source-extension and finite toy model packets draft/control until normal audit and gates.,,schema_contract;skill_contract;role_contract;control_template;validator;test;control_registry;project_control_design;explanatory_markdown;documentation_impact,AGENTS.md;README.md;research_control/AGENTS.md;research_control/README.md;research_control/design/gr_derivation_burden_map.md;.agents/roles/research_ops/director-of-research.v0.2.0.md;.agents/roles/physics/ontology-formalizer.v0.2.0.md;.agents/roles/physics/candidate-constructor.v0.2.0.md;.agents/roles/physics/refuter.v0.2.0.md;.agents/roles/physics/smuggling-auditor.v0.2.0.md;.agents/roles/physics/theoretical-continuation-selector.v0.1.0.md;.agents/schemas/AGENT_JOB_SCHEMA.md;.codex/skills/continue-research/SKILL.md;research_control/templates/AGENT_JOB_TEMPLATE.yaml;research_control/templates/COMPLETION_TEMPLATE.yaml;research_control/templates/DIRECTOR_DECISION_TEMPLATE.md;scripts/research_control/checkpoint_research_transaction.py;scripts/research_control/continue_research.py;scripts/research_control/validate_research_control.py;tests/test_research_control.py;registries/*.csv;research_control/tasks/RT-20260617-003/**,true,AJ-RT-20260617-003-001,The user explicitly required implementation of all review recommendations as a physics research-system improvement.,false,PASS,2026-06-17T15:46:25Z,2026-06-17T16:06:53Z,Execution-role record completed for GR derivation roadmap control implementation with checkpoint cache-staging repair.
refuter@0.2.0--RT-20260614-051,registered_role,RT-20260614-051,AJ-RT-20260614-051-001,research_control/tasks/RT-20260614-051/roles/refuter@0.2.0--RT-20260614-051.yaml,refuter,0.2.0,,Registered Refuter role without permission expansion for a bounded Resp_lc source-side selector no-go theorem stress test under bridge-or-fail loop-control.,Stress-test only the scoped RT-20260614-050 Resp_lc source-side selector no-go theorem and directly relevant upstream selector contract audit and obstruction artifacts.;Pressure theorem hypothesis strength arbitrary-convention loopholes source-extension counterexamples and promotion or global-rejection overread.;Classify the Refuter completion using exactly one loop-risk decision category and include parent_child_synthesis and distance_to_gr_status.;If the theorem survives only as a scoped obstruction route to a Theoretical Continuation Selector decision packet rather than another generic selector obligation packet.;Do not authorize Resp_lc adoption M_src adoption g_eff matter coupling Einstein equations Retain_H Gen_H candidate reconstruction canonical ontology edit benchmark promotion Gate Chair review completed-derivation language future source-extension impossibility or global theory rejection.,,,research_control/program_state.yaml;research_control/tasks/RT-20260614-051/**;research_control/handoffs/handoff-0093.yaml;research_control/handoffs/handoff-0093.md;registries/AGENT_JOB_REGISTRY.csv;registries/DIRECTOR_DECISION_REGISTRY.csv;registries/RESEARCH_TASK_REGISTRY.csv;registries/ROLE_EXECUTION_REGISTRY.csv;registries/CLAIM_BOUNDARY_REGISTRY.csv;registries/TEX_SOURCE_REGISTRY.csv,false,AJ-RT-20260614-051-001,,false,PASS,2026-06-17T06:37:06Z,2026-06-17T06:37:06Z,Execution-role record completed for Resp_lc source-side selector no-go theorem Refuter stress test with scoped obstruction and theoretical-selector route recommendation.
ontology-formalizer@0.2.0--RT-20260614-050,registered_role,RT-20260614-050,AJ-RT-20260614-050-001,research_control/tasks/RT-20260614-050/roles/ontology-formalizer@0.2.0--RT-20260614-050.yaml,ontology-formalizer,0.2.0,,Registered Ontology Formalizer role without permission expansion for a bounded Resp_lc source-side selector no-go theorem packet.,Formulate and test only the scoped source-side selector no-go theorem selected by RT-20260614-049.;Completion must include parent_child_synthesis new_mathematical_payload and distance_to_gr_status.;State explicit hypotheses source-only admissible operations forbidden imports theorem status and scoped limitations.;Treat the theorem as draft/control and scoped to the current retained tuple and audited no-target-import selector contract.;Do not authorize Resp_lc adoption Retain_H Gen_H M_src adoption g_eff matter coupling Einstein equations candidate reconstruction canonical ontology edit benchmark promotion Gate Chair review completed-derivation language global theory rejection or future source-extension impossibility.,,,research_control/program_state.yaml;research_control/tasks/RT-20260614-050/**;research_control/handoffs/handoff-0092.yaml;research_control/handoffs/handoff-0092.md;registries/AGENT_JOB_REGISTRY.csv;registries/DIRECTOR_DECISION_REGISTRY.csv;registries/RESEARCH_TASK_REGISTRY.csv;registries/ROLE_EXECUTION_REGISTRY.csv;registries/CLAIM_BOUNDARY_REGISTRY.csv;registries/TEX_SOURCE_REGISTRY.csv,false,AJ-RT-20260614-050-001,,false,PASS,2026-06-17T06:10:40Z,2026-06-17T06:10:40Z,Execution-role record completed for Resp_lc source-side selector no-go theorem packet with promotion blocks preserved.
theoretical-continuation-selector@0.1.0--RT-20260614-049,registered_role,RT-20260614-049,AJ-RT-20260614-049-001,research_control/tasks/RT-20260614-049/roles/theoretical-continuation-selector@0.1.0--RT-20260614-049.yaml,theoretical-continuation-selector,0.1.0,,Registered Theoretical Continuation Selector role without permission expansion for one bounded Resp_lc scoped no-go packet-selection decision.,Select exactly one next packet type from the role contract.;Preserve all canonical ontology benchmark Gate Chair candidate reconstruction completed-derivation and global rejection blocks.;Use parent_child_parallel_synthesis internally while keeping one outer AgentJob and one completion.,,,research_control/program_state.yaml;research_control/tasks/RT-20260614-049/**;research_control/handoffs/handoff-0091.yaml;research_control/handoffs/handoff-0091.md;registries/AGENT_JOB_REGISTRY.csv;registries/DIRECTOR_DECISION_REGISTRY.csv;registries/RESEARCH_TASK_REGISTRY.csv;registries/ROLE_EXECUTION_REGISTRY.csv;registries/CLAIM_BOUNDARY_REGISTRY.csv,false,AJ-RT-20260614-049-001,The latest handoff names several admissible theoretical continuation packets after the selector-instantiation scoped obstruction and requires one selector job instead of another generic selector obligation.,false,PASS,2026-06-17T05:53:09Z,2026-06-17T05:53:09Z,Execution-role record completed for Resp_lc theoretical continuation selector scoped no-go packet selection.
refuter@0.2.0--RT-20260614-048,registered_role,RT-20260614-048,AJ-RT-20260614-048-001,research_control/tasks/RT-20260614-048/roles/refuter@0.2.0--RT-20260614-048.yaml,refuter,0.2.0,,Registered Refuter role without permission expansion for a bounded Resp_lc source-side selector instantiation stress test under bridge-or-fail loop-control.,Stress-test only the audited RT-20260614-047 Resp_lc source-side selector contract path and directly relevant upstream Resp_lc obstruction selector and audit artifacts.;Pressure whether a source-only selector triple o^R_X nu^R_X kappa^R_X can be instantiated from retained source data without target metric observer calibration matter-coupling benchmark validation-authority or role-authority import.;Classify the Refuter completion using exactly one loop-risk decision category and include parent_child_synthesis and distance_to_gr_status.;If selector instantiation remains blocked without a new payload route to a Theoretical Continuation Selector decision packet rather than another generic selector obligation packet.;Do not authorize Resp_lc adoption M_src adoption g_eff matter coupling Einstein equations Retain_H Gen_H candidate reconstruction canonical ontology edit benchmark promotion Gate Chair review completed-derivation language or global theory rejection.,,,research_control/program_state.yaml;research_control/tasks/RT-20260614-048/**;research_control/handoffs/handoff-0090.yaml;research_control/handoffs/handoff-0090.md;registries/AGENT_JOB_REGISTRY.csv;registries/DIRECTOR_DECISION_REGISTRY.csv;registries/RESEARCH_TASK_REGISTRY.csv;registries/ROLE_EXECUTION_REGISTRY.csv;registries/CLAIM_BOUNDARY_REGISTRY.csv;registries/TEX_SOURCE_REGISTRY.csv,false,AJ-RT-20260614-048-001,,false,PASS,2026-06-17T05:40:52Z,2026-06-17T05:40:52Z,Execution-role record completed for Resp_lc source-side selector instantiation Refuter stress test with scoped obstruction and selector-route recommendation.
smuggling-auditor@0.2.0--RT-20260614-047,registered_role,RT-20260614-047,AJ-RT-20260614-047-001,research_control/tasks/RT-20260614-047/roles/smuggling-auditor@0.2.0--RT-20260614-047.yaml,smuggling-auditor,0.2.0,,Registered Smuggling Auditor role without permission expansion for a bounded Resp_lc source-side selector primitive contract hidden-import audit.,Audit only the RT-20260614-046 draft/control Resp_lc source-side selector primitive contract and directly relevant upstream Resp_lc obstruction artifacts.;Screen hidden target metric import target observer import target calibration import matter-coupling import benchmark evidence import validation-authority inflation authority-label laundering selector-adoption inflation and bridge-ladder collapse.;Completion must include parent_child_synthesis and distance_to_gr_status while preserving that the selector contract is not an instantiated Resp_lc witness.;Do not authorize Resp_lc adoption Retain_H Gen_H M_src adoption g_eff matter coupling Einstein equations candidate reconstruction canonical ontology edit benchmark promotion Gate Chair review completed-derivation language or global theory rejection.,,,research_control/program_state.yaml;research_control/tasks/RT-20260614-047/**;research_control/handoffs/handoff-0089.yaml;research_control/handoffs/handoff-0089.md;registries/AGENT_JOB_REGISTRY.csv;registries/DIRECTOR_DECISION_REGISTRY.csv;registries/RESEARCH_TASK_REGISTRY.csv;registries/ROLE_EXECUTION_REGISTRY.csv;registries/CLAIM_BOUNDARY_REGISTRY.csv;registries/TEX_SOURCE_REGISTRY.csv,false,AJ-RT-20260614-047-001,,false,PASS,2026-06-17T05:28:00Z,2026-06-17T05:28:00Z,Execution-role record completed for Resp_lc source-side selector primitive smuggling audit with instantiation and promotion blocks preserved.
ontology-formalizer@0.2.0--RT-20260614-046,registered_role,RT-20260614-046,AJ-RT-20260614-046-001,research_control/tasks/RT-20260614-046/roles/ontology-formalizer@0.2.0--RT-20260614-046.yaml,ontology-formalizer,0.2.0,,Registered Ontology Formalizer role without permission expansion for a bounded Resp_lc source-side selector primitive packet.,Define only a draft/control source-side selector primitive contract for Resp_lc sign orientation scale normalization and response-token semantics.;Completion must include parent_child_synthesis new_mathematical_payload and distance_to_gr_status.;State explicitly whether the currently retained source tuple instantiates the selector primitive.;Treat selector objects as draft/control only and not as adopted source ontology or effective metric evidence.;Do not authorize Resp_lc adoption Retain_H Gen_H M_src adoption g_eff matter coupling Einstein equations candidate reconstruction canonical ontology edit benchmark promotion Gate Chair review completed-derivation language or global theory rejection.,,,research_control/program_state.yaml;research_control/tasks/RT-20260614-046/**;research_control/handoffs/handoff-0088.yaml;research_control/handoffs/handoff-0088.md;registries/AGENT_JOB_REGISTRY.csv;registries/DIRECTOR_DECISION_REGISTRY.csv;registries/RESEARCH_TASK_REGISTRY.csv;registries/ROLE_EXECUTION_REGISTRY.csv;registries/CLAIM_BOUNDARY_REGISTRY.csv;registries/TEX_SOURCE_REGISTRY.csv,false,AJ-RT-20260614-046-001,,false,PASS,2026-06-17T05:16:13Z,2026-06-17T05:16:13Z,Execution-role record completed for Resp_lc source-side selector primitive packet with promotion blocks preserved.
ontology-formalizer@0.2.0--RT-20260614-045,registered_role,RT-20260614-045,AJ-RT-20260614-045-001,research_control/tasks/RT-20260614-045/roles/ontology-formalizer@0.2.0--RT-20260614-045.yaml,ontology-formalizer,0.2.0,,Registered Ontology Formalizer role without permission expansion for a bounded Resp_lc source-side irrelevance theorem formulation and test.,Formulate and test only the source-side irrelevance theorem selected by RT-20260614-044.;Completion must include parent_child_synthesis new_mathematical_payload and distance_to_gr_status.;Treat quotient objects and selector-primitive recommendations as draft/control only and not as adopted source ontology or effective metric evidence.;Do not authorize Resp_lc adoption Retain_H Gen_H M_src adoption g_eff matter coupling Einstein equations candidate reconstruction canonical ontology edit benchmark promotion Gate Chair review completed-derivation language or global theory rejection.,,,research_control/program_state.yaml;research_control/tasks/RT-20260614-045/**;research_control/handoffs/handoff-0087.yaml;research_control/handoffs/handoff-0087.md;registries/AGENT_JOB_REGISTRY.csv;registries/DIRECTOR_DECISION_REGISTRY.csv;registries/RESEARCH_TASK_REGISTRY.csv;registries/ROLE_EXECUTION_REGISTRY.csv;registries/CLAIM_BOUNDARY_REGISTRY.csv;registries/TEX_SOURCE_REGISTRY.csv,false,AJ-RT-20260614-045-001,,false,PASS,2026-06-17T05:04:43Z,2026-06-17T05:04:43Z,Execution-role record completed for Resp_lc source-side irrelevance theorem test with promotion blocks preserved.
theoretical-continuation-selector@0.1.0--RT-20260614-044,registered_role,RT-20260614-044,AJ-RT-20260614-044-001,research_control/tasks/RT-20260614-044/roles/theoretical-continuation-selector@0.1.0--RT-20260614-044.yaml,theoretical-continuation-selector,0.1.0,,Registered Theoretical Continuation Selector role without permission expansion for one bounded Resp_lc packet-selection decision.,Select exactly one next packet type from the role contract.;Preserve all canonical ontology benchmark Gate Chair candidate reconstruction completed-derivation and global rejection blocks.;Use parent_child_parallel_synthesis internally while keeping one outer AgentJob and one completion.,,,research_control/program_state.yaml;research_control/tasks/RT-20260614-044/**;research_control/handoffs/handoff-0086.yaml;research_control/handoffs/handoff-0086.md;registries/AGENT_JOB_REGISTRY.csv;registries/DIRECTOR_DECISION_REGISTRY.csv;registries/RESEARCH_TASK_REGISTRY.csv;registries/ROLE_EXECUTION_REGISTRY.csv;registries/CLAIM_BOUNDARY_REGISTRY.csv,false,AJ-RT-20260614-044-001,The latest handoff names several admissible theoretical continuation packets and the future pause-gate policy requires a selector job instead of generic controlled pause.,false,PASS,2026-06-17T04:48:17Z,2026-06-17T04:48:17Z,Execution-role record completed for Resp_lc theoretical continuation selector.
validator-engineer@0.1.0--RT-20260617-002,task_overlay,RT-20260617-002,AJ-RT-20260617-002-001,research_control/tasks/RT-20260617-002/roles/validator-engineer@0.1.0--RT-20260617-002.yaml,validator-engineer,0.1.0,,Validator Engineer task overlay with human-authorized one-job permission for theoretical continuation pause-gate policy enforcement and Theoretical Continuation Selector role registration.,Reserve future pause-like physics routing for protected human-gated ontology authority.;Route theoretical uncertainty to theoretical-continuation-selector rather than generic controlled pause.;Preserve historical controlled-pause records before the activation timestamp.;Do not execute physics research or alter scientific claim status.,,schema_contract;skill_contract;role_contract;role_contract_synchronization;permanent role registration;control_template;validator;test;explanatory_markdown;documentation_impact,AGENTS.md;research_control/AGENTS.md;.agents/roles/research_ops/director-of-research.v0.2.0.md;.agents/roles/physics/theoretical-continuation-selector.v0.1.0.md;.agents/schemas/AGENT_JOB_SCHEMA.md;.codex/skills/continue-research/SKILL.md;README.md;research_control/README.md;research_control/templates/COMPLETION_TEMPLATE.yaml;research_control/templates/DIRECTOR_DECISION_TEMPLATE.md;scripts/research_control/continue_research.py;scripts/research_control/validate_research_control.py;tests/test_research_control.py;research_control/tasks/RT-20260617-002/**;registries/AGENT_ROLE_REGISTRY.csv;registries/RESEARCH_TASK_REGISTRY.csv;registries/DIRECTOR_DECISION_REGISTRY.csv;registries/AGENT_JOB_REGISTRY.csv;registries/ROLE_EXECUTION_REGISTRY.csv;registries/CLAIM_BOUNDARY_REGISTRY.csv;registries/MARKDOWN_SOURCE_REGISTRY.csv,true,AJ-RT-20260617-002-001,The user explicitly required that future project research pause only for human-gated ontology authority and that theoretical uncertainty be routed to a decision role.,false,PASS,2026-06-17T04:29:31Z,2026-06-17T04:29:31Z,Execution-role record completed for theoretical continuation pause-gate policy enforcement.
validator-engineer@0.1.0--RT-20260617-001,task_overlay,RT-20260617-001,AJ-RT-20260617-001-001,research_control/tasks/RT-20260617-001/roles/validator-engineer@0.1.0--RT-20260617-001.yaml,validator-engineer,0.1.0,,Validator Engineer task overlay with human-authorized one-job permission for mandatory parent-child continue-research policy enforcement across validator schema skill role contract template tests and source documentation.,Make parent_child_parallel_synthesis mandatory for future physics continue-research AgentJobs created after the activation timestamp.;Preserve historical AgentJobs before the activation timestamp.;Do not execute physics research or alter scientific claim status.,,schema_contract;skill_contract;role_contract;control_template;validator;test;explanatory_markdown;documentation_impact,.agents/roles/research_ops/director-of-research.v0.2.0.md;.agents/schemas/AGENT_JOB_SCHEMA.md;.agents/schemas/EXECUTION_ROLE_SCHEMA.md;.codex/skills/continue-research/SKILL.md;README.md;research_control/README.md;research_control/templates/DIRECTOR_DECISION_TEMPLATE.md;scripts/research_control/validate_research_control.py;tests/test_research_control.py;research_control/tasks/RT-20260617-001/**;registries/RESEARCH_TASK_REGISTRY.csv;registries/DIRECTOR_DECISION_REGISTRY.csv;registries/AGENT_JOB_REGISTRY.csv;registries/ROLE_EXECUTION_REGISTRY.csv;registries/CLAIM_BOUNDARY_REGISTRY.csv;registries/MARKDOWN_SOURCE_REGISTRY.csv,true,AJ-RT-20260617-001-001,The user explicitly required parent-child perspective synthesis for every future continue-research physics task.,false,PASS,2026-06-17T04:09:41Z,2026-06-17T04:09:41Z,Execution-role record completed for mandatory parent-child continue-research policy enforcement.
refuter@0.2.0--RT-20260614-043,registered_role,RT-20260614-043,AJ-RT-20260614-043-001,research_control/tasks/RT-20260614-043/roles/refuter@0.2.0--RT-20260614-043.yaml,refuter,0.2.0,,Registered Refuter role without permission expansion for a bounded Resp_lc source-response obstruction theorem stress test under bridge-or-fail loop-control.,Stress-test only the RT-20260614-042 Resp_lc source-response obstruction theorem and already-tracked exact source observer/readout data.;Pressure sign selection scale selection response-token semantics possible gauge or irrelevance escapes authority-label overread bridge-ladder collapse and premature promotion.;Classify the Refuter completion using exactly one loop-risk decision category and include distance_to_gr_status.;If the scoped obstruction survives without new payload recommend controlled pause rather than another generic obligation packet.;Do not authorize Resp_lc adoption M_src adoption g_eff matter coupling Einstein equations Retain_H Gen_H candidate reconstruction canonical ontology edit benchmark promotion Gate Chair review completed-derivation language or global theory rejection.,,,research_control/program_state.yaml;research_control/tasks/RT-20260614-043/**;research_control/handoffs/handoff-0085.yaml;research_control/handoffs/handoff-0085.md;registries/AGENT_JOB_REGISTRY.csv;registries/DIRECTOR_DECISION_REGISTRY.csv;registries/RESEARCH_TASK_REGISTRY.csv;registries/ROLE_EXECUTION_REGISTRY.csv;registries/CLAIM_BOUNDARY_REGISTRY.csv;registries/TEX_SOURCE_REGISTRY.csv,false,AJ-RT-20260614-043-001,,false,PASS,2026-06-17T03:53:15Z,2026-06-17T03:53:15Z,Execution-role record completed for Resp_lc obstruction theorem Refuter stress test with controlled-pause recommendation.
validator-engineer@0.1.0--RT-20260616-002,task_overlay,RT-20260616-002,AJ-RT-20260616-002-001,research_control/tasks/RT-20260616-002/roles/validator-engineer@0.1.0--RT-20260616-002.yaml,validator-engineer,0.1.0,,Validator Engineer task overlay with human-authorized one-job permission for parent-child perspective synthesis schema contract validator behavior continuation policy templates tests and documentation-impact receipts.,Implement only optional project-control behavior and do not invalidate historical AgentJobs without role_decomposition.;Do not execute a physics AgentJob inside this project-system transaction.;Do not modify canonical science sources or promote physics claims.,,schema_contract;skill_contract;control_template;validator;test;documentation_impact,.agents/schemas/AGENT_JOB_SCHEMA.md;.agents/schemas/EXECUTION_ROLE_SCHEMA.md;.codex/skills/continue-research/SKILL.md;research_control/templates/COMPLETION_TEMPLATE.yaml;research_control/templates/DIRECTOR_DECISION_TEMPLATE.md;research_control/templates/PARENT_CHILD_CONFLICT_REVIEW_TEMPLATE.yaml;research_control/approvals/approval-20260616-002.yaml;research_control/tasks/RT-20260616-002/**;scripts/research_control/validate_research_control.py;scripts/research_control/continue_research.py;tests/test_research_control.py;registries/RESEARCH_TASK_REGISTRY.csv;registries/DIRECTOR_DECISION_REGISTRY.csv;registries/AGENT_JOB_REGISTRY.csv;registries/ROLE_EXECUTION_REGISTRY.csv;registries/CLAIM_BOUNDARY_REGISTRY.csv;registries/MARKDOWN_SOURCE_REGISTRY.csv,true,AJ-RT-20260616-002-001,The user explicitly requested implementation of all parent-child research-role recommendations as project functionality.,false,PASS,2026-06-17T01:23:00Z,2026-06-17T01:23:00Z,Execution-role record completed for parent-child research-role system implementation.
documentation-curator@0.7.0--RT-20260616-003,registered_role,RT-20260616-003,AJ-RT-20260616-003-001,research_control/tasks/RT-20260616-003/roles/documentation-curator@0.7.0--RT-20260616-003.yaml,documentation-curator,0.7.0,,Registered Documentation Curator role without permission expansion for parent-child research-role documentation synchronization.,Edit explanatory Markdown and registered source specs before generated HTML derivative refresh.;Keep generated HTML human-only and non-authoritative.;Do not alter schemas validators role contracts skills scripts tests or physics claim status.,,,README.md;research_control/README.md;markdown/html-explainer-specs/research-agent-workflow-explainer.md;markdown/html-explainer-specs/role-routing-explainer.md;markdown/html-explainer-specs/research-control-system-explainer.md;github-facing/research-agent-workflow-explainer.md;github-facing/role-routing-explainer.md;github-facing/research-control-system-explainer.md;html/research-agent-workflow-explainer.html;html/role-routing-explainer.html;html/research-control-system-explainer.html;research_control/tasks/RT-20260616-003/**;registries/RESEARCH_TASK_REGISTRY.csv;registries/DIRECTOR_DECISION_REGISTRY.csv;registries/AGENT_JOB_REGISTRY.csv;registries/ROLE_EXECUTION_REGISTRY.csv;registries/CLAIM_BOUNDARY_REGISTRY.csv;registries/MARKDOWN_SOURCE_REGISTRY.csv;registries/HTML_EXPLAINER_REGISTRY.csv,false,AJ-RT-20260616-003-001,The user explicitly requested a Documentation Curator pass to pay documentation debt after RT-20260616-002.,false,PASS,2026-06-17T02:01:37Z,2026-06-17T02:01:37Z,Execution-role record completed for parent-child research-role documentation synchronization.
ontology-formalizer@0.2.0--RT-20260614-042,registered_role,RT-20260614-042,AJ-RT-20260614-042-001,research_control/tasks/RT-20260614-042/roles/ontology-formalizer@0.2.0--RT-20260614-042.yaml,ontology-formalizer,0.2.0,,Registered Ontology Formalizer role without permission expansion for a bounded Resp_lc source-response witness or obstruction theorem from the retained exact source observer/readout tuple.,Construct only a source-side Resp_lc witness or obstruction theorem from the RT-20260614-041 retained exact source observer/readout tuple.;Completion must include new_mathematical_payload and distance_to_gr_status.;Treat any Resp_lc syntax as draft/control only and not as adopted source ontology or effective metric evidence.;Do not authorize Retain_H Gen_H M_src adoption g_eff matter coupling Einstein equations candidate reconstruction canonical ontology edit benchmark promotion Gate Chair review completed-derivation language or global theory rejection.,,,research_control/program_state.yaml;research_control/tasks/RT-20260614-042/**;research_control/handoffs/handoff-0084.yaml;research_control/handoffs/handoff-0084.md;registries/AGENT_JOB_REGISTRY.csv;registries/DIRECTOR_DECISION_REGISTRY.csv;registries/RESEARCH_TASK_REGISTRY.csv;registries/ROLE_EXECUTION_REGISTRY.csv;registries/CLAIM_BOUNDARY_REGISTRY.csv;registries/TEX_SOURCE_REGISTRY.csv,false,AJ-RT-20260614-042-001,,false,PASS,2026-06-17T03:42:04Z,2026-06-17T03:42:04Z,Execution-role record completed for Resp_lc source-response obstruction theorem with promotion blocks preserved.
candidate-constructor@0.2.0--RT-20260614-041,registered_role,RT-20260614-041,AJ-RT-20260614-041-001,research_control/tasks/RT-20260614-041/roles/candidate-constructor@0.2.0--RT-20260614-041.yaml,candidate-constructor,0.2.0,,Registered Candidate Constructor role without permission expansion for a bounded metric-response-law bridge attempt from the retained exact source observer/readout tuple.,Attempt only the source-to-metric interpretation or response-law bridge from the RT-20260614-040 stress-retained exact source observer/readout tuple.;Completion must include bridge_attempt_status with a candidate map or a named missing primitive and must include distance_to_gr_status.;Treat the attempted M_src schema and any missing primitive name as draft/control only and not as adopted source ontology or effective metric evidence.;Do not authorize Retain_H Gen_H downstream metric bridge claims candidate reconstruction canonical ontology edit benchmark promotion Gate Chair review completed-derivation language or global theory rejection.,,,research_control/program_state.yaml;research_control/tasks/RT-20260614-041/**;research_control/handoffs/handoff-0083.yaml;research_control/handoffs/handoff-0083.md;registries/AGENT_JOB_REGISTRY.csv;registries/DIRECTOR_DECISION_REGISTRY.csv;registries/RESEARCH_TASK_REGISTRY.csv;registries/ROLE_EXECUTION_REGISTRY.csv;registries/CLAIM_BOUNDARY_REGISTRY.csv;registries/TEX_SOURCE_REGISTRY.csv,false,AJ-RT-20260614-041-001,,false,PASS,2026-06-17T02:14:43Z,2026-06-17T02:14:43Z,Execution-role record completed for exact source observer/readout metric-response-law bridge attempt.
refuter@0.2.0--RT-20260614-040,registered_role,RT-20260614-040,AJ-RT-20260614-040-001,research_control/tasks/RT-20260614-040/roles/refuter@0.2.0--RT-20260614-040.yaml,refuter,0.2.0,,Registered Refuter role without permission expansion for the audited exact-branch source observer-readout bridge map stress test under bridge-or-fail loop-control.,Stress-test only the audited RT-20260614-038 B_obs^= map the RT-20260614-039 Smuggling Auditor local exact-branch source-purity pass and directly relevant upstream ObsLoc_lc control artifacts.;Pressure exact-branch brittleness readout substitution observer-protocol overread quotient and relaxed-transport gaps missing inverse histories metric-response-law absence authority-label overread bridge-ladder collapse and premature promotion.;Classify the Refuter completion using exactly one loop-risk decision category and include distance_to_gr_status.;Allow at most draft/control retention local block bridge-facing classification or a bounded bridge-or-fail next-state recommendation.;Do not authorize source-to-metric law adoption Retain_H Gen_H candidate reconstruction canonical ontology edit benchmark promotion Gate Chair review completed-derivation language or global theory rejection.,,,research_control/program_state.yaml;research_control/tasks/RT-20260614-040/**;research_control/handoffs/handoff-0082.yaml;research_control/handoffs/handoff-0082.md;registries/AGENT_JOB_REGISTRY.csv;registries/DIRECTOR_DECISION_REGISTRY.csv;registries/RESEARCH_TASK_REGISTRY.csv;registries/ROLE_EXECUTION_REGISTRY.csv;registries/CLAIM_BOUNDARY_REGISTRY.csv;registries/TEX_SOURCE_REGISTRY.csv,false,AJ-RT-20260614-040-001,,false,PASS,2026-06-17T00:46:41Z,2026-06-17T00:46:41Z,Execution-role record completed for exact-branch source observer-readout bridge map Refuter stress test.
smuggling-auditor@0.2.0--RT-20260614-039,registered_role,RT-20260614-039,AJ-RT-20260614-039-001,research_control/tasks/RT-20260614-039/roles/smuggling-auditor@0.2.0--RT-20260614-039.yaml,smuggling-auditor,0.2.0,,Registered Smuggling Auditor role without permission expansion for a bounded exact-branch source observer-readout bridge map hidden-import and status-inflation audit.,Audit only the RT-20260614-038 exact-branch source observer-readout bridge map B_obs^= and directly relevant upstream ObsLoc_lc control artifacts.;Screen hidden target metric import observer-protocol import readout substitution exact-branch status inflation validation-authority inflation and bridge-ladder collapse.;Completion must include distance_to_gr_status and preserve the exact-branch and source-only qualifiers.;Do not authorize Retain_H Gen_H source-to-metric law construction g_eff matter coupling Einstein equations candidate reconstruction canonical ontology edit benchmark promotion Gate Chair review completed-derivation language or global theory rejection.,,,research_control/program_state.yaml;research_control/tasks/RT-20260614-039/**;research_control/handoffs/handoff-0081.yaml;research_control/handoffs/handoff-0081.md;registries/AGENT_JOB_REGISTRY.csv;registries/DIRECTOR_DECISION_REGISTRY.csv;registries/RESEARCH_TASK_REGISTRY.csv;registries/ROLE_EXECUTION_REGISTRY.csv;registries/CLAIM_BOUNDARY_REGISTRY.csv;registries/TEX_SOURCE_REGISTRY.csv,false,AJ-RT-20260614-039-001,,false,PASS,2026-06-17T00:24:14Z,2026-06-17T00:24:14Z,Execution-role record completed for exact-branch source observer-readout bridge map smuggling audit.
candidate-constructor@0.2.0--RT-20260614-038,registered_role,RT-20260614-038,AJ-RT-20260614-038-001,research_control/tasks/RT-20260614-038/roles/candidate-constructor@0.2.0--RT-20260614-038.yaml,candidate-constructor,0.2.0,,Registered Candidate Constructor role without permission expansion for a bounded observer-readout bridge attempt using the audited exact ObsLoc_lc witness.,Attempt only the exact-branch source observer-readout bridge from the audited RT-20260614-037 ObsLoc_lc witness.;Completion must include bridge_attempt_status with a candidate map or a named missing primitive and must include distance_to_gr_status.;Treat the exact source observer-readout map as draft/control only and not as effective metric evidence.;Do not authorize Retain_H Gen_H downstream metric bridge claims candidate reconstruction canonical ontology edit benchmark promotion Gate Chair review completed-derivation language or global theory rejection.,,,research_control/program_state.yaml;research_control/tasks/RT-20260614-038/**;research_control/handoffs/handoff-0080.yaml;research_control/handoffs/handoff-0080.md;registries/AGENT_JOB_REGISTRY.csv;registries/DIRECTOR_DECISION_REGISTRY.csv;registries/RESEARCH_TASK_REGISTRY.csv;registries/ROLE_EXECUTION_REGISTRY.csv;registries/CLAIM_BOUNDARY_REGISTRY.csv;registries/TEX_SOURCE_REGISTRY.csv,false,AJ-RT-20260614-038-001,,false,PASS,2026-06-16T23:14:27Z,2026-06-16T23:14:27Z,Execution-role record completed for exact-branch ObsLoc_lc observer-readout bridge attempt.
smuggling-auditor@0.2.0--RT-20260614-037,registered_role,RT-20260614-037,AJ-RT-20260614-037-001,research_control/tasks/RT-20260614-037/roles/smuggling-auditor@0.2.0--RT-20260614-037.yaml,smuggling-auditor,0.2.0,,Registered Smuggling Auditor role without permission expansion for a bounded ObsLoc_lc concrete-witness hidden-import and exact-branch overread audit.,Audit only the RT-20260614-036 ObsLoc_lc concrete-witness packet and directly relevant upstream EqSrc_lc control artifacts.;Screen hidden target import observer-protocol import boundary-locality overread readout substitution authority-label evidence exact-branch status inflation and bridge-ladder collapse.;Completion must include distance_to_gr_status and preserve exact-branch qualifiers.;Do not authorize Retain_H Gen_H downstream bridge claims candidate reconstruction canonical ontology edit benchmark promotion Gate Chair review completed-derivation language or global theory rejection.,,,research_control/program_state.yaml;research_control/tasks/RT-20260614-037/**;research_control/handoffs/handoff-0079.yaml;research_control/handoffs/handoff-0079.md;registries/AGENT_JOB_REGISTRY.csv;registries/DIRECTOR_DECISION_REGISTRY.csv;registries/RESEARCH_TASK_REGISTRY.csv;registries/ROLE_EXECUTION_REGISTRY.csv;registries/CLAIM_BOUNDARY_REGISTRY.csv;registries/TEX_SOURCE_REGISTRY.csv,false,AJ-RT-20260614-037-001,,false,PASS,2026-06-16T22:51:50Z,2026-06-16T22:51:50Z,Execution-role record completed for ObsLoc_lc concrete-witness smuggling audit with exact-branch qualifier.
ontology-formalizer@0.2.0--RT-20260614-036,registered_role,RT-20260614-036,AJ-RT-20260614-036-001,research_control/tasks/RT-20260614-036/roles/ontology-formalizer@0.2.0--RT-20260614-036.yaml,ontology-formalizer,0.2.0,,Registered Ontology Formalizer role without permission expansion for a bounded ObsLoc_lc concrete witness construction from controlled pause.,Construct only a local source-only ObsLoc_lc witness or scoped obstruction from Obj_lc Cert_lc and Read_lc control data.;Completion must include new_mathematical_payload and distance_to_gr_status.;Treat exact-branch transport as draft control payload and not as bridge evidence or effective metric evidence.;Do not authorize Retain_H Gen_H downstream bridge claims candidate reconstruction canonical ontology edit benchmark promotion Gate Chair review completed-derivation language or global theory rejection.,,,research_control/program_state.yaml;research_control/tasks/RT-20260614-036/**;research_control/handoffs/handoff-0078.yaml;research_control/handoffs/handoff-0078.md;registries/AGENT_JOB_REGISTRY.csv;registries/DIRECTOR_DECISION_REGISTRY.csv;registries/RESEARCH_TASK_REGISTRY.csv;registries/ROLE_EXECUTION_REGISTRY.csv;registries/CLAIM_BOUNDARY_REGISTRY.csv;registries/TEX_SOURCE_REGISTRY.csv,false,AJ-RT-20260614-036-001,,false,PASS,2026-06-16T22:14:21Z,2026-06-16T22:14:21Z,Execution-role record completed for ObsLoc_lc concrete witness construction with exact-branch qualifier.
candidate-constructor@0.2.0--RT-20260614-035,registered_role,RT-20260614-035,AJ-RT-20260614-035-001,research_control/tasks/RT-20260614-035/roles/candidate-constructor@0.2.0--RT-20260614-035.yaml,candidate-constructor,0.2.0,,Registered Candidate Constructor role without permission expansion for a bounded source-only observer-readout bridge attempt after human authorization from controlled pause.,Attempt only the source-only observer-readout bridge target from Obj_lc Cert_lc and Read_lc control data to ([n]_U Phi_U) or an explicit missing primitive.;Treat the latest Refuter controlled-pause result as a burden list and do not convert exact-interface control status into bridge evidence.;Completion must include bridge_attempt_status with either a candidate map or the minimal missing primitive and must include distance_to_gr_status.;Do not authorize Retain_H Gen_H downstream bridge claims candidate reconstruction canonical ontology edit benchmark promotion Gate Chair review completed-derivation language or global theory rejection.,,,research_control/program_state.yaml;research_control/tasks/RT-20260614-035/**;research_control/handoffs/handoff-0077.yaml;research_control/handoffs/handoff-0077.md;registries/AGENT_JOB_REGISTRY.csv;registries/DIRECTOR_DECISION_REGISTRY.csv;registries/RESEARCH_TASK_REGISTRY.csv;registries/ROLE_EXECUTION_REGISTRY.csv;registries/CLAIM_BOUNDARY_REGISTRY.csv;registries/TEX_SOURCE_REGISTRY.csv,false,AJ-RT-20260614-035-001,,false,PASS,2026-06-16T20:18:09Z,2026-06-16T20:18:09Z,Execution-role record completed for a source-only observer-readout bridge attempt naming the missing ObsLoc_lc primitive.
validator-engineer@0.1.0--RT-20260616-001,task_overlay,RT-20260616-001,AJ-RT-20260616-001-001,research_control/tasks/RT-20260616-001/roles/validator-engineer@0.1.0--RT-20260616-001.yaml,validator-engineer,0.1.0,,Validator Engineer task overlay with human-authorized one-job permission for bridge-or-fail loop-control validator behavior role-version registration skill and template synchronization tests and documentation-impact receipts.,Implement only prospective loop-control behavior and do not invalidate historical physics completions that predate policy activation.;Do not execute the separate Refuter science AgentJob inside this project-system transaction.;Do not modify canonical science sources or promote physics claims.,,role_contract;role_version_registration;skill_contract;control_template;validator;test;documentation_impact,.agents/roles/research_ops/director-of-research.v0.1.0.md;.agents/roles/research_ops/director-of-research.v0.2.0.md;.agents/roles/physics/refuter.v0.1.0.md;.agents/roles/physics/refuter.v0.2.0.md;.agents/roles/physics/ontology-formalizer.v0.1.0.md;.agents/roles/physics/ontology-formalizer.v0.2.0.md;.agents/roles/physics/candidate-constructor.v0.1.0.md;.agents/roles/physics/candidate-constructor.v0.2.0.md;.agents/roles/physics/smuggling-auditor.v0.1.0.md;.agents/roles/physics/smuggling-auditor.v0.2.0.md;.codex/skills/continue-research/SKILL.md;research_control/templates/COMPLETION_TEMPLATE.yaml;research_control/templates/HANDOFF_TEMPLATE.yaml;research_control/templates/DIRECTOR_DECISION_TEMPLATE.md;research_control/approvals/approval-20260616-001.yaml;research_control/tasks/RT-20260616-001/**;scripts/research_control/validate_research_control.py;scripts/research_control/continue_research.py;tests/test_research_control.py;registries/AGENT_ROLE_REGISTRY.csv;registries/RESEARCH_TASK_REGISTRY.csv;registries/DIRECTOR_DECISION_REGISTRY.csv;registries/AGENT_JOB_REGISTRY.csv;registries/ROLE_EXECUTION_REGISTRY.csv;registries/CLAIM_BOUNDARY_REGISTRY.csv;registries/MARKDOWN_SOURCE_REGISTRY.csv,true,AJ-RT-20260616-001-001,The user explicitly requested implementation of every loop-analysis recommendation as project functionality.,false,PASS,2026-06-16T19:20:00Z,2026-06-16T19:20:00Z,Execution-role record completed for bridge-or-fail loop-control implementation.
refuter@0.2.0--RT-20260614-034,registered_role,RT-20260614-034,AJ-RT-20260614-034-001,research_control/tasks/RT-20260614-034/roles/refuter@0.2.0--RT-20260614-034.yaml,refuter,0.2.0,,Registered Refuter role without permission expansion for the audited RT-20260614-032 finite-variation repair-or-controlled-pause packet stress test under bridge-or-fail loop-control.,Stress-test only the audited RT-20260614-032 repair-or-controlled-pause packet the RT-20260614-033 Smuggling Auditor local conditional pass and directly relevant upstream EqSrc^lc control artifacts.;Pressure exact-interface brittleness nontrivial quotient failure boundary-transport failure composition-domain gaps inverse-token insufficiency audit-readout substitution schematic-negative incompleteness local status inflation authority-label overread and bridge-ladder collapse.;Classify the Refuter completion using exactly one loop-risk decision category and include distance_to_gr_status.;Allow at most draft/control retention repeated-burden classification controlled-pause routing or a bounded bridge-or-fail next-state recommendation.;Do not authorize downstream bridge Retain_H Gen_H candidate reconstruction canonical ontology edit benchmark promotion Gate Chair review completed-derivation language or global theory rejection.,,,research_control/program_state.yaml;research_control/tasks/RT-20260614-034/**;research_control/handoffs/handoff-0076.yaml;research_control/handoffs/handoff-0076.md;registries/AGENT_JOB_REGISTRY.csv;registries/DIRECTOR_DECISION_REGISTRY.csv;registries/RESEARCH_TASK_REGISTRY.csv;registries/ROLE_EXECUTION_REGISTRY.csv;registries/CLAIM_BOUNDARY_REGISTRY.csv;registries/TEX_SOURCE_REGISTRY.csv,false,AJ-RT-20260614-034-001,,false,PASS,2026-06-16T19:50:34Z,2026-06-16T19:50:34Z,Execution-role record completed for EqSrc ledger-complete source-family generator finite-variation repair-or-controlled-pause packet Refuter stress test under bridge-or-fail loop-control.
smuggling-auditor@0.1.0--RT-20260614-033,registered_role,RT-20260614-033,AJ-RT-20260614-033-001,research_control/tasks/RT-20260614-033/roles/smuggling-auditor@0.1.0--RT-20260614-033.yaml,smuggling-auditor,0.1.0,,Registered Smuggling Auditor role without permission expansion for the RT-20260614-032 finite-variation repair-or-controlled-pause packet hidden-import and overread audit.,Audit only the RT-20260614-032 finite-variation repair-or-controlled-pause packet and directly relevant upstream EqSrc^lc control artifacts.;Screen hidden target import representative-equivalence overread boundary-equivalence overread composition-ledger authority laundering inverse-provenance overclaim audit-readout substitution schematic negative-witness overclaim local status inflation and bridge-ladder collapse.;Allow at most a local conditional pass or local block for the repair packet as a draft/control audit object and preserve all nontrivial quotient concrete-witness robustness bridge and promotion pauses.;Do not authorize downstream bridge Retain_H Gen_H candidate reconstruction canonical ontology edit benchmark promotion Gate Chair review completed-derivation language or global theory rejection.,,,research_control/program_state.yaml;research_control/tasks/RT-20260614-033/**;research_control/handoffs/handoff-0075.yaml;research_control/handoffs/handoff-0075.md;registries/AGENT_JOB_REGISTRY.csv;registries/DIRECTOR_DECISION_REGISTRY.csv;registries/RESEARCH_TASK_REGISTRY.csv;registries/ROLE_EXECUTION_REGISTRY.csv;registries/CLAIM_BOUNDARY_REGISTRY.csv;registries/TEX_SOURCE_REGISTRY.csv,false,AJ-RT-20260614-033-001,,false,PASS,2026-06-16T04:12:11Z,2026-06-16T04:12:11Z,Execution-role record completed for EqSrc ledger-complete source-family generator finite-variation repair-or-controlled-pause packet smuggling audit.
ontology-formalizer@0.1.0--RT-20260614-032,registered_role,RT-20260614-032,AJ-RT-20260614-032-001,research_control/tasks/RT-20260614-032/roles/ontology-formalizer@0.1.0--RT-20260614-032.yaml,ontology-formalizer,0.1.0,,Registered Ontology Formalizer role without permission expansion for the EqSrc^lc finite-variation repair-or-controlled-pause packet.,Formalize only source-side repair data or explicit brackets for the declared EqSrc^lc finite-variation line.;Supply conservative exact representative and boundary interfaces only as draft/control data and bracket any nontrivial quotient relaxation until source-only proofs exist.;State quotient-composition inverse-provenance readout-discriminant and negative-witness coverage as local repair interfaces with explicit unsupplied concrete witness burdens.;Do not authorize downstream bridge Retain_H Gen_H candidate reconstruction canonical ontology edit benchmark promotion Gate Chair review completed-derivation language or global theory rejection.,,,research_control/program_state.yaml;research_control/tasks/RT-20260614-032/**;research_control/handoffs/handoff-0074.yaml;research_control/handoffs/handoff-0074.md;registries/AGENT_JOB_REGISTRY.csv;registries/DIRECTOR_DECISION_REGISTRY.csv;registries/RESEARCH_TASK_REGISTRY.csv;registries/ROLE_EXECUTION_REGISTRY.csv;registries/CLAIM_BOUNDARY_REGISTRY.csv;registries/TEX_SOURCE_REGISTRY.csv,false,AJ-RT-20260614-032-001,,false,PASS,2026-06-16T04:00:25Z,2026-06-16T04:00:25Z,Execution-role record completed for EqSrc ledger-complete source-family generator finite-variation repair-or-controlled-pause packet.
refuter@0.1.0--RT-20260614-031,registered_role,RT-20260614-031,AJ-RT-20260614-031-001,research_control/tasks/RT-20260614-031/roles/refuter@0.1.0--RT-20260614-031.yaml,refuter,0.1.0,,Registered Refuter role without permission expansion for the audited RT-20260614-029 finite-variation robustness and readout-discriminant obligation packet stress test.,Stress-test only the audited RT-20260614-029 finite-variation robustness and readout-discriminant obligation packet the RT-20260614-030 Smuggling Auditor local conditional pass and directly relevant upstream EqSrc^lc control artifacts.;Pressure representative-equivalence counterexamples boundary-equivalence counterexamples quotient-composition failure inverse-provenance loss readout under-discrimination readout overcompletion missing negative-family coverage failure-condition sharpness authority-label overread and bridge-ladder collapse.;Allow at most obligation-interface retention robustness pause repair burdens draft/control counterexample schemas or a bounded next-role recommendation.;Do not authorize downstream bridge Retain_H Gen_H candidate reconstruction canonical ontology edit benchmark promotion Gate Chair review completed-derivation language or global theory rejection.,,,research_control/program_state.yaml;research_control/tasks/RT-20260614-031/**;research_control/handoffs/handoff-0073.yaml;research_control/handoffs/handoff-0073.md;registries/AGENT_JOB_REGISTRY.csv;registries/DIRECTOR_DECISION_REGISTRY.csv;registries/RESEARCH_TASK_REGISTRY.csv;registries/ROLE_EXECUTION_REGISTRY.csv;registries/CLAIM_BOUNDARY_REGISTRY.csv;registries/TEX_SOURCE_REGISTRY.csv,false,AJ-RT-20260614-031-001,,false,PASS,2026-06-16T03:49:04Z,2026-06-16T03:49:04Z,Execution-role record completed for EqSrc ledger-complete source-family generator finite-variation robustness and readout-discriminant obligation packet Refuter stress test.
smuggling-auditor@0.1.0--RT-20260614-030,registered_role,RT-20260614-030,AJ-RT-20260614-030-001,research_control/tasks/RT-20260614-030/roles/smuggling-auditor@0.1.0--RT-20260614-030.yaml,smuggling-auditor,0.1.0,,Registered Smuggling Auditor role without permission expansion for the RT-20260614-029 finite-variation robustness and readout-discriminant obligation packet target-import and laundering audit.,Audit only the RT-20260614-029 finite-variation robustness and readout-discriminant obligation packet and directly relevant upstream EqSrc^lc control artifacts.;Screen hidden target import representative-equivalence laundering boundary-equivalence laundering readout-discriminant overclaim failure-condition ambiguity authority-label overread and bridge-ladder collapse.;Allow at most a local conditional pass or local block for the obligation packet as a draft/control audit object and preserve controlled-pause status until Refuter stress.;Do not authorize downstream bridge Retain_H Gen_H candidate reconstruction canonical ontology edit benchmark promotion Gate Chair review completed-derivation language or global theory rejection.,,,research_control/program_state.yaml;research_control/tasks/RT-20260614-030/**;research_control/handoffs/handoff-0072.yaml;research_control/handoffs/handoff-0072.md;registries/AGENT_JOB_REGISTRY.csv;registries/DIRECTOR_DECISION_REGISTRY.csv;registries/RESEARCH_TASK_REGISTRY.csv;registries/ROLE_EXECUTION_REGISTRY.csv;registries/CLAIM_BOUNDARY_REGISTRY.csv;registries/TEX_SOURCE_REGISTRY.csv,false,AJ-RT-20260614-030-001,,false,PASS,2026-06-16T03:37:50Z,2026-06-16T03:37:50Z,Execution-role record completed for EqSrc ledger-complete source-family generator finite-variation robustness and readout-discriminant obligation packet smuggling audit.
ontology-formalizer@0.1.0--RT-20260614-029,registered_role,RT-20260614-029,AJ-RT-20260614-029-001,research_control/tasks/RT-20260614-029/roles/ontology-formalizer@0.1.0--RT-20260614-029.yaml,ontology-formalizer,0.1.0,,Registered Ontology Formalizer role without permission expansion for the EqSrc^lc finite-variation robustness and readout-discriminant obligation packet.,Formalize only source-side adverse finite-variation families and readout-discriminant obligations for the declared EqSrc^lc finite witness line.;State representative-independence boundary-invariance quotient-composition inverse-provenance readout-minimality readout-discriminant and negative-witness coverage obligations as draft/control criteria.;Allow at most source-side pass pause repair or local kill criteria controlled-pause status residual risks and a bounded next-role recommendation.;Do not authorize downstream bridge Retain_H Gen_H candidate reconstruction canonical ontology edit benchmark promotion Gate Chair review completed-derivation language or global theory rejection.,,,research_control/program_state.yaml;research_control/tasks/RT-20260614-029/**;research_control/handoffs/handoff-0071.yaml;research_control/handoffs/handoff-0071.md;registries/AGENT_JOB_REGISTRY.csv;registries/DIRECTOR_DECISION_REGISTRY.csv;registries/RESEARCH_TASK_REGISTRY.csv;registries/ROLE_EXECUTION_REGISTRY.csv;registries/CLAIM_BOUNDARY_REGISTRY.csv;registries/TEX_SOURCE_REGISTRY.csv,false,AJ-RT-20260614-029-001,,false,PASS,2026-06-16T03:25:49Z,2026-06-16T03:25:49Z,Execution-role record completed for EqSrc ledger-complete source-family generator finite-variation robustness and readout-discriminant obligation packet.
refuter@0.1.0--RT-20260614-028,registered_role,RT-20260614-028,AJ-RT-20260614-028-001,research_control/tasks/RT-20260614-028/roles/refuter@0.1.0--RT-20260614-028.yaml,refuter,0.1.0,,Registered Refuter role without permission expansion for the audited RT-20260614-026 finite witness and readout packet stress test.,Stress-test only the audited RT-20260614-026 finite witness and readout packet the RT-20260614-027 Smuggling Auditor local conditional pass and directly relevant upstream EqSrc^lc control artifacts.;Pressure source-independent adverse finite variations readout codomain overbreadth possible readout under-inclusion certificate inverse and quotient-composition failures boundary-domain leakage negative-witness robustness authority-label overread and bridge-ladder collapse.;Allow at most local witness retention robustness pause residual obligations draft/control counterexample schemas or a bounded next-role recommendation.;Do not authorize downstream bridge Retain_H Gen_H candidate reconstruction canonical ontology edit benchmark promotion Gate Chair review completed-derivation language or global theory rejection.,,,research_control/program_state.yaml;research_control/tasks/RT-20260614-028/**;research_control/handoffs/handoff-0070.yaml;research_control/handoffs/handoff-0070.md;registries/AGENT_JOB_REGISTRY.csv;registries/DIRECTOR_DECISION_REGISTRY.csv;registries/RESEARCH_TASK_REGISTRY.csv;registries/ROLE_EXECUTION_REGISTRY.csv;registries/CLAIM_BOUNDARY_REGISTRY.csv;registries/TEX_SOURCE_REGISTRY.csv,false,AJ-RT-20260614-028-001,,false,PASS,2026-06-16T03:10:03Z,2026-06-16T03:10:03Z,Execution-role record completed for EqSrc ledger-complete source-family generator finite example and readout witness Refuter stress test.
smuggling-auditor@0.1.0--RT-20260614-027,registered_role,RT-20260614-027,AJ-RT-20260614-027-001,research_control/tasks/RT-20260614-027/roles/smuggling-auditor@0.1.0--RT-20260614-027.yaml,smuggling-auditor,0.1.0,,Registered Smuggling Auditor role without permission expansion for the RT-20260614-026 finite example and source-readout witness packet target-import and authority-laundering audit.,Audit only the RT-20260614-026 finite example and source-readout witness packet and directly relevant upstream EqSrc^lc control artifacts.;Screen hidden target primitives target-favorable example selection authority-label laundering quotient-accounting ambiguity readout codomain overbreadth bridge-ladder overread and local source-side proof overreach.;Allow at most a local conditional pass for the finite witness/readout packet as a draft/control audit object and preserve controlled-pause status until Refuter stress.;Do not authorize downstream bridge Retain_H Gen_H candidate reconstruction canonical ontology edit benchmark promotion Gate Chair review completed-derivation language or global theory rejection.,,,research_control/program_state.yaml;research_control/tasks/RT-20260614-027/**;research_control/handoffs/handoff-0069.yaml;research_control/handoffs/handoff-0069.md;registries/AGENT_JOB_REGISTRY.csv;registries/DIRECTOR_DECISION_REGISTRY.csv;registries/RESEARCH_TASK_REGISTRY.csv;registries/ROLE_EXECUTION_REGISTRY.csv;registries/CLAIM_BOUNDARY_REGISTRY.csv;registries/TEX_SOURCE_REGISTRY.csv,false,AJ-RT-20260614-027-001,,false,PASS,2026-06-16T02:41:42Z,2026-06-16T02:41:42Z,Execution-role record completed for EqSrc ledger-complete source-family generator finite example and readout witness smuggling audit.
ontology-formalizer@0.1.0--RT-20260614-026,registered_role,RT-20260614-026,AJ-RT-20260614-026-001,research_control/tasks/RT-20260614-026/roles/ontology-formalizer@0.1.0--RT-20260614-026.yaml,ontology-formalizer,0.1.0,,Registered Ontology Formalizer role without permission expansion for the EqSrc^lc finite example and source-readout witness packet.,Construct only finite source-side examples and a source-pure readout witness for the local EqSrc^lc pre-bridge adequacy line.;Allow at most local source-ledger witness examples local source-side readout invariance audit-required status residual risks and a bounded next-role recommendation.;Do not authorize downstream bridge Retain_H Gen_H candidate reconstruction canonical ontology edit benchmark promotion Gate Chair review completed-derivation language or global theory rejection.,,,research_control/program_state.yaml;research_control/tasks/RT-20260614-026/**;research_control/handoffs/handoff-0068.yaml;research_control/handoffs/handoff-0068.md;registries/AGENT_JOB_REGISTRY.csv;registries/DIRECTOR_DECISION_REGISTRY.csv;registries/RESEARCH_TASK_REGISTRY.csv;registries/ROLE_EXECUTION_REGISTRY.csv;registries/CLAIM_BOUNDARY_REGISTRY.csv;registries/TEX_SOURCE_REGISTRY.csv,false,AJ-RT-20260614-026-001,,false,PASS,2026-06-16T01:04:53Z,2026-06-16T01:04:53Z,Execution-role record completed for EqSrc ledger-complete source-family generator finite example and readout witness packet.
refuter@0.1.0--RT-20260614-025,registered_role,RT-20260614-025,AJ-RT-20260614-025-001,research_control/tasks/RT-20260614-025/roles/refuter@0.1.0--RT-20260614-025.yaml,refuter,0.1.0,,Registered Refuter role without permission expansion for the audited RT-20260614-023 pre-bridge adequacy packet stress test.,Stress-test only the audited RT-20260614-023 pre-bridge adequacy packet and the RT-20260614-024 Smuggling Auditor local conditional pass.;Pressure finite positive negative boundary and failed-certificate examples source-pure readout-map definition readout invariance bridge-ladder overread authority-label overread kill inflation and repair-criteria overreach.;Allow at most control-object retention scientific adequacy pause residual obligations draft/control counterexample schemas or a bounded next-role recommendation.;Do not authorize downstream bridge Retain_H Gen_H candidate reconstruction canonical ontology edit benchmark promotion Gate Chair review completed-derivation language or global theory rejection.,,,research_control/program_state.yaml;research_control/tasks/RT-20260614-025/**;research_control/handoffs/handoff-0067.yaml;research_control/handoffs/handoff-0067.md;registries/AGENT_JOB_REGISTRY.csv;registries/DIRECTOR_DECISION_REGISTRY.csv;registries/RESEARCH_TASK_REGISTRY.csv;registries/ROLE_EXECUTION_REGISTRY.csv;registries/CLAIM_BOUNDARY_REGISTRY.csv;registries/TEX_SOURCE_REGISTRY.csv,false,AJ-RT-20260614-025-001,,false,PASS,2026-06-16T00:07:37Z,2026-06-16T00:07:37Z,Execution-role record completed for EqSrc ledger-complete source-family generator packet pre-bridge adequacy Refuter stress test.
smuggling-auditor@0.1.0--RT-20260614-024,registered_role,RT-20260614-024,AJ-RT-20260614-024-001,research_control/tasks/RT-20260614-024/roles/smuggling-auditor@0.1.0--RT-20260614-024.yaml,smuggling-auditor,0.1.0,,Registered Smuggling Auditor role without permission expansion for the RT-20260614-023 pre-bridge adequacy packet target-import and authority-laundering audit.,Audit only the RT-20260614-023 pre-bridge adequacy packet and directly relevant upstream EqSrc^lc control artifacts.;Screen finite examples readout-map source purity bridge-ladder target import authority-label laundering kill criteria repair criteria and downstream-use language.;Allow at most a local conditional pass for the adequacy packet as a draft/control audit object and preserve controlled-pause status until Refuter stress.;Do not authorize downstream bridge Retain_H Gen_H candidate reconstruction canonical ontology edit benchmark promotion Gate Chair review or completed-derivation language.,,,research_control/program_state.yaml;research_control/tasks/RT-20260614-024/**;research_control/handoffs/handoff-0066.yaml;research_control/handoffs/handoff-0066.md;registries/AGENT_JOB_REGISTRY.csv;registries/DIRECTOR_DECISION_REGISTRY.csv;registries/RESEARCH_TASK_REGISTRY.csv;registries/ROLE_EXECUTION_REGISTRY.csv;registries/CLAIM_BOUNDARY_REGISTRY.csv;registries/TEX_SOURCE_REGISTRY.csv,false,AJ-RT-20260614-024-001,,false,PASS,2026-06-15T23:57:13Z,2026-06-15T23:57:13Z,Execution-role record completed for EqSrc ledger-complete source-family generator packet pre-bridge adequacy smuggling audit.
ontology-formalizer@0.1.0--RT-20260614-023,registered_role,RT-20260614-023,AJ-RT-20260614-023-001,research_control/tasks/RT-20260614-023/roles/ontology-formalizer@0.1.0--RT-20260614-023.yaml,ontology-formalizer,0.1.0,,Registered Ontology Formalizer role without permission expansion for a pre-bridge adequacy packet separating formal EqSrc^lc relation status from scientific adequacy status.,Define only pre-bridge adequacy criteria examples readout-invariance ladder obligations and kill criteria responsive to handoff-0064.;Separate formal EqSrc^lc relation status on Obj_lc from scientific adequacy for downstream physics.;Allow finite positive negative boundary and failed-certificate examples only as draft/control criteria not as bridge proof.;Do not attempt downstream bridge Retain_H Gen_H candidate reconstruction canonical ontology edit benchmark promotion Gate Chair review or completed-derivation language.,,,research_control/program_state.yaml;research_control/tasks/RT-20260614-023/**;research_control/handoffs/handoff-0065.yaml;research_control/handoffs/handoff-0065.md;registries/AGENT_JOB_REGISTRY.csv;registries/DIRECTOR_DECISION_REGISTRY.csv;registries/RESEARCH_TASK_REGISTRY.csv;registries/ROLE_EXECUTION_REGISTRY.csv;registries/CLAIM_BOUNDARY_REGISTRY.csv;registries/TEX_SOURCE_REGISTRY.csv,false,AJ-RT-20260614-023-001,,false,PASS,2026-06-15T23:01:43Z,2026-06-15T23:01:43Z,Execution-role record completed for EqSrc ledger-complete source-family generator packet pre-bridge adequacy.
refuter@0.1.0--RT-20260614-022,registered_role,RT-20260614-022,AJ-RT-20260614-022-001,research_control/tasks/RT-20260614-022/roles/refuter@0.1.0--RT-20260614-022.yaml,refuter,0.1.0,,Registered Refuter role without permission expansion for the RT-20260614-020 and RT-20260614-021 ledger-complete source-family generator packet stress test.,Stress-test only the audited ledger-complete source-family generator packet and its local Smuggling Auditor pass.;Separate formal EqSrc^lc relation status on Obj_lc from scientific adequacy for downstream physics.;Pressure generator coverage certificate inverse validity certificate composition quotient variation guard weakening blocker erasure influence deletion boundary-anchor perturbation non-chain refinement tri-family overread validation-label overread and downstream-use pressure.;Allow at most local formal retention controlled pause residual obligations or draft/control counterexample schemas.;Do not authorize general EqSrc Retain_H Gen_H downstream bridge candidate reconstruction canonical ontology edit benchmark promotion Gate Chair review or completed-derivation language.,,,research_control/program_state.yaml;research_control/tasks/RT-20260614-022/**;research_control/handoffs/handoff-0064.yaml;research_control/handoffs/handoff-0064.md;registries/AGENT_JOB_REGISTRY.csv;registries/DIRECTOR_DECISION_REGISTRY.csv;registries/RESEARCH_TASK_REGISTRY.csv;registries/ROLE_EXECUTION_REGISTRY.csv;registries/CLAIM_BOUNDARY_REGISTRY.csv;registries/TEX_SOURCE_REGISTRY.csv,false,AJ-RT-20260614-022-001,,false,PASS,2026-06-15T19:31:44Z,2026-06-15T19:31:44Z,Execution-role record completed for EqSrc ledger-complete source-family generator packet Refuter stress test.
smuggling-auditor@0.1.0--RT-20260614-021,registered_role,RT-20260614-021,AJ-RT-20260614-021-001,research_control/tasks/RT-20260614-021/roles/smuggling-auditor@0.1.0--RT-20260614-021.yaml,smuggling-auditor,0.1.0,,Registered Smuggling Auditor role without permission expansion for the RT-20260614-020 ledger-complete source-family generator packet target-import and authority-laundering audit.,Audit only the ledger-complete source-family generator packet from RT-20260614-020.;Screen generator design certificate reversibility ledger completeness quotient selection validation labels authority labels and downstream-use language for target-success laundering.;Allow at most a local conditional pass for EqSrc^lc as a declared certificate relation on Obj_lc and preserve all general EqSrc Retain_H Gen_H candidate reconstruction promotion and Gate Chair blocks.;Do not authorize candidate reconstruction canonical ontology edit benchmark promotion Gate Chair review or completed-derivation language.,,,research_control/program_state.yaml;research_control/tasks/RT-20260614-021/**;research_control/handoffs/handoff-0063.yaml;research_control/handoffs/handoff-0063.md;registries/AGENT_JOB_REGISTRY.csv;registries/DIRECTOR_DECISION_REGISTRY.csv;registries/RESEARCH_TASK_REGISTRY.csv;registries/ROLE_EXECUTION_REGISTRY.csv;registries/CLAIM_BOUNDARY_REGISTRY.csv;registries/TEX_SOURCE_REGISTRY.csv,false,AJ-RT-20260614-021-001,,false,PASS,2026-06-15T15:58:40Z,2026-06-15T15:58:40Z,Execution-role record completed for EqSrc ledger-complete source-family generator packet smuggling audit.
ontology-formalizer@0.1.0--RT-20260614-020,task_overlay,RT-20260614-020,AJ-RT-20260614-020-001,research_control/tasks/RT-20260614-020/roles/ontology-formalizer@0.1.0--RT-20260614-020.yaml,ontology-formalizer,0.1.0,,Ontology Formalizer task overlay with one-job permission for bounded source-only theoretical construction of a ledger-complete EqSrc source-family generator packet without promotion authority.,Construct only a draft/control ledger-complete source-family generator and certificate relation responsive to handoff-0061.;State relation-property proof only for the declared certificate relation on the declared generated source-object domain.;Treat downstream use for Retain_H Gen_H and candidate reconstruction as blocked pending later audit stress and bridge packets.;Forbid target metric target proper time target locality target observer-protocol benchmark-rank or candidate-performance selection.;Do not authorize candidate reconstruction canonical ontology edit benchmark promotion Gate Chair review Retain_H Gen_H or completed-derivation language.,,bounded_theoretical_construction,research_control/program_state.yaml;research_control/tasks/RT-20260614-020/**;research_control/handoffs/handoff-0062.yaml;research_control/handoffs/handoff-0062.md;registries/AGENT_JOB_REGISTRY.csv;registries/DIRECTOR_DECISION_REGISTRY.csv;registries/RESEARCH_TASK_REGISTRY.csv;registries/ROLE_EXECUTION_REGISTRY.csv;registries/CLAIM_BOUNDARY_REGISTRY.csv;registries/TEX_SOURCE_REGISTRY.csv,false,AJ-RT-20260614-020-001,The tracked handoff preserves controlled pause unless bounded source-only evidence supplies a source-family generator relation-domain extension and relation-property proof; this overlay attempts only that draft/control source-side packet and preserves all promotion blocks.,false,PASS,2026-06-15T04:24:53Z,2026-06-15T04:24:53Z,Execution-role overlay completed for EqSrc ledger-complete source-family generator packet.
ontology-formalizer@0.1.0--RT-20260614-019,registered_role,RT-20260614-019,AJ-RT-20260614-019-001,research_control/tasks/RT-20260614-019/roles/ontology-formalizer@0.1.0--RT-20260614-019.yaml,ontology-formalizer,0.1.0,,Registered Ontology Formalizer role without permission expansion for recording the EqSrc^tri obstruction packet or controlled-pause result.,Record only the obstruction surfaces requested by handoff-0060.;Retain local EqSrc^tri only inside the declared finite source family T1 T2 T3 under full source-ledger transport.;Record missing general source-family generator relation-domain extension relation-property proof downstream bridge and promotion-evidence burdens.;Do not construct a candidate reconstruct Retain_H or Gen_H or promote any canonical ontology benchmark or Gate Chair result.,,,research_control/program_state.yaml;research_control/tasks/RT-20260614-019/**;research_control/handoffs/handoff-0061.yaml;research_control/handoffs/handoff-0061.md;registries/AGENT_JOB_REGISTRY.csv;registries/DIRECTOR_DECISION_REGISTRY.csv;registries/RESEARCH_TASK_REGISTRY.csv;registries/ROLE_EXECUTION_REGISTRY.csv;registries/CLAIM_BOUNDARY_REGISTRY.csv;registries/TEX_SOURCE_REGISTRY.csv,false,AJ-RT-20260614-019-001,,false,PASS,2026-06-15T04:08:10Z,2026-06-15T04:08:10Z,Execution-role record completed for EqSrc tri-family obstruction packet or controlled pause.
refuter@0.1.0--RT-20260614-018,registered_role,RT-20260614-018,AJ-RT-20260614-018-001,research_control/tasks/RT-20260614-018/roles/refuter@0.1.0--RT-20260614-018.yaml,refuter,0.1.0,,Registered Refuter role without permission expansion for stress testing the audited EqSrc alternative branch-family guard-stability source packet.,Stress-test only the audited alternative branch-family guard-stability source packet from RT-20260614-016 and its Smuggling Auditor review from RT-20260614-017.;Apply branch-family variation branch-label permutation and weakening annotation-mass perturbation guard deletion blocker erasure influence deletion quotient representative variation boundary-anchor perturbation relation-property extension and downstream-use pressure screens.;Retain at most local EqSrc^tri evidence inside the declared finite source family T1 T2 T3 and return Block or residual burden for broader EqSrc Retain_H Gen_H or candidate-use attempts.;Do not authorize candidate reconstruction canonical ontology edit benchmark promotion Gate Chair review or completed-derivation language.,,,research_control/program_state.yaml;research_control/tasks/RT-20260614-018/**;research_control/handoffs/handoff-0060.yaml;research_control/handoffs/handoff-0060.md;registries/AGENT_JOB_REGISTRY.csv;registries/DIRECTOR_DECISION_REGISTRY.csv;registries/RESEARCH_TASK_REGISTRY.csv;registries/ROLE_EXECUTION_REGISTRY.csv;registries/CLAIM_BOUNDARY_REGISTRY.csv;registries/TEX_SOURCE_REGISTRY.csv,false,AJ-RT-20260614-018-001,,false,PASS,2026-06-15T03:43:53Z,2026-06-15T03:43:53Z,Execution-role record completed for EqSrc alternative branch-family guard-stability source packet Refuter stress test.
smuggling-auditor@0.1.0--RT-20260614-017,registered_role,RT-20260614-017,AJ-RT-20260614-017-001,research_control/tasks/RT-20260614-017/roles/smuggling-auditor@0.1.0--RT-20260614-017.yaml,smuggling-auditor,0.1.0,,Registered Smuggling Auditor role without permission expansion for the RT-20260614-016 alternative branch-family guard-stability source packet target-import audit.,Audit only the alternative branch-family guard-stability source packet from RT-20260614-016.;Screen branch-family choice branch-label semantics annotation guard blocker influence quotient selection boundary anchors validation labels authority labels and downstream-use language for target-success laundering.;Allow at most a local conditional pass for EqSrc^tri three-branch source comparison and preserve all general EqSrc Retain_H Gen_H candidate reconstruction promotion and Gate Chair blocks.;Do not authorize candidate reconstruction canonical ontology edit benchmark promotion Gate Chair review or completed-derivation language.,,,research_control/program_state.yaml;research_control/tasks/RT-20260614-017/**;research_control/handoffs/handoff-0059.yaml;research_control/handoffs/handoff-0059.md;registries/AGENT_JOB_REGISTRY.csv;registries/DIRECTOR_DECISION_REGISTRY.csv;registries/RESEARCH_TASK_REGISTRY.csv;registries/ROLE_EXECUTION_REGISTRY.csv;registries/CLAIM_BOUNDARY_REGISTRY.csv;registries/TEX_SOURCE_REGISTRY.csv,false,AJ-RT-20260614-017-001,,false,PASS,2026-06-15T03:25:46Z,2026-06-15T03:25:46Z,Execution-role record completed for EqSrc alternative branch-family guard-stability source packet smuggling audit.
ontology-formalizer@0.1.0--RT-20260614-016,task_overlay,RT-20260614-016,AJ-RT-20260614-016-001,research_control/tasks/RT-20260614-016/roles/ontology-formalizer@0.1.0--RT-20260614-016.yaml,ontology-formalizer,0.1.0,,Ontology Formalizer task overlay with one-job permission for bounded source-only theoretical construction of an alternative branch-family guard-stability EqSrc packet without promotion authority.,Construct only a local alternative branch-family source-object domain responsive to handoff-0057.;State label-perturbation annotation guard quotient boundary and relation-property receipts only for the declared finite source family.;Treat downstream use for Retain_H Gen_H and candidate reconstruction as blocked pending later audit and stress sequence.;Forbid target metric target proper time target locality target observer-protocol benchmark-rank or candidate-performance selection.;Do not authorize candidate reconstruction canonical ontology edit benchmark promotion Gate Chair review Retain_H Gen_H or completed-derivation language.,,bounded_theoretical_construction,research_control/program_state.yaml;research_control/tasks/RT-20260614-016/**;research_control/handoffs/handoff-0058.yaml;research_control/handoffs/handoff-0058.md;registries/AGENT_JOB_REGISTRY.csv;registries/DIRECTOR_DECISION_REGISTRY.csv;registries/RESEARCH_TASK_REGISTRY.csv;registries/ROLE_EXECUTION_REGISTRY.csv;registries/CLAIM_BOUNDARY_REGISTRY.csv;registries/TEX_SOURCE_REGISTRY.csv,false,AJ-RT-20260614-016-001,The tracked handoff permits progress only if bounded source-only receipts supply alternative branch-family label-perturbation guard-stability quotient boundary relation-property and downstream-use evidence.,false,PASS,2026-06-15T03:12:25Z,2026-06-15T03:12:25Z,Execution-role overlay completed for EqSrc alternative branch-family guard-stability source packet.
ontology-formalizer@0.1.0--RT-20260614-015,registered_role,RT-20260614-015,AJ-RT-20260614-015-001,research_control/tasks/RT-20260614-015/roles/ontology-formalizer@0.1.0--RT-20260614-015.yaml,ontology-formalizer,0.1.0,,Registered Ontology Formalizer role without permission expansion for an EqSrc branch-refinement extension obstruction packet or controlled pause.,Retain local EqSrc^br only inside the declared finite branch family from RT-20260614-012 through RT-20260614-014.;Record missing alternative branch-family domain nontrivial label-perturbation admissibility annotation and guard stability quotient variation boundary-anchor invariance relation-property extension and downstream-use evidence.;Do not construct a new extension datum or treat the local branch-domain pass as general EqSrc.;Do not authorize candidate reconstruction canonical ontology edit benchmark promotion Gate Chair review Retain_H Gen_H or completed-derivation language.,,,research_control/program_state.yaml;research_control/tasks/RT-20260614-015/**;research_control/handoffs/handoff-0057.yaml;research_control/handoffs/handoff-0057.md;registries/AGENT_JOB_REGISTRY.csv;registries/DIRECTOR_DECISION_REGISTRY.csv;registries/RESEARCH_TASK_REGISTRY.csv;registries/ROLE_EXECUTION_REGISTRY.csv;registries/CLAIM_BOUNDARY_REGISTRY.csv;registries/TEX_SOURCE_REGISTRY.csv,false,AJ-RT-20260614-015-001,,false,PASS,2026-06-15T02:57:40Z,2026-06-15T02:57:40Z,Execution-role record completed for EqSrc branch-refinement extension obstruction packet or controlled pause.
refuter@0.1.0--RT-20260614-014,registered_role,RT-20260614-014,AJ-RT-20260614-014-001,research_control/tasks/RT-20260614-014/roles/refuter@0.1.0--RT-20260614-014.yaml,refuter,0.1.0,,Registered Refuter role without permission expansion for stress testing the audited EqSrc branch-refinement extension datum.,Stress-test only the audited branch-refinement extension datum and smuggling audit from RT-20260614-012 and RT-20260614-013.;Apply branch-label perturbation alternative branch-family construction annotation-monoid weakening guard deletion contraction-only over-admission quotient variation relation-property extension boundary-anchor perturbation and downstream-use pressure screens.;Retain at most local EqSrc^br evidence inside the declared finite branch domain and return Block or residual burden for broader EqSrc Retain_H Gen_H or candidate-use attempts.;Do not authorize candidate reconstruction canonical ontology edit benchmark promotion Gate Chair review or completed-derivation language.,,,research_control/program_state.yaml;research_control/tasks/RT-20260614-014/**;research_control/handoffs/handoff-0056.yaml;research_control/handoffs/handoff-0056.md;registries/AGENT_JOB_REGISTRY.csv;registries/DIRECTOR_DECISION_REGISTRY.csv;registries/RESEARCH_TASK_REGISTRY.csv;registries/ROLE_EXECUTION_REGISTRY.csv;registries/CLAIM_BOUNDARY_REGISTRY.csv;registries/TEX_SOURCE_REGISTRY.csv,false,AJ-RT-20260614-014-001,,false,PASS,2026-06-15T02:30:01Z,2026-06-15T02:30:01Z,Execution-role record completed for EqSrc branch-refinement extension datum Refuter stress test.
smuggling-auditor@0.1.0--RT-20260614-013,registered_role,RT-20260614-013,AJ-RT-20260614-013-001,research_control/tasks/RT-20260614-013/roles/smuggling-auditor@0.1.0--RT-20260614-013.yaml,smuggling-auditor,0.1.0,,Registered Smuggling Auditor role without permission expansion for an EqSrc branch-refinement extension datum target-import audit.,Audit only the branch-refinement extension datum from RT-20260614-012.;Screen branch-label choice branch-local annotation preservation quotient descent witness-family choice proxy preservation forbidden-channel guards boundary anchors validation status authority labels and downstream-use language for target-success laundering.;Allow at most a local conditional pass for EqSrc^br branch-refinement source comparison and preserve all general EqSrc Retain_H Gen_H candidate reconstruction promotion and Gate Chair blocks.;Do not authorize candidate reconstruction canonical ontology edit benchmark promotion Gate Chair review or completed-derivation language.,,,research_control/program_state.yaml;research_control/tasks/RT-20260614-013/**;research_control/handoffs/handoff-0055.yaml;research_control/handoffs/handoff-0055.md;registries/AGENT_JOB_REGISTRY.csv;registries/DIRECTOR_DECISION_REGISTRY.csv;registries/RESEARCH_TASK_REGISTRY.csv;registries/ROLE_EXECUTION_REGISTRY.csv;registries/CLAIM_BOUNDARY_REGISTRY.csv;registries/TEX_SOURCE_REGISTRY.csv,false,AJ-RT-20260614-013-001,,false,PASS,2026-06-15T01:31:07Z,2026-06-15T01:31:07Z,Execution-role record completed for EqSrc branch-refinement extension datum smuggling audit.
ontology-formalizer@0.1.0--RT-20260614-012,task_overlay,RT-20260614-012,AJ-RT-20260614-012-001,research_control/tasks/RT-20260614-012/roles/ontology-formalizer@0.1.0--RT-20260614-012.yaml,ontology-formalizer,0.1.0,,Ontology Formalizer task overlay with one-job permission for bounded source-only theoretical construction of a branch-refinement EqSrc extension datum without promotion authority.,Construct only a local branch-refinement source-object domain responsive to handoff-0053.;State relation-property invariant-descent and quotient-descent receipts only for the declared finite branch-refinement family.;Treat downstream use for Retain_H Gen_H and candidate reconstruction as blocked pending later audit and stress sequence.;Forbid target metric target proper time target locality target observer-protocol benchmark-rank or candidate-performance selection.;Do not authorize candidate reconstruction canonical ontology edit benchmark promotion Gate Chair review Retain_H Gen_H or completed-derivation language.,,bounded_theoretical_construction,research_control/program_state.yaml;research_control/tasks/RT-20260614-012/**;research_control/handoffs/handoff-0054.yaml;research_control/handoffs/handoff-0054.md;registries/AGENT_JOB_REGISTRY.csv;registries/DIRECTOR_DECISION_REGISTRY.csv;registries/RESEARCH_TASK_REGISTRY.csv;registries/ROLE_EXECUTION_REGISTRY.csv;registries/CLAIM_BOUNDARY_REGISTRY.csv;registries/TEX_SOURCE_REGISTRY.csv,false,AJ-RT-20260614-012-001,The active tracked handoff preserves pause unless a bounded source-only branch or non-chain extension datum supplies relation-property invariant-descent quotient-descent and downstream-use receipts; this overlay attempts only the local branch datum.,false,PASS,2026-06-15T01:09:22Z,2026-06-15T01:09:22Z,Execution-role overlay completed for source-only branch-refinement extension datum construction.
ontology-formalizer@0.1.0--RT-20260614-011,registered_role,RT-20260614-011,AJ-RT-20260614-011-001,research_control/tasks/RT-20260614-011/roles/ontology-formalizer@0.1.0--RT-20260614-011.yaml,ontology-formalizer,0.1.0,,Registered Ontology Formalizer role without permission expansion for an EqSrc non-orbit refinement-family extension obstruction packet or controlled pause.,Retain local EqSrc^ref only inside the declared decorated finite source-chain family from RT-20260614-007 through RT-20260614-010.;Record missing branch-family domain non-chain relation-property annotation-monoid stability contraction-admissibility boundary-anchor invariance quotient-descent and downstream-use evidence.;Do not construct a new extension datum or treat the local chain-domain pass as general EqSrc.;Do not authorize candidate reconstruction canonical ontology edit benchmark promotion Gate Chair review Retain_H Gen_H or completed-derivation language.,,,research_control/program_state.yaml;research_control/tasks/RT-20260614-011/**;research_control/handoffs/handoff-0053.yaml;research_control/handoffs/handoff-0053.md;registries/AGENT_JOB_REGISTRY.csv;registries/DIRECTOR_DECISION_REGISTRY.csv;registries/RESEARCH_TASK_REGISTRY.csv;registries/ROLE_EXECUTION_REGISTRY.csv;registries/CLAIM_BOUNDARY_REGISTRY.csv;registries/TEX_SOURCE_REGISTRY.csv,false,AJ-RT-20260614-011-001,,false,PASS,2026-06-15T00:56:02Z,2026-06-15T00:56:02Z,Execution-role record completed for EqSrc non-orbit refinement-family extension obstruction packet or controlled pause.
refuter@0.1.0--RT-20260614-010,registered_role,RT-20260614-010,AJ-RT-20260614-010-001,research_control/tasks/RT-20260614-010/roles/refuter@0.1.0--RT-20260614-010.yaml,refuter,0.1.0,,Registered Refuter role without permission expansion for stress testing the audited EqSrc non-orbit refinement-family datum.,Stress-test only the audited non-orbit refinement-family datum and smuggling audit from RT-20260614-007 and RT-20260614-009.;Apply branch-refinement non-chain-refinement annotation-monoid weakening contraction-only over-admission boundary-anchor perturbation quotient descent relation-property extension and downstream-use pressure screens.;Retain at most local EqSrc^ref evidence inside the declared decorated finite source-chain domain and return Block or residual burden for broader EqSrc Retain_H Gen_H or candidate-use attempts.;Do not authorize candidate reconstruction canonical ontology edit benchmark promotion Gate Chair review or completed-derivation language.,,,research_control/program_state.yaml;research_control/tasks/RT-20260614-010/**;research_control/handoffs/handoff-0052.yaml;research_control/handoffs/handoff-0052.md;registries/AGENT_JOB_REGISTRY.csv;registries/DIRECTOR_DECISION_REGISTRY.csv;registries/RESEARCH_TASK_REGISTRY.csv;registries/ROLE_EXECUTION_REGISTRY.csv;registries/CLAIM_BOUNDARY_REGISTRY.csv;registries/TEX_SOURCE_REGISTRY.csv,false,AJ-RT-20260614-010-001,,false,PASS,2026-06-15T00:45:15Z,2026-06-15T00:45:15Z,Execution-role record completed for EqSrc non-orbit refinement-family datum Refuter stress test.
smuggling-auditor@0.1.0--RT-20260614-009,registered_role,RT-20260614-009,AJ-RT-20260614-009-001,research_control/tasks/RT-20260614-009/roles/smuggling-auditor@0.1.0--RT-20260614-009.yaml,smuggling-auditor,0.1.0,,Registered Smuggling Auditor role without permission expansion for an EqSrc non-orbit refinement-family datum target-import audit.,Audit only the non-orbit refinement-family datum from RT-20260614-007.;Screen refinement choice annotation monoid design proxy preservation boundary anchors external literature labels validation status and authority labels for target-success laundering.;Allow at most a local conditional pass for EqSrc^ref refinement-family source comparison and preserve all general EqSrc Retain_H Gen_H candidate reconstruction promotion and Gate Chair blocks.;Do not authorize candidate reconstruction canonical ontology edit benchmark promotion Gate Chair review or completed-derivation language.,,,research_control/program_state.yaml;research_control/tasks/RT-20260614-009/**;research_control/handoffs/handoff-0051.yaml;research_control/handoffs/handoff-0051.md;registries/AGENT_JOB_REGISTRY.csv;registries/DIRECTOR_DECISION_REGISTRY.csv;registries/RESEARCH_TASK_REGISTRY.csv;registries/ROLE_EXECUTION_REGISTRY.csv;registries/CLAIM_BOUNDARY_REGISTRY.csv;registries/TEX_SOURCE_REGISTRY.csv,false,AJ-RT-20260614-009-001,,false,PASS,2026-06-15T00:32:01Z,2026-06-15T00:32:01Z,Execution-role record completed for EqSrc non-orbit refinement-family datum smuggling audit.
project-control-maintainer@0.1.0--RT-20260614-008,task_overlay,RT-20260614-008,AJ-RT-20260614-008-001,research_control/tasks/RT-20260614-008/roles/project-control-maintainer@0.1.0--RT-20260614-008.yaml,project-control-maintainer,0.1.0,,Project-Control Maintainer task overlay for continuation-routing control guidance and signal closure without physics claim authority.,Update only control-marked guidance and the project-improvement signal resolution record.;Preserve one-bounded-AgentJob discipline and claim-promotion gates.;State that online research and theoretical construction are permitted only when authorized by tracked state or explicit user instruction.;Treat RT-20260614-007 paths as already-authorized research-transaction paths included only so the signal-resolution repair can checkpoint atomically.;Do not alter science drafts canonical ontology benchmark sources generated derivatives or physics claim status.,,control_markdown;skill_contract;signal_resolution,AGENTS.md;research_control/AGENTS.md;research_control/README.md;.codex/skills/continue-research/SKILL.md;research_control/program_state.yaml;research_control/handoffs/handoff-0050.yaml;research_control/handoffs/handoff-0050.md;research_control/tasks/RT-20260614-007/**;research_control/tasks/RT-20260614-008/**;registries/AGENT_JOB_REGISTRY.csv;registries/DIRECTOR_DECISION_REGISTRY.csv;registries/RESEARCH_TASK_REGISTRY.csv;registries/ROLE_EXECUTION_REGISTRY.csv;registries/CLAIM_BOUNDARY_REGISTRY.csv;registries/PROJECT_IMPROVEMENT_SIGNAL_REGISTRY.csv;registries/MARKDOWN_SOURCE_REGISTRY.csv;registries/TEX_SOURCE_REGISTRY.csv;wiki/markdown/md-agents-research-control.md;wiki/markdown/md-agents.md;wiki/markdown/md-readme-research-control.md;wiki/markdown/md-skill-continue-research.md;wiki/tex/tex-research-control-localization-source-basis-axiom-selector-domain-eqsrc-non-orbit-refinement-family-datum.md,false,AJ-RT-20260614-008-001,The high-priority signal PIS-RT-20260614-007-001 identified workflow friction in missing-datum routing for novel research and the user explicitly requested the system improvement.,false,PASS,2026-06-15T00:18:46Z,2026-06-15T00:18:46Z,Execution-role overlay completed for novel-datum acquisition routing guidance.
ontology-formalizer@0.1.0--RT-20260614-007,task_overlay,RT-20260614-007,AJ-RT-20260614-007-001,research_control/tasks/RT-20260614-007/roles/ontology-formalizer@0.1.0--RT-20260614-007.yaml,ontology-formalizer,0.1.0,,Ontology Formalizer task overlay with one-job permission for external primary-literature orientation and bounded source-only theoretical construction of a non-orbit EqSrc family datum without promotion authority.,Use external literature only to justify mathematical scaffolding for causal partial orders growth families or compositional network comparison.;If no Aether-Flow-specific datum exists online construct a new source-only datum explicitly and label it draft/control evidence.;Require at least two positive source objects not related by bijective relabeling and at least one negative-control object.;Forbid target metric target proper time target locality target observer-protocol benchmark-rank or candidate-performance selection.;Do not authorize candidate reconstruction canonical ontology edit benchmark promotion Gate Chair review Retain_H Gen_H or completed-derivation language.,,external_primary_literature_orientation;bounded_theoretical_construction,research_control/program_state.yaml;research_control/tasks/RT-20260614-007/**;research_control/handoffs/handoff-0050.yaml;research_control/handoffs/handoff-0050.md;registries/AGENT_JOB_REGISTRY.csv;registries/DIRECTOR_DECISION_REGISTRY.csv;registries/RESEARCH_TASK_REGISTRY.csv;registries/ROLE_EXECUTION_REGISTRY.csv;registries/CLAIM_BOUNDARY_REGISTRY.csv;registries/TEX_SOURCE_REGISTRY.csv;registries/PROJECT_IMPROVEMENT_SIGNAL_REGISTRY.csv,false,AJ-RT-20260614-007-001,The user explicitly clarified that the missing datum must be researched online or constructed from scratch because this novel project cannot assume all required data already exists in the repository.,false,PASS,2026-06-15T00:11:35Z,2026-06-15T00:11:35Z,Execution-role overlay completed for source-only non-orbit refinement-family datum construction.
ontology-formalizer@0.1.0--RT-20260614-006,registered_role,RT-20260614-006,AJ-RT-20260614-006-001,research_control/tasks/RT-20260614-006/roles/ontology-formalizer@0.1.0--RT-20260614-006.yaml,ontology-formalizer,0.1.0,,Registered Ontology Formalizer role without permission expansion for an EqSrc non-orbit source-object family obligation packet or controlled pause.,Use only tracked source authority to decide whether a non-orbit source-object family can be supplied.;Do not treat relabeling-orbit objects annotation weakening unmapped proxy variants or generic stress-test variables as positive non-orbit family witnesses.;If no independent non-orbit family datum is registered preserve controlled pause and state the missing witness inventory invariant ledger comparison rule negative controls and quotient limits.;Do not authorize candidate reconstruction canonical ontology edit benchmark promotion Gate Chair review Retain_H Gen_H or completed-derivation language.,,,research_control/program_state.yaml;research_control/tasks/RT-20260614-006/**;research_control/handoffs/handoff-0049.yaml;research_control/handoffs/handoff-0049.md;registries/AGENT_JOB_REGISTRY.csv;registries/DIRECTOR_DECISION_REGISTRY.csv;registries/RESEARCH_TASK_REGISTRY.csv;registries/ROLE_EXECUTION_REGISTRY.csv;registries/CLAIM_BOUNDARY_REGISTRY.csv;registries/TEX_SOURCE_REGISTRY.csv,false,AJ-RT-20260614-006-001,,false,PASS,2026-06-14T23:53:22Z,2026-06-14T23:53:22Z,Execution-role record completed for EqSrc non-orbit source-object family obligation packet or controlled pause.
smuggling-auditor@0.1.0--RT-20260614-005,registered_role,RT-20260614-005,AJ-RT-20260614-005-001,research_control/tasks/RT-20260614-005/roles/smuggling-auditor@0.1.0--RT-20260614-005.yaml,smuggling-auditor,0.1.0,,Registered Smuggling Auditor role without permission expansion for an EqSrc relabeling-orbit source-family packet target-import audit.,Audit only the relabeling-orbit source-family packet from RT-20260614-004.;Screen relabeling-family choice notation proxy use negative-control retention authority labels and orbit-versus-nontrivial-family overread for target-success laundering.;Allow at most a local conditional pass for EqSrc^orb orbit-local source-presentation invariance and preserve all general EqSrc Retain_H Gen_H candidate reconstruction promotion and Gate Chair blocks.;Do not authorize candidate reconstruction canonical ontology edit benchmark promotion Gate Chair review or completed-derivation language.,,,research_control/program_state.yaml;research_control/tasks/RT-20260614-005/**;research_control/handoffs/handoff-0048.yaml;research_control/handoffs/handoff-0048.md;registries/AGENT_JOB_REGISTRY.csv;registries/DIRECTOR_DECISION_REGISTRY.csv;registries/RESEARCH_TASK_REGISTRY.csv;registries/ROLE_EXECUTION_REGISTRY.csv;registries/CLAIM_BOUNDARY_REGISTRY.csv;registries/TEX_SOURCE_REGISTRY.csv,false,AJ-RT-20260614-005-001,,false,PASS,2026-06-14T22:56:27Z,2026-06-14T22:56:27Z,Execution-role record completed for EqSrc relabeling-orbit source-family packet smuggling audit.
ontology-formalizer@0.1.0--RT-20260614-004,registered_role,RT-20260614-004,AJ-RT-20260614-004-001,research_control/tasks/RT-20260614-004/roles/ontology-formalizer@0.1.0--RT-20260614-004.yaml,ontology-formalizer,0.1.0,,Registered Ontology Formalizer role without permission expansion for an EqSrc relabeling-orbit source-family packet or controlled pause.,Define only the source-neutral relabeling orbit over the registered manifest object and its admissible bijections.;Prove relation-property receipts only inside the relabeling orbit and label the result EqSrc^orb or EqOrb rather than general EqSrc.;Retain negative controls for annotation weakening unmapped proxy use and non-orbit object variation as Block or superseding-datum requirements.;Do not authorize candidate reconstruction canonical ontology edit benchmark promotion Gate Chair review Retain_H Gen_H or completed-derivation language.,,,research_control/program_state.yaml;research_control/tasks/RT-20260614-004/**;research_control/handoffs/handoff-0047.yaml;research_control/handoffs/handoff-0047.md;registries/AGENT_JOB_REGISTRY.csv;registries/DIRECTOR_DECISION_REGISTRY.csv;registries/RESEARCH_TASK_REGISTRY.csv;registries/ROLE_EXECUTION_REGISTRY.csv;registries/CLAIM_BOUNDARY_REGISTRY.csv;registries/TEX_SOURCE_REGISTRY.csv,false,AJ-RT-20260614-004-001,,false,PASS,2026-06-14T22:42:48Z,2026-06-14T22:42:48Z,Execution-role record completed for EqSrc relabeling-orbit source-family packet or controlled pause.
ontology-formalizer@0.1.0--RT-20260614-003,registered_role,RT-20260614-003,AJ-RT-20260614-003-001,research_control/tasks/RT-20260614-003/roles/ontology-formalizer@0.1.0--RT-20260614-003.yaml,ontology-formalizer,0.1.0,,Registered Ontology Formalizer role without permission expansion for an EqSrc relabeling-orbit obstruction packet or controlled pause.,Record only the relabeling-orbit-only boundary and missing source-family equivalence evidence after RT-20260614-002.;Treat local EqSrc source-relabeling isomorphism as draft/control evidence for the manifest-bound pair only.;Identify required source-object family witness ledger relation-property receipts negative-control retention quotient limits and downstream-use limits before any broader EqSrc attempt.;Do not authorize candidate reconstruction canonical ontology edit benchmark promotion Gate Chair review or completed-derivation language.,,,research_control/program_state.yaml;research_control/tasks/RT-20260614-003/**;research_control/handoffs/handoff-0046.yaml;research_control/handoffs/handoff-0046.md;registries/AGENT_JOB_REGISTRY.csv;registries/DIRECTOR_DECISION_REGISTRY.csv;registries/RESEARCH_TASK_REGISTRY.csv;registries/ROLE_EXECUTION_REGISTRY.csv;registries/CLAIM_BOUNDARY_REGISTRY.csv;registries/TEX_SOURCE_REGISTRY.csv,false,AJ-RT-20260614-003-001,,false,PASS,2026-06-14T04:47:07Z,2026-06-14T04:47:07Z,Execution-role record completed for EqSrc relabeling-orbit obstruction packet or controlled pause.
refuter@0.1.0--RT-20260614-002,registered_role,RT-20260614-002,AJ-RT-20260614-002-001,research_control/tasks/RT-20260614-002/roles/refuter@0.1.0--RT-20260614-002.yaml,refuter,0.1.0,,Registered Refuter role without permission expansion for local EqSrc source-relabeling isomorphism datum generalization stress testing.,Stress-test only the local EqSrc source-relabeling isomorphism datum and completed smuggling audit from RT-20260613-026 and RT-20260613-027.;Apply nontrivial source-object variation relation-property pressure expanded negative controls invariant weakening influence perturbation and quotient-use screens.;Preserve at most relabeling-orbit draft/control evidence and return Block or residual burden for broader EqSrc Retain_H Gen_H or candidate-use attempts.;Do not authorize candidate reconstruction canonical ontology edit benchmark promotion Gate Chair review or completed-derivation language.,,,research_control/program_state.yaml;research_control/tasks/RT-20260614-002/**;research_control/handoffs/handoff-0045.yaml;research_control/handoffs/handoff-0045.md;registries/AGENT_JOB_REGISTRY.csv;registries/DIRECTOR_DECISION_REGISTRY.csv;registries/RESEARCH_TASK_REGISTRY.csv;registries/ROLE_EXECUTION_REGISTRY.csv;registries/CLAIM_BOUNDARY_REGISTRY.csv;registries/TEX_SOURCE_REGISTRY.csv,false,AJ-RT-20260614-002-001,,false,PASS,2026-06-14T04:37:19Z,2026-06-14T04:37:19Z,Execution-role record completed for local EqSrc source-relabeling isomorphism datum Refuter stress test.
project-control-maintainer@0.1.0--RT-20260614-001,task_overlay,RT-20260614-001,AJ-RT-20260614-001-001,research_control/tasks/RT-20260614-001/roles/project-control-maintainer@0.1.0--RT-20260614-001.yaml,project-control-maintainer,0.1.0,,Project-Control Maintainer task overlay with one-job permission for Documentation Curator-style GitHub-facing explanatory Markdown documentation registry memory discovery deterministic audit validation tests generated memory/wiki refresh and validation receipts.,Replace root github-facing body-only spec mirrors with reader-facing derived explainers.;Preserve non-authority for physics claims and control decisions.;Preserve source-spec and related-HTML binding on every GitHub-facing page.;Do not edit tracked HTML derivatives by hand.,,explanatory_markdown;markdown_source;documentation_registry;memory_tooling;validator;test;documentation_impact,README.md;github-facing/*.md;research_control/design/github_facing_explainer_contract.md;.codex/skills/project-memory-system/scripts/bootstrap_memory_system.py;scripts/project_control/audit_documentation_surfaces.py;tests/test_documentation_surface_audit.py;tests/test_memory_system.py;research_control/tasks/RT-20260614-001/**;registries/RESEARCH_TASK_REGISTRY.csv;registries/DIRECTOR_DECISION_REGISTRY.csv;registries/AGENT_JOB_REGISTRY.csv;registries/ROLE_EXECUTION_REGISTRY.csv;registries/CLAIM_BOUNDARY_REGISTRY.csv;registries/MARKDOWN_SOURCE_REGISTRY.csv,false,AJ-RT-20260614-001-001,The user explicitly requested implementation of all recommendations in implementations_plans/recommendation_github_facing_files.md using the documentation-curator and improve-project-system functionality.,false,PASS,2026-06-14T03:56:10Z,2026-06-14T03:56:10Z,Execution-role overlay completed for the GitHub-facing reader explainer contract.
smuggling-auditor@0.1.0--RT-20260613-027,registered_role,RT-20260613-027,AJ-RT-20260613-027-001,research_control/tasks/RT-20260613-027/roles/smuggling-auditor@0.1.0--RT-20260613-027.yaml,smuggling-auditor,0.1.0,,Registered Smuggling Auditor role without permission expansion for local EqSrc source-relabeling isomorphism datum target-import audit.,Audit only the local EqSrc source-relabeling isomorphism datum from RT-20260613-026.;Screen notation manifest choice proxy selection annotation preservation influence-edge selection and authority labels for target-success laundering.;Allow at most a local conditional pass for EqSrc source-relabeling isomorphism and preserve all general EqSrc Retain_H Gen_H candidate reconstruction promotion and Gate Chair blocks.;Do not authorize candidate reconstruction canonical ontology edit benchmark promotion Gate Chair review or completed-derivation language.,,,research_control/program_state.yaml;research_control/tasks/RT-20260613-027/**;research_control/handoffs/handoff-0044.yaml;research_control/handoffs/handoff-0044.md;registries/AGENT_JOB_REGISTRY.csv;registries/DIRECTOR_DECISION_REGISTRY.csv;registries/RESEARCH_TASK_REGISTRY.csv;registries/ROLE_EXECUTION_REGISTRY.csv;registries/CLAIM_BOUNDARY_REGISTRY.csv;registries/TEX_SOURCE_REGISTRY.csv,false,AJ-RT-20260613-027-001,,false,PASS,2026-06-14T02:55:49Z,2026-06-14T02:55:49Z,Execution-role record completed for local EqSrc source-relabeling isomorphism datum smuggling audit.
ontology-formalizer@0.1.0--RT-20260613-026,registered_role,RT-20260613-026,AJ-RT-20260613-026-001,research_control/tasks/RT-20260613-026/roles/ontology-formalizer@0.1.0--RT-20260613-026.yaml,ontology-formalizer,0.1.0,,Registered Ontology Formalizer role without permission expansion for a local EqSrc source-relabeling isomorphism datum.,Supply only a local source-only EqSrc datum for the manifest-bound NoTarget_H^syn source-neutral relabeling witness pair.;Treat the datum as draft/control source-syntax evidence and not as general EqSrc Retain_H or Gen_H discharge.;Include invariant ledger comparison rule annotations influence edges and negative controls.;Do not authorize candidate reconstruction canonical ontology edit benchmark promotion Gate Chair review or completed-derivation language.,,,research_control/program_state.yaml;research_control/tasks/RT-20260613-026/**;research_control/handoffs/handoff-0043.yaml;research_control/handoffs/handoff-0043.md;registries/AGENT_JOB_REGISTRY.csv;registries/DIRECTOR_DECISION_REGISTRY.csv;registries/RESEARCH_TASK_REGISTRY.csv;registries/ROLE_EXECUTION_REGISTRY.csv;registries/CLAIM_BOUNDARY_REGISTRY.csv;registries/TEX_SOURCE_REGISTRY.csv,false,AJ-RT-20260613-026-001,,false,PASS,2026-06-14T02:43:17Z,2026-06-14T02:43:17Z,Execution-role record completed for local EqSrc source-relabeling isomorphism datum.
ontology-formalizer@0.1.0--RT-20260613-025,registered_role,RT-20260613-025,AJ-RT-20260613-025-001,research_control/tasks/RT-20260613-025/roles/ontology-formalizer@0.1.0--RT-20260613-025.yaml,ontology-formalizer,0.1.0,,Registered Ontology Formalizer role without permission expansion for an EqSrc source-equivalence obligation packet or controlled pause.,State only the EqSrc source-equivalence obligation packet or controlled pause after the stress-tested NoTarget_H^syn source-syntax guard.;Treat NoTarget_H^syn source-syntax Pass as draft/control blocker evidence and not as EqSrc discharge.;Identify required source-only relation domain witness-pair invariant annotation proxy and influence evidence before any EqSrc discharge can be attempted.;Do not discharge Retain_H Gen_H and do not authorize candidate reconstruction canonical ontology edit benchmark promotion Gate Chair review or completed-derivation language.,,,research_control/program_state.yaml;research_control/tasks/RT-20260613-025/**;research_control/handoffs/handoff-0042.yaml;research_control/handoffs/handoff-0042.md;registries/AGENT_JOB_REGISTRY.csv;registries/DIRECTOR_DECISION_REGISTRY.csv;registries/RESEARCH_TASK_REGISTRY.csv;registries/ROLE_EXECUTION_REGISTRY.csv;registries/CLAIM_BOUNDARY_REGISTRY.csv;registries/TEX_SOURCE_REGISTRY.csv,false,AJ-RT-20260613-025-001,,false,PASS,2026-06-14T02:18:18Z,2026-06-14T02:18:18Z,Execution-role record completed for EqSrc source-equivalence obligation packet or controlled pause.
refuter@0.1.0--RT-20260613-024,registered_role,RT-20260613-024,AJ-RT-20260613-024-001,research_control/tasks/RT-20260613-024/roles/refuter@0.1.0--RT-20260613-024.yaml,refuter,0.1.0,,Registered Refuter role without permission expansion for NoTarget_H^syn benchmark-independence and proxy-variation stress testing.,Stress-test only the local manifest-bound NoTarget_H^syn source-syntax Pass from RT-20260613-023.;Treat source-neutral isomorphism benchmark-label erasure proxy variation influence-ledger perturbation and annotation weakening as local adversarial screens.;Return Block or residual burden for perturbations that require unlisted tokens unmapped proxies missing annotations implicit influence-edge absence semantic target dependence or target-channel leakage.;Do not discharge EqSrc Retain_H Gen_H and do not authorize candidate reconstruction canonical ontology edit benchmark promotion Gate Chair review or completed-derivation language.,,,research_control/program_state.yaml;research_control/tasks/RT-20260613-024/**;research_control/handoffs/handoff-0041.yaml;research_control/handoffs/handoff-0041.md;registries/AGENT_JOB_REGISTRY.csv;registries/DIRECTOR_DECISION_REGISTRY.csv;registries/RESEARCH_TASK_REGISTRY.csv;registries/ROLE_EXECUTION_REGISTRY.csv;registries/CLAIM_BOUNDARY_REGISTRY.csv;registries/TEX_SOURCE_REGISTRY.csv,false,AJ-RT-20260613-024-001,,false,PASS,2026-06-14T01:55:35Z,2026-06-14T01:55:35Z,Execution-role record completed for NoTarget_H^syn benchmark-independence and proxy-variation stress test.
ontology-formalizer@0.1.0--RT-20260613-023,registered_role,RT-20260613-023,AJ-RT-20260613-023-001,research_control/tasks/RT-20260613-023/roles/ontology-formalizer@0.1.0--RT-20260613-023.yaml,ontology-formalizer,0.1.0,,Registered Ontology Formalizer role without permission expansion for NoTarget_H^syn source-syntax theorem retry using the audited source-registered freeze manifest.,Retry only the manifest-bound NoTarget_H^syn source-syntax theorem using the audited source-registered freeze manifest as frozen input.;Preserve Block semantics for unlisted tokens unmapped proxies empty annotations implicit influence-edge absence semantic target dependence and target-channel leakage.;Treat any local Pass as draft/control source-syntax evidence only and not as canonical adoption semantic NoTarget_H proof EqSrc Retain_H Gen_H discharge or candidate authorization.;Do not issue Gate Chair verdict and do not promote or globally reject the research program.,,,research_control/program_state.yaml;research_control/tasks/RT-20260613-023/**;research_control/handoffs/handoff-0040.yaml;research_control/handoffs/handoff-0040.md;registries/AGENT_JOB_REGISTRY.csv;registries/DIRECTOR_DECISION_REGISTRY.csv;registries/RESEARCH_TASK_REGISTRY.csv;registries/ROLE_EXECUTION_REGISTRY.csv;registries/CLAIM_BOUNDARY_REGISTRY.csv;registries/TEX_SOURCE_REGISTRY.csv,false,AJ-RT-20260613-023-001,,false,PASS,2026-06-13T23:38:59Z,2026-06-13T23:38:59Z,Execution-role record completed for NoTarget_H^syn source-syntax theorem retry.
smuggling-auditor@0.1.0--RT-20260613-022,registered_role,RT-20260613-022,AJ-RT-20260613-022-001,research_control/tasks/RT-20260613-022/roles/smuggling-auditor@0.1.0--RT-20260613-022.yaml,smuggling-auditor,0.1.0,,Registered Smuggling Auditor role without permission expansion for NoTarget_H^syn source-registered freeze-manifest completeness independence target-import exclusion proxy coverage annotation checkability and influence-edge coverage audit.,Audit the source-registered freeze manifest only for completeness independence target-import exclusion proxy coverage annotation checkability and influence-edge coverage.;Treat the manifest as a future-use audit object rather than as NoTarget_H^syn theorem discharge.;Do not authorize EqSrc Retain_H Gen_H candidate reconstruction canonical ontology edit benchmark promotion Gate Chair review or completed-derivation language.,,,research_control/program_state.yaml;research_control/tasks/RT-20260613-022/**;research_control/handoffs/handoff-0039.yaml;research_control/handoffs/handoff-0039.md;registries/AGENT_JOB_REGISTRY.csv;registries/DIRECTOR_DECISION_REGISTRY.csv;registries/RESEARCH_TASK_REGISTRY.csv;registries/ROLE_EXECUTION_REGISTRY.csv;registries/CLAIM_BOUNDARY_REGISTRY.csv;registries/TEX_SOURCE_REGISTRY.csv,false,AJ-RT-20260613-022-001,,false,PASS,2026-06-13T22:11:41Z,2026-06-13T22:11:41Z,Execution-role record completed for NoTarget_H^syn source-registered freeze manifest smuggling audit.
ontology-formalizer@0.1.0--RT-20260613-021,registered_role,RT-20260613-021,AJ-RT-20260613-021-001,research_control/tasks/RT-20260613-021/roles/ontology-formalizer@0.1.0--RT-20260613-021.yaml,ontology-formalizer,0.1.0,,Registered Ontology Formalizer role with human-authorized source-registered freeze-manifest scope only and without canonical ontology edit or promotion authority.,Write only a source-registered freeze manifest for complete local SrcTok Forbid_T Proxy_T Ann and Infl draft/control evidence.;Treat the manifest as future-audit evidence and not as retroactive theorem discharge.;Do not discharge NoTarget_H NoTarget_H^syn EqSrc Retain_H or Gen_H and do not authorize downstream candidate reconstruction.;Do not issue Gate Chair verdict and do not promote or globally reject the research program.,,,research_control/program_state.yaml;research_control/approvals/approval-20260613-012.yaml;research_control/tasks/RT-20260613-021/**;research_control/handoffs/handoff-0038.yaml;research_control/handoffs/handoff-0038.md;registries/AGENT_JOB_REGISTRY.csv;registries/DIRECTOR_DECISION_REGISTRY.csv;registries/RESEARCH_TASK_REGISTRY.csv;registries/ROLE_EXECUTION_REGISTRY.csv;registries/CLAIM_BOUNDARY_REGISTRY.csv;registries/TEX_SOURCE_REGISTRY.csv,false,AJ-RT-20260613-021-001,The user explicitly authorized a bounded source-registered freeze manifest with complete SrcTok Forbid_T Proxy_T Ann and Infl evidence while preserving all downstream nonpromotion blocks.,false,PASS,2026-06-13T21:54:45Z,2026-06-13T22:02:32Z,Execution-role record completed for NoTarget_H^syn source-registered freeze manifest.
ontology-formalizer@0.1.0--RT-20260613-020,registered_role,RT-20260613-020,AJ-RT-20260613-020-001,research_control/tasks/RT-20260613-020/roles/ontology-formalizer@0.1.0--RT-20260613-020.yaml,ontology-formalizer,0.1.0,,Registered Ontology Formalizer role without permission expansion for NoTarget_H^syn source-freeze inventory and annotation/influence packet attempt or controlled-pause packet.,Attempt only the source-registered frozen inventory and annotation/influence packet required by handoff-0036 for the trace under review.;Treat incomplete SrcTok unfrozen Forbid_T incomplete Proxy_T missing Ann content and incomplete Infl coverage as controlled-pause triggers.;Do not discharge NoTarget_H NoTarget_H^syn EqSrc Retain_H or Gen_H and do not authorize downstream candidate reconstruction.;Do not issue Gate Chair verdict and do not promote or globally reject the research program.,,,research_control/program_state.yaml;research_control/tasks/RT-20260613-020/**;research_control/handoffs/handoff-0037.yaml;research_control/handoffs/handoff-0037.md;registries/AGENT_JOB_REGISTRY.csv;registries/DIRECTOR_DECISION_REGISTRY.csv;registries/RESEARCH_TASK_REGISTRY.csv;registries/ROLE_EXECUTION_REGISTRY.csv;registries/CLAIM_BOUNDARY_REGISTRY.csv;registries/TEX_SOURCE_REGISTRY.csv,false,AJ-RT-20260613-020-001,,false,PASS,2026-06-13T21:22:29Z,2026-06-13T21:22:29Z,Execution-role record completed for NoTarget_H^syn source-freeze inventory and annotation/influence packet attempt or controlled pause.
ontology-formalizer@0.1.0--RT-20260613-019,registered_role,RT-20260613-019,AJ-RT-20260613-019-001,research_control/tasks/RT-20260613-019/roles/ontology-formalizer@0.1.0--RT-20260613-019.yaml,ontology-formalizer,0.1.0,,Registered Ontology Formalizer role without permission expansion for NoTarget_H^syn source-syntax theorem attempt or controlled-pause packet.,Attempt only the NoTarget_H^syn source-syntax theorem target for the trace under review.;Freeze SrcTok Forbid_T Proxy_T Ann and Infl provenance as draft/control surfaces and preserve conservative Block semantics for incomplete or unfrozen surfaces.;Treat EqSrc Retain_H and Gen_H as deferred theorem burdens and do not discharge them by definition.;Do not authorize candidate reconstruction and do not issue Gate Chair verdict and do not promote or globally reject the research program.,,,research_control/program_state.yaml;research_control/tasks/RT-20260613-019/**;research_control/handoffs/handoff-0036.yaml;research_control/handoffs/handoff-0036.md;registries/AGENT_JOB_REGISTRY.csv;registries/DIRECTOR_DECISION_REGISTRY.csv;registries/RESEARCH_TASK_REGISTRY.csv;registries/ROLE_EXECUTION_REGISTRY.csv;registries/CLAIM_BOUNDARY_REGISTRY.csv;registries/TEX_SOURCE_REGISTRY.csv,false,AJ-RT-20260613-019-001,,false,PASS,2026-06-13T20:36:25Z,2026-06-13T20:36:25Z,Execution-role record completed for NoTarget_H^syn source-syntax theorem attempt or controlled pause.
smuggling-auditor@0.1.0--RT-20260613-018,registered_role,RT-20260613-018,AJ-RT-20260613-018-001,research_control/tasks/RT-20260613-018/roles/smuggling-auditor@0.1.0--RT-20260613-018.yaml,smuggling-auditor,0.1.0,,Registered Smuggling Auditor role without permission expansion for NoTarget_H source-syntax repair-target hidden target import proxy-selection leakage annotation laundering influence-relation laundering and authority-laundering audit.,Audit the NoTarget_H source-syntax repair target only for hidden target import proxy-selection leakage annotation laundering influence-relation laundering and authority laundering.;Treat NoTarget_H^syn SrcTok Forbid_T Proxy_T Ann and Infl as audit surfaces rather than as discharged theorem evidence.;Do not authorize candidate reconstruction and do not issue Gate Chair verdict and do not promote or globally reject the research program.,,,research_control/program_state.yaml;research_control/tasks/RT-20260613-018/**;research_control/handoffs/handoff-0035.yaml;research_control/handoffs/handoff-0035.md;registries/AGENT_JOB_REGISTRY.csv;registries/DIRECTOR_DECISION_REGISTRY.csv;registries/RESEARCH_TASK_REGISTRY.csv;registries/ROLE_EXECUTION_REGISTRY.csv;registries/CLAIM_BOUNDARY_REGISTRY.csv;registries/TEX_SOURCE_REGISTRY.csv,false,AJ-RT-20260613-018-001,,false,PASS,2026-06-13T20:19:48Z,2026-06-13T20:19:48Z,Execution-role record completed for NoTarget_H source-syntax repair-target smuggling audit.
ontology-formalizer@0.1.0--RT-20260613-017,registered_role,RT-20260613-017,AJ-RT-20260613-017-001,research_control/tasks/RT-20260613-017/roles/ontology-formalizer@0.1.0--RT-20260613-017.yaml,ontology-formalizer,0.1.0,,Registered Ontology Formalizer role without permission expansion for NoTarget_H source-syntax repair-target specification.,Specify only a source-syntax theorem target and explicit failure conditions for NoTarget_H.;Treat EqSrc Retain_H and Gen_H as deferred theorem burdens and do not discharge them by definition.;Do not authorize candidate reconstruction and do not issue Gate Chair verdict and do not promote or globally reject the research program.,,,research_control/program_state.yaml;research_control/tasks/RT-20260613-017/**;research_control/handoffs/handoff-0034.yaml;research_control/handoffs/handoff-0034.md;registries/AGENT_JOB_REGISTRY.csv;registries/DIRECTOR_DECISION_REGISTRY.csv;registries/RESEARCH_TASK_REGISTRY.csv;registries/ROLE_EXECUTION_REGISTRY.csv;registries/CLAIM_BOUNDARY_REGISTRY.csv;registries/TEX_SOURCE_REGISTRY.csv,false,AJ-RT-20260613-017-001,,false,PASS,2026-06-13T20:04:51Z,2026-06-13T20:04:51Z,Execution-role record completed for NoTarget_H source-syntax repair-target packet.
refuter@0.1.0--RT-20260613-016,registered_role,RT-20260613-016,AJ-RT-20260613-016-001,research_control/tasks/RT-20260613-016/roles/refuter@0.1.0--RT-20260613-016.yaml,refuter,0.1.0,,Registered Refuter role without permission expansion for ledger-generation ontology-expansion proposal conservativity and benchmark-independence stress test.,Test the audited noncanonical proposal only for conservativity and benchmark independence over admissible source-side provenance admissibility blinding equivalence retention and target-exclusion variation.;Treat LangPlus Gen_H EqSrc Retain_H NoTarget_H and Audit_H as proposal-level theorem burdens rather than discharged source authority.;Do not authorize candidate reconstruction and do not issue Gate Chair verdict and do not promote or globally reject the research program.,,,research_control/program_state.yaml;research_control/tasks/RT-20260613-016/**;research_control/handoffs/handoff-0033.yaml;research_control/handoffs/handoff-0033.md;registries/AGENT_JOB_REGISTRY.csv;registries/DIRECTOR_DECISION_REGISTRY.csv;registries/RESEARCH_TASK_REGISTRY.csv;registries/ROLE_EXECUTION_REGISTRY.csv;registries/CLAIM_BOUNDARY_REGISTRY.csv;registries/TEX_SOURCE_REGISTRY.csv,false,AJ-RT-20260613-016-001,,false,PASS,2026-06-13T19:51:37Z,2026-06-13T19:51:37Z,Execution-role record completed for ledger-generation ontology-expansion proposal conservativity and benchmark-independence refutation.
smuggling-auditor@0.1.0--RT-20260613-015,registered_role,RT-20260613-015,AJ-RT-20260613-015-001,research_control/tasks/RT-20260613-015/roles/smuggling-auditor@0.1.0--RT-20260613-015.yaml,smuggling-auditor,0.1.0,,Registered Smuggling Auditor role without permission expansion for ledger-generation ontology-expansion proposal target-import authority-laundering quotient-laundering retention-failure and status-laundering audit.,Audit the noncanonical proposal only for hidden target import authority laundering quotient laundering retention failure and status laundering.;Treat named guards such as NoTarget_H Audit_H EqSrc and Retain_H as audit targets rather than as discharged theorem evidence.;Do not authorize candidate reconstruction and do not issue Gate Chair verdict and do not promote or globally reject the research program.,,,research_control/program_state.yaml;research_control/tasks/RT-20260613-015/**;research_control/handoffs/handoff-0032.yaml;research_control/handoffs/handoff-0032.md;registries/AGENT_JOB_REGISTRY.csv;registries/DIRECTOR_DECISION_REGISTRY.csv;registries/RESEARCH_TASK_REGISTRY.csv;registries/ROLE_EXECUTION_REGISTRY.csv;registries/CLAIM_BOUNDARY_REGISTRY.csv;registries/TEX_SOURCE_REGISTRY.csv,false,AJ-RT-20260613-015-001,,false,PASS,2026-06-13T19:28:55Z,2026-06-13T19:28:55Z,Execution-role record completed for ledger-generation ontology-expansion proposal smuggling audit.
documentation-curator@0.7.0--RT-20260613-014,registered_role,RT-20260613-014,AJ-RT-20260613-014-001,research_control/tasks/RT-20260613-014/roles/documentation-curator@0.7.0--RT-20260613-014.yaml,documentation-curator,0.7.0,,Registered Documentation Curator role without permission expansion for README Mermaid benchmark-node route-clarity repair.,Edit Mermaid layout constraints in the registered README source before generated derivatives.;Keep generated derivatives non-authoritative.;Do not alter contracts validators routing or physics claim status.,,,README.md;research_control/tasks/RT-20260613-014/**;registries/RESEARCH_TASK_REGISTRY.csv;registries/DIRECTOR_DECISION_REGISTRY.csv;registries/AGENT_JOB_REGISTRY.csv;registries/ROLE_EXECUTION_REGISTRY.csv;registries/CLAIM_BOUNDARY_REGISTRY.csv;registries/MARKDOWN_SOURCE_REGISTRY.csv,false,AJ-RT-20260613-014-001,,false,PASS,2026-06-13T19:04:45Z,2026-06-13T19:04:45Z,Execution-role record completed for README Mermaid benchmark-node route-clarity repair.
documentation-curator@0.7.0--RT-20260613-013,registered_role,RT-20260613-013,AJ-RT-20260613-013-001,research_control/tasks/RT-20260613-013/roles/documentation-curator@0.7.0--RT-20260613-013.yaml,documentation-curator,0.7.0,,Registered Documentation Curator role without permission expansion for README Mermaid route-clarity repair.,Edit Mermaid layout constraints in the registered README source before generated derivatives.;Keep generated derivatives non-authoritative.;Do not alter contracts validators routing or physics claim status.,,,README.md;research_control/tasks/RT-20260613-013/**;registries/RESEARCH_TASK_REGISTRY.csv;registries/DIRECTOR_DECISION_REGISTRY.csv;registries/AGENT_JOB_REGISTRY.csv;registries/ROLE_EXECUTION_REGISTRY.csv;registries/CLAIM_BOUNDARY_REGISTRY.csv;registries/MARKDOWN_SOURCE_REGISTRY.csv,false,AJ-RT-20260613-013-001,,false,PASS,2026-06-13T18:45:29Z,2026-06-13T18:45:29Z,Execution-role record completed for README Mermaid route-clarity repair.
documentation-curator@0.7.0--RT-20260613-012,registered_role,RT-20260613-012,AJ-RT-20260613-012-001,research_control/tasks/RT-20260613-012/roles/documentation-curator@0.7.0--RT-20260613-012.yaml,documentation-curator,0.7.0,,Registered Documentation Curator role without permission expansion for Mermaid label wrapping and source-backed derivative refresh.,Edit Mermaid labels in explanatory Markdown and registered source specs before generated HTML derivatives.;Keep generated HTML human-only and non-authoritative.;Do not alter contracts validators routing or physics claim status.,,,README.md;markdown/html-explainer-specs/project-overview-explainer.md;github-facing/project-overview-explainer.md;html/project-overview-explainer.html;research_control/tasks/RT-20260613-012/**;registries/RESEARCH_TASK_REGISTRY.csv;registries/DIRECTOR_DECISION_REGISTRY.csv;registries/AGENT_JOB_REGISTRY.csv;registries/ROLE_EXECUTION_REGISTRY.csv;registries/CLAIM_BOUNDARY_REGISTRY.csv;registries/MARKDOWN_SOURCE_REGISTRY.csv;registries/HTML_EXPLAINER_REGISTRY.csv,false,AJ-RT-20260613-012-001,,false,PASS,2026-06-13T18:02:26Z,2026-06-13T18:02:26Z,Execution-role record completed for Mermaid label wrapping repair.
project-control-maintainer@0.1.0--RT-20260613-011,task_overlay,RT-20260613-011,AJ-RT-20260613-011-001,research_control/tasks/RT-20260613-011/roles/project-control-maintainer@0.1.0--RT-20260613-011.yaml,project-control-maintainer,0.1.0,,Project-Control Maintainer task overlay with human-authorized one-job permission for a repo-local user-modified-project skill contract control guidance updates Markdown source registration generated memory/wiki refresh and validation receipts.,Create the user-modified-project skill as an integration router not a validation bypass.;Require or recover a brief human intent note before integrating manual repository edits.;Route physics-bearing edits as proposals through research-control gates.;Route project-system edits through improve-project-system.;Refresh generated memory/wiki/registry surfaces only through bootstrap.;Do not modify canonical science sources or physics claim status.,,skill_contract;documentation_registry;memory_system;control_markdown;documentation_impact,AGENTS.md;README.md;.codex/skills/user-modified-project/**;research_control/approvals/approval-20260613-011.yaml;research_control/tasks/RT-20260613-011/**;registries/RESEARCH_TASK_REGISTRY.csv;registries/DIRECTOR_DECISION_REGISTRY.csv;registries/AGENT_JOB_REGISTRY.csv;registries/ROLE_EXECUTION_REGISTRY.csv;registries/CLAIM_BOUNDARY_REGISTRY.csv;registries/MARKDOWN_SOURCE_REGISTRY.csv,true,AJ-RT-20260613-011-001,The user explicitly requested implementation of the user-modified-project integration skill as a repo-local controlled intake route for human-made changes.,false,PASS,2026-06-13T17:31:36Z,2026-06-13T17:31:36Z,Execution-role record completed for user-modified-project skill integration.
ontology-formalizer@0.1.0--RT-20260613-010,registered_role,RT-20260613-010,AJ-RT-20260613-010-001,research_control/tasks/RT-20260613-010/roles/ontology-formalizer@0.1.0--RT-20260613-010.yaml,ontology-formalizer,0.1.0,,Registered Ontology Formalizer role with human-authorized proposal scope only and without canonical ontology edit or promotion authority.,Write only a noncanonical ontology-expansion proposal for source-language ledger-generation authority.;Use a family-first ledger-generation envelope and preserve complete negative-control retention as a theorem burden.;Do not authorize candidate reconstruction and do not issue Gate Chair verdict and do not promote or globally reject the research program.,,,research_control/program_state.yaml;research_control/approvals/approval-20260613-010.yaml;research_control/tasks/RT-20260613-010/**;research_control/handoffs/handoff-0031.yaml;research_control/handoffs/handoff-0031.md;registries/AGENT_JOB_REGISTRY.csv;registries/DIRECTOR_DECISION_REGISTRY.csv;registries/RESEARCH_TASK_REGISTRY.csv;registries/ROLE_EXECUTION_REGISTRY.csv;registries/CLAIM_BOUNDARY_REGISTRY.csv;registries/TEX_SOURCE_REGISTRY.csv,true,AJ-RT-20260613-010-001,The user explicitly authorized an ontology-expansion proposal for missing source-language ledger-generation authority while preserving candidate reconstruction canonical ontology edit benchmark promotion and Gate Chair blocks.,false,PASS,2026-06-13T16:15:23Z,2026-06-13T16:15:23Z,Execution-role record completed for ledger-generation ontology-expansion proposal only.
ontology-formalizer@0.1.0--RT-20260613-009,registered_role,RT-20260613-009,AJ-RT-20260613-009-001,research_control/tasks/RT-20260613-009/roles/ontology-formalizer@0.1.0--RT-20260613-009.yaml,ontology-formalizer,0.1.0,,Registered Ontology Formalizer role without permission expansion for single-surface ledger-provenance theorem attempt or controlled pause.,Attempt only the ledger provenance surface H and do not attempt horizon universality admissibility meta-grammar certificate invariance output-basis generation or D_F status transitions except as dependent unresolved surfaces.;Use only the registered current source language L_0 and preserve controlled pause if generation uniqueness or complete admissible-ledger retention cannot be proved.;Do not authorize candidate reconstruction and do not issue Gate Chair verdict and do not promote or globally reject the research program.,,,research_control/program_state.yaml;research_control/tasks/RT-20260613-009/**;research_control/handoffs/handoff-0030.yaml;research_control/handoffs/handoff-0030.md;registries/AGENT_JOB_REGISTRY.csv;registries/DIRECTOR_DECISION_REGISTRY.csv;registries/RESEARCH_TASK_REGISTRY.csv;registries/ROLE_EXECUTION_REGISTRY.csv;registries/CLAIM_BOUNDARY_REGISTRY.csv;registries/TEX_SOURCE_REGISTRY.csv,false,AJ-RT-20260613-009-001,,false,PASS,2026-06-13T15:51:30Z,2026-06-13T15:51:30Z,Execution-role record completed for ledger-provenance theorem attempt or controlled pause.
refuter@0.1.0--RT-20260613-008,registered_role,RT-20260613-008,AJ-RT-20260613-008-001,research_control/tasks/RT-20260613-008/roles/refuter@0.1.0--RT-20260613-008.yaml,refuter,0.1.0,,Registered Refuter role without permission expansion for source-forcing discharge protocol benchmark-independence stress test.,Test the audited discharge protocol only for benchmark independence over admissible source-side ledger horizon grammar certificate output-basis and D_F status-rule variation.;Do not authorize candidate reconstruction and do not issue Gate Chair verdict and do not promote or globally reject the research program.,,,research_control/program_state.yaml;research_control/tasks/RT-20260613-008/**;research_control/handoffs/handoff-0029.yaml;research_control/handoffs/handoff-0029.md;registries/AGENT_JOB_REGISTRY.csv;registries/DIRECTOR_DECISION_REGISTRY.csv;registries/RESEARCH_TASK_REGISTRY.csv;registries/ROLE_EXECUTION_REGISTRY.csv;registries/CLAIM_BOUNDARY_REGISTRY.csv;registries/TEX_SOURCE_REGISTRY.csv,false,AJ-RT-20260613-008-001,,false,PASS,2026-06-13T14:06:34Z,2026-06-13T14:06:34Z,Execution-role record completed for source-forcing discharge protocol benchmark-independence refutation.
smuggling-auditor@0.1.0--RT-20260613-007,registered_role,RT-20260613-007,AJ-RT-20260613-007-001,research_control/tasks/RT-20260613-007/roles/smuggling-auditor@0.1.0--RT-20260613-007.yaml,smuggling-auditor,0.1.0,,Registered Smuggling Auditor role without permission expansion for source-forcing discharge protocol target-import and protected-authority audit.,Audit current-language theorem cells negative-control cells authority-expansion cells and unresolved-status cells only for hidden target import protected authority expansion status laundering and cross-cell bleed.;Do not authorize candidate reconstruction and do not issue Gate Chair verdict and do not promote or globally reject the research program.,,,research_control/program_state.yaml;research_control/tasks/RT-20260613-007/**;research_control/handoffs/handoff-0028.yaml;research_control/handoffs/handoff-0028.md;registries/AGENT_JOB_REGISTRY.csv;registries/DIRECTOR_DECISION_REGISTRY.csv;registries/RESEARCH_TASK_REGISTRY.csv;registries/ROLE_EXECUTION_REGISTRY.csv;registries/CLAIM_BOUNDARY_REGISTRY.csv;registries/TEX_SOURCE_REGISTRY.csv,false,AJ-RT-20260613-007-001,,false,PASS,2026-06-13T13:53:55Z,2026-06-13T13:53:55Z,Execution-role record completed for source-forcing discharge protocol smuggling audit.
ontology-formalizer@0.1.0--RT-20260613-006,registered_role,RT-20260613-006,AJ-RT-20260613-006-001,research_control/tasks/RT-20260613-006/roles/ontology-formalizer@0.1.0--RT-20260613-006.yaml,ontology-formalizer,0.1.0,,Registered Ontology Formalizer role without permission expansion for source-forcing discharge protocol and controlled-pause ledger.,Separate current-language theorem obligations negative-control families protected authority-expansion triggers and unresolved not_computed or underdetermined statuses for the six source-forcing surfaces.;Preserve controlled-pause conditions when obligations cannot be discharged inside current registered source language.;Do not edit canonical ontology sources or authorize candidate reconstruction or issue Gate Chair verdict.,,,research_control/program_state.yaml;research_control/tasks/RT-20260613-006/**;research_control/handoffs/handoff-0027.yaml;research_control/handoffs/handoff-0027.md;registries/AGENT_JOB_REGISTRY.csv;registries/DIRECTOR_DECISION_REGISTRY.csv;registries/RESEARCH_TASK_REGISTRY.csv;registries/ROLE_EXECUTION_REGISTRY.csv;registries/CLAIM_BOUNDARY_REGISTRY.csv;registries/TEX_SOURCE_REGISTRY.csv,false,AJ-RT-20260613-006-001,,false,PASS,2026-06-13T13:31:39Z,2026-06-13T13:31:39Z,Execution-role record completed for source-forcing discharge protocol.
smuggling-auditor@0.1.0--RT-20260613-005,registered_role,RT-20260613-005,AJ-RT-20260613-005-001,research_control/tasks/RT-20260613-005/roles/smuggling-auditor@0.1.0--RT-20260613-005.yaml,smuggling-auditor,0.1.0,,Registered Smuggling Auditor role without permission expansion for source-forcing obligation packet target-import and authority-expansion audit.,Audit ledger provenance horizon universality admissibility meta-grammar certificate invariance output-basis generation and D_F status-transition theorem obligations only for hidden target import protected authority expansion benchmark-tuned selection and controlled-pause blockers.;Do not authorize candidate reconstruction and do not issue Gate Chair verdict and do not promote or globally reject the research program.,,,research_control/program_state.yaml;research_control/tasks/RT-20260613-005/**;research_control/handoffs/handoff-0026.yaml;research_control/handoffs/handoff-0026.md;registries/AGENT_JOB_REGISTRY.csv;registries/DIRECTOR_DECISION_REGISTRY.csv;registries/RESEARCH_TASK_REGISTRY.csv;registries/ROLE_EXECUTION_REGISTRY.csv;registries/CLAIM_BOUNDARY_REGISTRY.csv;registries/TEX_SOURCE_REGISTRY.csv,false,AJ-RT-20260613-005-001,,false,PASS,2026-06-13T13:03:40Z,2026-06-13T13:03:40Z,Execution-role record completed for source-forcing obligation smuggling audit.
ontology-formalizer@0.1.0--RT-20260613-004,registered_role,RT-20260613-004,AJ-RT-20260613-004-001,research_control/tasks/RT-20260613-004/roles/ontology-formalizer@0.1.0--RT-20260613-004.yaml,ontology-formalizer,0.1.0,,Registered Ontology Formalizer role without permission expansion for selector-domain source-forcing obligation packet.,State source-forcing obligations for ledger provenance horizon universality admissibility meta-grammar certificate invariance output-basis generation and D_F status-transition theorem burdens only as draft/control obligations.;Preserve controlled-pause conditions when obligations cannot be stated without authority expansion or target selection.;Do not edit canonical ontology sources or authorize candidate reconstruction or issue Gate Chair verdict.,,,research_control/program_state.yaml;research_control/tasks/RT-20260613-004/**;research_control/handoffs/handoff-0025.yaml;research_control/handoffs/handoff-0025.md;registries/AGENT_JOB_REGISTRY.csv;registries/DIRECTOR_DECISION_REGISTRY.csv;registries/RESEARCH_TASK_REGISTRY.csv;registries/ROLE_EXECUTION_REGISTRY.csv;registries/CLAIM_BOUNDARY_REGISTRY.csv;registries/TEX_SOURCE_REGISTRY.csv,false,AJ-RT-20260613-004-001,,false,PASS,2026-06-13T12:46:21Z,2026-06-13T12:46:21Z,Execution-role record completed for selector-domain source-forcing obligation packet.
validator-engineer@0.1.0--RT-20260613-003,registered_role,RT-20260613-003,AJ-RT-20260613-003-001,research_control/tasks/RT-20260613-003/roles/validator-engineer@0.1.0--RT-20260613-003.yaml,validator-engineer,0.1.0,,Registered Validator Engineer role without permission expansion for deterministic documentation-surface audit tooling.,Convert the ad hoc documentation sweep audit into tracked deterministic project-control tooling.;Check registered Markdown hashes HTML source-basis links TeX/PDF derivative links generated registry paths GitHub-facing mirror parity and stale documentation-path references.;Keep full local retrieval checks available without making ignored .local surfaces mandatory for project-control validation.;Include focused unit tests for new audit behavior.;Do not edit physics claims canonical science sources generated HTML PDFs or generated wiki notes by hand.,,,README.md;Makefile;scripts/project_control/audit_documentation_surfaces.py;tests/test_documentation_surface_audit.py;research_control/tasks/RT-20260613-003/**;registries/RESEARCH_TASK_REGISTRY.csv;registries/DIRECTOR_DECISION_REGISTRY.csv;registries/AGENT_JOB_REGISTRY.csv;registries/ROLE_EXECUTION_REGISTRY.csv;registries/CLAIM_BOUNDARY_REGISTRY.csv;registries/MARKDOWN_SOURCE_REGISTRY.csv,false,AJ-RT-20260613-003-001,The user explicitly requested implementation of the previously identified repeatable documentation-surface audit improvement.,false,PASS,2026-06-13T03:22:30Z,2026-06-13T03:22:30Z,Execution-role record completed for deterministic documentation-surface audit tooling.
project-control-maintainer@0.1.0--RT-20260613-002,task_overlay,RT-20260613-002,AJ-RT-20260613-002-001,research_control/tasks/RT-20260613-002/roles/project-control-maintainer@0.1.0--RT-20260613-002.yaml,project-control-maintainer,0.1.0,,Project-Control Maintainer task overlay with human-authorized one-job permission for root GitHub-facing explanatory Markdown Markdown source registration documentation registry discovery project-control validators tests generated memory/wiki refresh and validation receipts.,Move the GitHub-facing Markdown layer to root github-facing.;Keep root github-facing files as body-only mirrors of markdown/html-explainer-specs.;Remove the nested GitHub-facing README source manifest and compact page set.;Preserve non-authority for physics claims and control decisions.;Do not modify canonical science sources or generated HTML.,,explanatory_markdown;markdown_source;documentation_registry;memory_tooling;validator;test,README.md;CONTEXT.md;docs/github-facing/*.md;github-facing/;github-facing/*.md;.codex/skills/project-memory-system/scripts/bootstrap_memory_system.py;scripts/project_control/classify_project_changes.py;scripts/project_control/validate_documentation_impact.py;tests/test_memory_system.py;tests/test_project_change_classifier.py;research_control/approvals/approval-20260613-002.yaml;research_control/tasks/RT-20260613-002/**;registries/RESEARCH_TASK_REGISTRY.csv;registries/DIRECTOR_DECISION_REGISTRY.csv;registries/AGENT_JOB_REGISTRY.csv;registries/ROLE_EXECUTION_REGISTRY.csv;registries/CLAIM_BOUNDARY_REGISTRY.csv;registries/MARKDOWN_SOURCE_REGISTRY.csv,true,AJ-RT-20260613-002-001,The user explicitly requested this bounded correction to the just-created GitHub-facing Markdown layer and authorized the required documentation tooling registry and test updates.,false,PASS,2026-06-13T02:40:38Z,2026-06-13T02:40:38Z,Execution-role record completed for the root GitHub-facing Markdown mirror correction.
project-control-maintainer@0.1.0--RT-20260613-001,task_overlay,RT-20260613-001,AJ-RT-20260613-001-001,research_control/tasks/RT-20260613-001/roles/project-control-maintainer@0.1.0--RT-20260613-001.yaml,project-control-maintainer,0.1.0,,Project-Control Maintainer task overlay with human-authorized one-job permission for GitHub-facing explanatory Markdown Markdown source registration documentation registry discovery memory tooling tests source manifest traceability generated memory/wiki refresh and validation.,Create docs/github-facing as the GitHub-facing Markdown documentation layer.;Keep pages source-backed by existing explainer specs and tracked in SOURCE_MANIFEST.md.;Register the layer as canonical Markdown for GitHub-facing explanation only.;Preserve non-authority for physics claims and control decisions.;Do not modify canonical science sources or generated HTML.,,explanatory_markdown;markdown_source;documentation_registry;memory_tooling;test,README.md;CONTEXT.md;docs/;docs/github-facing/*.md;.codex/skills/project-memory-system/scripts/bootstrap_memory_system.py;scripts/project_control/classify_project_changes.py;scripts/project_control/validate_documentation_impact.py;tests/test_memory_system.py;tests/test_project_change_classifier.py;research_control/approvals/approval-20260613-001.yaml;research_control/tasks/RT-20260613-001/**;registries/RESEARCH_TASK_REGISTRY.csv;registries/DIRECTOR_DECISION_REGISTRY.csv;registries/AGENT_JOB_REGISTRY.csv;registries/ROLE_EXECUTION_REGISTRY.csv;registries/CLAIM_BOUNDARY_REGISTRY.csv;registries/MARKDOWN_SOURCE_REGISTRY.csv,true,AJ-RT-20260613-001-001,"The user explicitly authorized one bounded Project-Control Maintainer task overlay with temporary permission for explanatory_markdown, markdown_source, documentation_registry, memory_tooling, and test.",false,PASS,2026-06-13T01:42:25Z,2026-06-13T01:42:25Z,Execution-role record completed for the GitHub-facing Markdown documentation layer.
refuter@0.1.0--RT-20260611-006,registered_role,RT-20260611-006,AJ-RT-20260611-006-001,research_control/tasks/RT-20260611-006/roles/refuter@0.1.0--RT-20260611-006.yaml,refuter,0.1.0,,Registered Refuter role without permission expansion for selector-domain finite-variation benchmark-independence test.,Test the finite-variation repair packet only for benchmark independence over admissible source-defined ledger packet-family horizon enumerator certificate output-basis and D_F evidence-gate variation.;Do not authorize candidate reconstruction and do not issue Gate Chair verdict and do not promote or globally reject the research program.,,,research_control/program_state.yaml;research_control/tasks/RT-20260611-006/**;research_control/handoffs/handoff-0024.yaml;research_control/handoffs/handoff-0024.md;registries/AGENT_JOB_REGISTRY.csv;registries/DIRECTOR_DECISION_REGISTRY.csv;registries/RESEARCH_TASK_REGISTRY.csv;registries/ROLE_EXECUTION_REGISTRY.csv;registries/CLAIM_BOUNDARY_REGISTRY.csv;registries/TEX_SOURCE_REGISTRY.csv,false,AJ-RT-20260611-006-001,,false,PASS,2026-06-11T03:40:07Z,2026-06-11T03:40:07Z,Execution-role record for completed source basis axiom selector-domain finite-variation benchmark-independence refutation.
smuggling-auditor@0.1.0--RT-20260608-023,registered_role,RT-20260608-023,AJ-RT-20260608-023-001,research_control/tasks/RT-20260608-023/roles/smuggling-auditor@0.1.0--RT-20260608-023.yaml,smuggling-auditor,0.1.0,,Registered Smuggling Auditor role without permission expansion for selector-domain finite-variation repair target-import audit.,Audit benchmark-blind family generation finite horizon selection enumerator completeness certificate exclusions output-map stability gates and D_F status-transition evidence only for hidden target import and benchmark-tuned branch selection.;Do not authorize candidate reconstruction and do not issue Gate Chair verdict and do not promote or globally reject the research program.,,,research_control/program_state.yaml;research_control/tasks/RT-20260608-023/**;research_control/handoffs/handoff-0023.yaml;research_control/handoffs/handoff-0023.md;registries/AGENT_JOB_REGISTRY.csv;registries/DIRECTOR_DECISION_REGISTRY.csv;registries/RESEARCH_TASK_REGISTRY.csv;registries/ROLE_EXECUTION_REGISTRY.csv;registries/CLAIM_BOUNDARY_REGISTRY.csv;registries/TEX_SOURCE_REGISTRY.csv,false,AJ-RT-20260608-023-001,,false,PASS,2026-06-10T16:21:25Z,2026-06-10T16:21:25Z,Execution-role record for completed source basis axiom selector-domain finite-variation smuggling audit.
ontology-formalizer@0.1.0--RT-20260608-022,registered_role,RT-20260608-022,AJ-RT-20260608-022-001,research_control/tasks/RT-20260608-022/roles/ontology-formalizer@0.1.0--RT-20260608-022.yaml,ontology-formalizer,0.1.0,,Registered Ontology Formalizer role without permission expansion for selector-domain finite-variation repair packet.,Define benchmark-blind packet-family selection enumerator-family completeness certificate-exclusion proof obligations output-map stability criteria and D_F status-transition evidence gates only as draft/control extension hypotheses.;Do not edit canonical ontology sources or authorize candidate reconstruction or issue Gate Chair verdict.,,,research_control/program_state.yaml;research_control/tasks/RT-20260608-022/**;research_control/handoffs/handoff-0022.yaml;research_control/handoffs/handoff-0022.md;registries/AGENT_JOB_REGISTRY.csv;registries/DIRECTOR_DECISION_REGISTRY.csv;registries/RESEARCH_TASK_REGISTRY.csv;registries/ROLE_EXECUTION_REGISTRY.csv;registries/CLAIM_BOUNDARY_REGISTRY.csv;registries/TEX_SOURCE_REGISTRY.csv,false,AJ-RT-20260608-022-001,,false,PASS,2026-06-10T05:42:24Z,2026-06-10T05:42:24Z,Execution-role record for completed source basis axiom selector-domain finite-variation repair packet.
provisional-RT-20260608-001-AJ-RT-20260608-001-001-control-spine-bootstrapper,one_job_provisional_role,RT-20260608-001,AJ-RT-20260608-001-001,research_control/tasks/RT-20260608-001/roles/provisional-RT-20260608-001-AJ-RT-20260608-001-001-control-spine-bootstrapper.yaml,,,Control Spine Bootstrapper,One-job bootstrap authority for creating the initial Director-led control spine.,Bootstrap control infrastructure only.;Do not start a Gate 0 science task.,Claim promotion.,,.agents/**;.codex/skills/continue-research/**;AGENTS.md;README.md;research_control/**;registries/AGENT_ROLE_REGISTRY.csv;registries/AGENT_JOB_REGISTRY.csv;registries/DIRECTOR_DECISION_REGISTRY.csv;registries/RESEARCH_TASK_REGISTRY.csv;registries/CLAIM_BOUNDARY_REGISTRY.csv;scripts/research_control/**;tests/test_research_control.py,false,AJ-RT-20260608-001-001,The reusable control spine did not exist yet; the Director selected a one-job bootstrap role.,true,PASS,2026-06-08T00:00:00Z,2026-06-08T00:00:00Z,Post-hoc execution-role record for immutable bootstrap AgentJob.
ontology-formalizer@0.1.0,registered_role,RT-20260608-002,AJ-RT-20260608-002-001,research_control/tasks/RT-20260608-002/roles/ontology-formalizer@0.1.0.yaml,ontology-formalizer,0.1.0,,Registered Ontology Formalizer role without task-specific permission expansion.,Stay within Gate 0 source primitives and localization burden.,,,research_control/program_state.yaml;research_control/tasks/RT-20260608-002/**;research_control/handoffs/handoff-0002.yaml;research_control/handoffs/handoff-0002.md;registries/AGENT_JOB_REGISTRY.csv;registries/DIRECTOR_DECISION_REGISTRY.csv;registries/RESEARCH_TASK_REGISTRY.csv;registries/CLAIM_BOUNDARY_REGISTRY.csv;registries/TEX_SOURCE_REGISTRY.csv,false,AJ-RT-20260608-002-001,,false,PASS,2026-06-08T22:03:50Z,2026-06-08T22:03:50Z,Post-hoc execution-role record for immutable completed AgentJob.
candidate-constructor@0.1.0,registered_role,RT-20260608-003,AJ-RT-20260608-003-001,research_control/tasks/RT-20260608-003/roles/candidate-constructor@0.1.0.yaml,candidate-constructor,0.1.0,,Registered Candidate Constructor role without task-specific permission expansion.,Construct one draft localization packet only.;Do not promote a candidate or claim derivation.,,,research_control/program_state.yaml;research_control/tasks/RT-20260608-003/**;research_control/handoffs/handoff-0003.yaml;research_control/handoffs/handoff-0003.md;registries/AGENT_JOB_REGISTRY.csv;registries/DIRECTOR_DECISION_REGISTRY.csv;registries/RESEARCH_TASK_REGISTRY.csv;registries/CLAIM_BOUNDARY_REGISTRY.csv;registries/TEX_SOURCE_REGISTRY.csv,false,AJ-RT-20260608-003-001,,false,PASS,2026-06-08T22:17:47Z,2026-06-08T22:17:47Z,Post-hoc execution-role record for immutable completed AgentJob.
smuggling-auditor@0.1.0,registered_role,RT-20260608-004,AJ-RT-20260608-004-001,research_control/tasks/RT-20260608-004/roles/smuggling-auditor@0.1.0.yaml,smuggling-auditor,0.1.0,,Registered Smuggling Auditor role without task-specific permission expansion.,Audit target-import risk only.;Do not promote or reject the candidate program.,,,research_control/program_state.yaml;research_control/tasks/RT-20260608-004/**;research_control/handoffs/handoff-0004.yaml;research_control/handoffs/handoff-0004.md;registries/AGENT_JOB_REGISTRY.csv;registries/DIRECTOR_DECISION_REGISTRY.csv;registries/RESEARCH_TASK_REGISTRY.csv;registries/ROLE_EXECUTION_REGISTRY.csv;registries/CLAIM_BOUNDARY_REGISTRY.csv;registries/TEX_SOURCE_REGISTRY.csv,false,AJ-RT-20260608-004-001,,false,PASS,2026-06-08T23:41:47Z,2026-06-08T23:41:47Z,Execution-role record for completed localization smuggling audit.
candidate-constructor@0.1.0--RT-20260608-005,registered_role,RT-20260608-005,AJ-RT-20260608-005-001,research_control/tasks/RT-20260608-005/roles/candidate-constructor@0.1.0--RT-20260608-005.yaml,candidate-constructor,0.1.0,,Registered Candidate Constructor role without permission expansion for source-only localization repair.,Repair only front-generation and coincidence-response and clock-scale and invariance and benchmark-separation blockers.;Do not promote candidate and do not issue Gate Chair verdict and do not claim derivation of the effective relativistic sector.,,,research_control/program_state.yaml;research_control/tasks/RT-20260608-005/**;research_control/handoffs/handoff-0005.yaml;research_control/handoffs/handoff-0005.md;registries/AGENT_JOB_REGISTRY.csv;registries/DIRECTOR_DECISION_REGISTRY.csv;registries/RESEARCH_TASK_REGISTRY.csv;registries/ROLE_EXECUTION_REGISTRY.csv;registries/CLAIM_BOUNDARY_REGISTRY.csv;registries/TEX_SOURCE_REGISTRY.csv,false,AJ-RT-20260608-005-001,,false,PASS,2026-06-08T23:53:45Z,2026-06-08T23:53:45Z,Execution-role record for completed localization source repair.
refuter@0.1.0--RT-20260608-006,registered_role,RT-20260608-006,AJ-RT-20260608-006-001,research_control/tasks/RT-20260608-006/roles/refuter@0.1.0--RT-20260608-006.yaml,refuter,0.1.0,,Registered Refuter role without permission expansion for localization source-repair refutation.,Test repair packet only for source-determination and hidden target structure.;Do not issue Gate Chair verdict and do not promote or globally reject the research program.,,,research_control/program_state.yaml;research_control/tasks/RT-20260608-006/**;research_control/handoffs/handoff-0006.yaml;research_control/handoffs/handoff-0006.md;registries/AGENT_JOB_REGISTRY.csv;registries/DIRECTOR_DECISION_REGISTRY.csv;registries/RESEARCH_TASK_REGISTRY.csv;registries/ROLE_EXECUTION_REGISTRY.csv;registries/CLAIM_BOUNDARY_REGISTRY.csv;registries/TEX_SOURCE_REGISTRY.csv,false,AJ-RT-20260608-006-001,,false,PASS,2026-06-09T00:04:12Z,2026-06-09T00:04:12Z,Execution-role record for completed localization repair refutation.
ontology-formalizer@0.1.0--RT-20260608-007,registered_role,RT-20260608-007,AJ-RT-20260608-007-001,research_control/tasks/RT-20260608-007/roles/ontology-formalizer@0.1.0--RT-20260608-007.yaml,ontology-formalizer,0.1.0,,Registered Ontology Formalizer role without permission expansion for source-basis repair formalization.,Formalize only source-basis definitions and admissibility laws.;Do not edit canonical ontology sources and do not promote a localization candidate.,,,research_control/program_state.yaml;research_control/tasks/RT-20260608-007/**;research_control/handoffs/handoff-0007.yaml;research_control/handoffs/handoff-0007.md;registries/AGENT_JOB_REGISTRY.csv;registries/DIRECTOR_DECISION_REGISTRY.csv;registries/RESEARCH_TASK_REGISTRY.csv;registries/ROLE_EXECUTION_REGISTRY.csv;registries/CLAIM_BOUNDARY_REGISTRY.csv;registries/TEX_SOURCE_REGISTRY.csv,false,AJ-RT-20260608-007-001,,false,PASS,2026-06-09T00:14:36Z,2026-06-09T00:14:36Z,Execution-role record for completed localization source basis formalization.
smuggling-auditor@0.1.0--RT-20260608-008,registered_role,RT-20260608-008,AJ-RT-20260608-008-001,research_control/tasks/RT-20260608-008/roles/smuggling-auditor@0.1.0--RT-20260608-008.yaml,smuggling-auditor,0.1.0,,Registered Smuggling Auditor role without permission expansion for source-basis target-import audit.,Audit source-basis structures only for hidden target import and benchmark tuning.;Do not issue Gate Chair verdict and do not promote or globally reject the research program.,,,research_control/program_state.yaml;research_control/tasks/RT-20260608-008/**;research_control/handoffs/handoff-0008.yaml;research_control/handoffs/handoff-0008.md;registries/AGENT_JOB_REGISTRY.csv;registries/DIRECTOR_DECISION_REGISTRY.csv;registries/RESEARCH_TASK_REGISTRY.csv;registries/ROLE_EXECUTION_REGISTRY.csv;registries/CLAIM_BOUNDARY_REGISTRY.csv;registries/TEX_SOURCE_REGISTRY.csv,false,AJ-RT-20260608-008-001,,false,PASS,2026-06-09T00:22:21Z,2026-06-09T00:22:21Z,Execution-role record for completed localization source basis smuggling audit.
refuter@0.1.0--RT-20260608-009,registered_role,RT-20260608-009,AJ-RT-20260608-009-001,research_control/tasks/RT-20260608-009/roles/refuter@0.1.0--RT-20260608-009.yaml,refuter,0.1.0,,Registered Refuter role without permission expansion for source-basis conservativity test.,Test source-basis packet only for conservativity over registered source language.;Do not issue Gate Chair verdict and do not promote or globally reject the research program.,,,research_control/program_state.yaml;research_control/tasks/RT-20260608-009/**;research_control/handoffs/handoff-0009.yaml;research_control/handoffs/handoff-0009.md;registries/AGENT_JOB_REGISTRY.csv;registries/DIRECTOR_DECISION_REGISTRY.csv;registries/RESEARCH_TASK_REGISTRY.csv;registries/ROLE_EXECUTION_REGISTRY.csv;registries/CLAIM_BOUNDARY_REGISTRY.csv;registries/TEX_SOURCE_REGISTRY.csv,false,AJ-RT-20260608-009-001,,false,PASS,2026-06-09T00:36:03Z,2026-06-09T00:36:03Z,Execution-role record for completed source basis conservativity refutation.
ontology-formalizer@0.1.0--RT-20260608-010,registered_role,RT-20260608-010,AJ-RT-20260608-010-001,research_control/tasks/RT-20260608-010/roles/ontology-formalizer@0.1.0--RT-20260608-010.yaml,ontology-formalizer,0.1.0,,Registered Ontology Formalizer role without permission expansion for minimal source-basis axiom justification.,Classify each proposed source-basis axiom as conservative relative to stated extension data or as an explicit ontology-extension hypothesis.;Do not edit canonical ontology sources or authorize candidate reconstruction or promote a localization candidate.,,,research_control/program_state.yaml;research_control/tasks/RT-20260608-010/**;research_control/handoffs/handoff-0010.yaml;research_control/handoffs/handoff-0010.md;registries/AGENT_JOB_REGISTRY.csv;registries/DIRECTOR_DECISION_REGISTRY.csv;registries/RESEARCH_TASK_REGISTRY.csv;registries/ROLE_EXECUTION_REGISTRY.csv;registries/CLAIM_BOUNDARY_REGISTRY.csv;registries/TEX_SOURCE_REGISTRY.csv,false,AJ-RT-20260608-010-001,,false,PASS,2026-06-09T00:46:46Z,2026-06-09T00:46:46Z,Execution-role record for completed source basis axiom justification.
smuggling-auditor@0.1.0--RT-20260608-011,registered_role,RT-20260608-011,AJ-RT-20260608-011-001,research_control/tasks/RT-20260608-011/roles/smuggling-auditor@0.1.0--RT-20260608-011.yaml,smuggling-auditor,0.1.0,,Registered Smuggling Auditor role without permission expansion for source-basis axiom target-import audit.,Audit A1--A4 source-basis axiom extension hypotheses only for hidden target import and benchmark tuning.;Do not authorize candidate reconstruction and do not issue Gate Chair verdict and do not promote or globally reject the research program.,,,research_control/program_state.yaml;research_control/tasks/RT-20260608-011/**;research_control/handoffs/handoff-0011.yaml;research_control/handoffs/handoff-0011.md;registries/AGENT_JOB_REGISTRY.csv;registries/DIRECTOR_DECISION_REGISTRY.csv;registries/RESEARCH_TASK_REGISTRY.csv;registries/ROLE_EXECUTION_REGISTRY.csv;registries/CLAIM_BOUNDARY_REGISTRY.csv;registries/TEX_SOURCE_REGISTRY.csv,false,AJ-RT-20260608-011-001,,false,PASS,2026-06-09T13:39:04Z,2026-06-09T13:39:04Z,Execution-role record for completed source basis axiom smuggling audit.
refuter@0.1.0--RT-20260608-012,registered_role,RT-20260608-012,AJ-RT-20260608-012-001,research_control/tasks/RT-20260608-012/roles/refuter@0.1.0--RT-20260608-012.yaml,refuter,0.1.0,,Registered Refuter role without permission expansion for source-basis axiom benchmark-independence test.,Test A1--A4 only for source-internal necessity and benchmark independence.;Do not authorize candidate reconstruction and do not issue Gate Chair verdict and do not promote or globally reject the research program.,,,research_control/program_state.yaml;research_control/tasks/RT-20260608-012/**;research_control/handoffs/handoff-0012.yaml;research_control/handoffs/handoff-0012.md;registries/AGENT_JOB_REGISTRY.csv;registries/DIRECTOR_DECISION_REGISTRY.csv;registries/RESEARCH_TASK_REGISTRY.csv;registries/ROLE_EXECUTION_REGISTRY.csv;registries/CLAIM_BOUNDARY_REGISTRY.csv;registries/TEX_SOURCE_REGISTRY.csv,false,AJ-RT-20260608-012-001,,false,PASS,2026-06-09T13:53:43Z,2026-06-09T13:53:43Z,Execution-role record for completed source basis axiom benchmark-independence refutation.
ontology-formalizer@0.1.0--RT-20260608-013,registered_role,RT-20260608-013,AJ-RT-20260608-013-001,research_control/tasks/RT-20260608-013/roles/ontology-formalizer@0.1.0--RT-20260608-013.yaml,ontology-formalizer,0.1.0,,Registered Ontology Formalizer role without permission expansion for source-internal selection-law packet.,Propose source-internal selection laws for A0--A4 only as draft/control extension hypotheses.;Include invariance obligations and failure-reporting rules.;Do not edit canonical ontology sources or authorize candidate reconstruction or issue Gate Chair verdict.,,,research_control/program_state.yaml;research_control/tasks/RT-20260608-013/**;research_control/handoffs/handoff-0013.yaml;research_control/handoffs/handoff-0013.md;registries/AGENT_JOB_REGISTRY.csv;registries/DIRECTOR_DECISION_REGISTRY.csv;registries/RESEARCH_TASK_REGISTRY.csv;registries/ROLE_EXECUTION_REGISTRY.csv;registries/CLAIM_BOUNDARY_REGISTRY.csv;registries/TEX_SOURCE_REGISTRY.csv,false,AJ-RT-20260608-013-001,,false,PASS,2026-06-09T14:04:04Z,2026-06-09T14:04:04Z,Execution-role record for completed source basis axiom selection-law packet.
smuggling-auditor@0.1.0--RT-20260608-014,registered_role,RT-20260608-014,AJ-RT-20260608-014-001,research_control/tasks/RT-20260608-014/roles/smuggling-auditor@0.1.0--RT-20260608-014.yaml,smuggling-auditor,0.1.0,,Registered Smuggling Auditor role without permission expansion for source-internal selection-law target-import audit.,Audit S0--S4 and S_F only for hidden target import and benchmark-tuned branch selection.;Do not authorize candidate reconstruction and do not issue Gate Chair verdict and do not promote or globally reject the research program.,,,research_control/program_state.yaml;research_control/tasks/RT-20260608-014/**;research_control/handoffs/handoff-0014.yaml;research_control/handoffs/handoff-0014.md;registries/AGENT_JOB_REGISTRY.csv;registries/DIRECTOR_DECISION_REGISTRY.csv;registries/RESEARCH_TASK_REGISTRY.csv;registries/ROLE_EXECUTION_REGISTRY.csv;registries/CLAIM_BOUNDARY_REGISTRY.csv;registries/TEX_SOURCE_REGISTRY.csv,false,AJ-RT-20260608-014-001,,false,PASS,2026-06-09T23:33:06Z,2026-06-09T23:33:06Z,Execution-role record for completed source basis axiom selection-law smuggling audit.
refuter@0.1.0--RT-20260608-015,registered_role,RT-20260608-015,AJ-RT-20260608-015-001,research_control/tasks/RT-20260608-015/roles/refuter@0.1.0--RT-20260608-015.yaml,refuter,0.1.0,,Registered Refuter role without permission expansion for source-internal selection-law benchmark-independence test.,Test S0--S4 and S_F only for benchmark independence over admissible source-defined selector classes.;Do not authorize candidate reconstruction and do not issue Gate Chair verdict and do not promote or globally reject the research program.,,,research_control/program_state.yaml;research_control/tasks/RT-20260608-015/**;research_control/handoffs/handoff-0015.yaml;research_control/handoffs/handoff-0015.md;registries/AGENT_JOB_REGISTRY.csv;registries/DIRECTOR_DECISION_REGISTRY.csv;registries/RESEARCH_TASK_REGISTRY.csv;registries/ROLE_EXECUTION_REGISTRY.csv;registries/CLAIM_BOUNDARY_REGISTRY.csv;registries/TEX_SOURCE_REGISTRY.csv,false,AJ-RT-20260608-015-001,,false,PASS,2026-06-09T23:40:31Z,2026-06-09T23:40:31Z,Execution-role record for completed source basis axiom selection-law benchmark-independence refutation.
ontology-formalizer@0.1.0--RT-20260608-016,registered_role,RT-20260608-016,AJ-RT-20260608-016-001,research_control/tasks/RT-20260608-016/roles/ontology-formalizer@0.1.0--RT-20260608-016.yaml,ontology-formalizer,0.1.0,,Registered Ontology Formalizer role without permission expansion for selector-domain repair packet.,Propose selector-domain survey classes and invariance criteria for S0--S4 and S_F only as draft/control extension hypotheses.;Do not edit canonical ontology sources or authorize candidate reconstruction or issue Gate Chair verdict.,,,research_control/program_state.yaml;research_control/tasks/RT-20260608-016/**;research_control/handoffs/handoff-0016.yaml;research_control/handoffs/handoff-0016.md;registries/AGENT_JOB_REGISTRY.csv;registries/DIRECTOR_DECISION_REGISTRY.csv;registries/RESEARCH_TASK_REGISTRY.csv;registries/ROLE_EXECUTION_REGISTRY.csv;registries/CLAIM_BOUNDARY_REGISTRY.csv;registries/TEX_SOURCE_REGISTRY.csv,false,AJ-RT-20260608-016-001,,false,PASS,2026-06-09T23:49:55Z,2026-06-09T23:49:55Z,Execution-role record for completed source basis axiom selector-domain repair packet.
smuggling-auditor@0.1.0--RT-20260608-017,registered_role,RT-20260608-017,AJ-RT-20260608-017-001,research_control/tasks/RT-20260608-017/roles/smuggling-auditor@0.1.0--RT-20260608-017.yaml,smuggling-auditor,0.1.0,,Registered Smuggling Auditor role without permission expansion for selector-domain repair target-import audit.,Audit D0--D4 and D_F only for hidden target import and benchmark-tuned branch selection and status-ledger drift.;Do not authorize candidate reconstruction and do not issue Gate Chair verdict and do not promote or globally reject the research program.,,,research_control/program_state.yaml;research_control/tasks/RT-20260608-017/**;research_control/handoffs/handoff-0017.yaml;research_control/handoffs/handoff-0017.md;registries/AGENT_JOB_REGISTRY.csv;registries/DIRECTOR_DECISION_REGISTRY.csv;registries/RESEARCH_TASK_REGISTRY.csv;registries/ROLE_EXECUTION_REGISTRY.csv;registries/CLAIM_BOUNDARY_REGISTRY.csv;registries/TEX_SOURCE_REGISTRY.csv,false,AJ-RT-20260608-017-001,,false,PASS,2026-06-10T00:02:41Z,2026-06-10T00:02:41Z,Execution-role record for completed source basis axiom selector-domain smuggling audit.
refuter@0.1.0--RT-20260608-018,registered_role,RT-20260608-018,AJ-RT-20260608-018-001,research_control/tasks/RT-20260608-018/roles/refuter@0.1.0--RT-20260608-018.yaml,refuter,0.1.0,,Registered Refuter role without permission expansion for selector-domain repair benchmark-independence test.,Test D0--D4 and D_F only for benchmark independence over admissible source-defined repair-domain classes.;Do not authorize candidate reconstruction and do not issue Gate Chair verdict and do not promote or globally reject the research program.,,,research_control/program_state.yaml;research_control/tasks/RT-20260608-018/**;research_control/handoffs/handoff-0018.yaml;research_control/handoffs/handoff-0018.md;registries/AGENT_JOB_REGISTRY.csv;registries/DIRECTOR_DECISION_REGISTRY.csv;registries/RESEARCH_TASK_REGISTRY.csv;registries/ROLE_EXECUTION_REGISTRY.csv;registries/CLAIM_BOUNDARY_REGISTRY.csv;registries/TEX_SOURCE_REGISTRY.csv,false,AJ-RT-20260608-018-001,,false,PASS,2026-06-10T00:22:08Z,2026-06-10T00:22:08Z,Execution-role record for completed source basis axiom selector-domain benchmark-independence refutation.
ontology-formalizer@0.1.0--RT-20260608-019,registered_role,RT-20260608-019,AJ-RT-20260608-019-001,research_control/tasks/RT-20260608-019/roles/ontology-formalizer@0.1.0--RT-20260608-019.yaml,ontology-formalizer,0.1.0,,Registered Ontology Formalizer role without permission expansion for selector-domain finite survey protocol packet.,Propose a finite survey protocol for D0--D4 and D_F with source-fixed enumerator grammars and closure-completeness criteria.;Do not edit canonical ontology sources or authorize candidate reconstruction or issue Gate Chair verdict.,,,research_control/program_state.yaml;research_control/tasks/RT-20260608-019/**;research_control/handoffs/handoff-0019.yaml;research_control/handoffs/handoff-0019.md;registries/AGENT_JOB_REGISTRY.csv;registries/DIRECTOR_DECISION_REGISTRY.csv;registries/RESEARCH_TASK_REGISTRY.csv;registries/ROLE_EXECUTION_REGISTRY.csv;registries/CLAIM_BOUNDARY_REGISTRY.csv;registries/TEX_SOURCE_REGISTRY.csv,false,AJ-RT-20260608-019-001,,false,PASS,2026-06-10T00:40:21Z,2026-06-10T00:40:21Z,Execution-role record for completed source basis axiom selector-domain finite survey protocol packet.
smuggling-auditor@0.1.0--RT-20260608-020,registered_role,RT-20260608-020,AJ-RT-20260608-020-001,research_control/tasks/RT-20260608-020/roles/smuggling-auditor@0.1.0--RT-20260608-020.yaml,smuggling-auditor,0.1.0,,Registered Smuggling Auditor role without permission expansion for selector-domain finite survey protocol target-import audit.,Audit finite survey protocol enumerators plus completeness certificates plus invariance ledgers plus status-transition rules only for hidden target import and benchmark-tuned branch selection.;Do not authorize candidate reconstruction and do not issue Gate Chair verdict and do not promote or globally reject the research program.,,,research_control/program_state.yaml;research_control/tasks/RT-20260608-020/**;research_control/handoffs/handoff-0020.yaml;research_control/handoffs/handoff-0020.md;registries/AGENT_JOB_REGISTRY.csv;registries/DIRECTOR_DECISION_REGISTRY.csv;registries/RESEARCH_TASK_REGISTRY.csv;registries/ROLE_EXECUTION_REGISTRY.csv;registries/CLAIM_BOUNDARY_REGISTRY.csv;registries/TEX_SOURCE_REGISTRY.csv,false,AJ-RT-20260608-020-001,,false,PASS,2026-06-10T00:50:44Z,2026-06-10T00:50:44Z,Execution-role record for completed source basis axiom selector-domain finite survey protocol smuggling audit.
validator-engineer@0.1.0--RT-20260610-001,registered_role,RT-20260610-001,AJ-RT-20260610-001-001,research_control/tasks/RT-20260610-001/roles/validator-engineer@0.1.0--RT-20260610-001.yaml,validator-engineer,0.1.0,,Registered Validator Engineer role without permission expansion for project-system documentation impact gates.,Implement deterministic classifier and documentation-impact validator.;Register non-scientific project-system roles and signal registry.;Do not edit physics claims or generated derivatives by hand.,,,AGENTS.md;README.md;Makefile;.agents/roles/research_ops/documentation-curator.v0.1.0.md;.agents/roles/research_ops/project-system-director.v0.1.0.md;.agents/roles/research_ops/validator-engineer.v0.1.0.md;.agents/roles/research_ops/memory-system-maintainer.v0.1.0.md;.agents/schemas/DOCUMENTATION_IMPACT_SCHEMA.md;.codex/skills/improve-project-system/SKILL.md;.codex/skills/project-memory-system/SKILL.md;.codex/skills/continue-research/SKILL.md;.codex/skills/html-visual-explainer/SKILL.md;.codex/skills/project-memory-system/scripts/bootstrap_memory_system.py;scripts/project_control/__init__.py;scripts/project_control/classify_project_changes.py;scripts/project_control/validate_documentation_impact.py;scripts/project_control/collect_project_improvement_signals.py;scripts/project_control/resolve_project_improvement.py;scripts/research_control/checkpoint_research_transaction.py;research_control/README.md;research_control/templates/COMPLETION_TEMPLATE.yaml;research_control/templates/HANDOFF_TEMPLATE.yaml;research_control/tasks/RT-20260610-001/**;registries/AGENT_ROLE_REGISTRY.csv;registries/PROJECT_IMPROVEMENT_SIGNAL_REGISTRY.csv;registries/RESEARCH_TASK_REGISTRY.csv;registries/DIRECTOR_DECISION_REGISTRY.csv;registries/AGENT_JOB_REGISTRY.csv;registries/ROLE_EXECUTION_REGISTRY.csv;registries/CLAIM_BOUNDARY_REGISTRY.csv;registries/MARKDOWN_SOURCE_REGISTRY.csv;tests/test_project_change_classifier.py,false,AJ-RT-20260610-001-001,,false,PASS,2026-06-10T02:22:13Z,2026-06-10T02:22:13Z,Execution-role record for completed project-system improvement gate.
validator-engineer@0.1.0--RT-20260610-002,registered_role,RT-20260610-002,AJ-RT-20260610-002-001,research_control/tasks/RT-20260610-002/roles/validator-engineer@0.1.0--RT-20260610-002.yaml,validator-engineer,0.1.0,,Registered Validator Engineer role without permission expansion for structural signal documentation-impact severity-routing receipt and advisory-resolver validation.,Detect project_improvement_signals structurally in completion and handoff YAML instead of by free-text substring matching.;Use PROJECT_IMPROVEMENT_SIGNAL_TYPE_REGISTRY.csv as the canonical signal-type vocabulary for classifier resolver and signal validator behavior.;Keep project-improvement signal severity on concrete signal instances rather than the signal-type registry.;Require explicit resolved_by_job_id resolution_evidence_path and resolved_at evidence before a project-improvement signal leaves the open backlog.;Require resolved completed and closed signal evidence to be a matching PASS completion record while allowing rejected signals to cite a matching PASS completion record or explanatory Director decision record.;Do not duplicate validator command strings in project-improvement signal rows because completion records own command_results evidence.;Allow one bounded AgentJob to close multiple project-improvement signals only when its objective names every closed signal ID and its completion record lists the same signal IDs with a coherent_resolution_summary.;Require every signal row in a shared multi-signal closure to use the resolving job's canonical AGENT_JOB_REGISTRY.csv completion_path as resolution_evidence_path.;Do not require fresh resolver snapshots in completion records merely because high or critical project-improvement signals remain open unless the AgentJob explicitly resolves signal routing.;Require parseable resolver JSON before and after snapshot paths plus routing_delta_summary only for AgentJobs that set resolves_signal_routing true.;Require emitted project-improvement signals to be registered before validation passes.;Require every state-changing project-system AgentJob to include documentation_impact.yaml.;Prioritize registered high/critical signals over current Git-change routing while leaving low/medium signals as backlog.;Require documentation_impact.yaml to mechanically cover live source changes classifier reasons generated derivatives and required validators.;Keep resolver output advisory and reserve checkpoint blocking for validators and concrete authority-boundary failures.;Keep PROJECT_IMPROVEMENT_SIGNAL_REGISTRY.csv canonical for actionable project-system signals.;Do not edit physics claims or generated derivatives by hand.,,,.codex/skills/improve-project-system/SKILL.md;.codex/skills/continue-research/SKILL.md;Makefile;README.md;research_control/README.md;research_control/templates/COMPLETION_TEMPLATE.yaml;research_control/templates/HANDOFF_TEMPLATE.yaml;research_control/tasks/RT-20260610-001/jobs/completions/AJC-AJ-RT-20260610-001-001.yaml;research_control/tasks/RT-20260610-002/**;.agents/schemas/AGENT_JOB_SCHEMA.md;scripts/project_control/classify_project_changes.py;scripts/project_control/collect_project_improvement_signals.py;scripts/project_control/project_signal_types.py;scripts/project_control/validate_documentation_impact.py;scripts/project_control/resolve_project_improvement.py;scripts/research_control/checkpoint_research_transaction.py;scripts/research_control/validate_research_control.py;tests/test_project_change_classifier.py;registries/PROJECT_IMPROVEMENT_SIGNAL_TYPE_REGISTRY.csv;registries/PROJECT_IMPROVEMENT_SIGNAL_REGISTRY.csv;registries/RESEARCH_TASK_REGISTRY.csv;registries/DIRECTOR_DECISION_REGISTRY.csv;registries/AGENT_JOB_REGISTRY.csv;registries/ROLE_EXECUTION_REGISTRY.csv;registries/CLAIM_BOUNDARY_REGISTRY.csv;registries/MARKDOWN_SOURCE_REGISTRY.csv,false,AJ-RT-20260610-002-001,,false,PASS,2026-06-10T03:10:45Z,2026-06-10T03:10:45Z,Execution-role record for structural signal canonical-type registry multi-signal resolution-evidence documentation-impact severity-routing receipt and advisory-resolver gate.
refuter@0.1.0--RT-20260608-021,registered_role,RT-20260608-021,AJ-RT-20260608-021-001,research_control/tasks/RT-20260608-021/roles/refuter@0.1.0--RT-20260608-021.yaml,refuter,0.1.0,,Registered Refuter role without permission expansion for selector-domain finite survey protocol benchmark-independence test.,Test the finite survey protocol only for benchmark independence over admissible sealed-packet enumerator certificate output-map and status-transition variation.;Do not authorize candidate reconstruction and do not issue Gate Chair verdict and do not promote or globally reject the research program.,,,research_control/program_state.yaml;research_control/tasks/RT-20260608-021/**;research_control/handoffs/handoff-0021.yaml;research_control/handoffs/handoff-0021.md;registries/AGENT_JOB_REGISTRY.csv;registries/DIRECTOR_DECISION_REGISTRY.csv;registries/RESEARCH_TASK_REGISTRY.csv;registries/ROLE_EXECUTION_REGISTRY.csv;registries/CLAIM_BOUNDARY_REGISTRY.csv;registries/TEX_SOURCE_REGISTRY.csv,false,AJ-RT-20260608-021-001,,false,PASS,2026-06-10T05:30:09Z,2026-06-10T05:30:09Z,Execution-role record for completed source basis axiom selector-domain finite survey protocol benchmark-independence refutation.
validator-engineer@0.1.0--RT-20260610-003,registered_role,RT-20260610-003,AJ-RT-20260610-003-001,research_control/tasks/RT-20260610-003/roles/validator-engineer@0.1.0--RT-20260610-003.yaml,validator-engineer,0.1.0,,Registered Validator Engineer role without permission expansion for Director role-flexibility validation and recurrence-signal implementation.,Implement execution-role taxonomy for registered roles task overlays and one-job provisional roles without changing physics claim authority.;Add deterministic recurrence detection for provisional role patterns at three observed uses and route review through project-system improvement.;Do not edit science drafts canonical ontology benchmark status or generated derivatives by hand.,,,.agents/roles/research_ops/director-of-research.v0.1.0.md;.agents/schemas/EXECUTION_ROLE_SCHEMA.md;.agents/schemas/ROLE_SCHEMA.md;.codex/skills/continue-research/SKILL.md;.codex/skills/improve-project-system/SKILL.md;research_control/README.md;research_control/templates/EXECUTION_ROLE_TEMPLATE.yaml;research_control/tasks/RT-20260610-003/**;scripts/research_control/validate_research_control.py;scripts/project_control/collect_project_improvement_signals.py;tests/test_research_control.py;tests/test_project_change_classifier.py;registries/RESEARCH_TASK_REGISTRY.csv;registries/DIRECTOR_DECISION_REGISTRY.csv;registries/AGENT_JOB_REGISTRY.csv;registries/ROLE_EXECUTION_REGISTRY.csv;registries/CLAIM_BOUNDARY_REGISTRY.csv;registries/MARKDOWN_SOURCE_REGISTRY.csv,false,AJ-RT-20260610-003-001,,false,PASS,2026-06-10T17:36:36Z,2026-06-10T17:36:36Z,Execution-role record for Director role-flexibility validator and recurrence signal contract.
documentation-curator@0.1.0--RT-20260610-004,registered_role,RT-20260610-004,AJ-RT-20260610-004-001,research_control/tasks/RT-20260610-004/roles/documentation-curator@0.1.0--RT-20260610-004.yaml,documentation-curator,0.1.0,,Registered Documentation Curator role without permission expansion for README decision-vocabulary synchronization.,Add README glossary and decision table for continue-research improve-project-system and project-system roles.;Preserve physics-source authority boundaries.;Regenerate derivatives through memory bootstrap.,,,README.md;research_control/tasks/RT-20260610-004/**;registries/RESEARCH_TASK_REGISTRY.csv;registries/DIRECTOR_DECISION_REGISTRY.csv;registries/AGENT_JOB_REGISTRY.csv;registries/ROLE_EXECUTION_REGISTRY.csv;registries/CLAIM_BOUNDARY_REGISTRY.csv;registries/MARKDOWN_SOURCE_REGISTRY.csv,false,AJ-RT-20260610-004-001,,false,PASS,2026-06-10T17:58:14Z,2026-06-10T17:58:14Z,Execution-role record for README project-system decision vocabulary update.
project-control-maintainer@0.1.0--RT-20260610-005,task_overlay,RT-20260610-005,AJ-RT-20260610-005-001,research_control/tasks/RT-20260610-005/roles/project-control-maintainer@0.1.0--RT-20260610-005.yaml,project-control-maintainer,0.1.0,,Project-Control Maintainer task overlay with human-authorized permanent role registration and one-job explanatory_markdown permission for authority-marker bootstrap.,Separate explanatory documentation authority from project-control markdown authority.;Treat all .codex skills SKILL.md files as control-only.;Reject Documentation Curator edits to control contracts or control-marked mixed Markdown.;Reject Project-Control Maintainer edits to explanatory-only sections without task_overlay explanatory_markdown permission.,,explanatory_markdown,AGENTS.md;README.md;research_control/README.md;research_control/AGENTS.md;.agents/roles/research_ops/documentation-curator.v0.1.0.md;.agents/roles/research_ops/project-control-maintainer.v0.1.0.md;.codex/skills/improve-project-system/SKILL.md;scripts/project_control/classify_project_changes.py;scripts/project_control/resolve_project_improvement.py;scripts/project_control/validate_documentation_impact.py;scripts/research_control/validate_research_control.py;tests/test_project_change_classifier.py;tests/test_research_control.py;research_control/approvals/approval-20260610-005.yaml;research_control/tasks/RT-20260610-005/**;registries/AGENT_ROLE_REGISTRY.csv;registries/PROJECT_IMPROVEMENT_SIGNAL_TYPE_REGISTRY.csv;registries/RESEARCH_TASK_REGISTRY.csv;registries/DIRECTOR_DECISION_REGISTRY.csv;registries/AGENT_JOB_REGISTRY.csv;registries/ROLE_EXECUTION_REGISTRY.csv;registries/CLAIM_BOUNDARY_REGISTRY.csv;registries/MARKDOWN_SOURCE_REGISTRY.csv,true,AJ-RT-20260610-005-001,,false,PASS,2026-06-10T18:13:01Z,2026-06-10T18:13:01Z,Execution-role record for control-markdown authority split.
project-control-maintainer@0.1.0--RT-20260610-006,task_overlay,RT-20260610-006,AJ-RT-20260610-006-001,research_control/tasks/RT-20260610-006/roles/project-control-maintainer@0.1.0--RT-20260610-006.yaml,project-control-maintainer,0.1.0,,Project-Control Maintainer task overlay with human-authorized documentation-curator@0.2.0 registration and one-job source-backed HTML explainer proof permission.,Register documentation-curator@0.2.0 without changing scientific claim authority.;Preserve documentation-curator@0.1.0 for historical execution validation.;Require tracked HTML explainers to be backed by Markdown specs.;Reject direct HTML-only edits as generated derivative edits.,,permanent role registration;explanatory_markdown;source_backed_html_generation,AGENTS.md;README.md;research_control/README.md;plan-1.md;.agents/roles/research_ops/documentation-curator.v0.1.0.md;.agents/roles/research_ops/documentation-curator.v0.2.0.md;.agents/schemas/ROLE_SCHEMA.md;.codex/skills/html-visual-explainer/SKILL.md;.codex/skills/visual-explainer/SKILL.md;.codex/skills/project-memory-system/scripts/bootstrap_memory_system.py;scripts/research_control/validate_research_control.py;tests/test_research_control.py;tests/test_project_change_classifier.py;tests/test_memory_system.py;markdown/html-explainer-specs/research-control-system-explainer.md;registries/AGENT_ROLE_REGISTRY.csv;registries/HTML_EXPLAINER_REGISTRY.csv;registries/RESEARCH_TASK_REGISTRY.csv;registries/DIRECTOR_DECISION_REGISTRY.csv;registries/AGENT_JOB_REGISTRY.csv;registries/ROLE_EXECUTION_REGISTRY.csv;registries/CLAIM_BOUNDARY_REGISTRY.csv;registries/MARKDOWN_SOURCE_REGISTRY.csv;research_control/approvals/approval-20260610-006.yaml;research_control/tasks/RT-20260610-006/**,true,AJ-RT-20260610-006-001,,false,PASS,2026-06-10T19:27:19Z,2026-06-10T19:27:19Z,Execution-role record for Documentation Curator v0.2.0 source-backed HTML explainer governance.
documentation-curator@0.2.0--RT-20260610-007,registered_role,RT-20260610-007,AJ-RT-20260610-007-001,research_control/tasks/RT-20260610-007/roles/documentation-curator@0.2.0--RT-20260610-007.yaml,documentation-curator,0.2.0,,Registered Documentation Curator role without permission expansion for the first comprehensive README and source-backed HTML explainer content pass.,Update only README explanatory front-door content before the control-marked requirements section.;Create Markdown source specs before generating tracked human-only HTML derivatives.;Preserve existing research-control-system explainer as the technical control-system page.;Do not change physics claims control contracts validators role authority or canonical science sources.,,,README.md;markdown/html-explainer-specs/project-overview-explainer.md;markdown/html-explainer-specs/aether-flow-ontology-explainer.md;markdown/html-explainer-specs/research-agent-workflow-explainer.md;html/project-overview-explainer.html;html/aether-flow-ontology-explainer.html;html/research-agent-workflow-explainer.html;research_control/tasks/RT-20260610-007/**;registries/RESEARCH_TASK_REGISTRY.csv;registries/DIRECTOR_DECISION_REGISTRY.csv;registries/AGENT_JOB_REGISTRY.csv;registries/ROLE_EXECUTION_REGISTRY.csv;registries/CLAIM_BOUNDARY_REGISTRY.csv;registries/MARKDOWN_SOURCE_REGISTRY.csv;registries/HTML_EXPLAINER_REGISTRY.csv,false,AJ-RT-20260610-007-001,,false,PASS,2026-06-10T22:28:04Z,2026-06-10T22:28:04Z,Execution-role record for Documentation Curator first comprehensive content pass.
project-control-maintainer@0.1.0--RT-20260610-008,task_overlay,RT-20260610-008,AJ-RT-20260610-008-001,research_control/tasks/RT-20260610-008/roles/project-control-maintainer@0.1.0--RT-20260610-008.yaml,project-control-maintainer,0.1.0,,Project-Control Maintainer task overlay with human-authorized one-job permission for interactive explainer skill contracts validator hooks source specs generated HTML and explanatory README synchronization.,Preserve generated HTML as human-only non-authoritative derivatives.;Validate marker presence only and do not create a browser-level semantic validator.;Keep staged autonomy as a long-term technical target not a current proof claim.;Do not modify canonical science sources or physics claim status.,,skill_contract;role_contract_synchronization;validator;test;explanatory_markdown;html_source_spec;source_backed_html_generation,README.md;.agents/roles/research_ops/documentation-curator.v0.2.0.md;.codex/skills/html-visual-explainer/SKILL.md;.codex/skills/visual-explainer/SKILL.md;.codex/skills/project-memory-system/scripts/bootstrap_memory_system.py;tests/test_memory_system.py;markdown/html-explainer-specs/project-overview-explainer.md;markdown/html-explainer-specs/aether-flow-ontology-explainer.md;markdown/html-explainer-specs/research-agent-workflow-explainer.md;markdown/html-explainer-specs/research-control-system-explainer.md;html/project-overview-explainer.html;html/aether-flow-ontology-explainer.html;html/research-agent-workflow-explainer.html;html/research-control-system-explainer.html;research_control/approvals/approval-20260610-008.yaml;research_control/tasks/RT-20260610-008/**;registries/AGENT_ROLE_REGISTRY.csv;registries/RESEARCH_TASK_REGISTRY.csv;registries/DIRECTOR_DECISION_REGISTRY.csv;registries/AGENT_JOB_REGISTRY.csv;registries/ROLE_EXECUTION_REGISTRY.csv;registries/CLAIM_BOUNDARY_REGISTRY.csv;registries/MARKDOWN_SOURCE_REGISTRY.csv;registries/HTML_EXPLAINER_REGISTRY.csv,true,AJ-RT-20260610-008-001,The user explicitly authorized one bounded project-system implementation pass for the reusable interactive HTML explainer contract.,false,PASS,2026-06-10T23:22:58Z,2026-06-10T23:22:58Z,Execution-role record for interactive HTML explainer contract implementation.
documentation-curator@0.2.0--RT-20260610-009,registered_role,RT-20260610-009,AJ-RT-20260610-009-001,research_control/tasks/RT-20260610-009/roles/documentation-curator@0.2.0--RT-20260610-009.yaml,documentation-curator,0.2.0,,Registered Documentation Curator role without permission expansion for human visual explainer QA and source-backed HTML polish.,Edit Markdown source specs before generated HTML derivatives.;Polish only rendered usability source drilldowns simple/deep navigation and visible code formatting.;Do not change validator contracts role authority control contracts or physics claim status.,,,markdown/html-explainer-specs/project-overview-explainer.md;markdown/html-explainer-specs/aether-flow-ontology-explainer.md;markdown/html-explainer-specs/research-agent-workflow-explainer.md;markdown/html-explainer-specs/research-control-system-explainer.md;html/project-overview-explainer.html;html/aether-flow-ontology-explainer.html;html/research-agent-workflow-explainer.html;html/research-control-system-explainer.html;research_control/tasks/RT-20260610-009/**;registries/RESEARCH_TASK_REGISTRY.csv;registries/DIRECTOR_DECISION_REGISTRY.csv;registries/AGENT_JOB_REGISTRY.csv;registries/ROLE_EXECUTION_REGISTRY.csv;registries/CLAIM_BOUNDARY_REGISTRY.csv;registries/MARKDOWN_SOURCE_REGISTRY.csv;registries/HTML_EXPLAINER_REGISTRY.csv,false,AJ-RT-20260610-009-001,,false,PASS,2026-06-10T23:45:22Z,2026-06-10T23:45:22Z,Execution-role record for human visual explainer QA polish.
project-control-maintainer@0.1.0--RT-20260610-010,task_overlay,RT-20260610-010,AJ-RT-20260610-010-001,research_control/tasks/RT-20260610-010/roles/project-control-maintainer@0.1.0--RT-20260610-010.yaml,project-control-maintainer,0.1.0,,Project-Control Maintainer task overlay with human-authorized one-job permission for deep-first HTML explainer contract cleanup across skill contracts role contract synchronization validator hooks tests source specs generated HTML and explanatory README synchronization.,Make tracked HTML explainers deep-first and remove the obsolete depth toggle.;Preserve expandable analysis panels source drilldowns section navigation and claim-boundary controls.;Preserve generated HTML as human-only non-authoritative derivatives.;Do not modify canonical science sources or physics claim status.,,skill_contract;role_contract_synchronization;validator;test;explanatory_markdown;html_source_spec;source_backed_html_generation,README.md;.agents/roles/research_ops/documentation-curator.v0.2.0.md;.codex/skills/html-visual-explainer/SKILL.md;.codex/skills/visual-explainer/SKILL.md;.codex/skills/project-memory-system/scripts/bootstrap_memory_system.py;tests/test_memory_system.py;markdown/html-explainer-specs/project-overview-explainer.md;markdown/html-explainer-specs/aether-flow-ontology-explainer.md;markdown/html-explainer-specs/research-agent-workflow-explainer.md;markdown/html-explainer-specs/research-control-system-explainer.md;html/project-overview-explainer.html;html/aether-flow-ontology-explainer.html;html/research-agent-workflow-explainer.html;html/research-control-system-explainer.html;research_control/approvals/approval-20260610-010.yaml;research_control/tasks/RT-20260610-010/**;registries/AGENT_ROLE_REGISTRY.csv;registries/RESEARCH_TASK_REGISTRY.csv;registries/DIRECTOR_DECISION_REGISTRY.csv;registries/AGENT_JOB_REGISTRY.csv;registries/ROLE_EXECUTION_REGISTRY.csv;registries/CLAIM_BOUNDARY_REGISTRY.csv;registries/MARKDOWN_SOURCE_REGISTRY.csv;registries/HTML_EXPLAINER_REGISTRY.csv,true,AJ-RT-20260610-010-001,The user explicitly authorized one bounded project-system implementation pass to remove the simple view mode from the HTML explainer contract.,false,PASS,2026-06-11T00:06:37Z,2026-06-11T00:06:37Z,Execution-role record for deep-first HTML explainer contract cleanup.
validator-engineer@0.1.0--RT-20260611-001,task_overlay,RT-20260611-001,AJ-RT-20260611-001-001,research_control/tasks/RT-20260611-001/roles/validator-engineer@0.1.0--RT-20260611-001.yaml,validator-engineer,0.1.0,,Validator Engineer task overlay with human-authorized one-job permission for Mermaid documentation subskill contracts local runtime asset bootstrap integration tests and documentation-impact receipts.,Validate governed Mermaid diagrams only on registered explanatory surfaces and tracked source-backed HTML parity.;Do not retrofit existing HTML explainer specs or tracked HTML pages with diagrams in this pass.;Use local Mermaid runtime assets for tracked HTML and reject Mermaid CDN imports there.;Do not modify canonical science sources or physics claim status.,,skill_contract;subskill_contract;validator;test;runtime_asset;documentation_impact,.codex/skills/html-visual-explainer/SKILL.md;.codex/skills/visual-explainer/SKILL.md;.codex/skills/visual-explainer/THIRD_PARTY_NOTICES.md;.codex/skills/visual-explainer/subskills/mermaid-documentation/**;.codex/skills/project-memory-system/scripts/bootstrap_memory_system.py;tests/test_memory_system.py;html/assets/**;research_control/approvals/approval-20260611-001.yaml;research_control/tasks/RT-20260611-001/**;registries/MARKDOWN_SOURCE_REGISTRY.csv;registries/RESEARCH_TASK_REGISTRY.csv;registries/DIRECTOR_DECISION_REGISTRY.csv;registries/AGENT_JOB_REGISTRY.csv;registries/ROLE_EXECUTION_REGISTRY.csv;registries/CLAIM_BOUNDARY_REGISTRY.csv,true,AJ-RT-20260611-001-001,The user explicitly authorized a bounded Validator Engineer overlay for Mermaid documentation subskill and validation infrastructure.,false,PASS,2026-06-11T01:04:15Z,2026-06-11T01:23:22Z,Execution-role record for completed Mermaid documentation subskill validator and runtime infrastructure.
documentation-curator@0.2.0--RT-20260611-002,registered_role,RT-20260611-002,AJ-RT-20260611-002-001,research_control/tasks/RT-20260611-002/roles/documentation-curator@0.2.0--RT-20260611-002.yaml,documentation-curator,0.2.0,,Registered Documentation Curator role without permission expansion for one governed Mermaid source-backed HTML content pilot.,Add exactly one governed Mermaid diagram to the research-control-system explainer.;Edit the Markdown source spec before regenerating the tracked HTML derivative.;Use the local Mermaid runtime and governed visual-explainer shell.;Do not change validator contracts role authority control contracts or physics claim status.,,,markdown/html-explainer-specs/research-control-system-explainer.md;html/research-control-system-explainer.html;research_control/tasks/RT-20260611-002/**;registries/RESEARCH_TASK_REGISTRY.csv;registries/DIRECTOR_DECISION_REGISTRY.csv;registries/AGENT_JOB_REGISTRY.csv;registries/ROLE_EXECUTION_REGISTRY.csv;registries/CLAIM_BOUNDARY_REGISTRY.csv;registries/MARKDOWN_SOURCE_REGISTRY.csv;registries/HTML_EXPLAINER_REGISTRY.csv,false,AJ-RT-20260611-002-001,,false,PASS,2026-06-11T01:32:43Z,2026-06-11T01:41:58Z,Execution-role record for completed governed Mermaid content pilot.
validator-engineer@0.1.0--RT-20260611-003,task_overlay,RT-20260611-003,AJ-RT-20260611-003-001,research_control/tasks/RT-20260611-003/roles/validator-engineer@0.1.0--RT-20260611-003.yaml,validator-engineer,0.1.0,,Validator Engineer task overlay with human-authorized one-job permission for standalone inline-SVG Mermaid rendering contracts validator rules subskill-local Node tooling generated HTML proof and obsolete runtime asset cleanup.,Tracked Mermaid-backed HTML must be single-file portable and must not depend on browser Mermaid runtime imports.;Preserve canonical Mermaid source in script.diagram-source and validate parity against registered Markdown source specs.;Use build-time sanitized inline SVG inside the existing visual-explainer diagram shell.;Remove obsolete html/assets Mermaid runtime only after proof that tracked HTML no longer imports it.;Do not modify canonical science sources or physics claim status.,,skill_contract;subskill_contract;validator;test;renderer_tooling;runtime_asset_cleanup;html_source_spec;source_backed_html_generation;documentation_impact,.gitignore;.codex/skills/html-visual-explainer/SKILL.md;.codex/skills/visual-explainer/SKILL.md;.codex/skills/visual-explainer/THIRD_PARTY_NOTICES.md;.codex/skills/visual-explainer/subskills/mermaid-documentation/**;tests/test_memory_system.py;markdown/html-explainer-specs/research-control-system-explainer.md;html/research-control-system-explainer.html;html/assets/**;research_control/approvals/approval-20260611-003.yaml;research_control/tasks/RT-20260611-003/**;registries/MARKDOWN_SOURCE_REGISTRY.csv;registries/HTML_EXPLAINER_REGISTRY.csv;registries/RESEARCH_TASK_REGISTRY.csv;registries/DIRECTOR_DECISION_REGISTRY.csv;registries/AGENT_JOB_REGISTRY.csv;registries/ROLE_EXECUTION_REGISTRY.csv;registries/CLAIM_BOUNDARY_REGISTRY.csv,true,AJ-RT-20260611-003-001,The user explicitly authorized a bounded project-system implementation pass for standalone single-file Mermaid-backed tracked HTML using build-time inline SVG.,false,PASS,2026-06-11T02:18:55Z,2026-06-11T02:18:55Z,Execution-role record for completed standalone inline-SVG Mermaid tracked HTML renderer and validator contract.
validator-engineer@0.1.0--RT-20260611-004,task_overlay,RT-20260611-004,AJ-RT-20260611-004-001,research_control/tasks/RT-20260611-004/roles/validator-engineer@0.1.0--RT-20260611-004.yaml,validator-engineer,0.1.0,,Validator Engineer task overlay with human-authorized one-job permission for Mermaid inline SVG CSS ID selector rewrite repair and standalone browser smoke proof.,Rewrite SVG CSS ID selectors whenever SVG id attributes are rewritten.;Validate that inline SVG style ID selectors reference existing rewritten IDs.;Use browser-level file smoke evidence for the affected tracked HTML explainer.;Do not modify canonical science sources or physics claim status.,,subskill_contract;validator;test;renderer_tooling;source_backed_html_generation;documentation_impact,.codex/skills/visual-explainer/subskills/mermaid-documentation/SKILL.md;.codex/skills/visual-explainer/subskills/mermaid-documentation/scripts/render_mermaid_inline_svg.mjs;.codex/skills/visual-explainer/subskills/mermaid-documentation/scripts/validate_mermaid_sources.py;tests/test_memory_system.py;html/research-control-system-explainer.html;research_control/approvals/approval-20260611-004.yaml;research_control/tasks/RT-20260611-004/**;registries/MARKDOWN_SOURCE_REGISTRY.csv;registries/HTML_EXPLAINER_REGISTRY.csv;registries/RESEARCH_TASK_REGISTRY.csv;registries/DIRECTOR_DECISION_REGISTRY.csv;registries/AGENT_JOB_REGISTRY.csv;registries/ROLE_EXECUTION_REGISTRY.csv;registries/CLAIM_BOUNDARY_REGISTRY.csv,true,AJ-RT-20260611-004-001,The user reported browser evidence of malformed or visually broken standalone Mermaid-backed HTML after the inline-SVG renderer change.,false,PASS,2026-06-11T03:06:25Z,2026-06-11T03:06:25Z,Execution-role record for completed Mermaid inline SVG CSS selector repair.
validator-engineer@0.1.0--RT-20260611-005,task_overlay,RT-20260611-005,AJ-RT-20260611-005-001,research_control/tasks/RT-20260611-005/roles/validator-engineer@0.1.0--RT-20260611-005.yaml,validator-engineer,0.1.0,,Validator Engineer task overlay with human-authorized one-job permission for Mermaid interaction-script live-server injection repair and Chrome localhost proof.,Do not place literal closing body or html tags inside executable script string literals.;Build exported blob HTML documents through DOM APIs or split closing tags.;Validate the tracked page under the same localhost server surface that produced the reported defect.;Do not modify canonical science sources or physics claim status.,,subskill_contract;validator;test;template;source_backed_html_generation;documentation_impact,.codex/skills/visual-explainer/subskills/mermaid-documentation/SKILL.md;.codex/skills/visual-explainer/templates/mermaid-flowchart.html;.codex/skills/visual-explainer/subskills/mermaid-documentation/scripts/validate_mermaid_sources.py;tests/test_memory_system.py;html/research-control-system-explainer.html;research_control/approvals/approval-20260611-005.yaml;research_control/tasks/RT-20260611-005/**;registries/MARKDOWN_SOURCE_REGISTRY.csv;registries/HTML_EXPLAINER_REGISTRY.csv;registries/RESEARCH_TASK_REGISTRY.csv;registries/DIRECTOR_DECISION_REGISTRY.csv;registries/AGENT_JOB_REGISTRY.csv;registries/ROLE_EXECUTION_REGISTRY.csv;registries/CLAIM_BOUNDARY_REGISTRY.csv,true,AJ-RT-20260611-005-001,The user reported Chrome evidence that localhost live-server injection disabled Mermaid zoom controls and exposed JavaScript text.,false,PASS,2026-06-11T03:32:00Z,2026-06-11T03:32:00Z,Execution-role record for completed Mermaid live-server injection repair.
documentation-curator@0.2.0--RT-20260611-007,registered_role,RT-20260611-007,AJ-RT-20260611-007-001,research_control/tasks/RT-20260611-007/roles/documentation-curator@0.2.0--RT-20260611-007.yaml,documentation-curator,0.2.0,,Registered Documentation Curator role without permission expansion for research-atlas source-backed HTML explainer expansion.,Use only the canonical term Æther-flow ontology.;Edit Markdown source specs before regenerating tracked HTML derivatives.;Use governed Mermaid diagrams in every hub and drilldown page.;Use one shared research-atlas visual system across all generated pages.;Do not change validator contracts role authority control contracts or physics claim status.,,,README.md;markdown/html-explainer-specs/project-overview-explainer.md;markdown/html-explainer-specs/aether-flow-ontology-explainer.md;markdown/html-explainer-specs/research-agent-workflow-explainer.md;markdown/html-explainer-specs/research-control-system-explainer.md;markdown/html-explainer-specs/role-routing-explainer.md;markdown/html-explainer-specs/claim-gates-explainer.md;markdown/html-explainer-specs/source-authority-explainer.md;html/project-overview-explainer.html;html/aether-flow-ontology-explainer.html;html/research-agent-workflow-explainer.html;html/research-control-system-explainer.html;html/role-routing-explainer.html;html/claim-gates-explainer.html;html/source-authority-explainer.html;research_control/tasks/RT-20260611-007/**;registries/RESEARCH_TASK_REGISTRY.csv;registries/DIRECTOR_DECISION_REGISTRY.csv;registries/AGENT_JOB_REGISTRY.csv;registries/ROLE_EXECUTION_REGISTRY.csv;registries/CLAIM_BOUNDARY_REGISTRY.csv;registries/MARKDOWN_SOURCE_REGISTRY.csv;registries/HTML_EXPLAINER_REGISTRY.csv,false,AJ-RT-20260611-007-001,,false,PASS,2026-06-11T16:16:53Z,2026-06-11T16:35:44Z,Execution-role record for completed research-atlas explainer expansion.
project-control-maintainer@0.1.0--RT-20260611-008,task_overlay,RT-20260611-008,AJ-RT-20260611-008-001,research_control/tasks/RT-20260611-008/roles/project-control-maintainer@0.1.0--RT-20260611-008.yaml,project-control-maintainer,0.1.0,,Project-Control Maintainer task overlay with human-authorized one-job permission for three-layer HTML explainer readability repair across skill contracts validator hooks tests source specs and generated HTML derivatives.,Stack three-layer model sections instead of nesting fixed three-column card grids inside fixed three-column layer grids.;Use auto-fitting card grids with a minimum readable card width.;Use overflow-wrap break-word for normal prose and reserve overflow-wrap anywhere for code and preformatted material.;Preserve generated HTML as human-only non-authoritative derivatives.;Do not modify canonical science sources or physics claim status.,,skill_contract;validator;test;html_source_spec;source_backed_html_generation;documentation_impact,.codex/skills/html-visual-explainer/SKILL.md;.codex/skills/visual-explainer/SKILL.md;.codex/skills/project-memory-system/scripts/bootstrap_memory_system.py;tests/test_memory_system.py;markdown/html-explainer-specs/project-overview-explainer.md;markdown/html-explainer-specs/aether-flow-ontology-explainer.md;markdown/html-explainer-specs/research-agent-workflow-explainer.md;markdown/html-explainer-specs/research-control-system-explainer.md;markdown/html-explainer-specs/role-routing-explainer.md;markdown/html-explainer-specs/claim-gates-explainer.md;markdown/html-explainer-specs/source-authority-explainer.md;html/project-overview-explainer.html;html/aether-flow-ontology-explainer.html;html/research-agent-workflow-explainer.html;html/research-control-system-explainer.html;html/role-routing-explainer.html;html/claim-gates-explainer.html;html/source-authority-explainer.html;research_control/approvals/approval-20260611-008.yaml;research_control/tasks/RT-20260611-008/**;registries/RESEARCH_TASK_REGISTRY.csv;registries/DIRECTOR_DECISION_REGISTRY.csv;registries/AGENT_JOB_REGISTRY.csv;registries/ROLE_EXECUTION_REGISTRY.csv;registries/CLAIM_BOUNDARY_REGISTRY.csv;registries/MARKDOWN_SOURCE_REGISTRY.csv;registries/HTML_EXPLAINER_REGISTRY.csv,true,AJ-RT-20260611-008-001,The user reported browser evidence that the Three-layer model High Level Operational Evidence sections are hard to read across the HTML explainer set and explicitly requested the planned bounded repair.,false,PASS,2026-06-11T17:10:34Z,2026-06-11T17:20:32Z,Execution-role record completed for three-layer HTML readability repair.
project-control-maintainer@0.1.0--RT-20260611-009,task_overlay,RT-20260611-009,AJ-RT-20260611-009-001,research_control/tasks/RT-20260611-009/roles/project-control-maintainer@0.1.0--RT-20260611-009.yaml,project-control-maintainer,0.1.0,,Project-Control Maintainer task overlay with human-authorized one-job permission for adaptive Mermaid diagram fit repair across skill guidance validator hooks tests source specs and generated HTML derivatives.,Use rendered SVG viewBox geometry to size governed Mermaid diagram boxes.;Clamp adaptive diagram box height to safe min and max limits for desktop and mobile.;Make Fit recompute viewBox-based geometry instead of resetting to scale one.;Preserve generated HTML as human-only non-authoritative derivatives.;Do not modify canonical science sources or physics claim status.,,skill_contract;validator;test;html_source_spec;source_backed_html_generation;documentation_impact,.codex/skills/html-visual-explainer/SKILL.md;.codex/skills/visual-explainer/SKILL.md;.codex/skills/visual-explainer/subskills/mermaid-documentation/SKILL.md;.codex/skills/project-memory-system/scripts/bootstrap_memory_system.py;tests/test_memory_system.py;markdown/html-explainer-specs/project-overview-explainer.md;markdown/html-explainer-specs/aether-flow-ontology-explainer.md;markdown/html-explainer-specs/research-agent-workflow-explainer.md;markdown/html-explainer-specs/research-control-system-explainer.md;markdown/html-explainer-specs/role-routing-explainer.md;markdown/html-explainer-specs/claim-gates-explainer.md;markdown/html-explainer-specs/source-authority-explainer.md;html/project-overview-explainer.html;html/aether-flow-ontology-explainer.html;html/research-agent-workflow-explainer.html;html/research-control-system-explainer.html;html/role-routing-explainer.html;html/claim-gates-explainer.html;html/source-authority-explainer.html;research_control/approvals/approval-20260611-009.yaml;research_control/approvals/approval-20260611-008.yaml;research_control/tasks/RT-20260611-008/**;research_control/tasks/RT-20260611-009/**;registries/RESEARCH_TASK_REGISTRY.csv;registries/DIRECTOR_DECISION_REGISTRY.csv;registries/AGENT_JOB_REGISTRY.csv;registries/ROLE_EXECUTION_REGISTRY.csv;registries/CLAIM_BOUNDARY_REGISTRY.csv;registries/MARKDOWN_SOURCE_REGISTRY.csv;registries/HTML_EXPLAINER_REGISTRY.csv,true,AJ-RT-20260611-009-001,The user reported browser evidence that wide Mermaid diagrams rendered too small inside their boxes and explicitly requested the planned adaptive fit repair.,false,PASS,2026-06-11T18:37:39Z,2026-06-11T18:45:51Z,Execution-role record completed for adaptive Mermaid diagram fit repair.
project-control-maintainer@0.1.0--RT-20260611-010,task_overlay,RT-20260611-010,AJ-RT-20260611-010-001,research_control/tasks/RT-20260611-010/roles/project-control-maintainer@0.1.0--RT-20260611-010.yaml,project-control-maintainer,0.1.0,,Project-Control Maintainer task overlay with human-authorized one-job permission for flexible source-backed HTML explainer presentation contract migration across skill guidance role guidance validator hooks tests README registered design documentation source specs generated HTML derivatives and memory refresh.,Preserve source-spec first authority while allowing flexible page presentation through presentation_profile layout_intent and required_content_blocks.;Keep presentation_profile as a controlled layout vocabulary in skill and validator constants not as a new registry in this migration.;Require every declared content block to appear in generated HTML and carry source-path evidence.;Keep validators structural and deterministic.;Preserve generated HTML as human-only non-authoritative derivatives.;Do not modify canonical science sources or physics claim status.,,skill_contract;role_contract_synchronization;validator;test;explanatory_markdown;research_control_design;html_source_spec;source_backed_html_generation;documentation_impact,README.md;research_control/design/html_explainer_flexible_presentation_contract.md;.agents/roles/research_ops/documentation-curator.v0.2.0.md;.codex/skills/html-visual-explainer/SKILL.md;.codex/skills/visual-explainer/SKILL.md;.codex/skills/project-memory-system/scripts/bootstrap_memory_system.py;tests/test_memory_system.py;markdown/html-explainer-specs/project-overview-explainer.md;markdown/html-explainer-specs/aether-flow-ontology-explainer.md;markdown/html-explainer-specs/research-agent-workflow-explainer.md;markdown/html-explainer-specs/research-control-system-explainer.md;markdown/html-explainer-specs/role-routing-explainer.md;markdown/html-explainer-specs/claim-gates-explainer.md;markdown/html-explainer-specs/source-authority-explainer.md;markdown/html-explainer-specs/roles-and-skills-explainer.md;markdown/html-explainer-specs/memory-system-explainer.md;markdown/html-explainer-specs/technical-requirements-explainer.md;html/project-overview-explainer.html;html/aether-flow-ontology-explainer.html;html/research-agent-workflow-explainer.html;html/research-control-system-explainer.html;html/role-routing-explainer.html;html/claim-gates-explainer.html;html/source-authority-explainer.html;html/roles-and-skills-explainer.html;html/memory-system-explainer.html;html/technical-requirements-explainer.html;research_control/approvals/approval-20260611-010.yaml;research_control/tasks/RT-20260611-010/**;registries/AGENT_ROLE_REGISTRY.csv;registries/RESEARCH_TASK_REGISTRY.csv;registries/DIRECTOR_DECISION_REGISTRY.csv;registries/AGENT_JOB_REGISTRY.csv;registries/ROLE_EXECUTION_REGISTRY.csv;registries/CLAIM_BOUNDARY_REGISTRY.csv;registries/MARKDOWN_SOURCE_REGISTRY.csv;registries/HTML_EXPLAINER_REGISTRY.csv,true,AJ-RT-20260611-010-001,The user explicitly accepted the flexible HTML explainer presentation-contract design through the grill and requested implementation as one bounded Project-Control Maintainer-led migration.,false,PASS,2026-06-11T20:21:49Z,2026-06-11T21:11:34Z,Execution-role record completed for flexible source-backed HTML explainer presentation contract migration.
project-control-maintainer@0.1.0--RT-20260611-011,task_overlay,RT-20260611-011,AJ-RT-20260611-011-001,research_control/tasks/RT-20260611-011/roles/project-control-maintainer@0.1.0--RT-20260611-011.yaml,project-control-maintainer,0.1.0,,Project-Control Maintainer task overlay with human-authorized one-job permission for source-spec-first HTML explainer UI cleanup optional legacy control migration generated HTML regeneration and Mermaid SVG sizing repair.,Remove unwanted visible explainer boilerplate and panels only after updating Markdown source specs and contracts.;Preserve source-path evidence through content blocks and an All Source Materials section.;Preserve claim_boundary as source-spec metadata without a visible bottom claim-boundary panel.;Keep validators structural and deterministic.;Preserve generated HTML as human-only non-authoritative derivatives.;Do not modify canonical science sources or physics claim status.,,skill_contract;role_contract_synchronization;validator;test;explanatory_markdown;research_control_design;html_source_spec;source_backed_html_generation;documentation_impact,README.md;research_control/design/html_explainer_flexible_presentation_contract.md;.agents/roles/research_ops/documentation-curator.v0.2.0.md;.codex/skills/html-visual-explainer/SKILL.md;.codex/skills/visual-explainer/SKILL.md;.codex/skills/visual-explainer/subskills/mermaid-documentation/SKILL.md;.codex/skills/visual-explainer/subskills/mermaid-documentation/scripts/render_mermaid_inline_svg.mjs;.codex/skills/project-memory-system/scripts/bootstrap_memory_system.py;tests/test_memory_system.py;markdown/html-explainer-specs/project-overview-explainer.md;markdown/html-explainer-specs/aether-flow-ontology-explainer.md;markdown/html-explainer-specs/research-agent-workflow-explainer.md;markdown/html-explainer-specs/research-control-system-explainer.md;markdown/html-explainer-specs/role-routing-explainer.md;markdown/html-explainer-specs/claim-gates-explainer.md;markdown/html-explainer-specs/source-authority-explainer.md;markdown/html-explainer-specs/roles-and-skills-explainer.md;markdown/html-explainer-specs/memory-system-explainer.md;markdown/html-explainer-specs/technical-requirements-explainer.md;html/project-overview-explainer.html;html/aether-flow-ontology-explainer.html;html/research-agent-workflow-explainer.html;html/research-control-system-explainer.html;html/role-routing-explainer.html;html/claim-gates-explainer.html;html/source-authority-explainer.html;html/roles-and-skills-explainer.html;html/memory-system-explainer.html;html/technical-requirements-explainer.html;research_control/approvals/approval-20260611-011.yaml;research_control/tasks/RT-20260611-011/**;registries/RESEARCH_TASK_REGISTRY.csv;registries/DIRECTOR_DECISION_REGISTRY.csv;registries/AGENT_JOB_REGISTRY.csv;registries/ROLE_EXECUTION_REGISTRY.csv;registries/CLAIM_BOUNDARY_REGISTRY.csv;registries/MARKDOWN_SOURCE_REGISTRY.csv;registries/HTML_EXPLAINER_REGISTRY.csv,true,AJ-RT-20260611-011-001,The user explicitly requested implementation of the HTML explainer UI cleanup and Mermaid render repair plan as a bounded project-system transaction.,false,PASS,2026-06-11T22:37:13Z,2026-06-11T23:20:59Z,Execution-role record completed for HTML explainer UI cleanup and Mermaid render repair.
project-control-maintainer@0.1.0--RT-20260612-001,task_overlay,RT-20260612-001,AJ-RT-20260612-001-001,research_control/tasks/RT-20260612-001/roles/project-control-maintainer@0.1.0--RT-20260612-001.yaml,project-control-maintainer,0.1.0,,Project-Control Maintainer task overlay with human-authorized one-job permission for validator-backed subject_summary migration Documentation Curator v0.3.0 registration source-spec updates generated HTML regeneration and full rendered QA.,Update focused tests and validator behavior before bulk source-spec and generated HTML migration.;Require subject_summary as the first declared and rendered content block for every tracked explainer.;Require visible source-path chips inside the subject_summary source_basis field.;Require subject_summary source paths to be declared source_materials.;Register documentation-curator@0.3.0 and supersede documentation-curator@0.2.0 without altering historical execution semantics.;Preserve generated HTML as human-only non-authoritative derivatives.;Do not modify canonical science sources or physics claim status.,,skill_contract;role_contract;role_contract_synchronization;validator;test;explanatory_markdown;research_control_design;html_source_spec;source_backed_html_generation;documentation_impact,CONTEXT.md;research_control/design/html_explainer_flexible_presentation_contract.md;.agents/roles/research_ops/documentation-curator.v0.2.0.md;.agents/roles/research_ops/documentation-curator.v0.3.0.md;.codex/skills/html-visual-explainer/SKILL.md;.codex/skills/visual-explainer/SKILL.md;.codex/skills/project-memory-system/scripts/bootstrap_memory_system.py;tests/test_memory_system.py;markdown/html-explainer-specs/project-overview-explainer.md;markdown/html-explainer-specs/aether-flow-ontology-explainer.md;markdown/html-explainer-specs/research-agent-workflow-explainer.md;markdown/html-explainer-specs/research-control-system-explainer.md;markdown/html-explainer-specs/role-routing-explainer.md;markdown/html-explainer-specs/claim-gates-explainer.md;markdown/html-explainer-specs/source-authority-explainer.md;markdown/html-explainer-specs/roles-and-skills-explainer.md;markdown/html-explainer-specs/memory-system-explainer.md;markdown/html-explainer-specs/technical-requirements-explainer.md;html/project-overview-explainer.html;html/aether-flow-ontology-explainer.html;html/research-agent-workflow-explainer.html;html/research-control-system-explainer.html;html/role-routing-explainer.html;html/claim-gates-explainer.html;html/source-authority-explainer.html;html/roles-and-skills-explainer.html;html/memory-system-explainer.html;html/technical-requirements-explainer.html;research_control/approvals/approval-20260612-001.yaml;research_control/tasks/RT-20260612-001/**;registries/RESEARCH_TASK_REGISTRY.csv;registries/DIRECTOR_DECISION_REGISTRY.csv;registries/AGENT_JOB_REGISTRY.csv;registries/ROLE_EXECUTION_REGISTRY.csv;registries/CLAIM_BOUNDARY_REGISTRY.csv;registries/AGENT_ROLE_REGISTRY.csv;registries/MARKDOWN_SOURCE_REGISTRY.csv;registries/HTML_EXPLAINER_REGISTRY.csv,true,AJ-RT-20260612-001-001,The user explicitly approved the validator-backed subject_summary design and requested implementation as a bounded Project-Control Maintainer transaction.,false,PASS,2026-06-12T01:38:51Z,2026-06-12T02:22:44Z,Execution-role record completed for subject_summary HTML explainer contract migration.
project-control-maintainer@0.1.0--RT-20260612-002,task_overlay,RT-20260612-002,AJ-RT-20260612-002-001,research_control/tasks/RT-20260612-002/roles/project-control-maintainer@0.1.0--RT-20260612-002.yaml,project-control-maintainer,0.1.0,,Project-Control Maintainer task overlay with human-authorized one-job permission for source-backed Summary of subject correction Documentation Curator v0.4.0 registration source-spec updates generated HTML regeneration and full rendered QA.,Replace visible reader-orientation subject-summary presentation with single source-backed Summary of subject prose blocks.;Require subject_summary as the first declared and rendered content block for every tracked explainer.;Require summary_text and source_basis markers inside subject_summary.;Require visible source-path chips inside the subject_summary source_basis field.;Require subject_summary source paths to be declared source_materials.;Register documentation-curator@0.4.0 and supersede documentation-curator@0.3.0 without altering historical execution semantics.;Preserve generated HTML as human-only non-authoritative derivatives.;Do not modify canonical science sources or physics claim status.,,skill_contract;role_contract;role_contract_synchronization;validator;test;explanatory_markdown;research_control_design;html_source_spec;source_backed_html_generation;documentation_impact,README.md;CONTEXT.md;research_control/design/html_explainer_flexible_presentation_contract.md;.agents/roles/research_ops/documentation-curator.v0.3.0.md;.agents/roles/research_ops/documentation-curator.v0.4.0.md;.codex/skills/html-visual-explainer/SKILL.md;.codex/skills/visual-explainer/SKILL.md;.codex/skills/project-memory-system/scripts/bootstrap_memory_system.py;tests/test_memory_system.py;markdown/html-explainer-specs/project-overview-explainer.md;markdown/html-explainer-specs/aether-flow-ontology-explainer.md;markdown/html-explainer-specs/research-agent-workflow-explainer.md;markdown/html-explainer-specs/research-control-system-explainer.md;markdown/html-explainer-specs/role-routing-explainer.md;markdown/html-explainer-specs/claim-gates-explainer.md;markdown/html-explainer-specs/source-authority-explainer.md;markdown/html-explainer-specs/roles-and-skills-explainer.md;markdown/html-explainer-specs/memory-system-explainer.md;markdown/html-explainer-specs/technical-requirements-explainer.md;html/project-overview-explainer.html;html/aether-flow-ontology-explainer.html;html/research-agent-workflow-explainer.html;html/research-control-system-explainer.html;html/role-routing-explainer.html;html/claim-gates-explainer.html;html/source-authority-explainer.html;html/roles-and-skills-explainer.html;html/memory-system-explainer.html;html/technical-requirements-explainer.html;research_control/approvals/approval-20260612-002.yaml;research_control/tasks/RT-20260612-002/**;registries/RESEARCH_TASK_REGISTRY.csv;registries/DIRECTOR_DECISION_REGISTRY.csv;registries/AGENT_JOB_REGISTRY.csv;registries/ROLE_EXECUTION_REGISTRY.csv;registries/CLAIM_BOUNDARY_REGISTRY.csv;registries/AGENT_ROLE_REGISTRY.csv;registries/MARKDOWN_SOURCE_REGISTRY.csv;registries/HTML_EXPLAINER_REGISTRY.csv,true,AJ-RT-20260612-002-001,The user explicitly requested implementation of the plan to replace reader orientation with source-backed Summary of subject blocks as a bounded Project-Control Maintainer transaction.,false,PASS,2026-06-12T03:23:00Z,2026-06-12T03:59:06Z,Execution-role record completed for source-backed Summary of subject correction.
documentation-curator@0.4.0--RT-20260612-003,registered_role,RT-20260612-003,AJ-RT-20260612-003-001,research_control/tasks/RT-20260612-003/roles/documentation-curator@0.4.0--RT-20260612-003.yaml,documentation-curator,0.4.0,,Registered Documentation Curator role without permission expansion for source-backed coverage layout repair.,Edit Markdown source specs before generated HTML derivatives.;Render Source-Backed Coverage content blocks as full-width rows with scoped table overflow.;Do not change validator contracts role authority control contracts or physics claim status.,,,markdown/html-explainer-specs/project-overview-explainer.md;markdown/html-explainer-specs/aether-flow-ontology-explainer.md;markdown/html-explainer-specs/research-agent-workflow-explainer.md;markdown/html-explainer-specs/research-control-system-explainer.md;markdown/html-explainer-specs/role-routing-explainer.md;markdown/html-explainer-specs/claim-gates-explainer.md;markdown/html-explainer-specs/source-authority-explainer.md;markdown/html-explainer-specs/roles-and-skills-explainer.md;markdown/html-explainer-specs/memory-system-explainer.md;markdown/html-explainer-specs/technical-requirements-explainer.md;html/project-overview-explainer.html;html/aether-flow-ontology-explainer.html;html/research-agent-workflow-explainer.html;html/research-control-system-explainer.html;html/role-routing-explainer.html;html/claim-gates-explainer.html;html/source-authority-explainer.html;html/roles-and-skills-explainer.html;html/memory-system-explainer.html;html/technical-requirements-explainer.html;research_control/tasks/RT-20260612-003/**;registries/RESEARCH_TASK_REGISTRY.csv;registries/DIRECTOR_DECISION_REGISTRY.csv;registries/AGENT_JOB_REGISTRY.csv;registries/ROLE_EXECUTION_REGISTRY.csv;registries/CLAIM_BOUNDARY_REGISTRY.csv;registries/MARKDOWN_SOURCE_REGISTRY.csv;registries/HTML_EXPLAINER_REGISTRY.csv,false,AJ-RT-20260612-003-001,,false,PASS,2026-06-12T04:37:04Z,2026-06-12T04:53:22Z,Execution-role record completed for source-backed coverage layout repair.
project-control-maintainer@0.1.0--RT-20260612-004,task_overlay,RT-20260612-004,AJ-RT-20260612-004-001,research_control/tasks/RT-20260612-004/roles/project-control-maintainer@0.1.0--RT-20260612-004.yaml,project-control-maintainer,0.1.0,,Project-Control Maintainer task overlay with human-authorized one-job permission for HTML explainer summary-grounding cleanup source-spec regeneration and skill-contract hardening.,Remove prose source-grounding sentences from summary_text across tracked HTML explainer specs.;Keep source grounding in source_basis and declared source_materials.;Update project-local explainer skill contracts so future summary_text prose does not restate source lists.;Preserve generated HTML as human-only non-authoritative derivatives.;Do not modify canonical science sources or physics claim status.,,skill_contract;explanatory_markdown;html_source_spec;source_backed_html_generation;documentation_impact,.codex/skills/html-visual-explainer/SKILL.md;.codex/skills/visual-explainer/SKILL.md;markdown/html-explainer-specs/project-overview-explainer.md;markdown/html-explainer-specs/aether-flow-ontology-explainer.md;markdown/html-explainer-specs/research-agent-workflow-explainer.md;markdown/html-explainer-specs/research-control-system-explainer.md;markdown/html-explainer-specs/role-routing-explainer.md;markdown/html-explainer-specs/claim-gates-explainer.md;markdown/html-explainer-specs/source-authority-explainer.md;markdown/html-explainer-specs/roles-and-skills-explainer.md;markdown/html-explainer-specs/memory-system-explainer.md;markdown/html-explainer-specs/technical-requirements-explainer.md;html/project-overview-explainer.html;html/aether-flow-ontology-explainer.html;html/research-agent-workflow-explainer.html;html/research-control-system-explainer.html;html/role-routing-explainer.html;html/claim-gates-explainer.html;html/source-authority-explainer.html;html/roles-and-skills-explainer.html;html/memory-system-explainer.html;html/technical-requirements-explainer.html;research_control/approvals/approval-20260612-004.yaml;research_control/tasks/RT-20260612-004/**;registries/RESEARCH_TASK_REGISTRY.csv;registries/DIRECTOR_DECISION_REGISTRY.csv;registries/AGENT_JOB_REGISTRY.csv;registries/ROLE_EXECUTION_REGISTRY.csv;registries/CLAIM_BOUNDARY_REGISTRY.csv;registries/MARKDOWN_SOURCE_REGISTRY.csv;registries/HTML_EXPLAINER_REGISTRY.csv,true,AJ-RT-20260612-004-001,The user explicitly requested the logical next step after confirming the skill contracts had not yet been hardened against future source-list summary prose.,false,PASS,2026-06-12T13:17:10Z,2026-06-12T13:17:10Z,Execution-role record completed for HTML summary-grounding contract hardening.
project-control-maintainer@0.1.0--RT-20260612-005,task_overlay,RT-20260612-005,AJ-RT-20260612-005-001,research_control/tasks/RT-20260612-005/roles/project-control-maintainer@0.1.0--RT-20260612-005.yaml,project-control-maintainer,0.1.0,,"Project-Control Maintainer task overlay with human-authorized one-job permission for the full HTML explainer depth upgrade kit, including advisory lint, role ownership, skill guidance, source-spec depth upgrades, generated HTML regeneration, and browser QA.",Implement the recommendations in implementations_plans/aether_html_explainer_upgrade_kit/ through the governed source-spec to generated-HTML path.;Preserve existing Mermaid diagram definitions and inline SVG parity.;Keep generated HTML human-only and non-authoritative.;Do not modify canonical science sources or physics claim status.;Make the depth lint advisory but require it to pass for the migrated current explainer set.,,skill_contract;role_contract;role_contract_synchronization;validator;test;explanatory_markdown;research_control_design;html_source_spec;source_backed_html_generation;documentation_impact,research_control/design/html_explainer_depth_contract.md;.agents/roles/research_ops/documentation-curator.v0.4.0.md;.agents/roles/research_ops/documentation-curator.v0.5.0.md;.codex/skills/html-visual-explainer/SKILL.md;.codex/skills/visual-explainer/SKILL.md;README.md;Makefile;scripts/spec_depth_lint.py;scripts/enhance_html_explainers.py;tests/test_spec_depth_lint.py;markdown/html-explainer-specs/project-overview-explainer.md;markdown/html-explainer-specs/aether-flow-ontology-explainer.md;markdown/html-explainer-specs/research-agent-workflow-explainer.md;markdown/html-explainer-specs/research-control-system-explainer.md;markdown/html-explainer-specs/role-routing-explainer.md;markdown/html-explainer-specs/claim-gates-explainer.md;markdown/html-explainer-specs/source-authority-explainer.md;markdown/html-explainer-specs/roles-and-skills-explainer.md;markdown/html-explainer-specs/memory-system-explainer.md;markdown/html-explainer-specs/technical-requirements-explainer.md;html/project-overview-explainer.html;html/aether-flow-ontology-explainer.html;html/research-agent-workflow-explainer.html;html/research-control-system-explainer.html;html/role-routing-explainer.html;html/claim-gates-explainer.html;html/source-authority-explainer.html;html/roles-and-skills-explainer.html;html/memory-system-explainer.html;html/technical-requirements-explainer.html;research_control/approvals/approval-20260612-005.yaml;research_control/tasks/RT-20260612-005/**;registries/RESEARCH_TASK_REGISTRY.csv;registries/DIRECTOR_DECISION_REGISTRY.csv;registries/AGENT_JOB_REGISTRY.csv;registries/ROLE_EXECUTION_REGISTRY.csv;registries/CLAIM_BOUNDARY_REGISTRY.csv;registries/AGENT_ROLE_REGISTRY.csv;registries/MARKDOWN_SOURCE_REGISTRY.csv;registries/HTML_EXPLAINER_REGISTRY.csv,true,AJ-RT-20260612-005-001,The user explicitly requested implementation of all recommendations in the HTML explainer upgrade kit.,false,PASS,2026-06-12T19:14:43Z,2026-06-12T19:48:54Z,Execution-role record completed for the HTML explainer depth upgrade kit; no reusable authority expansion remains after AJ-RT-20260612-005-001.
project-control-maintainer@0.1.0--RT-20260612-006,task_overlay,RT-20260612-006,AJ-RT-20260612-006-001,research_control/tasks/RT-20260612-006/roles/project-control-maintainer@0.1.0--RT-20260612-006.yaml,project-control-maintainer,0.1.0,,"Project-Control Maintainer task overlay with human-authorized one-job permission for HTML explainer reader-layer cleanup, Documentation Curator v0.6.0 registration, validator guards, helper tooling, tests, generated HTML regeneration, and browser QA.",Keep file metadata in source specs registry rows HTML meta tags and validation evidence instead of hero/title metadata cards.;Remove global simple/technical mode toggles and global expand/collapse buttons from tracked HTML explainers.;Preserve reading progress local search active section navigation and copyable source chips.;Preserve generated HTML as human-only non-authoritative derivatives.;Do not modify canonical science sources or physics claim status.,,skill_contract;role_contract;role_contract_synchronization;validator;test;research_control_design;source_backed_html_generation;documentation_impact,research_control/design/html_explainer_depth_contract.md;.agents/roles/research_ops/documentation-curator.v0.5.0.md;.agents/roles/research_ops/documentation-curator.v0.6.0.md;.codex/skills/html-visual-explainer/SKILL.md;.codex/skills/visual-explainer/SKILL.md;.codex/skills/project-memory-system/scripts/bootstrap_memory_system.py;scripts/enhance_html_explainers.py;tests/test_memory_system.py;tests/test_enhance_html_explainers.py;html/project-overview-explainer.html;html/aether-flow-ontology-explainer.html;html/research-agent-workflow-explainer.html;html/research-control-system-explainer.html;html/role-routing-explainer.html;html/claim-gates-explainer.html;html/source-authority-explainer.html;html/roles-and-skills-explainer.html;html/memory-system-explainer.html;html/technical-requirements-explainer.html;research_control/approvals/approval-20260612-006.yaml;research_control/tasks/RT-20260612-006/**;registries/RESEARCH_TASK_REGISTRY.csv;registries/DIRECTOR_DECISION_REGISTRY.csv;registries/AGENT_JOB_REGISTRY.csv;registries/ROLE_EXECUTION_REGISTRY.csv;registries/CLAIM_BOUNDARY_REGISTRY.csv;registries/AGENT_ROLE_REGISTRY.csv;registries/MARKDOWN_SOURCE_REGISTRY.csv;registries/HTML_EXPLAINER_REGISTRY.csv,true,AJ-RT-20260612-006-001,The user explicitly requested repair of the HTML explainer reader-layer defects and identified the issue as part of the Documentation Curator system.,false,PASS,2026-06-12T20:42:00Z,2026-06-12T20:42:00Z,Execution-role record completed for HTML explainer reader-layer cleanup; reusable authority is limited to Documentation Curator v0.6.0 and updated project-local skill guidance.
project-control-maintainer@0.1.0--RT-20260612-007,task_overlay,RT-20260612-007,AJ-RT-20260612-007-001,research_control/tasks/RT-20260612-007/roles/project-control-maintainer@0.1.0--RT-20260612-007.yaml,project-control-maintainer,0.1.0,,"Project-Control Maintainer task overlay with human-authorized one-job permission for HTML explainer analysis-capsule removal, Documentation Curator v0.7.0 registration, validator guards, helper tooling, tests, source-spec updates, generated HTML regeneration, and validation.",Remove analysis_capsule_schema and Required Analysis Capsules from active tracked HTML explainer specs.;Remove the Analysis capsules / Claim-Aware Analysis rendered section and analysis nav item from tracked HTML explainers.;Remove the repeated generic claim-boundary boilerplate paragraph from content blocks.;Preserve generated HTML as human-only non-authoritative derivatives.;Do not modify canonical science sources or physics claim status.,,skill_contract;role_contract;role_contract_synchronization;validator;test;explanatory_markdown;research_control_design;html_source_spec;source_backed_html_generation;documentation_impact,README.md;research_control/design/html_explainer_depth_contract.md;research_control/design/html_explainer_flexible_presentation_contract.md;.agents/roles/research_ops/documentation-curator.v0.5.0.md;.agents/roles/research_ops/documentation-curator.v0.6.0.md;.agents/roles/research_ops/documentation-curator.v0.7.0.md;.codex/skills/html-visual-explainer/SKILL.md;.codex/skills/visual-explainer/SKILL.md;.codex/skills/project-memory-system/scripts/bootstrap_memory_system.py;scripts/enhance_html_explainers.py;tests/test_memory_system.py;tests/test_enhance_html_explainers.py;markdown/html-explainer-specs/project-overview-explainer.md;markdown/html-explainer-specs/aether-flow-ontology-explainer.md;markdown/html-explainer-specs/research-agent-workflow-explainer.md;markdown/html-explainer-specs/research-control-system-explainer.md;markdown/html-explainer-specs/role-routing-explainer.md;markdown/html-explainer-specs/claim-gates-explainer.md;markdown/html-explainer-specs/source-authority-explainer.md;markdown/html-explainer-specs/roles-and-skills-explainer.md;markdown/html-explainer-specs/memory-system-explainer.md;markdown/html-explainer-specs/technical-requirements-explainer.md;html/project-overview-explainer.html;html/aether-flow-ontology-explainer.html;html/research-agent-workflow-explainer.html;html/research-control-system-explainer.html;html/role-routing-explainer.html;html/claim-gates-explainer.html;html/source-authority-explainer.html;html/roles-and-skills-explainer.html;html/memory-system-explainer.html;html/technical-requirements-explainer.html;research_control/approvals/approval-20260612-006.yaml;research_control/approvals/approval-20260612-007.yaml;research_control/tasks/RT-20260612-006/**;research_control/tasks/RT-20260612-007/**;registries/RESEARCH_TASK_REGISTRY.csv;registries/DIRECTOR_DECISION_REGISTRY.csv;registries/AGENT_JOB_REGISTRY.csv;registries/ROLE_EXECUTION_REGISTRY.csv;registries/CLAIM_BOUNDARY_REGISTRY.csv;registries/AGENT_ROLE_REGISTRY.csv;registries/MARKDOWN_SOURCE_REGISTRY.csv;registries/HTML_EXPLAINER_REGISTRY.csv,true,AJ-RT-20260612-007-001,The user explicitly requested removal of the remaining analysis-capsule reader layer and repeated claim-boundary text from the Documentation Curator HTML pages and related Markdown source specs.,false,PASS,2026-06-12T23:36:46Z,2026-06-12T23:36:46Z,Execution-role record completed for HTML explainer analysis-capsule removal; reusable authority is limited to Documentation Curator v0.7.0 and updated project-local skill guidance.
project-control-maintainer@0.1.0--RT-20260617-004,task_overlay,RT-20260617-004,AJ-RT-20260617-004-001,research_control/tasks/RT-20260617-004/roles/project-control-maintainer@0.1.0--RT-20260617-004.yaml,project-control-maintainer,0.1.0,,Project-Control Maintainer task overlay with human-authorized one-job permission for HTML teaching-loop role schema validator skill source-spec and generated-derivative controls.,Keep Documentation Curator as the only documentation writer.;Keep Student and Teacher outputs explanatory support only.;Require Teaching Q&A packets to cite selected sources and declare source gaps.;Preserve generated HTML and GitHub-facing Markdown as noncanonical derivatives.;Do not modify canonical science sources or physics claim status.,,role_contract;schema_contract;custom_agent_contract;skill_contract;validator;test;registry;explanatory_markdown;html_source_spec;source_backed_html_generation;documentation_impact,README.md;Makefile;.agents/roles/research_ops/documentation-curator.v0.7.0.md;.agents/roles/research_ops/documentation-curator.v0.8.0.md;.agents/roles/research_ops/documentation-student.v0.1.0.md;.agents/roles/research_ops/documentation-teacher.v0.1.0.md;.agents/schemas/TEACHING_QA_PACKET_SCHEMA.md;.codex/agents/documentation-student.toml;.codex/agents/documentation-teacher.toml;.codex/skills/aether-teaching-explainer/SKILL.md;.codex/skills/html-visual-explainer/SKILL.md;.codex/skills/project-memory-system/scripts/bootstrap_memory_system.py;github-facing/role-routing-explainer.md;markdown/html-explainer-specs/role-routing-explainer.md;markdown/teaching-packets/role-routing.teaching-qa.md;scripts/spec_depth_lint.py;scripts/validate_teaching_qa.py;tests/test_memory_system.py;tests/test_spec_depth_lint.py;tests/test_validate_teaching_qa.py;registries/*.csv;research_control/tasks/RT-20260617-004/**,true,AJ-RT-20260617-004-001,The user explicitly required implementation of all HTML teaching-loop recommendations as a Documentation Curator system improvement.,false,PASS,2026-06-17T17:35:00Z,2026-06-17T17:51:06Z,Execution-role record completed for HTML teaching-loop system implementation.
documentation-curator@0.8.0--RT-20260617-005,registered_role,RT-20260617-005,AJ-RT-20260617-005-001,research_control/tasks/RT-20260617-005/roles/documentation-curator@0.8.0--RT-20260617-005.yaml,documentation-curator,0.8.0,,Registered Documentation Curator role used without permission expansion for teaching-loop documentation surface synchronization.,Update source specs before generated HTML derivatives.;Keep generated HTML and GitHub-facing Markdown noncanonical.;Do not change role contracts schema contracts validators routing behavior or scientific claim status.;Do not perform broad teaching-loop rollout beyond the selected documentation-sync surfaces.,,,markdown/html-explainer-specs/roles-and-skills-explainer.md;markdown/html-explainer-specs/research-control-system-explainer.md;github-facing/roles-and-skills-explainer.md;github-facing/research-control-system-explainer.md;github-facing/role-routing-explainer.md;registries/*.csv;research_control/tasks/RT-20260617-005/**,false,AJ-RT-20260617-005-001,The user explicitly identified documentation debt after the HTML teaching-loop project-system implementation and requested a Documentation Curator update.,false,PASS,2026-06-17T20:18:46Z,2026-06-17T20:31:44Z,Execution-role record completed for teaching-loop documentation surface synchronization.
project-control-maintainer@0.1.0--RT-20260617-006,task_overlay,RT-20260617-006,AJ-RT-20260617-006-001,research_control/tasks/RT-20260617-006/roles/project-control-maintainer@0.1.0--RT-20260617-006.yaml,project-control-maintainer,0.1.0,,Project-Control Maintainer task overlay with human-authorized one-job permission for subject-first Documentation Curator role skill contract lint and explanatory derivative reset.,Keep source specs and registries as authority before generated derivatives.;Make Documentation Curator v0.9.0 subject-first for future explainer work.;Keep Student and Teacher outputs explanatory support only.;Keep generated HTML and GitHub-facing Markdown noncanonical.;Do not modify canonical science sources or physics claim status.,,role_contract;skill_contract;validator;test;registry;explanatory_markdown;html_source_spec;html_visual_derivative;github_facing_markdown;teaching_qa_packet;documentation_impact,.agents/roles/research_ops/documentation-curator.v0.8.0.md;.agents/roles/research_ops/documentation-curator.v0.9.0.md;.codex/skills/aether-teaching-explainer/SKILL.md;.codex/skills/html-visual-explainer/SKILL.md;research_control/design/github_facing_explainer_contract.md;scripts/enhance_html_explainers.py;scripts/spec_depth_lint.py;tests/test_enhance_html_explainers.py;tests/test_spec_depth_lint.py;markdown/html-explainer-specs/*.md;markdown/teaching-packets/project-overview.teaching-qa.md;github-facing/*.md;html/*.html;registries/*.csv;research_control/tasks/RT-20260617-006/**,true,AJ-RT-20260617-006-001,The user explicitly required a project improvement to stop self-referential explainer outputs and reset HTML/GitHub-facing documentation around project functionality.,false,PASS,2026-06-17T20:57:00Z,2026-06-17T21:08:27Z,Execution-role overlay completed for subject-first explainer system reset.
documentation-curator@0.9.0--RT-20260617-007,registered_role,RT-20260617-007,AJ-RT-20260617-007-001,research_control/tasks/RT-20260617-007/roles/documentation-curator@0.9.0--RT-20260617-007.yaml,documentation-curator,0.9.0,,Registered Documentation Curator role used without permission expansion for subject-first functionality coverage expansion.,Use curator judgment to decide whether existing files need updates or new explainers are required.;Treat renderer and lint formats as advisory quality controls rather than canonical content law.;Keep source specs and registered Markdown as authority before generated derivatives.;Keep generated HTML and GitHub-facing Markdown noncanonical.;Do not modify canonical science sources role contracts skill contracts validators routing behavior or physics claim status.,,,README.md;CONTEXT.md;markdown/html-explainer-specs/*.md;github-facing/*.md;html/*.html;registries/*.csv;research_control/tasks/RT-20260617-007/**,false,AJ-RT-20260617-007-001,The user explicitly requested a project improvement to examine functionality coverage and expand the Documentation Curator output surfaces as needed.,false,PASS,2026-06-17T21:44:49Z,2026-06-17T22:01:18Z,Execution-role record completed for functionality coverage expansion.
project-control-maintainer@0.1.0--RT-20260617-008,task_overlay,RT-20260617-008,AJ-RT-20260617-008-001,research_control/tasks/RT-20260617-008/roles/project-control-maintainer@0.1.0--RT-20260617-008.yaml,project-control-maintainer,0.1.0,,Project-Control Maintainer task overlay with human-authorized one-job permission for workflow-step inspector contract validation source-spec and derivative synchronization.,Keep workflow-step sections source-backed and page-specific.;Apply the section to workflow/control explainers whose source specs declare workflow_step_inspector.;Do not force conceptual or atlas pages into process authority when their source specs do not support it.;Keep generated HTML and GitHub-facing Markdown noncanonical.;Do not modify canonical science sources or physics claim status.,,skill_contract;validator;test;registry;explanatory_markdown;html_source_spec;html_visual_derivative;github_facing_markdown;documentation_impact,.codex/skills/html-visual-explainer/SKILL.md;.codex/skills/visual-explainer/SKILL.md;research_control/design/github_facing_explainer_contract.md;scripts/project_control/audit_documentation_surfaces.py;tests/test_documentation_surface_audit.py;markdown/html-explainer-specs/*.md;github-facing/*.md;html/*.html;registries/*.csv;research_control/tasks/RT-20260617-008/**,true,AJ-RT-20260617-008-001,The user explicitly requested implementation of the project-system explainer visual and workflow-step recommendations across HTML and GitHub-facing documentation.,false,PASS,2026-06-17T22:29:49Z,2026-06-17T22:39:54Z,Execution-role overlay completed for workflow-step inspector rollout.
project-control-maintainer@0.1.0--RT-20260617-009,task_overlay,RT-20260617-009,AJ-RT-20260617-009-001,research_control/tasks/RT-20260617-009/roles/project-control-maintainer@0.1.0--RT-20260617-009.yaml,project-control-maintainer,0.1.0,,Project-Control Maintainer task overlay with human-authorized one-job permission for GitHub-facing Markdown contract correction audit-test adjustment and full derivative Markdown reset.,Treat fixed GitHub-facing section templates as advisory guidance rather than canonical content law.;Keep hard audit failures limited to source binding source-material coverage Mermaid parity stale references renderer-only headings and unsafe authority or physics-promotion language.;Keep GitHub-facing Markdown noncanonical and source-backed.;Use Student/Teacher-style reader questions and source-bound answers as curated explanatory synthesis.;Do not modify canonical science sources tracked HTML derivatives role contracts schemas routing behavior or physics claim status.,,validator;test;explanatory_markdown;github_facing_markdown;documentation_impact,research_control/design/github_facing_explainer_contract.md;scripts/project_control/audit_documentation_surfaces.py;tests/test_documentation_surface_audit.py;github-facing/*.md;registries/*.csv;research_control/tasks/RT-20260617-009/**,true,AJ-RT-20260617-009-001,The user explicitly requested deletion and from-scratch rebuild of all root GitHub-facing Markdown documents and stated that scripts must be guidance rather than canonical content law.,false,PASS,2026-06-17T23:07:05Z,2026-06-17T23:19:04Z,Execution-role overlay completed for GitHub-facing Markdown reset.
project-control-maintainer@0.1.0--RT-20260617-010,task_overlay,RT-20260617-010,AJ-RT-20260617-010-001,research_control/tasks/RT-20260617-010/roles/project-control-maintainer@0.1.0--RT-20260617-010.yaml,project-control-maintainer,0.1.0,,Project-Control Maintainer task overlay with human-authorized one-job permission for GitHub-facing Markdown transcript-leakage repair audit-test adjustment and derivative Markdown correction.,Reject raw Student/Teacher transcript markers in root GitHub-facing Markdown.;Use teaching-loop exchanges as internal synthesis material rather than public page structure.;Keep hard audit and lint checks focused on source binding source-material coverage Mermaid parity transcript leakage stale references renderer-only headings self-reference and unsafe authority or physics-promotion language.;Keep GitHub-facing Markdown noncanonical and source-backed.;Do not modify canonical science sources tracked HTML derivatives role contracts schemas routing behavior or physics claim status.,,validator;test;explanatory_markdown;github_facing_markdown;documentation_impact,research_control/design/github_facing_explainer_contract.md;scripts/project_control/audit_documentation_surfaces.py;scripts/spec_depth_lint.py;tests/test_documentation_surface_audit.py;tests/test_spec_depth_lint.py;github-facing/*.md;registries/*.csv;research_control/tasks/RT-20260617-010/**,true,AJ-RT-20260617-010-001,The user explicitly rejected raw Student/Teacher interaction content in GitHub-facing Markdown and instructed that scripts be modified if they blocked high-quality public documentation.,false,PASS,2026-06-17T23:43:13Z,2026-06-17T23:43:13Z,Execution-role overlay completed for GitHub-facing Markdown transcript repair.
memory-system-maintainer@0.1.0--RT-20260618-001,task_overlay,RT-20260618-001,AJ-RT-20260618-001-001,research_control/tasks/RT-20260618-001/roles/memory-system-maintainer@0.1.0--RT-20260618-001.yaml,memory-system-maintainer,0.1.0,,Memory-System Maintainer task overlay constrained to explicit folder README registration support plus Documentation Curator-style explanatory README coverage.,Register only the planned folder README files through an explicit allowlist.;Classify folder READMEs as explanatory noncanonical documentation.;Keep folder README prose explanatory and local to folder purpose authority boundaries and related commands.;Do not alter role schema skill validator routing checkpoint or physics-claim behavior.,,explanatory_markdown;folder_readme_documentation;focused_test,.agents/roles/README.md;.agents/schemas/README.md;.codex/agents/README.md;.codex/prompts/README.md;.codex/skills/README.md;.codex/skills/project-memory-system/scripts/bootstrap_memory_system.py;assets/README.md;markdown/README.md;markdown/html-explainer-specs/README.md;markdown/teaching-packets/README.md;ontology/README.md;ontology/tex/README.md;registries/README.md;research_control/design/README.md;research_control/handoffs/README.md;research_control/tasks/README.md;research_control/templates/README.md;scripts/README.md;scripts/project_control/README.md;scripts/research_control/README.md;tests/README.md;tests/test_memory_system.py;tex_shared/README.md;registries/*.csv;research_control/tasks/RT-20260618-001/**,true,AJ-RT-20260618-001-001,The user explicitly requested implementation of the full folder README coverage plan. The live classifier required memory-system handling because bootstrap discovery and registry generation changed.,false,PASS,2026-06-18T00:16:52Z,2026-06-18T00:16:52Z,Execution-role overlay completed for folder README coverage and registration.
project-control-maintainer@0.1.0--RT-20260618-002,task_overlay,RT-20260618-002,AJ-RT-20260618-002-001,research_control/tasks/RT-20260618-002/roles/project-control-maintainer@0.1.0--RT-20260618-002.yaml,project-control-maintainer,0.1.0,,Project-Control Maintainer task overlay with human-authorized one-job permission for Codex app harness requirement documentation and source-backed derivative synchronization.,State Codex app as the current supported AI-agent execution harness only.;Preserve read-only inspection and Python validator tiers outside Codex app access.;Treat future non-Codex harness support as conditional on preserving tracked state authority validators checkpoints and generated-derivative boundaries.;Keep generated HTML and GitHub-facing Markdown noncanonical.;Do not modify canonical science sources or physics claim status.,,control_markdown;explanatory_markdown;html_source_spec;github_facing_markdown;html_visual_derivative;documentation_registry;control_registry;documentation_impact,README.md;markdown/html-explainer-specs/technical-requirements-explainer.md;github-facing/technical-requirements-explainer.md;html/technical-requirements-explainer.html;registries/AGENT_JOB_REGISTRY.csv;registries/CLAIM_BOUNDARY_REGISTRY.csv;registries/DIRECTOR_DECISION_REGISTRY.csv;registries/HTML_EXPLAINER_REGISTRY.csv;registries/MARKDOWN_SOURCE_REGISTRY.csv;registries/RESEARCH_TASK_REGISTRY.csv;registries/ROLE_EXECUTION_REGISTRY.csv;research_control/tasks/RT-20260618-002/**,true,AJ-RT-20260618-002-001,The user explicitly required documentation to state that the project is currently developed and operated in the Codex app while leaving future harness replacement possible.,false,PASS,2026-06-18T00:40:02Z,2026-06-18T00:40:02Z,Execution-role overlay completed for Codex app harness requirement documentation.
documentation-curator@2.0.0--RT-20260619-007,task_overlay,RT-20260619-007,AJ-RT-20260619-007-001,research_control/tasks/RT-20260619-007/roles/documentation-curator@2.0.0--RT-20260619-007.yaml,documentation-curator,2.0.0,,Documentation Curator task overlay for the post-migration Phase 4 operator-page footer-authority rewrite.,Rewrite only the six Phase 4 page stacks named by the post-migration quality plan.;Move the full generated-noncanonical authority paragraph to the marked authority footer in GitHub Markdown and HTML.;Expand openings around the page-specific operational function before source metadata.;Use diagrams for project-system improvement publication process and memory system; use dense matrices for validator role and technical requirement pages.;Refresh screenshot QA and publication-brief registry evidence paths for the changed pages.;Do not alter publication brief source files validators role contracts schemas skill contracts routing behavior checkpoint behavior canonical science sources or physics claim status.,validator_behavior_change;control_contract_change;role_contract_change;schema_contract_change;skill_contract_change;routing_behavior_change;checkpoint_behavior_change;canonical_science_source_edit;dependency_change,footer_authority_public_page_rewrite;publication_evidence_registry_refresh,markdown/html-explainer-specs/project-system-improvement-explainer.md;markdown/html-explainer-specs/documentation-curator-publication-process-explainer.md;markdown/html-explainer-specs/memory-system-explainer.md;markdown/html-explainer-specs/validator-operator-workflow-explainer.md;markdown/html-explainer-specs/roles-and-skills-explainer.md;markdown/html-explainer-specs/technical-requirements-explainer.md;github-facing/project-system-improvement-explainer.md;github-facing/documentation-curator-publication-process-explainer.md;github-facing/memory-system-explainer.md;github-facing/validator-operator-workflow-explainer.md;github-facing/roles-and-skills-explainer.md;github-facing/technical-requirements-explainer.md;html/project-system-improvement-explainer.html;html/documentation-curator-publication-process-explainer.html;html/memory-system-explainer.html;html/validator-operator-workflow-explainer.html;html/roles-and-skills-explainer.html;html/technical-requirements-explainer.html;registries/AGENT_JOB_REGISTRY.csv;registries/CLAIM_BOUNDARY_REGISTRY.csv;registries/DIRECTOR_DECISION_REGISTRY.csv;registries/RESEARCH_TASK_REGISTRY.csv;registries/ROLE_EXECUTION_REGISTRY.csv;registries/PUBLICATION_BRIEF_REGISTRY.csv;registries/CONTENT_SEMANTIC_REGISTRY.csv;registries/CONTENT_SEMANTIC_REGISTRY.meta.json;registries/FILE_OBJECT_REGISTRY.csv;registries/FILE_OBJECT_REGISTRY.meta.json;registries/HTML_EXPLAINER_REGISTRY.csv;registries/MARKDOWN_SOURCE_REGISTRY.csv;registries/OBJECT_RELATIONSHIP_REGISTRY.csv;registries/OBJECT_RELATIONSHIP_REGISTRY.meta.json;registries/OBSIDIAN_VAULT_REGISTRY.csv;registries/OBSIDIAN_VAULT_REGISTRY.meta.json;registries/WIKI_ARTIFACT_REGISTRY.csv;registries/WIKI_ARTIFACT_REGISTRY.meta.json;FOLDER_MAP.md;research_control/tasks/RT-20260619-007/**;wiki/indexes/**;wiki/markdown/**;wiki/html/**,false,AJ-RT-20260619-007-001,The user explicitly approved Phase 4 after Phase 3 completed the research-control operation footer-authority rewrite.,false,PASS,2026-06-19T17:32:24Z,2026-06-19T17:32:24Z,Execution-role overlay completed for the Phase 4 project-system documentation memory and operator page family rewrite.
documentation-curator@2.0.0--RT-20260619-008,task_overlay,RT-20260619-008,AJ-RT-20260619-008-001,research_control/tasks/RT-20260619-008/roles/documentation-curator@2.0.0--RT-20260619-008.yaml,documentation-curator,2.0.0,,Documentation Curator task overlay for the post-migration Phase 5 overview and source-authority footer/coherence rewrite.,Rewrite only the project-overview and source-authority page stacks named by Phase 5 of the post-migration quality plan.;Move the full generated-noncanonical authority paragraph to the marked authority footer in GitHub Markdown and HTML.;Expand openings around first-entry reader orientation and source-authority trust boundaries before source metadata.;Use a compact reader-route map for project overview only if it stays page-specific; use an authority-ladder or source-to-derivative visual for source authority.;Refresh screenshot QA and publication-brief registry evidence paths for the changed pages.;Do not alter publication brief source files validators role contracts schemas skill contracts routing behavior checkpoint behavior canonical science sources or physics claim status.,validator_behavior_change;control_contract_change;role_contract_change;schema_contract_change;skill_contract_change;routing_behavior_change;checkpoint_behavior_change;canonical_science_source_edit;dependency_change,footer_authority_public_page_rewrite;publication_evidence_registry_refresh,markdown/html-explainer-specs/project-overview-explainer.md;markdown/html-explainer-specs/source-authority-explainer.md;github-facing/project-overview-explainer.md;github-facing/source-authority-explainer.md;html/project-overview-explainer.html;html/source-authority-explainer.html;registries/AGENT_JOB_REGISTRY.csv;registries/CLAIM_BOUNDARY_REGISTRY.csv;registries/DIRECTOR_DECISION_REGISTRY.csv;registries/RESEARCH_TASK_REGISTRY.csv;registries/ROLE_EXECUTION_REGISTRY.csv;registries/PUBLICATION_BRIEF_REGISTRY.csv;registries/CONTENT_SEMANTIC_REGISTRY.csv;registries/CONTENT_SEMANTIC_REGISTRY.meta.json;registries/FILE_OBJECT_REGISTRY.csv;registries/FILE_OBJECT_REGISTRY.meta.json;registries/HTML_EXPLAINER_REGISTRY.csv;registries/MARKDOWN_SOURCE_REGISTRY.csv;registries/OBJECT_RELATIONSHIP_REGISTRY.csv;registries/OBJECT_RELATIONSHIP_REGISTRY.meta.json;registries/OBSIDIAN_VAULT_REGISTRY.csv;registries/OBSIDIAN_VAULT_REGISTRY.meta.json;registries/WIKI_ARTIFACT_REGISTRY.csv;registries/WIKI_ARTIFACT_REGISTRY.meta.json;FOLDER_MAP.md;research_control/tasks/RT-20260619-008/**;wiki/indexes/**;wiki/markdown/**;wiki/html/**,false,AJ-RT-20260619-008-001,The user explicitly approved Phase 5 after Phase 4 completed the operator-page footer-authority rewrite.,false,PASS,2026-06-19T18:10:00Z,2026-06-19T18:10:00Z,Execution-role overlay completed for the Phase 5 overview and source-authority page family rewrite.
documentation-curator@2.0.0--RT-20260619-009,task_overlay,RT-20260619-009,AJ-RT-20260619-009-001,research_control/tasks/RT-20260619-009/roles/documentation-curator@2.0.0--RT-20260619-009.yaml,documentation-curator,2.0.0,,Documentation Curator task overlay for post-migration Phase 6 full-corpus QA evidence refresh and checkpoint.,Validate all 17 reviewed publication page stacks named by the publication brief registry.;Refresh publication-brief registry evidence paths to Phase 6 screenshot and full-corpus QA review artifacts.;Capture desktop and mobile screenshots for each tracked HTML page at the established QA viewport sizes.;Record that no Mermaid render step is required when the corpus has no Mermaid source blocks.;Use bootstrap for memory/wiki/registry derivative refresh; do not hand-edit generated wiki notes or generated registry sidecars.;Do not alter publication brief source files validators role contracts schemas skill contracts routing behavior checkpoint behavior canonical science sources dependencies or physics claim status.,validator_behavior_change;control_contract_change;role_contract_change;schema_contract_change;skill_contract_change;routing_behavior_change;checkpoint_behavior_change;canonical_science_source_edit;dependency_change;direct_html_only_rewrite,full_corpus_publication_qa;publication_evidence_registry_refresh;screenshot_qa_evidence_refresh,registries/AGENT_JOB_REGISTRY.csv;registries/CLAIM_BOUNDARY_REGISTRY.csv;registries/DIRECTOR_DECISION_REGISTRY.csv;registries/RESEARCH_TASK_REGISTRY.csv;registries/ROLE_EXECUTION_REGISTRY.csv;registries/PUBLICATION_BRIEF_REGISTRY.csv;registries/CONTENT_SEMANTIC_REGISTRY.csv;registries/CONTENT_SEMANTIC_REGISTRY.meta.json;registries/FILE_OBJECT_REGISTRY.csv;registries/FILE_OBJECT_REGISTRY.meta.json;registries/HTML_EXPLAINER_REGISTRY.csv;registries/MARKDOWN_SOURCE_REGISTRY.csv;registries/OBJECT_RELATIONSHIP_REGISTRY.csv;registries/OBJECT_RELATIONSHIP_REGISTRY.meta.json;registries/OBSIDIAN_VAULT_REGISTRY.csv;registries/OBSIDIAN_VAULT_REGISTRY.meta.json;registries/WIKI_ARTIFACT_REGISTRY.csv;registries/WIKI_ARTIFACT_REGISTRY.meta.json;FOLDER_MAP.md;research_control/tasks/RT-20260619-009/**;wiki/indexes/**;wiki/markdown/**;wiki/html/**,false,AJ-RT-20260619-009-001,The user explicitly approved Phase 6 after Phase 5 completed the overview and source-authority footer/coherence rewrite.,false,PASS,2026-06-19T18:20:00Z,2026-06-19T18:20:00Z,Execution-role overlay completed for Phase 6 full-corpus QA and evidence refresh.
project-control-maintainer@0.1.0--RT-20260619-010,task_overlay,RT-20260619-010,AJ-RT-20260619-010-001,research_control/tasks/RT-20260619-010/roles/project-control-maintainer@0.1.0--RT-20260619-010.yaml,project-control-maintainer,0.1.0,,Project-Control Maintainer task overlay for a tracked Reader Scope footer relocation modification plan and generated memory wiki refresh.,Create only a phased modification plan for Reader scope footer relocation.;Do not edit publication briefs source specs GitHub-facing Markdown or tracked HTML outputs in this transaction.;Keep future implementation packets separate and bounded.;Preserve generated-output nonauthority and physics claim boundaries.;Do not modify canonical science sources validators schemas roles routing behavior or checkpoint behavior.,,research_control_design;documentation_registry;registry;documentation_impact;generated_memory_derivative,research_control/design/documentation_curator_reader_scope_footer_relocation_plan.md;research_control/design/README.md;registries/AGENT_JOB_REGISTRY.csv;registries/CLAIM_BOUNDARY_REGISTRY.csv;registries/DIRECTOR_DECISION_REGISTRY.csv;registries/MARKDOWN_SOURCE_REGISTRY.csv;registries/RESEARCH_TASK_REGISTRY.csv;registries/ROLE_EXECUTION_REGISTRY.csv;registries/CONTENT_SEMANTIC_REGISTRY.csv;registries/CONTENT_SEMANTIC_REGISTRY.meta.json;registries/FILE_OBJECT_REGISTRY.csv;registries/FILE_OBJECT_REGISTRY.meta.json;registries/OBJECT_RELATIONSHIP_REGISTRY.csv;registries/OBJECT_RELATIONSHIP_REGISTRY.meta.json;registries/OBSIDIAN_VAULT_REGISTRY.csv;registries/OBSIDIAN_VAULT_REGISTRY.meta.json;registries/WIKI_ARTIFACT_REGISTRY.csv;registries/WIKI_ARTIFACT_REGISTRY.meta.json;FOLDER_MAP.md;wiki/indexes/**;wiki/markdown/md-readme-research-control-design.md;wiki/markdown/md-research-control-design-documentation-curator-reader-scope-footer-relocation-plan.md;research_control/tasks/RT-20260619-010/**,false,AJ-RT-20260619-010-001,The user requested a phased modification plan for moving Reader scope sections to the bottom of GitHub-facing Markdown and tracked HTML pages.,false,PASS,2026-06-19T18:40:00Z,2026-06-19T18:40:00Z,Execution-role overlay completed for Reader Scope footer relocation planning only.
documentation-curator@2.0.0--RT-20260619-011,task_overlay,RT-20260619-011,AJ-RT-20260619-011-001,research_control/tasks/RT-20260619-011/roles/documentation-curator@2.0.0--RT-20260619-011.yaml,documentation-curator,2.0.0,,Documentation Curator task overlay for Reader Scope footer relocation Phase 0 audit only with public page writes removed.,Audit all 17 reviewed publication page stacks named by the publication brief registry.;Record current Reader scope placement footer hook placement exact boundary text source spec path GitHub-facing path HTML path and page-level implementation decision.;Do not edit publication briefs source specs GitHub-facing Markdown tracked HTML contracts validators schemas roles routing behavior checkpoint behavior or science sources.;Preserve generated-output nonauthority and physics claim boundaries.,public_page_rewrite;source_spec_rewrite;github_facing_rewrite;tracked_html_rewrite;publication_brief_rewrite,audit_artifact;documentation_impact;control_registry_rows;generated_memory_derivative,registries/AGENT_JOB_REGISTRY.csv;registries/CLAIM_BOUNDARY_REGISTRY.csv;registries/DIRECTOR_DECISION_REGISTRY.csv;registries/RESEARCH_TASK_REGISTRY.csv;registries/ROLE_EXECUTION_REGISTRY.csv;registries/CONTENT_SEMANTIC_REGISTRY.csv;registries/CONTENT_SEMANTIC_REGISTRY.meta.json;registries/FILE_OBJECT_REGISTRY.csv;registries/FILE_OBJECT_REGISTRY.meta.json;registries/OBJECT_RELATIONSHIP_REGISTRY.csv;registries/OBJECT_RELATIONSHIP_REGISTRY.meta.json;registries/OBSIDIAN_VAULT_REGISTRY.csv;registries/OBSIDIAN_VAULT_REGISTRY.meta.json;registries/WIKI_ARTIFACT_REGISTRY.csv;registries/WIKI_ARTIFACT_REGISTRY.meta.json;FOLDER_MAP.md;wiki/indexes/**;wiki/markdown/**;wiki/html/**;research_control/tasks/RT-20260619-011/**,false,AJ-RT-20260619-011-001,The user explicitly approved Phase 0 of the Reader Scope footer relocation plan.,false,PASS,2026-06-19T18:53:00Z,2026-06-19T18:53:00Z,Execution-role overlay completed for Reader Scope footer relocation Phase 0 audit only.
validator-engineer@0.1.0--RT-20260619-012,task_overlay,RT-20260619-012,AJ-RT-20260619-012-001,research_control/tasks/RT-20260619-012/roles/validator-engineer@0.1.0--RT-20260619-012.yaml,validator-engineer,0.1.0,,Validator Engineer task overlay for Reader Scope footer relocation Phase 1 pattern and guardrail.,Lock only the bottom Reader Scope hook pattern for future migrated pages.;Keep validator enforcement opt-in until a page declares the new Reader Scope hook.;Add focused tests for the new deterministic guardrail.;Do not edit publication briefs source specs GitHub-facing Markdown tracked HTML pages role contracts schemas routing behavior checkpoint behavior or science sources.,public_page_rewrite;source_spec_rewrite;publication_brief_rewrite;tracked_html_rewrite;role_contract_change;schema_contract_change;routing_behavior_change;checkpoint_behavior_change;canonical_science_source_edit,validator_guardrail;focused_test;validator_contract_documentation;documentation_impact;control_registry_rows;generated_memory_derivative,research_control/design/github_facing_explainer_contract.md;research_control/design/html_explainer_flexible_presentation_contract.md;scripts/validate_publication_process.py;scripts/project_control/audit_documentation_surfaces.py;tests/test_publication_process_validation.py;tests/test_documentation_surface_audit.py;registries/AGENT_JOB_REGISTRY.csv;registries/CLAIM_BOUNDARY_REGISTRY.csv;registries/DIRECTOR_DECISION_REGISTRY.csv;registries/MARKDOWN_SOURCE_REGISTRY.csv;registries/RESEARCH_TASK_REGISTRY.csv;registries/ROLE_EXECUTION_REGISTRY.csv;registries/CONTENT_SEMANTIC_REGISTRY.csv;registries/CONTENT_SEMANTIC_REGISTRY.meta.json;registries/FILE_OBJECT_REGISTRY.csv;registries/FILE_OBJECT_REGISTRY.meta.json;registries/OBJECT_RELATIONSHIP_REGISTRY.csv;registries/OBJECT_RELATIONSHIP_REGISTRY.meta.json;registries/OBSIDIAN_VAULT_REGISTRY.csv;registries/OBSIDIAN_VAULT_REGISTRY.meta.json;registries/WIKI_ARTIFACT_REGISTRY.csv;registries/WIKI_ARTIFACT_REGISTRY.meta.json;FOLDER_MAP.md;wiki/indexes/**;wiki/markdown/**;wiki/html/**;research_control/tasks/RT-20260619-012/**,false,AJ-RT-20260619-012-001,The user explicitly approved Phase 1 after Phase 0 identified the bottom Reader Scope hook and validator guardrail as the next required step.,false,PASS,2026-06-19T19:09:31Z,2026-06-19T19:09:31Z,Execution-role overlay completed for Reader Scope footer relocation Phase 1 guardrail only.
documentation-curator@2.0.0--RT-20260619-013,task_overlay,RT-20260619-013,AJ-RT-20260619-013-001,research_control/tasks/RT-20260619-013/roles/documentation-curator@2.0.0--RT-20260619-013.yaml,documentation-curator,2.0.0,,Documentation Curator task overlay for Reader Scope footer relocation Phase 2 pilot pair.,Migrate only the project-overview and source-authority page stacks to the locked bottom Reader Scope hook.;Preserve exact page-specific Reader scope boundary wording unless source inspection authorizes a wording repair.;Place GitHub Markdown ## Reader Scope immediately above the authority_footer marker.;Place tracked HTML section reader_scope immediately above footer authority_footer.;Refresh screenshot QA and publication-brief registry evidence paths for the changed pilot pages.;Do not alter publication brief source files validators role contracts schemas skill contracts routing behavior checkpoint behavior canonical science sources dependencies or physics claim status.,validator_behavior_change;control_contract_change;role_contract_change;schema_contract_change;skill_contract_change;routing_behavior_change;checkpoint_behavior_change;canonical_science_source_edit;dependency_change;corpus_wide_migration,reader_scope_footer_public_page_rewrite;publication_evidence_registry_refresh;screenshot_qa_evidence_refresh,markdown/html-explainer-specs/project-overview-explainer.md;markdown/html-explainer-specs/source-authority-explainer.md;github-facing/project-overview-explainer.md;github-facing/source-authority-explainer.md;html/project-overview-explainer.html;html/source-authority-explainer.html;registries/AGENT_JOB_REGISTRY.csv;registries/CLAIM_BOUNDARY_REGISTRY.csv;registries/DIRECTOR_DECISION_REGISTRY.csv;registries/RESEARCH_TASK_REGISTRY.csv;registries/ROLE_EXECUTION_REGISTRY.csv;registries/PUBLICATION_BRIEF_REGISTRY.csv;registries/CONTENT_SEMANTIC_REGISTRY.csv;registries/CONTENT_SEMANTIC_REGISTRY.meta.json;registries/FILE_OBJECT_REGISTRY.csv;registries/FILE_OBJECT_REGISTRY.meta.json;registries/HTML_EXPLAINER_REGISTRY.csv;registries/MARKDOWN_SOURCE_REGISTRY.csv;registries/OBJECT_RELATIONSHIP_REGISTRY.csv;registries/OBJECT_RELATIONSHIP_REGISTRY.meta.json;registries/OBSIDIAN_VAULT_REGISTRY.csv;registries/OBSIDIAN_VAULT_REGISTRY.meta.json;registries/WIKI_ARTIFACT_REGISTRY.csv;registries/WIKI_ARTIFACT_REGISTRY.meta.json;FOLDER_MAP.md;research_control/tasks/RT-20260619-013/**;research_control/tasks/RT-20260618-007/jobs/AJ-RT-20260618-007-001.yaml;research_control/tasks/RT-20260618-007/jobs/completions/AJC-AJ-RT-20260618-007-001.yaml;research_control/tasks/RT-20260618-010/jobs/AJ-RT-20260618-010-001.yaml;research_control/tasks/RT-20260618-010/jobs/completions/AJC-AJ-RT-20260618-010-001.yaml;research_control/tasks/RT-20260619-008/jobs/AJ-RT-20260619-008-001.yaml;research_control/tasks/RT-20260619-008/jobs/completions/AJC-AJ-RT-20260619-008-001.yaml;research_control/tasks/RT-20260619-009/jobs/AJ-RT-20260619-009-001.yaml;research_control/tasks/RT-20260619-009/jobs/completions/AJC-AJ-RT-20260619-009-001.yaml;wiki/indexes/**;wiki/markdown/**;wiki/html/**,false,AJ-RT-20260619-013-001,The user explicitly requested Phase 2 and a git commit after Phase 1 locked the Reader Scope footer hook.,false,PASS,2026-06-19T21:55:20Z,2026-06-19T21:55:20Z,Execution-role overlay completed for Reader Scope footer relocation Phase 2 pilot pair.
documentation-curator@2.0.0--RT-20260619-016,task_overlay,RT-20260619-016,AJ-RT-20260619-016-001,research_control/tasks/RT-20260619-016/roles/documentation-curator@2.0.0--RT-20260619-016.yaml,documentation-curator,2.0.0,,Documentation Curator task overlay for Reader Scope footer relocation Phase 5 project-system memory operator role and requirement pages.,Migrate only the six Phase 5 project-system memory operator role and requirement page stacks to the locked bottom Reader Scope hook.;Preserve tool validator retrieval role-catalog local-operation and dependency boundaries.;Place GitHub Markdown ## Reader Scope immediately above the authority_footer marker.;Place tracked HTML section reader_scope immediately above footer authority_footer.;Refresh screenshot QA and publication-brief registry evidence paths for the changed Phase 5 pages.;Do not alter publication brief source files validators role contracts schemas skill contracts memory-system behavior routing behavior checkpoint behavior canonical science sources dependencies or physics claim status.,validator_behavior_change;control_contract_change;role_contract_change;schema_contract_change;skill_contract_change;memory_system_behavior_change;routing_behavior_change;checkpoint_behavior_change;canonical_science_source_edit;dependency_change;corpus_wide_migration,reader_scope_footer_public_page_rewrite;publication_evidence_registry_refresh;screenshot_qa_evidence_refresh,markdown/html-explainer-specs/project-system-improvement-explainer.md;markdown/html-explainer-specs/documentation-curator-publication-process-explainer.md;markdown/html-explainer-specs/memory-system-explainer.md;markdown/html-explainer-specs/validator-operator-workflow-explainer.md;markdown/html-explainer-specs/roles-and-skills-explainer.md;markdown/html-explainer-specs/technical-requirements-explainer.md;github-facing/project-system-improvement-explainer.md;github-facing/documentation-curator-publication-process-explainer.md;github-facing/memory-system-explainer.md;github-facing/validator-operator-workflow-explainer.md;github-facing/roles-and-skills-explainer.md;github-facing/technical-requirements-explainer.md;html/project-system-improvement-explainer.html;html/documentation-curator-publication-process-explainer.html;html/memory-system-explainer.html;html/validator-operator-workflow-explainer.html;html/roles-and-skills-explainer.html;html/technical-requirements-explainer.html;registries/*.csv;registries/*.meta.json;FOLDER_MAP.md;research_control/tasks/RT-20260619-016/**;wiki/indexes/**;wiki/markdown/**;wiki/html/**,false,AJ-RT-20260619-016-001,The user explicitly requested Phase 5 after Phase 4 migrated the research-control operation pages to the locked Reader Scope footer hook.,false,PASS,2026-06-19T23:10:33Z,2026-06-19T23:17:53Z,Execution-role overlay completed for Reader Scope footer relocation Phase 5 project-system/operator page stacks.
documentation-curator@2.0.0--RT-20260619-017,task_overlay,RT-20260619-017,AJ-RT-20260619-017-001,research_control/tasks/RT-20260619-017/roles/documentation-curator@2.0.0--RT-20260619-017.yaml,documentation-curator,2.0.0,,Documentation Curator task overlay for Reader Scope footer relocation Phase 6 full-corpus QA and evidence refresh.,Validate all 17 Reader Scope migrated publication page stacks against the locked bottom hook.;Refresh desktop and mobile screenshot QA and publication-brief registry evidence paths for all 17 pages.;Preserve source-authority physics-claim role-authority validator memory-system dependency routing and checkpoint boundaries.;Do not rewrite public page content unless placement QA detects a defect requiring repair inside this task allowlist.;Do not alter publication brief source files validators role contracts schemas skill contracts memory-system behavior routing behavior checkpoint behavior canonical science sources dependencies or physics claim status.,validator_behavior_change;control_contract_change;role_contract_change;schema_contract_change;skill_contract_change;memory_system_behavior_change;routing_behavior_change;checkpoint_behavior_change;canonical_science_source_edit;dependency_change;public_page_rewrite_without_detected_defect;corpus_wide_migration,reader_scope_full_corpus_qa;publication_evidence_registry_refresh;screenshot_qa_evidence_refresh,registries/AGENT_JOB_REGISTRY.csv;registries/CLAIM_BOUNDARY_REGISTRY.csv;registries/DIRECTOR_DECISION_REGISTRY.csv;registries/RESEARCH_TASK_REGISTRY.csv;registries/ROLE_EXECUTION_REGISTRY.csv;registries/PUBLICATION_BRIEF_REGISTRY.csv;registries/CONTENT_SEMANTIC_REGISTRY.csv;registries/CONTENT_SEMANTIC_REGISTRY.meta.json;registries/FILE_OBJECT_REGISTRY.csv;registries/FILE_OBJECT_REGISTRY.meta.json;registries/HTML_EXPLAINER_REGISTRY.csv;registries/MARKDOWN_SOURCE_REGISTRY.csv;registries/OBJECT_RELATIONSHIP_REGISTRY.csv;registries/OBJECT_RELATIONSHIP_REGISTRY.meta.json;registries/OBSIDIAN_VAULT_REGISTRY.csv;registries/OBSIDIAN_VAULT_REGISTRY.meta.json;registries/WIKI_ARTIFACT_REGISTRY.csv;registries/WIKI_ARTIFACT_REGISTRY.meta.json;FOLDER_MAP.md;research_control/tasks/RT-20260619-017/**;wiki/indexes/**;wiki/markdown/**;wiki/html/**,false,AJ-RT-20260619-017-001,The user explicitly requested Phase 6 after Phase 5 migrated the project-system/operator pages to the locked Reader Scope footer hook.,false,PASS,2026-06-19T23:28:36Z,2026-06-19T23:31:30Z,Execution-role overlay completed for Reader Scope footer relocation Phase 6 full-corpus QA.
documentation-curator@2.0.0--RT-20260619-018,task_overlay,RT-20260619-018,AJ-RT-20260619-018-001,research_control/tasks/RT-20260619-018/roles/documentation-curator@2.0.0--RT-20260619-018.yaml,documentation-curator,2.0.0,,Documentation Curator task overlay for README refresh after Reader Scope Phase 6 full-corpus closure.,Refresh root and scoped README navigation after the 17-page reader corpus closure.;Preserve generated-noncanonical authority language for GitHub-facing Markdown and tracked HTML derivatives.;Record why derivative lanes do not receive new README files in this packet.;Synchronize wiki CSV Obsidian and memory support surfaces through approved scripts only.;Do not alter public explainer page content publication briefs validators role contracts schemas skill contracts memory-system behavior routing behavior checkpoint behavior canonical science sources dependencies or physics claim status.,validator_behavior_change;control_contract_change;role_contract_change;schema_contract_change;skill_contract_change;memory_system_behavior_change;routing_behavior_change;checkpoint_behavior_change;canonical_science_source_edit;dependency_change;public_page_content_rewrite;generated_derivative_authority,readme_navigation_refresh;publication_corpus_status_refresh;wiki_csv_obsidian_sync,README.md;markdown/README.md;markdown/html-explainer-specs/README.md;markdown/publication-briefs/README.md;registries/AGENT_JOB_REGISTRY.csv;registries/CLAIM_BOUNDARY_REGISTRY.csv;registries/DIRECTOR_DECISION_REGISTRY.csv;registries/RESEARCH_TASK_REGISTRY.csv;registries/ROLE_EXECUTION_REGISTRY.csv;registries/CONTENT_SEMANTIC_REGISTRY.csv;registries/CONTENT_SEMANTIC_REGISTRY.meta.json;registries/FILE_OBJECT_REGISTRY.csv;registries/FILE_OBJECT_REGISTRY.meta.json;registries/MARKDOWN_SOURCE_REGISTRY.csv;registries/OBJECT_RELATIONSHIP_REGISTRY.csv;registries/OBJECT_RELATIONSHIP_REGISTRY.meta.json;registries/OBSIDIAN_VAULT_REGISTRY.csv;registries/OBSIDIAN_VAULT_REGISTRY.meta.json;registries/WIKI_ARTIFACT_REGISTRY.csv;registries/WIKI_ARTIFACT_REGISTRY.meta.json;FOLDER_MAP.md;research_control/tasks/RT-20260618-011/jobs/AJ-RT-20260618-011-001.yaml;research_control/tasks/RT-20260618-011/jobs/completions/AJC-AJ-RT-20260618-011-001.yaml;research_control/tasks/RT-20260618-013/jobs/AJ-RT-20260618-013-001.yaml;research_control/tasks/RT-20260618-013/jobs/completions/AJC-AJ-RT-20260618-013-001.yaml;research_control/tasks/RT-20260618-015/jobs/AJ-RT-20260618-015-001.yaml;research_control/tasks/RT-20260618-016/jobs/AJ-RT-20260618-016-001.yaml;research_control/tasks/RT-20260618-019/jobs/AJ-RT-20260618-019-001.yaml;research_control/tasks/RT-20260618-019/jobs/completions/AJC-AJ-RT-20260618-019-001.yaml;research_control/tasks/RT-20260618-020/jobs/AJ-RT-20260618-020-001.yaml;research_control/tasks/RT-20260618-020/jobs/completions/AJC-AJ-RT-20260618-020-001.yaml;research_control/tasks/RT-20260619-001/jobs/AJ-RT-20260619-001-001.yaml;research_control/tasks/RT-20260619-001/jobs/completions/AJC-AJ-RT-20260619-001-001.yaml;research_control/tasks/RT-20260619-005/jobs/AJ-RT-20260619-005-001.yaml;research_control/tasks/RT-20260619-005/jobs/completions/AJC-AJ-RT-20260619-005-001.yaml;research_control/tasks/RT-20260619-008/jobs/AJ-RT-20260619-008-001.yaml;research_control/tasks/RT-20260619-008/jobs/completions/AJC-AJ-RT-20260619-008-001.yaml;research_control/tasks/RT-20260619-018/**;wiki/indexes/**;wiki/markdown/**,false,AJ-RT-20260619-018-001,The user explicitly requested README refresh plus wiki and CSV synchronization after Phase 6 closed the reader implementation.,false,PASS,2026-06-19T23:54:48Z,2026-06-19T23:59:30Z,Execution-role overlay completed for README refresh after reader corpus closure.
project-control-maintainer@0.1.0--RT-20260620-001,task_overlay,RT-20260620-001,AJ-RT-20260620-001-001,research_control/tasks/RT-20260620-001/roles/project-control-maintainer@0.1.0--RT-20260620-001.yaml,project-control-maintainer,0.1.0,,Project-Control Maintainer task overlay for Phase 0 intake and requirement audit of ontology-law research packet routing.,Create only the bounded AgentJob packet and requirement audit.;Do not activate the ontology-law-research-packet route in this transaction.;Do not edit active route guidance schemas validators role contracts or skills.;Do not modify canonical science sources or physics claim status.;Record that the PRD and implementation plan are proposal and planning authority only.,route_activation;validator_behavior_change;role_contract_change;schema_contract_change;skill_contract_change;routing_behavior_change;checkpoint_behavior_change;canonical_science_source_edit;physics_claim_promotion;generated_derivative_authority,requirement_audit_artifact;control_registry_rows;documentation_impact;generated_memory_derivative,registries/AGENT_JOB_REGISTRY.csv;registries/CLAIM_BOUNDARY_REGISTRY.csv;registries/DIRECTOR_DECISION_REGISTRY.csv;registries/MARKDOWN_SOURCE_REGISTRY.csv;registries/RESEARCH_TASK_REGISTRY.csv;registries/ROLE_EXECUTION_REGISTRY.csv;registries/CONTENT_SEMANTIC_REGISTRY.csv;registries/CONTENT_SEMANTIC_REGISTRY.meta.json;registries/FILE_OBJECT_REGISTRY.csv;registries/FILE_OBJECT_REGISTRY.meta.json;registries/OBJECT_RELATIONSHIP_REGISTRY.csv;registries/OBJECT_RELATIONSHIP_REGISTRY.meta.json;registries/OBSIDIAN_VAULT_REGISTRY.csv;registries/OBSIDIAN_VAULT_REGISTRY.meta.json;registries/WIKI_ARTIFACT_REGISTRY.csv;registries/WIKI_ARTIFACT_REGISTRY.meta.json;FOLDER_MAP.md;wiki/indexes/**;wiki/markdown/**;wiki/html/**;research_control/tasks/RT-20260620-001/**,false,AJ-RT-20260620-001-001,The user explicitly requested Phase 0 from the ontology-law research packet routing implementation plan.,false,PASS,2026-06-20T04:18:57Z,2026-06-20T04:18:57Z,Execution-role overlay completed for ontology-law research packet Phase 0 intake and requirement audit only.
project-control-maintainer@0.1.0--RT-20260620-002,task_overlay,RT-20260620-002,AJ-RT-20260620-002-001,research_control/tasks/RT-20260620-002/roles/project-control-maintainer@0.1.0--RT-20260620-002.yaml,project-control-maintainer,0.1.0,,Project-Control Maintainer task overlay for Phase 1 route contract and vocabulary of ontology-law research packet routing.,Define the ontology-law-research-packet route label and controlled vocabulary in active guidance.;Preserve blocked adoption and same-milestone continuation boundaries.;Do not implement receipt schema validator behavior tests or physics artifacts in this packet.;Do not modify canonical science sources or physics claim status.;Mechanical historical receipt changes are limited to memory_preflight source_hash refreshes required by current registry validation.,validator_behavior_change;physics_claim_promotion;canonical_science_source_edit;generated_derivative_authority;checkpoint_behavior_change,route_contract_guidance;schema_contract_guidance;skill_contract_guidance;role_contract_guidance;control_markdown_guidance;control_registry_rows;documentation_impact;generated_memory_derivative;memory_preflight_source_hash_receipt_refresh,AGENTS.md;research_control/AGENTS.md;research_control/README.md;.codex/skills/continue-research/SKILL.md;.agents/schemas/AGENT_JOB_SCHEMA.md;.agents/schemas/EXECUTION_ROLE_SCHEMA.md;.agents/roles/research_ops/director-of-research.v0.2.0.md;.agents/roles/physics/theoretical-continuation-selector.v0.1.0.md;registries/AGENT_JOB_REGISTRY.csv;registries/CLAIM_BOUNDARY_REGISTRY.csv;registries/DIRECTOR_DECISION_REGISTRY.csv;registries/MARKDOWN_SOURCE_REGISTRY.csv;registries/RESEARCH_TASK_REGISTRY.csv;registries/ROLE_EXECUTION_REGISTRY.csv;registries/CONTENT_SEMANTIC_REGISTRY.csv;registries/CONTENT_SEMANTIC_REGISTRY.meta.json;registries/FILE_OBJECT_REGISTRY.csv;registries/FILE_OBJECT_REGISTRY.meta.json;registries/OBJECT_RELATIONSHIP_REGISTRY.csv;registries/OBJECT_RELATIONSHIP_REGISTRY.meta.json;registries/OBSIDIAN_VAULT_REGISTRY.csv;registries/OBSIDIAN_VAULT_REGISTRY.meta.json;registries/WIKI_ARTIFACT_REGISTRY.csv;registries/WIKI_ARTIFACT_REGISTRY.meta.json;FOLDER_MAP.md;wiki/indexes/**;wiki/markdown/**;wiki/html/**;research_control/tasks/RT-20260620-002/**;research_control/tasks/RT-20260618-005/jobs/AJ-RT-20260618-005-001.yaml;research_control/tasks/RT-20260618-005/jobs/completions/AJC-AJ-RT-20260618-005-001.yaml;research_control/tasks/RT-20260618-011/jobs/AJ-RT-20260618-011-001.yaml;research_control/tasks/RT-20260618-011/jobs/completions/AJC-AJ-RT-20260618-011-001.yaml;research_control/tasks/RT-20260618-012/jobs/AJ-RT-20260618-012-001.yaml;research_control/tasks/RT-20260618-012/jobs/completions/AJC-AJ-RT-20260618-012-001.yaml;research_control/tasks/RT-20260618-013/jobs/AJ-RT-20260618-013-001.yaml;research_control/tasks/RT-20260618-013/jobs/completions/AJC-AJ-RT-20260618-013-001.yaml;research_control/tasks/RT-20260618-014/jobs/AJ-RT-20260618-014-001.yaml;research_control/tasks/RT-20260618-014/jobs/completions/AJC-AJ-RT-20260618-014-001.yaml;research_control/tasks/RT-20260618-015/jobs/AJ-RT-20260618-015-001.yaml;research_control/tasks/RT-20260618-016/jobs/AJ-RT-20260618-016-001.yaml;research_control/tasks/RT-20260618-017/jobs/AJ-RT-20260618-017-001.yaml;research_control/tasks/RT-20260618-017/jobs/completions/AJC-AJ-RT-20260618-017-001.yaml;research_control/tasks/RT-20260618-018/jobs/AJ-RT-20260618-018-001.yaml;research_control/tasks/RT-20260618-018/jobs/completions/AJC-AJ-RT-20260618-018-001.yaml;research_control/tasks/RT-20260618-020/jobs/AJ-RT-20260618-020-001.yaml;research_control/tasks/RT-20260618-020/jobs/completions/AJC-AJ-RT-20260618-020-001.yaml;research_control/tasks/RT-20260618-022/jobs/AJ-RT-20260618-022-001.yaml;research_control/tasks/RT-20260618-022/jobs/completions/AJC-AJ-RT-20260618-022-001.yaml;research_control/tasks/RT-20260619-001/jobs/AJ-RT-20260619-001-001.yaml;research_control/tasks/RT-20260619-001/jobs/completions/AJC-AJ-RT-20260619-001-001.yaml;research_control/tasks/RT-20260619-005/jobs/AJ-RT-20260619-005-001.yaml;research_control/tasks/RT-20260619-005/jobs/completions/AJC-AJ-RT-20260619-005-001.yaml;research_control/tasks/RT-20260619-006/jobs/AJ-RT-20260619-006-001.yaml;research_control/tasks/RT-20260619-006/jobs/completions/AJC-AJ-RT-20260619-006-001.yaml;research_control/tasks/RT-20260619-007/jobs/AJ-RT-20260619-007-001.yaml;research_control/tasks/RT-20260619-007/jobs/completions/AJC-AJ-RT-20260619-007-001.yaml;research_control/tasks/RT-20260619-008/jobs/AJ-RT-20260619-008-001.yaml;research_control/tasks/RT-20260619-008/jobs/completions/AJC-AJ-RT-20260619-008-001.yaml,false,AJ-RT-20260620-002-001,The user explicitly requested Phase 1 after Phase 0 recommended defining the route contract and vocabulary.,false,PASS,2026-06-20T04:33:37Z,2026-06-20T04:33:37Z,"Execution-role overlay completed for ontology-law research packet Phase 1 route contract and vocabulary only, plus validator-required memory_preflight source_hash receipt refreshes."
project-control-maintainer@0.1.0--RT-20260620-003,task_overlay,RT-20260620-003,AJ-RT-20260620-003-001,research_control/tasks/RT-20260620-003/roles/project-control-maintainer@0.1.0--RT-20260620-003.yaml,project-control-maintainer,0.1.0,,Project-Control Maintainer task overlay for Phase 2 receipt schema of ontology-law research packet routing.,Define the ontology_law_research_packet completion receipt block in schema guidance.;Add the receipt block to the completion template for future packets.;Preserve Phase 4 validator enforcement and Phase 5 fixtures as deferred work.;Do not change physics routing behavior or execute a physics research artifact in this packet.;Mechanical historical receipt changes are limited to memory_preflight source_hash refreshes required by current registry validation.,validator_behavior_change;routing_behavior_change;test_fixture_change;physics_claim_promotion;canonical_science_source_edit;generated_derivative_authority;checkpoint_behavior_change,schema_contract_guidance;template_contract_guidance;control_registry_rows;documentation_impact;generated_memory_derivative;memory_preflight_source_hash_receipt_refresh,.agents/schemas/AGENT_JOB_SCHEMA.md;research_control/templates/COMPLETION_TEMPLATE.yaml;registries/AGENT_JOB_REGISTRY.csv;registries/CLAIM_BOUNDARY_REGISTRY.csv;registries/DIRECTOR_DECISION_REGISTRY.csv;registries/MARKDOWN_SOURCE_REGISTRY.csv;registries/RESEARCH_TASK_REGISTRY.csv;registries/ROLE_EXECUTION_REGISTRY.csv;registries/CONTENT_SEMANTIC_REGISTRY.csv;registries/CONTENT_SEMANTIC_REGISTRY.meta.json;registries/FILE_OBJECT_REGISTRY.csv;registries/FILE_OBJECT_REGISTRY.meta.json;registries/OBJECT_RELATIONSHIP_REGISTRY.csv;registries/OBJECT_RELATIONSHIP_REGISTRY.meta.json;registries/OBSIDIAN_VAULT_REGISTRY.csv;registries/OBSIDIAN_VAULT_REGISTRY.meta.json;registries/WIKI_ARTIFACT_REGISTRY.csv;registries/WIKI_ARTIFACT_REGISTRY.meta.json;FOLDER_MAP.md;wiki/indexes/**;wiki/markdown/**;wiki/html/**;research_control/tasks/RT-20260620-003/**;research_control/tasks/RT-20260618-005/jobs/AJ-RT-20260618-005-001.yaml;research_control/tasks/RT-20260618-005/jobs/completions/AJC-AJ-RT-20260618-005-001.yaml;research_control/tasks/RT-20260618-015/jobs/AJ-RT-20260618-015-001.yaml;research_control/tasks/RT-20260618-016/jobs/AJ-RT-20260618-016-001.yaml;research_control/tasks/RT-20260619-006/jobs/AJ-RT-20260619-006-001.yaml;research_control/tasks/RT-20260619-006/jobs/completions/AJC-AJ-RT-20260619-006-001.yaml,false,AJ-RT-20260620-003-001,The user explicitly requested Phase 2 after Phase 1 recommended defining the machine-checkable ontology-law research packet receipt schema.,false,PASS,2026-06-20T05:00:15Z,2026-06-20T05:00:15Z,"Execution-role overlay completed for ontology-law research packet Phase 2 receipt schema only, plus validator-required memory_preflight source_hash receipt refreshes."
project-control-maintainer@0.1.0--RT-20260620-004,task_overlay,RT-20260620-004,AJ-RT-20260620-004-001,research_control/tasks/RT-20260620-004/roles/project-control-maintainer@0.1.0--RT-20260620-004.yaml,project-control-maintainer,0.1.0,,Project-Control Maintainer task overlay for Phase 3 routing and role integration of ontology-law research packet routing.,Update Director and continue-research guidance so ontology-law research routes to one outer physics AgentJob rather than generic controlled pause.;Update Theoretical Continuation Selector guidance so ontology_law_research_packet selects the next role family without implying a permanent route role.;Update active physics role contracts for Ontology Formalizer Candidate Constructor Smuggling Auditor and Refuter so route-specific task overlays have clear payload boundaries.;Preserve parent_child_parallel_synthesis and forbid child AgentJobs independent authority extra write paths or extra claim boundaries.;Preserve Phase 4 validator enforcement and Phase 5 fixtures as deferred work.,validator_behavior_change;test_fixture_change;physics_claim_promotion;canonical_science_source_edit;generated_derivative_authority;checkpoint_behavior_change;permanent_role_registration,role_contract_guidance;skill_contract_guidance;control_registry_rows;documentation_impact;generated_memory_derivative;memory_preflight_source_hash_receipt_refresh,.agents/roles/research_ops/director-of-research.v0.2.0.md;.agents/roles/physics/theoretical-continuation-selector.v0.1.0.md;.agents/roles/physics/ontology-formalizer.v0.2.0.md;.agents/roles/physics/candidate-constructor.v0.2.0.md;.agents/roles/physics/smuggling-auditor.v0.2.0.md;.agents/roles/physics/refuter.v0.2.0.md;.codex/skills/continue-research/SKILL.md;registries/AGENT_JOB_REGISTRY.csv;registries/CLAIM_BOUNDARY_REGISTRY.csv;registries/DIRECTOR_DECISION_REGISTRY.csv;registries/MARKDOWN_SOURCE_REGISTRY.csv;registries/RESEARCH_TASK_REGISTRY.csv;registries/ROLE_EXECUTION_REGISTRY.csv;registries/CONTENT_SEMANTIC_REGISTRY.csv;registries/CONTENT_SEMANTIC_REGISTRY.meta.json;registries/FILE_OBJECT_REGISTRY.csv;registries/FILE_OBJECT_REGISTRY.meta.json;registries/OBJECT_RELATIONSHIP_REGISTRY.csv;registries/OBJECT_RELATIONSHIP_REGISTRY.meta.json;registries/OBSIDIAN_VAULT_REGISTRY.csv;registries/OBSIDIAN_VAULT_REGISTRY.meta.json;registries/WIKI_ARTIFACT_REGISTRY.csv;registries/WIKI_ARTIFACT_REGISTRY.meta.json;FOLDER_MAP.md;wiki/indexes/**;wiki/markdown/**;wiki/html/**;research_control/tasks/RT-20260620-004/**;research_control/tasks/RT-20260618-005/jobs/AJ-RT-20260618-005-001.yaml;research_control/tasks/RT-20260618-005/jobs/completions/AJC-AJ-RT-20260618-005-001.yaml;research_control/tasks/RT-20260618-015/jobs/AJ-RT-20260618-015-001.yaml;research_control/tasks/RT-20260618-022/jobs/AJ-RT-20260618-022-001.yaml;research_control/tasks/RT-20260618-022/jobs/completions/AJC-AJ-RT-20260618-022-001.yaml,false,AJ-RT-20260620-004-001,The user explicitly requested Phase 3 after Phase 2 recommended integrating the ontology-law research packet route with Director and role guidance.,false,PASS,2026-06-20T15:16:07Z,2026-06-20T15:16:07Z,Execution-role overlay completed for ontology-law research packet Phase 3 routing and role integration only.
validator-engineer@0.1.0--RT-20260620-005,task_overlay,RT-20260620-005,AJ-RT-20260620-005-001,research_control/tasks/RT-20260620-005/roles/validator-engineer@0.1.0--RT-20260620-005.yaml,validator-engineer,0.1.0,,Validator Engineer task overlay for Phase 4 deterministic enforcement of ontology-law research packet completion receipts.,Validate ontology_law_research_packet receipts when a physics completion selects ontology_law_research_packet or carries the receipt block.;Reject missing route trigger milestone burden missing source law adoption boundary exact-GR recovery no-target-import scope and human-gate boundary fields.;Reject ordinary_gap workflow_inconvenience target-GR import definitions and premature impossibility claims without no-go evidence.;Add focused unit tests for receipt-required positive receipt ordinary-gap target-import and premature-impossibility behavior without building the full Phase 5 fixture suite.;Preserve the boundary that validators check receipts labels and boundaries but do not prove physics truth.,physics_claim_promotion;canonical_science_source_edit;checkpoint_behavior_change;generated_derivative_authority;permanent_role_registration,validator_behavior_change;focused_test_change;schema_contract_parity;control_registry_rows;documentation_impact;generated_memory_derivative;memory_preflight_source_hash_receipt_refresh,.agents/schemas/AGENT_JOB_SCHEMA.md;scripts/research_control/validate_research_control.py;tests/test_research_control.py;registries/AGENT_JOB_REGISTRY.csv;registries/CLAIM_BOUNDARY_REGISTRY.csv;registries/DIRECTOR_DECISION_REGISTRY.csv;registries/MARKDOWN_SOURCE_REGISTRY.csv;registries/RESEARCH_TASK_REGISTRY.csv;registries/ROLE_EXECUTION_REGISTRY.csv;registries/CONTENT_SEMANTIC_REGISTRY.csv;registries/CONTENT_SEMANTIC_REGISTRY.meta.json;registries/FILE_OBJECT_REGISTRY.csv;registries/FILE_OBJECT_REGISTRY.meta.json;registries/OBJECT_RELATIONSHIP_REGISTRY.csv;registries/OBJECT_RELATIONSHIP_REGISTRY.meta.json;registries/OBSIDIAN_VAULT_REGISTRY.csv;registries/OBSIDIAN_VAULT_REGISTRY.meta.json;registries/WIKI_ARTIFACT_REGISTRY.csv;registries/WIKI_ARTIFACT_REGISTRY.meta.json;FOLDER_MAP.md;wiki/indexes/**;wiki/markdown/**;wiki/html/**;research_control/tasks/RT-20260620-005/**;research_control/tasks/RT-20260619-006/jobs/AJ-RT-20260619-006-001.yaml;research_control/tasks/RT-20260619-006/jobs/completions/AJC-AJ-RT-20260619-006-001.yaml;research_control/tasks/RT-20260618-016/jobs/AJ-RT-20260618-016-001.yaml;research_control/tasks/RT-20260618-015/jobs/AJ-RT-20260618-015-001.yaml;research_control/tasks/RT-20260618-005/jobs/AJ-RT-20260618-005-001.yaml;research_control/tasks/RT-20260618-005/jobs/completions/AJC-AJ-RT-20260618-005-001.yaml;research_control/tasks/RT-20260620-003/jobs/AJ-RT-20260620-003-001.yaml;research_control/tasks/RT-20260620-003/jobs/completions/AJC-AJ-RT-20260620-003-001.yaml,false,AJ-RT-20260620-005-001,The user explicitly requested Phase 4 after Phase 3 recommended deterministic validator enforcement for ontology_law_research_packet completion receipts.,false,PASS,2026-06-20T15:38:03Z,2026-06-20T15:38:03Z,Execution-role overlay completed for ontology-law research packet Phase 4 validator enforcement only.
validator-engineer@0.1.0--RT-20260620-006,task_overlay,RT-20260620-006,AJ-RT-20260620-006-001,research_control/tasks/RT-20260620-006/roles/validator-engineer@0.1.0--RT-20260620-006.yaml,validator-engineer,0.1.0,,Validator Engineer task overlay for Phase 5 broader ontology-law research packet route fixtures.,Add positive AtlasGlue_src^+ underdetermination fixture that keeps AtlasGlue_src^+ M_src g_eff matter coupling Einstein equations benchmark promotion and Gate Chair status blocked.;Add negative ordinary documentation and registry repair fixture.;Add negative target-GR atlas import fixture.;Add negative premature impossibility fixture without no-go theorem.;Add human-gate fixture for canonical-ontology candidate status that remains blocked pending explicit Gate Chair approval.;Add receipt-boundary fixture for missing milestone burden missing law blocked adoption exact-GR no-target-import and human-gate fields.;Preserve the boundary that validators check receipts labels and boundaries but do not prove physics truth.,physics_claim_promotion;canonical_science_source_edit;validator_behavior_change;checkpoint_behavior_change;generated_derivative_authority;permanent_role_registration,test_fixture_change;control_registry_rows;documentation_impact;generated_memory_derivative,tests/test_research_control.py;registries/AGENT_JOB_REGISTRY.csv;registries/CLAIM_BOUNDARY_REGISTRY.csv;registries/DIRECTOR_DECISION_REGISTRY.csv;registries/MARKDOWN_SOURCE_REGISTRY.csv;registries/RESEARCH_TASK_REGISTRY.csv;registries/ROLE_EXECUTION_REGISTRY.csv;registries/CONTENT_SEMANTIC_REGISTRY.csv;registries/CONTENT_SEMANTIC_REGISTRY.meta.json;registries/FILE_OBJECT_REGISTRY.csv;registries/FILE_OBJECT_REGISTRY.meta.json;registries/OBJECT_RELATIONSHIP_REGISTRY.csv;registries/OBJECT_RELATIONSHIP_REGISTRY.meta.json;registries/OBSIDIAN_VAULT_REGISTRY.csv;registries/OBSIDIAN_VAULT_REGISTRY.meta.json;registries/WIKI_ARTIFACT_REGISTRY.csv;registries/WIKI_ARTIFACT_REGISTRY.meta.json;FOLDER_MAP.md;wiki/indexes/**;wiki/markdown/**;wiki/html/**;research_control/tasks/RT-20260620-006/**,false,AJ-RT-20260620-006-001,The user explicitly requested Phase 5 after Phase 4 recommended broader ontology-law route fixtures.,false,PASS,2026-06-20T15:55:35Z,2026-06-20T15:55:35Z,Execution-role overlay completed for ontology-law research packet Phase 5 tests and fixtures only.
validator-engineer@0.1.0--RT-20260620-007,task_overlay,RT-20260620-007,AJ-RT-20260620-007-001,research_control/tasks/RT-20260620-007/roles/validator-engineer@0.1.0--RT-20260620-007.yaml,validator-engineer,0.1.0,,Validator Engineer task overlay for checkpoint tracked-local staging repair.,Stage tracked .local generated derivatives during checkpoint.;Continue excluding untracked .local scratch caches from checkpoint staging.;Add regression test coverage for tracked local derivative staging and untracked local scratch exclusion.;Commit the pending tracked content-semantic derivative left behind by the prior broad .local staging filter.,physics_claim_promotion;canonical_science_source_edit;generated_derivative_authority;permanent_role_registration;untracked_local_cache_staging,checkpoint_tooling_fix;test_change;tracked_generated_local_derivative_staging;control_registry_rows;documentation_impact;generated_memory_derivative,scripts/research_control/checkpoint_research_transaction.py;tests/test_research_control.py;.local/content_semantics/markdown/md-schema-agent-job-schema.txt;registries/AGENT_JOB_REGISTRY.csv;registries/CLAIM_BOUNDARY_REGISTRY.csv;registries/DIRECTOR_DECISION_REGISTRY.csv;registries/MARKDOWN_SOURCE_REGISTRY.csv;registries/RESEARCH_TASK_REGISTRY.csv;registries/ROLE_EXECUTION_REGISTRY.csv;registries/CONTENT_SEMANTIC_REGISTRY.csv;registries/CONTENT_SEMANTIC_REGISTRY.meta.json;registries/FILE_OBJECT_REGISTRY.csv;registries/FILE_OBJECT_REGISTRY.meta.json;registries/OBJECT_RELATIONSHIP_REGISTRY.csv;registries/OBJECT_RELATIONSHIP_REGISTRY.meta.json;registries/OBSIDIAN_VAULT_REGISTRY.csv;registries/OBSIDIAN_VAULT_REGISTRY.meta.json;registries/WIKI_ARTIFACT_REGISTRY.csv;registries/WIKI_ARTIFACT_REGISTRY.meta.json;FOLDER_MAP.md;wiki/indexes/**;wiki/markdown/**;wiki/html/**;research_control/tasks/RT-20260620-007/**,false,AJ-RT-20260620-007-001,The user explicitly requested investigation and repair after a tracked .local content-semantic file was left unstaged by checkpoint.,false,PASS,2026-06-20T16:06:37Z,2026-06-20T16:06:37Z,Execution-role overlay completed for checkpoint tracked-local staging repair only.
project-control-maintainer@0.1.0--RT-20260620-008,task_overlay,RT-20260620-008,AJ-RT-20260620-008-001,research_control/tasks/RT-20260620-008/roles/project-control-maintainer@0.1.0--RT-20260620-008.yaml,project-control-maintainer,0.1.0,,Project-Control Maintainer task overlay for Phase 6 ontology-law research packet documentation and generated sync.,Clarify that ontology-law route validator and fixture PASS evidence is operational receipt evidence only.;Keep the route trigger vocabulary adoption boundary exact-GR recovery burden and human-gate boundary unchanged.;Regenerate memory and wiki derivatives through bootstrap only.;Preserve the boundary that Phase 6 does not change validator behavior checkpoint behavior physics claims or role registration.,physics_claim_promotion;canonical_science_source_edit;validator_behavior_change;checkpoint_behavior_change;generated_derivative_authority;permanent_role_registration,control_markdown_clarification;control_registry_rows;documentation_impact;generated_memory_derivative,research_control/README.md;registries/AGENT_JOB_REGISTRY.csv;registries/CLAIM_BOUNDARY_REGISTRY.csv;registries/DIRECTOR_DECISION_REGISTRY.csv;registries/MARKDOWN_SOURCE_REGISTRY.csv;registries/RESEARCH_TASK_REGISTRY.csv;registries/ROLE_EXECUTION_REGISTRY.csv;registries/CONTENT_SEMANTIC_REGISTRY.csv;registries/CONTENT_SEMANTIC_REGISTRY.meta.json;registries/FILE_OBJECT_REGISTRY.csv;registries/FILE_OBJECT_REGISTRY.meta.json;registries/OBJECT_RELATIONSHIP_REGISTRY.csv;registries/OBJECT_RELATIONSHIP_REGISTRY.meta.json;registries/OBSIDIAN_VAULT_REGISTRY.csv;registries/OBSIDIAN_VAULT_REGISTRY.meta.json;registries/WIKI_ARTIFACT_REGISTRY.csv;registries/WIKI_ARTIFACT_REGISTRY.meta.json;FOLDER_MAP.md;wiki/indexes/**;wiki/markdown/**;wiki/html/**;research_control/tasks/RT-20260618-005/jobs/**;research_control/tasks/RT-20260618-011/jobs/**;research_control/tasks/RT-20260618-013/jobs/**;research_control/tasks/RT-20260618-014/jobs/**;research_control/tasks/RT-20260618-015/jobs/**;research_control/tasks/RT-20260618-016/jobs/**;research_control/tasks/RT-20260618-017/jobs/**;research_control/tasks/RT-20260618-018/jobs/**;research_control/tasks/RT-20260619-001/jobs/**;research_control/tasks/RT-20260619-005/jobs/**;research_control/tasks/RT-20260619-006/jobs/**;research_control/tasks/RT-20260619-007/jobs/**;research_control/tasks/RT-20260619-008/jobs/**;research_control/tasks/RT-20260620-008/**,false,AJ-RT-20260620-008-001,The user explicitly requested Phase 6 after Phase 5 identified source-level route clarification as the only remaining documentation and generated-sync step.,false,PASS,2026-06-20T16:22:11Z,2026-06-20T16:22:11Z,Execution-role overlay completed for ontology-law research packet Phase 6 documentation and generated sync only with historical source_hash receipt refresh.
project-control-maintainer@0.1.0--RT-20260620-009,task_overlay,RT-20260620-009,AJ-RT-20260620-009-001,research_control/tasks/RT-20260620-009/roles/project-control-maintainer@0.1.0--RT-20260620-009.yaml,project-control-maintainer,0.1.0,,Project-Control Maintainer task overlay for Phase 0 missing-source-law inventory artifact and registry strategy decision.,Audit the implementation plan evidence and current registry/bootstrap support before selecting the inventory artifact shape.;Preserve the boundary that the inventory is navigation evidence for /continue-research and not a second router or batch queue.;Do not create the inventory artifacts until Phase 1.;Do not add a dedicated missing-source-law CSV registry in Phase 0.;Preserve all ontology adoption exact-GR recovery benchmark and Gate Chair boundaries.,physics_claim_promotion;canonical_science_source_edit;inventory_artifact_creation;validator_behavior_change;route_behavior_change;checkpoint_behavior_change;generated_derivative_authority;permanent_role_registration,control_registry_rows;requirement_audit_artifact;registry_strategy_decision;documentation_impact;generated_memory_derivative,registries/AGENT_JOB_REGISTRY.csv;registries/CLAIM_BOUNDARY_REGISTRY.csv;registries/DIRECTOR_DECISION_REGISTRY.csv;registries/MARKDOWN_SOURCE_REGISTRY.csv;registries/RESEARCH_TASK_REGISTRY.csv;registries/ROLE_EXECUTION_REGISTRY.csv;registries/CONTENT_SEMANTIC_REGISTRY.csv;registries/CONTENT_SEMANTIC_REGISTRY.meta.json;registries/FILE_OBJECT_REGISTRY.csv;registries/FILE_OBJECT_REGISTRY.meta.json;registries/OBJECT_RELATIONSHIP_REGISTRY.csv;registries/OBJECT_RELATIONSHIP_REGISTRY.meta.json;registries/OBSIDIAN_VAULT_REGISTRY.csv;registries/OBSIDIAN_VAULT_REGISTRY.meta.json;registries/WIKI_ARTIFACT_REGISTRY.csv;registries/WIKI_ARTIFACT_REGISTRY.meta.json;FOLDER_MAP.md;wiki/indexes/**;wiki/markdown/**;wiki/html/**;research_control/tasks/RT-20260620-009/**,false,AJ-RT-20260620-009-001,The user explicitly requested Phase 0 of the missing-source-law inventory artifact registry implementation plan.,false,PASS,2026-06-20T17:35:13Z,2026-06-20T17:35:13Z,Execution-role overlay completed for missing-source-law inventory Phase 0 schema and registry decision only.
project-control-maintainer@0.1.0--RT-20260620-010,task_overlay,RT-20260620-010,AJ-RT-20260620-010-001,research_control/tasks/RT-20260620-010/roles/project-control-maintainer@0.1.0--RT-20260620-010.yaml,project-control-maintainer,0.1.0,,Project-Control Maintainer task overlay for Phase 1 missing-source-law inventory artifact creation.,Create only the tracked YAML inventory and Markdown companion under research_control/missing_laws.;Populate seed candidates only from inspected tracked task artifacts handoffs and registry evidence.;Preserve /continue-research as the only selector and executor.;Do not create a dedicated missing-source-law CSV registry in Phase 1.;Do not change validators route behavior skill contracts role contracts schema contracts or physics sources.;Preserve all ontology adoption exact-GR recovery benchmark and Gate Chair boundaries.,physics_claim_promotion;canonical_science_source_edit;dedicated_registry_creation;validator_behavior_change;route_behavior_change;checkpoint_behavior_change;skill_contract_change;role_contract_change;schema_contract_change;generated_derivative_authority;permanent_role_registration,inventory_artifact_creation;control_registry_rows;documentation_impact;generated_memory_derivative,research_control/missing_laws/**;research_control/tasks/RT-20260620-010/**;registries/AGENT_JOB_REGISTRY.csv;registries/CLAIM_BOUNDARY_REGISTRY.csv;registries/DIRECTOR_DECISION_REGISTRY.csv;registries/RESEARCH_TASK_REGISTRY.csv;registries/ROLE_EXECUTION_REGISTRY.csv;registries/CONTENT_SEMANTIC_REGISTRY.csv;registries/CONTENT_SEMANTIC_REGISTRY.meta.json;registries/FILE_OBJECT_REGISTRY.csv;registries/FILE_OBJECT_REGISTRY.meta.json;registries/OBJECT_RELATIONSHIP_REGISTRY.csv;registries/OBJECT_RELATIONSHIP_REGISTRY.meta.json;registries/OBSIDIAN_VAULT_REGISTRY.csv;registries/OBSIDIAN_VAULT_REGISTRY.meta.json;registries/WIKI_ARTIFACT_REGISTRY.csv;registries/WIKI_ARTIFACT_REGISTRY.meta.json;FOLDER_MAP.md;wiki/indexes/**;wiki/markdown/**;wiki/html/**,false,AJ-RT-20260620-010-001,The user explicitly requested Phase 1 after Phase 0 selected YAML plus Markdown inventory artifacts.,false,PASS,2026-06-20T19:19:28Z,2026-06-20T19:19:28Z,Execution-role overlay completed for missing-source-law inventory Phase 1 artifact creation only.
project-control-maintainer@0.1.0--RT-20260620-011,task_overlay,RT-20260620-011,AJ-RT-20260620-011-001,research_control/tasks/RT-20260620-011/roles/project-control-maintainer@0.1.0--RT-20260620-011.yaml,project-control-maintainer,0.1.0,,Project-Control Maintainer task overlay for Phase 2 missing-source-law inventory Markdown registration and derivative indexing.,Register only the Markdown companion in MARKDOWN_SOURCE_REGISTRY.csv.;Preserve YAML as tracked control data by stable path without source-registry promotion.;Regenerate derivative wiki semantic Obsidian file-object and index support only through bootstrap.;Do not create a dedicated missing-source-law CSV registry in Phase 2.;Do not change validators route behavior skill contracts role contracts schema contracts or physics sources.;Preserve all ontology adoption exact-GR recovery benchmark and Gate Chair boundaries.,physics_claim_promotion;canonical_science_source_edit;yaml_source_registry_creation;dedicated_registry_creation;validator_behavior_change;route_behavior_change;checkpoint_behavior_change;skill_contract_change;role_contract_change;schema_contract_change;generated_derivative_authority;permanent_role_registration,markdown_source_registration;control_registry_rows;documentation_impact;generated_memory_derivative,registries/MARKDOWN_SOURCE_REGISTRY.csv;research_control/tasks/RT-20260620-011/**;registries/AGENT_JOB_REGISTRY.csv;registries/CLAIM_BOUNDARY_REGISTRY.csv;registries/DIRECTOR_DECISION_REGISTRY.csv;registries/RESEARCH_TASK_REGISTRY.csv;registries/ROLE_EXECUTION_REGISTRY.csv;registries/CONTENT_SEMANTIC_REGISTRY.csv;registries/CONTENT_SEMANTIC_REGISTRY.meta.json;registries/FILE_OBJECT_REGISTRY.csv;registries/FILE_OBJECT_REGISTRY.meta.json;registries/OBJECT_RELATIONSHIP_REGISTRY.csv;registries/OBJECT_RELATIONSHIP_REGISTRY.meta.json;registries/OBSIDIAN_VAULT_REGISTRY.csv;registries/OBSIDIAN_VAULT_REGISTRY.meta.json;registries/WIKI_ARTIFACT_REGISTRY.csv;registries/WIKI_ARTIFACT_REGISTRY.meta.json;FOLDER_MAP.md;wiki/indexes/**;wiki/markdown/**;wiki/html/**,false,AJ-RT-20260620-011-001,The user explicitly requested Phase 2 after Phase 1 recommended registering or indexing the Markdown companion only if discoverability is needed.,false,PASS,2026-06-20T19:38:16Z,2026-06-20T19:38:16Z,Execution-role overlay completed for missing-source-law inventory Phase 2 Markdown registration and derivative indexing only.
smuggling-auditor@0.2.0--RT-20260614-085,task_overlay,RT-20260614-085,AJ-RT-20260614-085-001,research_control/tasks/RT-20260614-085/roles/smuggling-auditor@0.2.0--RT-20260614-085.yaml,smuggling-auditor,0.2.0,,Smuggling Auditor task overlay for one ontology-law-research-packet audit of GSC_src under MSL-MSRC-ATLASGLUE-LAW and the active M_src burden.,Use ontology-law-research-packet only for derivation_critical_missing_source_law and not ordinary_gap or workflow_inconvenience work.;Audit the RT-20260614-084 GSC_src general source-cover candidate as draft/control source-extension data rather than adopted source authority.;Screen target atlas target metric benchmark success generated derivatives registry authority role authority validation authority handoff authority general-cover overread finite-witness overread source-authority laundering and premature adoption as forbidden premises.;Classify GSC_src as source-side under stated source-cover assumptions conservative source-extension data new ontology primitive if promoted or forbidden target-GR import as written.;Preserve blocked_adoption_open_continuation and require a human gate before any source-authority adoption or canonical ontology edit.;Opt into PHYSICS_COMPLETION_DECISIVENESS_SCHEMA.md and end with candidate_audited_pending_stress rather than claim promotion.,,,research_control/program_state.yaml;research_control/tasks/RT-20260614-085/**;research_control/handoffs/handoff-0127.yaml;research_control/handoffs/handoff-0127.md;registries/AGENT_JOB_REGISTRY.csv;registries/DIRECTOR_DECISION_REGISTRY.csv;registries/RESEARCH_TASK_REGISTRY.csv;registries/ROLE_EXECUTION_REGISTRY.csv;registries/CLAIM_BOUNDARY_REGISTRY.csv;registries/TEX_SOURCE_REGISTRY.csv;registries/DISTANCE_TO_GR_LEDGER.csv,false,AJ-RT-20260614-085-001,Handoff-0126 explicitly requires a bounded Smuggling Auditor audit of GSC_src before Refuter stress or any adoption question.,false,PASS,2026-06-21T13:34:18Z,2026-06-21T13:34:18Z,Execution-role overlay completed for GSC_src ontology-law general source-cover hidden-import audit.
refuter@0.2.0--RT-20260614-086,task_overlay,RT-20260614-086,AJ-RT-20260614-086-001,research_control/tasks/RT-20260614-086/roles/refuter@0.2.0--RT-20260614-086.yaml,refuter,0.2.0,,Refuter task overlay for one ontology-law-research-packet stress test of audited GSC_src under MSL-MSRC-ATLASGLUE-LAW and the active M_src burden.,Use ontology-law-research-packet only for derivation_critical_missing_source_law and not ordinary_gap or workflow_inconvenience work.;Stress the RT-20260614-085 audited GSC_src general source-cover candidate as draft/control source-extension data rather than adopted source authority.;Cover profile collapse selector ties inverse defects cocycle defects quotient-support noncanonicity Var_GSC fragility source-authority laundering process-authority laundering target-atlas side-door import and bridge-ladder collapse.;Classify the result using the Refuter loop-risk categories and the mathematical-decisiveness completion schema.;Preserve blocked_adoption_open_continuation and require a human gate before any source-authority adoption or canonical ontology edit.;Opt into PHYSICS_COMPLETION_DECISIVENESS_SCHEMA.md and end with candidate_stress_passed_pending_gate precise_obstruction_found route_frozen or invalid_under_claim_boundary rather than claim promotion.,,,research_control/program_state.yaml;research_control/tasks/RT-20260614-086/**;research_control/handoffs/handoff-0128.yaml;research_control/handoffs/handoff-0128.md;registries/AGENT_JOB_REGISTRY.csv;registries/DIRECTOR_DECISION_REGISTRY.csv;registries/RESEARCH_TASK_REGISTRY.csv;registries/ROLE_EXECUTION_REGISTRY.csv;registries/CLAIM_BOUNDARY_REGISTRY.csv;registries/TEX_SOURCE_REGISTRY.csv;registries/DISTANCE_TO_GR_LEDGER.csv,false,AJ-RT-20260614-086-001,Handoff-0127 explicitly requires a bounded Refuter stress test of audited GSC_src before any Refuter pass human-gated adoption question or downstream GR claim.,false,PASS,2026-06-21T13:54:45Z,2026-06-21T13:54:45Z,Execution-role overlay completed for GSC_src ontology-law general source-cover Refuter stress test.
memory-system-maintainer@0.1.0--RT-20260621-010,task_overlay,RT-20260621-010,AJ-RT-20260621-010-001,research_control/tasks/RT-20260621-010/roles/memory-system-maintainer@0.1.0--RT-20260621-010.yaml,memory-system-maintainer,0.1.0,,Memory-System Maintainer task overlay for exact-ID retrieval hardening and adjacent validator guidance.,Fix memory query exact-ID and hyphenated literal lookup without changing canonical source authority.;Classify local retrieval freshness warnings separately from core validation status.;Limit strict YAML support to inline empty list syntax only.;Clarify memory-preflight and documentation-impact operator guidance without promoting generated retrieval artifacts.;Preserve all physics claim and ontology adoption blocks.,physics_claim_promotion;canonical_science_source_edit;science_artifact_creation;benchmark_promotion;source_law_adoption;checkpoint_behavior_change;permanent_role_registration;generated_derivative_authority,memory_tooling;strict_yaml_narrow_parser_change;validator_guidance_message_change;schema_template_guidance;focused_test_change;control_registry_rows;documentation_impact;task_evidence_artifact;generated_memory_derivative_refresh,.codex/skills/project-memory-system/scripts/query_memory.py;.codex/skills/project-memory-system/scripts/obsidian_wiki_lib.py;.agents/schemas/AGENT_JOB_SCHEMA.md;.agents/schemas/DOCUMENTATION_IMPACT_SCHEMA.md;research_control/templates/AGENT_JOB_TEMPLATE.yaml;research_control/templates/COMPLETION_TEMPLATE.yaml;scripts/research_control/strict_yaml.py;scripts/research_control/validate_research_control.py;scripts/project_control/classify_project_changes.py;scripts/project_control/validate_documentation_impact.py;tests/test_obsidian_wiki.py;tests/test_research_control.py;tests/test_project_change_classifier.py;registries/AGENT_JOB_REGISTRY.csv;registries/CLAIM_BOUNDARY_REGISTRY.csv;registries/CONTENT_SEMANTIC_REGISTRY.csv;registries/CONTENT_SEMANTIC_REGISTRY.meta.json;registries/DIRECTOR_DECISION_REGISTRY.csv;registries/FILE_OBJECT_REGISTRY.csv;registries/FILE_OBJECT_REGISTRY.meta.json;registries/MARKDOWN_SOURCE_REGISTRY.csv;registries/OBJECT_RELATIONSHIP_REGISTRY.csv;registries/OBJECT_RELATIONSHIP_REGISTRY.meta.json;registries/OBSIDIAN_VAULT_REGISTRY.csv;registries/OBSIDIAN_VAULT_REGISTRY.meta.json;registries/PROJECT_IMPROVEMENT_SIGNAL_REGISTRY.csv;registries/RESEARCH_TASK_REGISTRY.csv;registries/ROLE_EXECUTION_REGISTRY.csv;registries/WIKI_ARTIFACT_REGISTRY.csv;registries/WIKI_ARTIFACT_REGISTRY.meta.json;FOLDER_MAP.md;research_control/tasks/RT-20260614-078/jobs/AJ-RT-20260614-078-001.yaml;research_control/tasks/RT-20260614-078/jobs/completions/AJC-AJ-RT-20260614-078-001.yaml;research_control/tasks/RT-20260618-005/jobs/AJ-RT-20260618-005-001.yaml;research_control/tasks/RT-20260618-005/jobs/completions/AJC-AJ-RT-20260618-005-001.yaml;research_control/tasks/RT-20260618-015/jobs/AJ-RT-20260618-015-001.yaml;research_control/tasks/RT-20260618-016/jobs/AJ-RT-20260618-016-001.yaml;research_control/tasks/RT-20260619-006/jobs/AJ-RT-20260619-006-001.yaml;research_control/tasks/RT-20260619-006/jobs/completions/AJC-AJ-RT-20260619-006-001.yaml;research_control/tasks/RT-20260620-003/jobs/AJ-RT-20260620-003-001.yaml;research_control/tasks/RT-20260620-003/jobs/completions/AJC-AJ-RT-20260620-003-001.yaml;research_control/tasks/RT-20260620-005/jobs/AJ-RT-20260620-005-001.yaml;research_control/tasks/RT-20260620-005/jobs/completions/AJC-AJ-RT-20260620-005-001.yaml;research_control/tasks/RT-20260620-006/jobs/AJ-RT-20260620-006-001.yaml;research_control/tasks/RT-20260620-006/jobs/completions/AJC-AJ-RT-20260620-006-001.yaml;research_control/tasks/RT-20260620-007/jobs/AJ-RT-20260620-007-001.yaml;research_control/tasks/RT-20260620-007/jobs/completions/AJC-AJ-RT-20260620-007-001.yaml;research_control/tasks/RT-20260621-005/jobs/AJ-RT-20260621-005-001.yaml;research_control/tasks/RT-20260621-005/jobs/completions/AJC-AJ-RT-20260621-005-001.yaml;research_control/tasks/RT-20260621-006/jobs/AJ-RT-20260621-006-001.yaml;research_control/tasks/RT-20260621-006/jobs/completions/AJC-AJ-RT-20260621-006-001.yaml;research_control/tasks/RT-20260621-007/jobs/AJ-RT-20260621-007-001.yaml;research_control/tasks/RT-20260621-007/jobs/completions/AJC-AJ-RT-20260621-007-001.yaml;research_control/tasks/RT-20260621-008/jobs/AJ-RT-20260621-008-001.yaml;research_control/tasks/RT-20260621-008/jobs/completions/AJC-AJ-RT-20260621-008-001.yaml;research_control/tasks/RT-20260621-009/jobs/AJ-RT-20260621-009-001.yaml;research_control/tasks/RT-20260621-009/jobs/completions/AJC-AJ-RT-20260621-009-001.yaml;research_control/tasks/RT-20260621-010/**;wiki/indexes/**;wiki/markdown/**;wiki/tex/**;.local/content_semantics/**;.local/obsidian/**;.local/memory_index/**,false,AJ-RT-20260621-010-001,The user requested implementation of the project-system maintenance plan covering memory retrieval hardening validator guidance templates and documentation-impact clarity.,false,PASS,2026-06-21T17:47:42Z,2026-06-21T18:03:01Z,Execution-role overlay completed for RT-20260621-010 only.
