object_id,path,format,role,authority_status,audience,source_hash,related_source,generated_from,generated_outputs,owner_skill,validation_status,last_validated_at,notes,pdf_required,pdf_object_id,pdf_path,claim_status,research_status,ontology_promotion_status,equation_scope
TEX-LEGACY-ONTOLOGY-AETHER-FLOW-CONSISTENCY,legacy_ontology/tex/aether_flow_consistency.tex,tex,legacy_ontology_source_snapshot,archival_noncanonical,humans_and_agents,e751e7f4c4867d5e3d697e3a21e34367da1dbeacc32b6b3a32658d5df1a991e8,,,legacy_ontology/pdfs/aether_flow_consistency.pdf;wiki/tex/tex-legacy-ontology-aether-flow-consistency.md,tex-wiki,PASS,2026-06-18T03:52:34Z,Legacy ontology snapshot copied from ontology/tex on 2026-06-18; not the live canonical ontology and not independent derivation authority.,true,PDF-LEGACY-ONTOLOGY-AETHER-FLOW-CONSISTENCY,legacy_ontology/pdfs/aether_flow_consistency.pdf,superseded,superseded,superseded,gr_benchmark
TEX-LEGACY-ONTOLOGY-AETHER-FLOW-DYNAMICS,legacy_ontology/tex/aether_flow_dynamics.tex,tex,legacy_ontology_source_snapshot,archival_noncanonical,humans_and_agents,66cbb5c56694abcaff2e3679bc8f5899076acc5b4a1b9bbb4a55871f7a0ad0f4,,,legacy_ontology/pdfs/aether_flow_dynamics.pdf;wiki/tex/tex-legacy-ontology-aether-flow-dynamics.md,tex-wiki,PASS,2026-06-18T03:52:34Z,Legacy ontology snapshot copied from ontology/tex on 2026-06-18; not the live canonical ontology and not independent derivation authority.,true,PDF-LEGACY-ONTOLOGY-AETHER-FLOW-DYNAMICS,legacy_ontology/pdfs/aether_flow_dynamics.pdf,superseded,superseded,superseded,gr_benchmark
TEX-LEGACY-ONTOLOGY-AETHER-FLOW-EXACT-CLOSURE-FLAGSHIP-ARTICLE,legacy_ontology/tex/aether_flow_exact_closure_flagship_article.tex,tex,legacy_ontology_source_snapshot,archival_noncanonical,humans_and_agents,ec4ea642009a242e8d030d7d59a174d20a82f6f693a6144cd1cc95ad778543ef,,,legacy_ontology/pdfs/aether_flow_exact_closure_flagship_article.pdf;wiki/tex/tex-legacy-ontology-aether-flow-exact-closure-flagship-article.md,tex-wiki,PASS,2026-06-18T03:52:34Z,Legacy ontology snapshot copied from ontology/tex on 2026-06-18; not the live canonical ontology and not independent derivation authority.,true,PDF-LEGACY-ONTOLOGY-AETHER-FLOW-EXACT-CLOSURE-FLAGSHIP-ARTICLE,legacy_ontology/pdfs/aether_flow_exact_closure_flagship_article.pdf,superseded,superseded,superseded,gr_benchmark
TEX-LEGACY-ONTOLOGY-AETHER-FLOW-EXACT-CLOSURE-NOTE,legacy_ontology/tex/aether_flow_exact_closure_note.tex,tex,legacy_ontology_source_snapshot,archival_noncanonical,humans_and_agents,0d954fa44d238b6f14d04f82873b4e117925e5920e87c408525dc451a2662100,,,legacy_ontology/pdfs/aether_flow_exact_closure_note.pdf;wiki/tex/tex-legacy-ontology-aether-flow-exact-closure-note.md,tex-wiki,PASS,2026-06-18T03:52:34Z,Legacy ontology snapshot copied from ontology/tex on 2026-06-18; not the live canonical ontology and not independent derivation authority.,true,PDF-LEGACY-ONTOLOGY-AETHER-FLOW-EXACT-CLOSURE-NOTE,legacy_ontology/pdfs/aether_flow_exact_closure_note.pdf,superseded,superseded,superseded,gr_benchmark
TEX-LEGACY-ONTOLOGY-AETHER-FLOW-EXACT-CLOSURE-SEQUENCE-OVERVIEW,legacy_ontology/tex/aether_flow_exact_closure_sequence_overview.tex,tex,legacy_ontology_source_snapshot,archival_noncanonical,humans_and_agents,5cdb51f8d16d53c3a64d7e0c6e2c140fde2020e33d90177e50b2f98b8ba71fbf,,,legacy_ontology/pdfs/aether_flow_exact_closure_sequence_overview.pdf;wiki/tex/tex-legacy-ontology-aether-flow-exact-closure-sequence-overview.md,tex-wiki,PASS,2026-06-18T03:52:34Z,Legacy ontology snapshot copied from ontology/tex on 2026-06-18; not the live canonical ontology and not independent derivation authority.,true,PDF-LEGACY-ONTOLOGY-AETHER-FLOW-EXACT-CLOSURE-SEQUENCE-OVERVIEW,legacy_ontology/pdfs/aether_flow_exact_closure_sequence_overview.pdf,superseded,superseded,superseded,gr_benchmark
TEX-LEGACY-ONTOLOGY-AETHER-FLOW-FOUNDATIONS,legacy_ontology/tex/aether_flow_foundations.tex,tex,legacy_ontology_source_snapshot,archival_noncanonical,humans_and_agents,c754ac32f4db4e3cd1a4cac5b15048b24c3d9965819c843857c6851e3242fb00,,,legacy_ontology/pdfs/aether_flow_foundations.pdf;wiki/tex/tex-legacy-ontology-aether-flow-foundations.md,tex-wiki,PASS,2026-06-18T03:52:34Z,Legacy ontology snapshot copied from ontology/tex on 2026-06-18; not the live canonical ontology and not independent derivation authority.,true,PDF-LEGACY-ONTOLOGY-AETHER-FLOW-FOUNDATIONS,legacy_ontology/pdfs/aether_flow_foundations.pdf,superseded,superseded,superseded,gr_benchmark
TEX-LEGACY-ONTOLOGY-AETHER-FLOW-GEOMETRY,legacy_ontology/tex/aether_flow_geometry.tex,tex,legacy_ontology_source_snapshot,archival_noncanonical,humans_and_agents,839074e6fefa9ef4e7ea5635118d808593dfcd5f58c778285293c8194624ba10,,,legacy_ontology/pdfs/aether_flow_geometry.pdf;wiki/tex/tex-legacy-ontology-aether-flow-geometry.md,tex-wiki,PASS,2026-06-18T03:52:34Z,Legacy ontology snapshot copied from ontology/tex on 2026-06-18; not the live canonical ontology and not independent derivation authority.,true,PDF-LEGACY-ONTOLOGY-AETHER-FLOW-GEOMETRY,legacy_ontology/pdfs/aether_flow_geometry.pdf,superseded,superseded,superseded,gr_benchmark
TEX-LEGACY-ONTOLOGY-AETHER-FLOW-RELATIVISTIC-RECOVERY,legacy_ontology/tex/aether_flow_relativistic_recovery.tex,tex,legacy_ontology_source_snapshot,archival_noncanonical,humans_and_agents,1cc7d93547083adcf3d5fd80ec927c7c0e0288f9e42a3959f814532d32e6038f,,,legacy_ontology/pdfs/aether_flow_relativistic_recovery.pdf;wiki/tex/tex-legacy-ontology-aether-flow-relativistic-recovery.md,tex-wiki,PASS,2026-06-18T03:52:34Z,Legacy ontology snapshot copied from ontology/tex on 2026-06-18; not the live canonical ontology and not independent derivation authority.,true,PDF-LEGACY-ONTOLOGY-AETHER-FLOW-RELATIVISTIC-RECOVERY,legacy_ontology/pdfs/aether_flow_relativistic_recovery.pdf,superseded,superseded,superseded,gr_benchmark
TEX-ONTOLOGY-AETHER-FLOW-CONSISTENCY,ontology/tex/aether_flow_consistency.tex,tex,ontology_source,canonical,humans_and_agents,e751e7f4c4867d5e3d697e3a21e34367da1dbeacc32b6b3a32658d5df1a991e8,,,ontology/pdfs/aether_flow_consistency.pdf;wiki/tex/tex-ontology-aether-flow-consistency.md,tex-wiki,PASS,2026-06-08T00:53:31Z,Current canonical ontology package; does not prove the broader first-principles GR derivation is solved.,true,PDF-ONTOLOGY-AETHER-FLOW-CONSISTENCY,ontology/pdfs/aether_flow_consistency.pdf,benchmark_claim,canonical_ontology,accepted,gr_benchmark
TEX-ONTOLOGY-AETHER-FLOW-DYNAMICS,ontology/tex/aether_flow_dynamics.tex,tex,ontology_source,canonical,humans_and_agents,66cbb5c56694abcaff2e3679bc8f5899076acc5b4a1b9bbb4a55871f7a0ad0f4,,,ontology/pdfs/aether_flow_dynamics.pdf;wiki/tex/tex-ontology-aether-flow-dynamics.md,tex-wiki,PASS,2026-06-08T00:53:31Z,Current canonical ontology package; does not prove the broader first-principles GR derivation is solved.,true,PDF-ONTOLOGY-AETHER-FLOW-DYNAMICS,ontology/pdfs/aether_flow_dynamics.pdf,benchmark_claim,canonical_ontology,accepted,gr_benchmark
TEX-ONTOLOGY-AETHER-FLOW-EXACT-CLOSURE-FLAGSHIP-ARTICLE,ontology/tex/aether_flow_exact_closure_flagship_article.tex,tex,ontology_source,canonical,humans_and_agents,ec4ea642009a242e8d030d7d59a174d20a82f6f693a6144cd1cc95ad778543ef,,,ontology/pdfs/aether_flow_exact_closure_flagship_article.pdf;wiki/tex/tex-ontology-aether-flow-exact-closure-flagship-article.md,tex-wiki,PASS,2026-06-08T00:53:31Z,Current canonical ontology package; does not prove the broader first-principles GR derivation is solved.,true,PDF-ONTOLOGY-AETHER-FLOW-EXACT-CLOSURE-FLAGSHIP-ARTICLE,ontology/pdfs/aether_flow_exact_closure_flagship_article.pdf,benchmark_claim,canonical_ontology,accepted,gr_benchmark
TEX-ONTOLOGY-AETHER-FLOW-EXACT-CLOSURE-NOTE,ontology/tex/aether_flow_exact_closure_note.tex,tex,ontology_source,canonical,humans_and_agents,0d954fa44d238b6f14d04f82873b4e117925e5920e87c408525dc451a2662100,,,ontology/pdfs/aether_flow_exact_closure_note.pdf;wiki/tex/tex-ontology-aether-flow-exact-closure-note.md,tex-wiki,PASS,2026-06-08T00:53:31Z,Current canonical ontology package; does not prove the broader first-principles GR derivation is solved.,true,PDF-ONTOLOGY-AETHER-FLOW-EXACT-CLOSURE-NOTE,ontology/pdfs/aether_flow_exact_closure_note.pdf,benchmark_claim,canonical_ontology,accepted,gr_benchmark
TEX-ONTOLOGY-AETHER-FLOW-EXACT-CLOSURE-SEQUENCE-OVERVIEW,ontology/tex/aether_flow_exact_closure_sequence_overview.tex,tex,ontology_source,canonical,humans_and_agents,5cdb51f8d16d53c3a64d7e0c6e2c140fde2020e33d90177e50b2f98b8ba71fbf,,,ontology/pdfs/aether_flow_exact_closure_sequence_overview.pdf;wiki/tex/tex-ontology-aether-flow-exact-closure-sequence-overview.md,tex-wiki,PASS,2026-06-08T00:53:31Z,Current canonical ontology package; does not prove the broader first-principles GR derivation is solved.,true,PDF-ONTOLOGY-AETHER-FLOW-EXACT-CLOSURE-SEQUENCE-OVERVIEW,ontology/pdfs/aether_flow_exact_closure_sequence_overview.pdf,benchmark_claim,canonical_ontology,accepted,gr_benchmark
TEX-ONTOLOGY-AETHER-FLOW-FOUNDATIONS,ontology/tex/aether_flow_foundations.tex,tex,ontology_source,canonical,humans_and_agents,c754ac32f4db4e3cd1a4cac5b15048b24c3d9965819c843857c6851e3242fb00,,,ontology/pdfs/aether_flow_foundations.pdf;wiki/tex/tex-ontology-aether-flow-foundations.md,tex-wiki,PASS,2026-06-08T00:53:31Z,Current canonical ontology package; does not prove the broader first-principles GR derivation is solved.,true,PDF-ONTOLOGY-AETHER-FLOW-FOUNDATIONS,ontology/pdfs/aether_flow_foundations.pdf,benchmark_claim,canonical_ontology,accepted,gr_benchmark
TEX-ONTOLOGY-AETHER-FLOW-GEOMETRY,ontology/tex/aether_flow_geometry.tex,tex,ontology_source,canonical,humans_and_agents,839074e6fefa9ef4e7ea5635118d808593dfcd5f58c778285293c8194624ba10,,,ontology/pdfs/aether_flow_geometry.pdf;wiki/tex/tex-ontology-aether-flow-geometry.md,tex-wiki,PASS,2026-06-08T00:53:31Z,Current canonical ontology package; does not prove the broader first-principles GR derivation is solved.,true,PDF-ONTOLOGY-AETHER-FLOW-GEOMETRY,ontology/pdfs/aether_flow_geometry.pdf,benchmark_claim,canonical_ontology,accepted,gr_benchmark
TEX-ONTOLOGY-AETHER-FLOW-RELATIVISTIC-RECOVERY,ontology/tex/aether_flow_relativistic_recovery.tex,tex,ontology_source,canonical,humans_and_agents,1cc7d93547083adcf3d5fd80ec927c7c0e0288f9e42a3959f814532d32e6038f,,,ontology/pdfs/aether_flow_relativistic_recovery.pdf;wiki/tex/tex-ontology-aether-flow-relativistic-recovery.md,tex-wiki,PASS,2026-06-08T00:53:31Z,Current canonical ontology package; does not prove the broader first-principles GR derivation is solved.,true,PDF-ONTOLOGY-AETHER-FLOW-RELATIVISTIC-RECOVERY,ontology/pdfs/aether_flow_relativistic_recovery.pdf,benchmark_claim,canonical_ontology,accepted,gr_benchmark
TEX-RESEARCH-CONTROL-GATE0-ONTOLOGY-FORMALIZATION,research_control/tasks/RT-20260608-002/artifacts/01_GATE0_ONTOLOGY_FORMALIZATION.tex,tex,science_draft,draft_control_artifact,humans_and_agents,50717913a6ef3d2df0f75d7ba83c5c56688d7659a7b7b4a662613435b24c8444,TEX-ONTOLOGY-AETHER-FLOW-FOUNDATIONS;TEX-ONTOLOGY-AETHER-FLOW-DYNAMICS;TEX-ONTOLOGY-AETHER-FLOW-GEOMETRY;TEX-ONTOLOGY-AETHER-FLOW-EXACT-CLOSURE-NOTE,,wiki/tex/tex-research-control-gate0-ontology-formalization.md,tex-wiki,PASS,2026-06-08T22:03:50Z,Gate 0 source-side formalization draft for research-control task RT-20260608-002,false,,,proposal,draft,not_applicable,control_only
TEX-RESEARCH-CONTROL-LOCALIZATION-CANDIDATE-PACKET,research_control/tasks/RT-20260608-003/artifacts/02_LOCALIZATION_CANDIDATE_PACKET.tex,tex,science_draft,draft_control_artifact,humans_and_agents,c450598597528ea28b8f63482f24ee8884748398e3bf7c945dd968719cbad2fc,TEX-RESEARCH-CONTROL-GATE0-ONTOLOGY-FORMALIZATION;TEX-ONTOLOGY-AETHER-FLOW-FOUNDATIONS;TEX-ONTOLOGY-AETHER-FLOW-DYNAMICS;TEX-ONTOLOGY-AETHER-FLOW-GEOMETRY;TEX-ONTOLOGY-AETHER-FLOW-EXACT-CLOSURE-NOTE,,wiki/tex/tex-research-control-localization-candidate-packet.md,tex-wiki,PASS,2026-06-08T22:17:47Z,Candidate localization packet for research-control task RT-20260608-003,false,,,proposal,draft,not_applicable,control_only
TEX-RESEARCH-CONTROL-LOCALIZATION-REPAIR-REFUTATION,research_control/tasks/RT-20260608-006/artifacts/05_LOCALIZATION_REPAIR_REFUTATION.tex,tex,science_draft,draft_control_artifact,humans_and_agents,1430a4e4a6fd5da677c98328abcdd2205e478e4aa306f81019142f40c51c1ac6,TEX-RESEARCH-CONTROL-LOCALIZATION-SOURCE-REPAIR-PACKET;TEX-RESEARCH-CONTROL-LOCALIZATION-SMUGGLING-AUDIT;TEX-RESEARCH-CONTROL-LOCALIZATION-CANDIDATE-PACKET;TEX-RESEARCH-CONTROL-GATE0-ONTOLOGY-FORMALIZATION,,wiki/tex/tex-research-control-localization-repair-refutation.md,tex-wiki,PASS,2026-06-09T00:04:12Z,Localization repair refutation for research-control task RT-20260608-006,false,,,rejected,stopped_negative_result,not_applicable,control_only
TEX-RESEARCH-CONTROL-LOCALIZATION-SMUGGLING-AUDIT,research_control/tasks/RT-20260608-004/artifacts/03_LOCALIZATION_SMUGGLING_AUDIT.tex,tex,science_draft,draft_control_artifact,humans_and_agents,665dc12e7244e2f7b40891e497f6830034a167d85d621e27678f47da93ff03d0,TEX-RESEARCH-CONTROL-LOCALIZATION-CANDIDATE-PACKET;TEX-RESEARCH-CONTROL-GATE0-ONTOLOGY-FORMALIZATION,,wiki/tex/tex-research-control-localization-smuggling-audit.md,tex-wiki,PASS,2026-06-08T23:41:47Z,Smuggling audit for research-control task RT-20260608-004,false,,,proposal,draft,not_applicable,control_only
TEX-RESEARCH-CONTROL-LOCALIZATION-SOURCE-BASIS-AXIOM-BENCHMARK-INDEPENDENCE-REFUTATION,research_control/tasks/RT-20260608-012/artifacts/11_LOCALIZATION_SOURCE_BASIS_AXIOM_BENCHMARK_INDEPENDENCE_REFUTATION.tex,tex,science_draft,draft_control_artifact,humans_and_agents,d8ffe8c1d8deec3b27977b360a2c25f299dfeacc77c0ae65404e42cd2523c496,TEX-RESEARCH-CONTROL-LOCALIZATION-SOURCE-BASIS-AXIOM-SMUGGLING-AUDIT;TEX-RESEARCH-CONTROL-LOCALIZATION-SOURCE-BASIS-AXIOM-JUSTIFICATION;TEX-RESEARCH-CONTROL-LOCALIZATION-SOURCE-BASIS-CONSERVATIVITY-REFUTATION;TEX-RESEARCH-CONTROL-LOCALIZATION-SOURCE-BASIS-SMUGGLING-AUDIT;TEX-RESEARCH-CONTROL-LOCALIZATION-SOURCE-BASIS-FORMALIZATION;TEX-RESEARCH-CONTROL-GATE0-ONTOLOGY-FORMALIZATION,,wiki/tex/tex-research-control-localization-source-basis-axiom-benchmark-independence-refutation.md,tex-wiki,PASS,2026-06-09T13:53:43Z,Source-basis axiom benchmark-independence refutation for research-control task RT-20260608-012,false,,,rejected,stopped_negative_result,not_applicable,control_only
TEX-RESEARCH-CONTROL-LOCALIZATION-SOURCE-BASIS-AXIOM-JUSTIFICATION,research_control/tasks/RT-20260608-010/artifacts/09_LOCALIZATION_SOURCE_BASIS_AXIOM_JUSTIFICATION.tex,tex,science_draft,draft_control_artifact,humans_and_agents,aa44ab21768e62b990498caadb8a741cbe704a09339d80823f32c8c6e27aaef7,TEX-RESEARCH-CONTROL-LOCALIZATION-SOURCE-BASIS-CONSERVATIVITY-REFUTATION;TEX-RESEARCH-CONTROL-LOCALIZATION-SOURCE-BASIS-SMUGGLING-AUDIT;TEX-RESEARCH-CONTROL-LOCALIZATION-SOURCE-BASIS-FORMALIZATION;TEX-RESEARCH-CONTROL-GATE0-ONTOLOGY-FORMALIZATION,,wiki/tex/tex-research-control-localization-source-basis-axiom-justification.md,tex-wiki,PASS,2026-06-09T00:46:46Z,Minimal source-basis axiom justification for research-control task RT-20260608-010,false,,,proposal,draft,not_applicable,control_only
TEX-RESEARCH-CONTROL-LOCALIZATION-SOURCE-BASIS-AXIOM-SELECTION-LAW-BENCHMARK-INDEPENDENCE-REFUTATION,research_control/tasks/RT-20260608-015/artifacts/14_LOCALIZATION_SOURCE_BASIS_AXIOM_SELECTION_LAW_BENCHMARK_INDEPENDENCE_REFUTATION.tex,tex,science_draft,draft_control_artifact,humans_and_agents,590abce4589771f5fecbab92625477e8bf48e2c100e28ce75313cc4a0886e3ca,TEX-RESEARCH-CONTROL-LOCALIZATION-SOURCE-BASIS-AXIOM-SELECTION-LAW-SMUGGLING-AUDIT;TEX-RESEARCH-CONTROL-LOCALIZATION-SOURCE-BASIS-AXIOM-SELECTION-LAW-PACKET;TEX-RESEARCH-CONTROL-LOCALIZATION-SOURCE-BASIS-AXIOM-BENCHMARK-INDEPENDENCE-REFUTATION;TEX-RESEARCH-CONTROL-LOCALIZATION-SOURCE-BASIS-AXIOM-SMUGGLING-AUDIT;TEX-RESEARCH-CONTROL-LOCALIZATION-SOURCE-BASIS-AXIOM-JUSTIFICATION;TEX-RESEARCH-CONTROL-LOCALIZATION-SOURCE-BASIS-CONSERVATIVITY-REFUTATION;TEX-RESEARCH-CONTROL-LOCALIZATION-SOURCE-BASIS-SMUGGLING-AUDIT;TEX-RESEARCH-CONTROL-LOCALIZATION-SOURCE-BASIS-FORMALIZATION;TEX-RESEARCH-CONTROL-GATE0-ONTOLOGY-FORMALIZATION,,wiki/tex/tex-research-control-localization-source-basis-axiom-selection-law-benchmark-independence-refutation.md,tex-wiki,PASS,2026-06-09T23:40:31Z,Source-basis axiom selection-law benchmark-independence refutation for research-control task RT-20260608-015,false,,,rejected,stopped_negative_result,not_applicable,control_only
TEX-RESEARCH-CONTROL-LOCALIZATION-SOURCE-BASIS-AXIOM-SELECTION-LAW-PACKET,research_control/tasks/RT-20260608-013/artifacts/12_LOCALIZATION_SOURCE_BASIS_AXIOM_SELECTION_LAW_PACKET.tex,tex,science_draft,draft_control_artifact,humans_and_agents,265e68aff2b120853744c0bde7904e021d2b75e0518f77f58b8e5cccc5a99cce,TEX-RESEARCH-CONTROL-LOCALIZATION-SOURCE-BASIS-AXIOM-BENCHMARK-INDEPENDENCE-REFUTATION;TEX-RESEARCH-CONTROL-LOCALIZATION-SOURCE-BASIS-AXIOM-SMUGGLING-AUDIT;TEX-RESEARCH-CONTROL-LOCALIZATION-SOURCE-BASIS-AXIOM-JUSTIFICATION;TEX-RESEARCH-CONTROL-LOCALIZATION-SOURCE-BASIS-CONSERVATIVITY-REFUTATION;TEX-RESEARCH-CONTROL-LOCALIZATION-SOURCE-BASIS-SMUGGLING-AUDIT;TEX-RESEARCH-CONTROL-LOCALIZATION-SOURCE-BASIS-FORMALIZATION;TEX-RESEARCH-CONTROL-GATE0-ONTOLOGY-FORMALIZATION,,wiki/tex/tex-research-control-localization-source-basis-axiom-selection-law-packet.md,tex-wiki,PASS,2026-06-09T14:04:04Z,Source-basis axiom selection-law packet for research-control task RT-20260608-013,false,,,proposal,draft,not_applicable,control_only
TEX-RESEARCH-CONTROL-LOCALIZATION-SOURCE-BASIS-AXIOM-SELECTION-LAW-SMUGGLING-AUDIT,research_control/tasks/RT-20260608-014/artifacts/13_LOCALIZATION_SOURCE_BASIS_AXIOM_SELECTION_LAW_SMUGGLING_AUDIT.tex,tex,science_draft,draft_control_artifact,humans_and_agents,a449d139c568216c86efa2033fcb364dfc1d88658f66eea13773cf767a36f61e,TEX-RESEARCH-CONTROL-LOCALIZATION-SOURCE-BASIS-AXIOM-SELECTION-LAW-PACKET;TEX-RESEARCH-CONTROL-LOCALIZATION-SOURCE-BASIS-AXIOM-BENCHMARK-INDEPENDENCE-REFUTATION;TEX-RESEARCH-CONTROL-LOCALIZATION-SOURCE-BASIS-AXIOM-SMUGGLING-AUDIT;TEX-RESEARCH-CONTROL-LOCALIZATION-SOURCE-BASIS-AXIOM-JUSTIFICATION;TEX-RESEARCH-CONTROL-LOCALIZATION-SOURCE-BASIS-CONSERVATIVITY-REFUTATION;TEX-RESEARCH-CONTROL-LOCALIZATION-SOURCE-BASIS-SMUGGLING-AUDIT;TEX-RESEARCH-CONTROL-LOCALIZATION-SOURCE-BASIS-FORMALIZATION;TEX-RESEARCH-CONTROL-GATE0-ONTOLOGY-FORMALIZATION,,wiki/tex/tex-research-control-localization-source-basis-axiom-selection-law-smuggling-audit.md,tex-wiki,PASS,2026-06-09T23:33:06Z,Source-basis axiom selection-law smuggling audit for research-control task RT-20260608-014,false,,,rejected,stopped_negative_result,not_applicable,control_only
TEX-RESEARCH-CONTROL-LOCALIZATION-SOURCE-BASIS-AXIOM-SELECTOR-DOMAIN-BENCHMARK-INDEPENDENCE-REFUTATION,research_control/tasks/RT-20260608-018/artifacts/17_LOCALIZATION_SOURCE_BASIS_AXIOM_SELECTOR_DOMAIN_BENCHMARK_INDEPENDENCE_REFUTATION.tex,tex,science_draft,draft_control_artifact,humans_and_agents,7627791ca1120522c82d2053888a57b76589d48d4f623920a122c9791352fb68,TEX-RESEARCH-CONTROL-LOCALIZATION-SOURCE-BASIS-AXIOM-SELECTOR-DOMAIN-SMUGGLING-AUDIT;TEX-RESEARCH-CONTROL-LOCALIZATION-SOURCE-BASIS-AXIOM-SELECTOR-DOMAIN-REPAIR-PACKET;TEX-RESEARCH-CONTROL-LOCALIZATION-SOURCE-BASIS-AXIOM-SELECTION-LAW-BENCHMARK-INDEPENDENCE-REFUTATION;TEX-RESEARCH-CONTROL-LOCALIZATION-SOURCE-BASIS-AXIOM-SELECTION-LAW-SMUGGLING-AUDIT;TEX-RESEARCH-CONTROL-LOCALIZATION-SOURCE-BASIS-AXIOM-SELECTION-LAW-PACKET;TEX-RESEARCH-CONTROL-LOCALIZATION-SOURCE-BASIS-AXIOM-BENCHMARK-INDEPENDENCE-REFUTATION;TEX-RESEARCH-CONTROL-LOCALIZATION-SOURCE-BASIS-AXIOM-SMUGGLING-AUDIT;TEX-RESEARCH-CONTROL-LOCALIZATION-SOURCE-BASIS-AXIOM-JUSTIFICATION;TEX-RESEARCH-CONTROL-LOCALIZATION-SOURCE-BASIS-CONSERVATIVITY-REFUTATION;TEX-RESEARCH-CONTROL-LOCALIZATION-SOURCE-BASIS-SMUGGLING-AUDIT;TEX-RESEARCH-CONTROL-LOCALIZATION-SOURCE-BASIS-FORMALIZATION;TEX-RESEARCH-CONTROL-GATE0-ONTOLOGY-FORMALIZATION,,wiki/tex/tex-research-control-localization-source-basis-axiom-selector-domain-benchmark-independence-refutation.md,tex-wiki,PASS,2026-06-10T00:22:08Z,Source-basis axiom selector-domain benchmark-independence refutation for research-control task RT-20260608-018,false,,,rejected,stopped_negative_result,not_applicable,control_only
TEX-RESEARCH-CONTROL-LOCALIZATION-SOURCE-BASIS-AXIOM-SELECTOR-DOMAIN-EQSRC-ALTERNATIVE-BRANCH-FAMILY-GUARD-STABILITY-SOURCE-PACKET,research_control/tasks/RT-20260614-016/artifacts/57_LOCALIZATION_SOURCE_BASIS_AXIOM_SELECTOR_DOMAIN_EQSRC_ALTERNATIVE_BRANCH_FAMILY_GUARD_STABILITY_SOURCE_PACKET.tex,tex,science_draft,draft_control_artifact,humans_and_agents,7de79c7aee86715cf24fb2231e2a7e9029417bcf05cca5455af711ca5b86b160,TEX-RESEARCH-CONTROL-LOCALIZATION-SOURCE-BASIS-AXIOM-SELECTOR-DOMAIN-EQSRC-BRANCH-REFINEMENT-EXTENSION-OBSTRUCTION-PACKET-OR-CONTROLLED-PAUSE;TEX-RESEARCH-CONTROL-LOCALIZATION-SOURCE-BASIS-AXIOM-SELECTOR-DOMAIN-EQSRC-BRANCH-REFINEMENT-EXTENSION-DATUM-REFUTER-STRESS-TEST;TEX-RESEARCH-CONTROL-LOCALIZATION-SOURCE-BASIS-AXIOM-SELECTOR-DOMAIN-EQSRC-BRANCH-REFINEMENT-EXTENSION-DATUM-SMUGGLING-AUDIT;TEX-RESEARCH-CONTROL-LOCALIZATION-SOURCE-BASIS-AXIOM-SELECTOR-DOMAIN-EQSRC-BRANCH-REFINEMENT-EXTENSION-DATUM,,wiki/tex/tex-research-control-localization-source-basis-axiom-selector-domain-eqsrc-alternative-branch-family-guard-stability-source-packet.md,tex-wiki,PASS,2026-06-15T03:12:25Z,EqSrc alternative branch-family guard-stability source packet for research-control task RT-20260614-016,false,,,proposal,draft,not_applicable,control_only
TEX-RESEARCH-CONTROL-LOCALIZATION-SOURCE-BASIS-AXIOM-SELECTOR-DOMAIN-EQSRC-ALTERNATIVE-BRANCH-FAMILY-GUARD-STABILITY-SOURCE-PACKET-REFUTER-STRESS-TEST,research_control/tasks/RT-20260614-018/artifacts/59_LOCALIZATION_SOURCE_BASIS_AXIOM_SELECTOR_DOMAIN_EQSRC_ALTERNATIVE_BRANCH_FAMILY_GUARD_STABILITY_SOURCE_PACKET_REFUTER_STRESS_TEST.tex,tex,science_draft,draft_control_artifact,humans_and_agents,a5be780c1430625f0d0320e6bce20021ae2bfc55d282f896895048226820f54d,TEX-RESEARCH-CONTROL-LOCALIZATION-SOURCE-BASIS-AXIOM-SELECTOR-DOMAIN-EQSRC-ALTERNATIVE-BRANCH-FAMILY-GUARD-STABILITY-SOURCE-PACKET-SMUGGLING-AUDIT;TEX-RESEARCH-CONTROL-LOCALIZATION-SOURCE-BASIS-AXIOM-SELECTOR-DOMAIN-EQSRC-ALTERNATIVE-BRANCH-FAMILY-GUARD-STABILITY-SOURCE-PACKET;TEX-RESEARCH-CONTROL-LOCALIZATION-SOURCE-BASIS-AXIOM-SELECTOR-DOMAIN-EQSRC-BRANCH-REFINEMENT-EXTENSION-DATUM-REFUTER-STRESS-TEST,,wiki/tex/tex-research-control-localization-source-basis-axiom-selector-domain-eqsrc-alternative-branch-family-guard-stability-source-packet-refuter-stress-test.md,tex-wiki,PASS,2026-06-15T03:43:53Z,EqSrc alternative branch-family guard-stability source packet Refuter stress test for research-control task RT-20260614-018,false,,,rejected,stopped_negative_result,not_applicable,control_only
TEX-RESEARCH-CONTROL-LOCALIZATION-SOURCE-BASIS-AXIOM-SELECTOR-DOMAIN-EQSRC-ALTERNATIVE-BRANCH-FAMILY-GUARD-STABILITY-SOURCE-PACKET-SMUGGLING-AUDIT,research_control/tasks/RT-20260614-017/artifacts/58_LOCALIZATION_SOURCE_BASIS_AXIOM_SELECTOR_DOMAIN_EQSRC_ALTERNATIVE_BRANCH_FAMILY_GUARD_STABILITY_SOURCE_PACKET_SMUGGLING_AUDIT.tex,tex,science_draft,draft_control_artifact,humans_and_agents,cc5ff42972dcb39dd100564a95b568c0b4add822bb6615ded4d973350ffb7503,TEX-RESEARCH-CONTROL-LOCALIZATION-SOURCE-BASIS-AXIOM-SELECTOR-DOMAIN-EQSRC-ALTERNATIVE-BRANCH-FAMILY-GUARD-STABILITY-SOURCE-PACKET;TEX-RESEARCH-CONTROL-LOCALIZATION-SOURCE-BASIS-AXIOM-SELECTOR-DOMAIN-EQSRC-BRANCH-REFINEMENT-EXTENSION-DATUM-SMUGGLING-AUDIT;TEX-RESEARCH-CONTROL-LOCALIZATION-SOURCE-BASIS-AXIOM-SELECTOR-DOMAIN-EQSRC-BRANCH-REFINEMENT-EXTENSION-OBSTRUCTION-PACKET-OR-CONTROLLED-PAUSE;TEX-RESEARCH-CONTROL-LOCALIZATION-SOURCE-BASIS-AXIOM-SELECTOR-DOMAIN-EQSRC-BRANCH-REFINEMENT-EXTENSION-DATUM-REFUTER-STRESS-TEST,,wiki/tex/tex-research-control-localization-source-basis-axiom-selector-domain-eqsrc-alternative-branch-family-guard-stability-source-packet-smuggling-audit.md,tex-wiki,PASS,2026-06-15T03:25:46Z,EqSrc alternative branch-family guard-stability source packet smuggling audit for research-control task RT-20260614-017,false,,,proposal,draft,not_applicable,control_only
TEX-RESEARCH-CONTROL-LOCALIZATION-SOURCE-BASIS-AXIOM-SELECTOR-DOMAIN-EQSRC-BRANCH-REFINEMENT-EXTENSION-DATUM,research_control/tasks/RT-20260614-012/artifacts/53_LOCALIZATION_SOURCE_BASIS_AXIOM_SELECTOR_DOMAIN_EQSRC_BRANCH_REFINEMENT_EXTENSION_DATUM.tex,tex,science_draft,draft_control_artifact,humans_and_agents,afd115d0612a209c7ecd76553769ee465676bfe70ccf83721fb047c81709cea3,TEX-RESEARCH-CONTROL-LOCALIZATION-SOURCE-BASIS-AXIOM-SELECTOR-DOMAIN-EQSRC-NON-ORBIT-REFINEMENT-FAMILY-EXTENSION-OBSTRUCTION-PACKET-OR-CONTROLLED-PAUSE;TEX-RESEARCH-CONTROL-LOCALIZATION-SOURCE-BASIS-AXIOM-SELECTOR-DOMAIN-EQSRC-NON-ORBIT-REFINEMENT-FAMILY-DATUM-REFUTER-STRESS-TEST;TEX-RESEARCH-CONTROL-LOCALIZATION-SOURCE-BASIS-AXIOM-SELECTOR-DOMAIN-EQSRC-NON-ORBIT-REFINEMENT-FAMILY-DATUM-SMUGGLING-AUDIT;TEX-RESEARCH-CONTROL-LOCALIZATION-SOURCE-BASIS-AXIOM-SELECTOR-DOMAIN-EQSRC-NON-ORBIT-REFINEMENT-FAMILY-DATUM,,wiki/tex/tex-research-control-localization-source-basis-axiom-selector-domain-eqsrc-branch-refinement-extension-datum.md,tex-wiki,PASS,2026-06-15T01:09:22Z,EqSrc branch-refinement extension datum for research-control task RT-20260614-012,false,,,proposal,draft,not_applicable,control_only
TEX-RESEARCH-CONTROL-LOCALIZATION-SOURCE-BASIS-AXIOM-SELECTOR-DOMAIN-EQSRC-BRANCH-REFINEMENT-EXTENSION-DATUM-REFUTER-STRESS-TEST,research_control/tasks/RT-20260614-014/artifacts/55_LOCALIZATION_SOURCE_BASIS_AXIOM_SELECTOR_DOMAIN_EQSRC_BRANCH_REFINEMENT_EXTENSION_DATUM_REFUTER_STRESS_TEST.tex,tex,science_draft,draft_control_artifact,humans_and_agents,a841b7abf5475226572aa1269f196d83e4c69b19f375b51c549644e222988a7f,TEX-RESEARCH-CONTROL-LOCALIZATION-SOURCE-BASIS-AXIOM-SELECTOR-DOMAIN-EQSRC-BRANCH-REFINEMENT-EXTENSION-DATUM-SMUGGLING-AUDIT;TEX-RESEARCH-CONTROL-LOCALIZATION-SOURCE-BASIS-AXIOM-SELECTOR-DOMAIN-EQSRC-BRANCH-REFINEMENT-EXTENSION-DATUM;TEX-RESEARCH-CONTROL-LOCALIZATION-SOURCE-BASIS-AXIOM-SELECTOR-DOMAIN-EQSRC-NON-ORBIT-REFINEMENT-FAMILY-EXTENSION-OBSTRUCTION-PACKET-OR-CONTROLLED-PAUSE,,wiki/tex/tex-research-control-localization-source-basis-axiom-selector-domain-eqsrc-branch-refinement-extension-datum-refuter-stress-test.md,tex-wiki,PASS,2026-06-15T02:30:01Z,EqSrc branch-refinement extension datum Refuter stress test for research-control task RT-20260614-014,false,,,rejected,stopped_negative_result,not_applicable,control_only
TEX-RESEARCH-CONTROL-LOCALIZATION-SOURCE-BASIS-AXIOM-SELECTOR-DOMAIN-EQSRC-BRANCH-REFINEMENT-EXTENSION-DATUM-SMUGGLING-AUDIT,research_control/tasks/RT-20260614-013/artifacts/54_LOCALIZATION_SOURCE_BASIS_AXIOM_SELECTOR_DOMAIN_EQSRC_BRANCH_REFINEMENT_EXTENSION_DATUM_SMUGGLING_AUDIT.tex,tex,science_draft,draft_control_artifact,humans_and_agents,713e9b642114c1b4c5a1c80d18799990adaf877a2dbc615230460c4672e74d21,TEX-RESEARCH-CONTROL-LOCALIZATION-SOURCE-BASIS-AXIOM-SELECTOR-DOMAIN-EQSRC-BRANCH-REFINEMENT-EXTENSION-DATUM;TEX-RESEARCH-CONTROL-LOCALIZATION-SOURCE-BASIS-AXIOM-SELECTOR-DOMAIN-EQSRC-NON-ORBIT-REFINEMENT-FAMILY-EXTENSION-OBSTRUCTION-PACKET-OR-CONTROLLED-PAUSE,,wiki/tex/tex-research-control-localization-source-basis-axiom-selector-domain-eqsrc-branch-refinement-extension-datum-smuggling-audit.md,tex-wiki,PASS,2026-06-15T01:31:07Z,EqSrc branch-refinement extension datum smuggling audit for research-control task RT-20260614-013,false,,,proposal,draft,not_applicable,control_only
TEX-RESEARCH-CONTROL-LOCALIZATION-SOURCE-BASIS-AXIOM-SELECTOR-DOMAIN-EQSRC-BRANCH-REFINEMENT-EXTENSION-OBSTRUCTION-PACKET-OR-CONTROLLED-PAUSE,research_control/tasks/RT-20260614-015/artifacts/56_LOCALIZATION_SOURCE_BASIS_AXIOM_SELECTOR_DOMAIN_EQSRC_BRANCH_REFINEMENT_EXTENSION_OBSTRUCTION_PACKET_OR_CONTROLLED_PAUSE.tex,tex,science_draft,draft_control_artifact,humans_and_agents,856002761f8abb9ee444953db35786bfaaf4e85ed47fc519d2a1126e39cc3a7a,TEX-RESEARCH-CONTROL-LOCALIZATION-SOURCE-BASIS-AXIOM-SELECTOR-DOMAIN-EQSRC-BRANCH-REFINEMENT-EXTENSION-DATUM-REFUTER-STRESS-TEST;TEX-RESEARCH-CONTROL-LOCALIZATION-SOURCE-BASIS-AXIOM-SELECTOR-DOMAIN-EQSRC-BRANCH-REFINEMENT-EXTENSION-DATUM-SMUGGLING-AUDIT;TEX-RESEARCH-CONTROL-LOCALIZATION-SOURCE-BASIS-AXIOM-SELECTOR-DOMAIN-EQSRC-BRANCH-REFINEMENT-EXTENSION-DATUM;TEX-RESEARCH-CONTROL-LOCALIZATION-SOURCE-BASIS-AXIOM-SELECTOR-DOMAIN-EQSRC-NON-ORBIT-REFINEMENT-FAMILY-EXTENSION-OBSTRUCTION-PACKET-OR-CONTROLLED-PAUSE,,wiki/tex/tex-research-control-localization-source-basis-axiom-selector-domain-eqsrc-branch-refinement-extension-obstruction-packet-or-controlled-pause.md,tex-wiki,PASS,2026-06-15T02:57:40Z,EqSrc branch-refinement extension obstruction packet or controlled pause for research-control task RT-20260614-015,false,,,rejected,stopped_negative_result,not_applicable,control_only
TEX-RESEARCH-CONTROL-LOCALIZATION-SOURCE-BASIS-AXIOM-SELECTOR-DOMAIN-EQSRC-LEDGER-COMPLETE-SOURCE-FAMILY-GENERATOR-PACKET,research_control/tasks/RT-20260614-020/artifacts/61_LOCALIZATION_SOURCE_BASIS_AXIOM_SELECTOR_DOMAIN_EQSRC_LEDGER_COMPLETE_SOURCE_FAMILY_GENERATOR_PACKET.tex,tex,science_draft,draft_control_artifact,humans_and_agents,51e6bfb4822044fb08f6253851aa52b74c86603bc34f21a74a576eb862f660f7,TEX-RESEARCH-CONTROL-LOCALIZATION-SOURCE-BASIS-AXIOM-SELECTOR-DOMAIN-EQSRC-TRI-FAMILY-OBSTRUCTION-PACKET-OR-CONTROLLED-PAUSE;TEX-RESEARCH-CONTROL-LOCALIZATION-SOURCE-BASIS-AXIOM-SELECTOR-DOMAIN-EQSRC-ALTERNATIVE-BRANCH-FAMILY-GUARD-STABILITY-SOURCE-PACKET-REFUTER-STRESS-TEST;TEX-RESEARCH-CONTROL-LOCALIZATION-SOURCE-BASIS-AXIOM-SELECTOR-DOMAIN-EQSRC-ALTERNATIVE-BRANCH-FAMILY-GUARD-STABILITY-SOURCE-PACKET-SMUGGLING-AUDIT;TEX-RESEARCH-CONTROL-LOCALIZATION-SOURCE-BASIS-AXIOM-SELECTOR-DOMAIN-EQSRC-ALTERNATIVE-BRANCH-FAMILY-GUARD-STABILITY-SOURCE-PACKET,,wiki/tex/tex-research-control-localization-source-basis-axiom-selector-domain-eqsrc-ledger-complete-source-family-generator-packet.md,tex-wiki,PASS,2026-06-15T04:24:53Z,EqSrc ledger-complete source-family generator packet for research-control task RT-20260614-020,false,,,proposal,draft,not_applicable,control_only
TEX-RESEARCH-CONTROL-LOCALIZATION-SOURCE-BASIS-AXIOM-SELECTOR-DOMAIN-EQSRC-LEDGER-COMPLETE-SOURCE-FAMILY-GENERATOR-PACKET-AUDITED-OBSLOC-OBSERVER-READOUT-BRIDGE-ATTEMPT,research_control/tasks/RT-20260614-038/artifacts/79_LOCALIZATION_SOURCE_BASIS_AXIOM_SELECTOR_DOMAIN_EQSRC_LEDGER_COMPLETE_SOURCE_FAMILY_GENERATOR_PACKET_AUDITED_OBSLOC_OBSERVER_READOUT_BRIDGE_ATTEMPT.tex,tex,science_draft,draft_control_artifact,humans_and_agents,9926a03217f3575101617ff98ddb6ca017e211ee2071083bdd30188ce9825da2,TEX-RESEARCH-CONTROL-LOCALIZATION-SOURCE-BASIS-AXIOM-SELECTOR-DOMAIN-EQSRC-LEDGER-COMPLETE-SOURCE-FAMILY-GENERATOR-PACKET-OBSERVER-LOCALIZING-SOLDERING-RULE-CONCRETE-WITNESS-SMUGGLING-AUDIT;TEX-RESEARCH-CONTROL-LOCALIZATION-SOURCE-BASIS-AXIOM-SELECTOR-DOMAIN-EQSRC-LEDGER-COMPLETE-SOURCE-FAMILY-GENERATOR-PACKET-OBSERVER-LOCALIZING-SOLDERING-RULE-CONCRETE-WITNESS;TEX-RESEARCH-CONTROL-LOCALIZATION-SOURCE-BASIS-AXIOM-SELECTOR-DOMAIN-EQSRC-LEDGER-COMPLETE-SOURCE-FAMILY-GENERATOR-PACKET-OBSERVER-READOUT-BRIDGE-ATTEMPT;TEX-RESEARCH-CONTROL-LOCALIZATION-SOURCE-BASIS-AXIOM-SELECTOR-DOMAIN-EQSRC-LEDGER-COMPLETE-SOURCE-FAMILY-GENERATOR-PACKET,,wiki/tex/tex-research-control-localization-source-basis-axiom-selector-domain-eqsrc-ledger-complete-source-family-generator-packet-audited-obsloc-observer-readout-bridge-attempt.md,tex-wiki,PASS,2026-06-16T23:14:27Z,EqSrc ledger-complete source-family generator audited ObsLoc_lc observer-readout bridge attempt for research-control task RT-20260614-038,false,,,proposal,draft,not_applicable,control_only
TEX-RESEARCH-CONTROL-LOCALIZATION-SOURCE-BASIS-AXIOM-SELECTOR-DOMAIN-EQSRC-LEDGER-COMPLETE-SOURCE-FAMILY-GENERATOR-PACKET-AUDITED-OBSLOC-OBSERVER-READOUT-BRIDGE-MAP-REFUTER-STRESS-TEST,research_control/tasks/RT-20260614-040/artifacts/81_LOCALIZATION_SOURCE_BASIS_AXIOM_SELECTOR_DOMAIN_EQSRC_LEDGER_COMPLETE_SOURCE_FAMILY_GENERATOR_PACKET_AUDITED_OBSLOC_OBSERVER_READOUT_BRIDGE_MAP_REFUTER_STRESS_TEST.tex,tex,science_draft,draft_control_artifact,humans_and_agents,5bf212b30a77aa0627713188c6dc3380d989e8d57d791e43d8dc4afa9a4cd5fc,TEX-RESEARCH-CONTROL-LOCALIZATION-SOURCE-BASIS-AXIOM-SELECTOR-DOMAIN-EQSRC-LEDGER-COMPLETE-SOURCE-FAMILY-GENERATOR-PACKET-AUDITED-OBSLOC-OBSERVER-READOUT-BRIDGE-MAP-SMUGGLING-AUDIT;TEX-RESEARCH-CONTROL-LOCALIZATION-SOURCE-BASIS-AXIOM-SELECTOR-DOMAIN-EQSRC-LEDGER-COMPLETE-SOURCE-FAMILY-GENERATOR-PACKET-AUDITED-OBSLOC-OBSERVER-READOUT-BRIDGE-ATTEMPT;TEX-RESEARCH-CONTROL-LOCALIZATION-SOURCE-BASIS-AXIOM-SELECTOR-DOMAIN-EQSRC-LEDGER-COMPLETE-SOURCE-FAMILY-GENERATOR-PACKET-OBSERVER-LOCALIZING-SOLDERING-RULE-CONCRETE-WITNESS-SMUGGLING-AUDIT,,wiki/tex/tex-research-control-localization-source-basis-axiom-selector-domain-eqsrc-ledger-complete-source-family-generator-packet-audited-obsloc-observer-readout-bridge-map-refuter-stress-test.md,tex-wiki,PASS,2026-06-17T00:46:41Z,EqSrc ledger-complete source-family generator audited ObsLoc_lc source observer-readout bridge map Refuter stress test for research-control task RT-20260614-040,false,,,proposal,draft,not_applicable,control_only
TEX-RESEARCH-CONTROL-LOCALIZATION-SOURCE-BASIS-AXIOM-SELECTOR-DOMAIN-EQSRC-LEDGER-COMPLETE-SOURCE-FAMILY-GENERATOR-PACKET-AUDITED-OBSLOC-OBSERVER-READOUT-BRIDGE-MAP-SMUGGLING-AUDIT,research_control/tasks/RT-20260614-039/artifacts/80_LOCALIZATION_SOURCE_BASIS_AXIOM_SELECTOR_DOMAIN_EQSRC_LEDGER_COMPLETE_SOURCE_FAMILY_GENERATOR_PACKET_AUDITED_OBSLOC_OBSERVER_READOUT_BRIDGE_MAP_SMUGGLING_AUDIT.tex,tex,science_draft,draft_control_artifact,humans_and_agents,e5aa1f9a013de7f9226cf3e7aba0ff36d2d77878a1c1e823215c86212414f071,TEX-RESEARCH-CONTROL-LOCALIZATION-SOURCE-BASIS-AXIOM-SELECTOR-DOMAIN-EQSRC-LEDGER-COMPLETE-SOURCE-FAMILY-GENERATOR-PACKET-AUDITED-OBSLOC-OBSERVER-READOUT-BRIDGE-ATTEMPT;TEX-RESEARCH-CONTROL-LOCALIZATION-SOURCE-BASIS-AXIOM-SELECTOR-DOMAIN-EQSRC-LEDGER-COMPLETE-SOURCE-FAMILY-GENERATOR-PACKET-OBSERVER-LOCALIZING-SOLDERING-RULE-CONCRETE-WITNESS-SMUGGLING-AUDIT;TEX-RESEARCH-CONTROL-LOCALIZATION-SOURCE-BASIS-AXIOM-SELECTOR-DOMAIN-EQSRC-LEDGER-COMPLETE-SOURCE-FAMILY-GENERATOR-PACKET-OBSERVER-LOCALIZING-SOLDERING-RULE-CONCRETE-WITNESS,,wiki/tex/tex-research-control-localization-source-basis-axiom-selector-domain-eqsrc-ledger-complete-source-family-generator-packet-audited-obsloc-observer-readout-bridge-map-smuggling-audit.md,tex-wiki,PASS,2026-06-17T00:24:14Z,EqSrc ledger-complete source-family generator audited ObsLoc_lc source observer-readout bridge map smuggling audit for research-control task RT-20260614-039,false,,,proposal,draft,not_applicable,control_only
TEX-RESEARCH-CONTROL-LOCALIZATION-SOURCE-BASIS-AXIOM-SELECTOR-DOMAIN-EQSRC-LEDGER-COMPLETE-SOURCE-FAMILY-GENERATOR-PACKET-AUDITED-OBSLOC-OBSERVER-READOUT-METRIC-RESPONSE-LAW-BRIDGE-ATTEMPT,research_control/tasks/RT-20260614-041/artifacts/82_LOCALIZATION_SOURCE_BASIS_AXIOM_SELECTOR_DOMAIN_EQSRC_LEDGER_COMPLETE_SOURCE_FAMILY_GENERATOR_PACKET_AUDITED_OBSLOC_OBSERVER_READOUT_METRIC_RESPONSE_LAW_BRIDGE_ATTEMPT.tex,tex,science_draft,draft_control_artifact,humans_and_agents,82d6dcad65c919ce0ed0cf90c8c8ab22d1c292a4dbfcf48b20ca6ead3bfd5e36,TEX-RESEARCH-CONTROL-LOCALIZATION-SOURCE-BASIS-AXIOM-SELECTOR-DOMAIN-EQSRC-LEDGER-COMPLETE-SOURCE-FAMILY-GENERATOR-PACKET-AUDITED-OBSLOC-OBSERVER-READOUT-BRIDGE-MAP-REFUTER-STRESS-TEST;TEX-RESEARCH-CONTROL-LOCALIZATION-SOURCE-BASIS-AXIOM-SELECTOR-DOMAIN-EQSRC-LEDGER-COMPLETE-SOURCE-FAMILY-GENERATOR-PACKET-AUDITED-OBSLOC-OBSERVER-READOUT-BRIDGE-MAP-SMUGGLING-AUDIT;TEX-RESEARCH-CONTROL-LOCALIZATION-SOURCE-BASIS-AXIOM-SELECTOR-DOMAIN-EQSRC-LEDGER-COMPLETE-SOURCE-FAMILY-GENERATOR-PACKET-AUDITED-OBSLOC-OBSERVER-READOUT-BRIDGE-ATTEMPT,,wiki/tex/tex-research-control-localization-source-basis-axiom-selector-domain-eqsrc-ledger-complete-source-family-generator-packet-audited-obsloc-observer-readout-metric-response-law-bridge-attempt.md,tex-wiki,PASS,2026-06-17T02:14:43Z,EqSrc ledger-complete source-family generator audited ObsLoc_lc source observer-readout metric-response-law bridge attempt for research-control task RT-20260614-041,false,,,proposal,draft,not_applicable,control_only
TEX-RESEARCH-CONTROL-LOCALIZATION-SOURCE-BASIS-AXIOM-SELECTOR-DOMAIN-EQSRC-LEDGER-COMPLETE-SOURCE-FAMILY-GENERATOR-PACKET-AUDITED-OBSLOC-OBSERVER-READOUT-RESP-LC-SOURCE-RESPONSE-OBSTRUCTION-THEOREM,research_control/tasks/RT-20260614-042/artifacts/83_LOCALIZATION_SOURCE_BASIS_AXIOM_SELECTOR_DOMAIN_EQSRC_LEDGER_COMPLETE_SOURCE_FAMILY_GENERATOR_PACKET_AUDITED_OBSLOC_OBSERVER_READOUT_RESP_LC_SOURCE_RESPONSE_OBSTRUCTION_THEOREM.tex,tex,science_draft,draft_control_artifact,humans_and_agents,32abfcc47134a3b41ee91c8105948cfec6f28152899242c03d6e031fcdbabe62,TEX-RESEARCH-CONTROL-LOCALIZATION-SOURCE-BASIS-AXIOM-SELECTOR-DOMAIN-EQSRC-LEDGER-COMPLETE-SOURCE-FAMILY-GENERATOR-PACKET-AUDITED-OBSLOC-OBSERVER-READOUT-METRIC-RESPONSE-LAW-BRIDGE-ATTEMPT;TEX-RESEARCH-CONTROL-LOCALIZATION-SOURCE-BASIS-AXIOM-SELECTOR-DOMAIN-EQSRC-LEDGER-COMPLETE-SOURCE-FAMILY-GENERATOR-PACKET-AUDITED-OBSLOC-OBSERVER-READOUT-BRIDGE-MAP-REFUTER-STRESS-TEST;TEX-RESEARCH-CONTROL-LOCALIZATION-SOURCE-BASIS-AXIOM-SELECTOR-DOMAIN-EQSRC-LEDGER-COMPLETE-SOURCE-FAMILY-GENERATOR-PACKET-AUDITED-OBSLOC-OBSERVER-READOUT-BRIDGE-MAP-SMUGGLING-AUDIT,,wiki/tex/tex-research-control-localization-source-basis-axiom-selector-domain-eqsrc-ledger-complete-source-family-generator-packet-audited-obsloc-observer-readout-resp-lc-source-response-obstruction-theorem.md,tex-wiki,PASS,2026-06-17T03:42:04Z,EqSrc ledger-complete source-family generator audited ObsLoc_lc source observer-readout Resp_lc source-response obstruction theorem for research-control task RT-20260614-042,false,,,proposal,draft,not_applicable,control_only
TEX-RESEARCH-CONTROL-LOCALIZATION-SOURCE-BASIS-AXIOM-SELECTOR-DOMAIN-EQSRC-LEDGER-COMPLETE-SOURCE-FAMILY-GENERATOR-PACKET-AUDITED-OBSLOC-OBSERVER-READOUT-RESP-LC-SOURCE-RESPONSE-OBSTRUCTION-THEOREM-REFUTER-STRESS-TEST,research_control/tasks/RT-20260614-043/artifacts/84_LOCALIZATION_SOURCE_BASIS_AXIOM_SELECTOR_DOMAIN_EQSRC_LEDGER_COMPLETE_SOURCE_FAMILY_GENERATOR_PACKET_AUDITED_OBSLOC_OBSERVER_READOUT_RESP_LC_SOURCE_RESPONSE_OBSTRUCTION_THEOREM_REFUTER_STRESS_TEST.tex,tex,science_draft,draft_control_artifact,humans_and_agents,60b7c073b038a65231e564bfcd783fd7ea4fbda1fb3e38f87c03fa04fe52ef2c,TEX-RESEARCH-CONTROL-LOCALIZATION-SOURCE-BASIS-AXIOM-SELECTOR-DOMAIN-EQSRC-LEDGER-COMPLETE-SOURCE-FAMILY-GENERATOR-PACKET-AUDITED-OBSLOC-OBSERVER-READOUT-RESP-LC-SOURCE-RESPONSE-OBSTRUCTION-THEOREM;TEX-RESEARCH-CONTROL-LOCALIZATION-SOURCE-BASIS-AXIOM-SELECTOR-DOMAIN-EQSRC-LEDGER-COMPLETE-SOURCE-FAMILY-GENERATOR-PACKET-AUDITED-OBSLOC-OBSERVER-READOUT-METRIC-RESPONSE-LAW-BRIDGE-ATTEMPT;TEX-RESEARCH-CONTROL-LOCALIZATION-SOURCE-BASIS-AXIOM-SELECTOR-DOMAIN-EQSRC-LEDGER-COMPLETE-SOURCE-FAMILY-GENERATOR-PACKET-AUDITED-OBSLOC-OBSERVER-READOUT-BRIDGE-MAP-REFUTER-STRESS-TEST,,wiki/tex/tex-research-control-localization-source-basis-axiom-selector-domain-eqsrc-ledger-complete-source-family-generator-packet-audited-obsloc-observer-readout-resp-lc-source-response-obstruction-theorem-refuter-stress-test.md,tex-wiki,PASS,2026-06-17T03:53:15Z,EqSrc ledger-complete source-family generator audited ObsLoc_lc source observer-readout Resp_lc source-response obstruction theorem Refuter stress test for research-control task RT-20260614-043,false,,,rejected,stopped_negative_result,not_applicable,control_only
TEX-RESEARCH-CONTROL-LOCALIZATION-SOURCE-BASIS-AXIOM-SELECTOR-DOMAIN-EQSRC-LEDGER-COMPLETE-SOURCE-FAMILY-GENERATOR-PACKET-AUDITED-OBSLOC-OBSERVER-READOUT-RESP-LC-SOURCE-SIDE-IRRELEVANCE-THEOREM-TEST,research_control/tasks/RT-20260614-045/artifacts/86_LOCALIZATION_SOURCE_BASIS_AXIOM_SELECTOR_DOMAIN_EQSRC_LEDGER_COMPLETE_SOURCE_FAMILY_GENERATOR_PACKET_AUDITED_OBSLOC_OBSERVER_READOUT_RESP_LC_SOURCE_SIDE_IRRELEVANCE_THEOREM_TEST.tex,tex,science_draft,draft_control_artifact,humans_and_agents,b2a0f6c62c52b9f322193bfa2540831fb7dd81b6689e4a675b825b9a524a650a,TEX-RESEARCH-CONTROL-LOCALIZATION-SOURCE-BASIS-AXIOM-SELECTOR-DOMAIN-EQSRC-LEDGER-COMPLETE-SOURCE-FAMILY-GENERATOR-PACKET-AUDITED-OBSLOC-OBSERVER-READOUT-RESP-LC-SOURCE-RESPONSE-OBSTRUCTION-THEOREM-REFUTER-STRESS-TEST;TEX-RESEARCH-CONTROL-LOCALIZATION-SOURCE-BASIS-AXIOM-SELECTOR-DOMAIN-EQSRC-LEDGER-COMPLETE-SOURCE-FAMILY-GENERATOR-PACKET-AUDITED-OBSLOC-OBSERVER-READOUT-RESP-LC-SOURCE-RESPONSE-OBSTRUCTION-THEOREM;TEX-RESEARCH-CONTROL-LOCALIZATION-SOURCE-BASIS-AXIOM-SELECTOR-DOMAIN-EQSRC-LEDGER-COMPLETE-SOURCE-FAMILY-GENERATOR-PACKET-AUDITED-OBSLOC-OBSERVER-READOUT-METRIC-RESPONSE-LAW-BRIDGE-ATTEMPT,,wiki/tex/tex-research-control-localization-source-basis-axiom-selector-domain-eqsrc-ledger-complete-source-family-generator-packet-audited-obsloc-observer-readout-resp-lc-source-side-irrelevance-theorem-test.md,tex-wiki,PASS,2026-06-17T05:04:43Z,EqSrc ledger-complete source-family generator audited ObsLoc_lc source observer-readout Resp_lc source-side irrelevance theorem test for research-control task RT-20260614-045,false,,,rejected,stopped_negative_result,not_applicable,control_only
TEX-RESEARCH-CONTROL-LOCALIZATION-SOURCE-BASIS-AXIOM-SELECTOR-DOMAIN-EQSRC-LEDGER-COMPLETE-SOURCE-FAMILY-GENERATOR-PACKET-AUDITED-OBSLOC-OBSERVER-READOUT-RESP-LC-SOURCE-SIDE-SELECTOR-INSTANTIATION-REFUTER-STRESS-TEST,research_control/tasks/RT-20260614-048/artifacts/89_LOCALIZATION_SOURCE_BASIS_AXIOM_SELECTOR_DOMAIN_EQSRC_LEDGER_COMPLETE_SOURCE_FAMILY_GENERATOR_PACKET_AUDITED_OBSLOC_OBSERVER_READOUT_RESP_LC_SOURCE_SIDE_SELECTOR_INSTANTIATION_REFUTER_STRESS_TEST.tex,tex,science_draft,draft_control_artifact,humans_and_agents,0894310329e6c9e25a4274411d0fae71af68b93b7274f6786d6714603099466b,TEX-RESEARCH-CONTROL-LOCALIZATION-SOURCE-BASIS-AXIOM-SELECTOR-DOMAIN-EQSRC-LEDGER-COMPLETE-SOURCE-FAMILY-GENERATOR-PACKET-AUDITED-OBSLOC-OBSERVER-READOUT-RESP-LC-SOURCE-SIDE-SELECTOR-PRIMITIVE-SMUGGLING-AUDIT;TEX-RESEARCH-CONTROL-LOCALIZATION-SOURCE-BASIS-AXIOM-SELECTOR-DOMAIN-EQSRC-LEDGER-COMPLETE-SOURCE-FAMILY-GENERATOR-PACKET-AUDITED-OBSLOC-OBSERVER-READOUT-RESP-LC-SOURCE-SIDE-SELECTOR-PRIMITIVE-PACKET;TEX-RESEARCH-CONTROL-LOCALIZATION-SOURCE-BASIS-AXIOM-SELECTOR-DOMAIN-EQSRC-LEDGER-COMPLETE-SOURCE-FAMILY-GENERATOR-PACKET-AUDITED-OBSLOC-OBSERVER-READOUT-RESP-LC-SOURCE-SIDE-IRRELEVANCE-THEOREM-TEST,,wiki/tex/tex-research-control-localization-source-basis-axiom-selector-domain-eqsrc-ledger-complete-source-family-generator-packet-audited-obsloc-observer-readout-resp-lc-source-side-selector-instantiation-refuter-stress-test.md,tex-wiki,PASS,2026-06-17T05:40:52Z,EqSrc ledger-complete source-family generator audited ObsLoc_lc source observer-readout Resp_lc source-side selector instantiation Refuter stress test for research-control task RT-20260614-048,false,,,rejected,stopped_negative_result,not_applicable,control_only
TEX-RESEARCH-CONTROL-LOCALIZATION-SOURCE-BASIS-AXIOM-SELECTOR-DOMAIN-EQSRC-LEDGER-COMPLETE-SOURCE-FAMILY-GENERATOR-PACKET-AUDITED-OBSLOC-OBSERVER-READOUT-RESP-LC-SOURCE-SIDE-SELECTOR-NO-GO-THEOREM-PACKET,research_control/tasks/RT-20260614-050/artifacts/91_LOCALIZATION_SOURCE_BASIS_AXIOM_SELECTOR_DOMAIN_EQSRC_LEDGER_COMPLETE_SOURCE_FAMILY_GENERATOR_PACKET_AUDITED_OBSLOC_OBSERVER_READOUT_RESP_LC_SOURCE_SIDE_SELECTOR_NO_GO_THEOREM_PACKET.tex,tex,science_draft,draft_control_artifact,humans_and_agents,3a10b9f55a51b7fbba2e9a45d74f13f6189e399d747e4df0a3885670045ce142,TEX-RESEARCH-CONTROL-LOCALIZATION-SOURCE-BASIS-AXIOM-SELECTOR-DOMAIN-EQSRC-LEDGER-COMPLETE-SOURCE-FAMILY-GENERATOR-PACKET-AUDITED-OBSLOC-OBSERVER-READOUT-RESP-LC-SOURCE-SIDE-SELECTOR-INSTANTIATION-REFUTER-STRESS-TEST;TEX-RESEARCH-CONTROL-LOCALIZATION-SOURCE-BASIS-AXIOM-SELECTOR-DOMAIN-EQSRC-LEDGER-COMPLETE-SOURCE-FAMILY-GENERATOR-PACKET-AUDITED-OBSLOC-OBSERVER-READOUT-RESP-LC-SOURCE-SIDE-SELECTOR-PRIMITIVE-SMUGGLING-AUDIT;TEX-RESEARCH-CONTROL-LOCALIZATION-SOURCE-BASIS-AXIOM-SELECTOR-DOMAIN-EQSRC-LEDGER-COMPLETE-SOURCE-FAMILY-GENERATOR-PACKET-AUDITED-OBSLOC-OBSERVER-READOUT-RESP-LC-SOURCE-SIDE-SELECTOR-PRIMITIVE-PACKET;TEX-RESEARCH-CONTROL-LOCALIZATION-SOURCE-BASIS-AXIOM-SELECTOR-DOMAIN-EQSRC-LEDGER-COMPLETE-SOURCE-FAMILY-GENERATOR-PACKET-AUDITED-OBSLOC-OBSERVER-READOUT-RESP-LC-SOURCE-SIDE-IRRELEVANCE-THEOREM-TEST,,wiki/tex/tex-research-control-localization-source-basis-axiom-selector-domain-eqsrc-ledger-complete-source-family-generator-packet-audited-obsloc-observer-readout-resp-lc-source-side-selector-no-go-theorem-packet.md,tex-wiki,PASS,2026-06-17T06:10:40Z,EqSrc ledger-complete source-family generator audited ObsLoc_lc source observer-readout Resp_lc source-side selector no-go theorem packet for research-control task RT-20260614-050,false,,,rejected,stopped_negative_result,not_applicable,control_only
TEX-RESEARCH-CONTROL-LOCALIZATION-SOURCE-BASIS-AXIOM-SELECTOR-DOMAIN-EQSRC-LEDGER-COMPLETE-SOURCE-FAMILY-GENERATOR-PACKET-AUDITED-OBSLOC-OBSERVER-READOUT-RESP-LC-SOURCE-SIDE-SELECTOR-PRIMITIVE-PACKET,research_control/tasks/RT-20260614-046/artifacts/87_LOCALIZATION_SOURCE_BASIS_AXIOM_SELECTOR_DOMAIN_EQSRC_LEDGER_COMPLETE_SOURCE_FAMILY_GENERATOR_PACKET_AUDITED_OBSLOC_OBSERVER_READOUT_RESP_LC_SOURCE_SIDE_SELECTOR_PRIMITIVE_PACKET.tex,tex,science_draft,draft_control_artifact,humans_and_agents,6635df6462d0e9dff0efe6c4f0fd1d949969379b18fc34551f5fc0a357d249b3,TEX-RESEARCH-CONTROL-LOCALIZATION-SOURCE-BASIS-AXIOM-SELECTOR-DOMAIN-EQSRC-LEDGER-COMPLETE-SOURCE-FAMILY-GENERATOR-PACKET-AUDITED-OBSLOC-OBSERVER-READOUT-RESP-LC-SOURCE-SIDE-IRRELEVANCE-THEOREM-TEST;TEX-RESEARCH-CONTROL-LOCALIZATION-SOURCE-BASIS-AXIOM-SELECTOR-DOMAIN-EQSRC-LEDGER-COMPLETE-SOURCE-FAMILY-GENERATOR-PACKET-AUDITED-OBSLOC-OBSERVER-READOUT-RESP-LC-SOURCE-RESPONSE-OBSTRUCTION-THEOREM-REFUTER-STRESS-TEST;TEX-RESEARCH-CONTROL-LOCALIZATION-SOURCE-BASIS-AXIOM-SELECTOR-DOMAIN-EQSRC-LEDGER-COMPLETE-SOURCE-FAMILY-GENERATOR-PACKET-AUDITED-OBSLOC-OBSERVER-READOUT-RESP-LC-SOURCE-RESPONSE-OBSTRUCTION-THEOREM,,wiki/tex/tex-research-control-localization-source-basis-axiom-selector-domain-eqsrc-ledger-complete-source-family-generator-packet-audited-obsloc-observer-readout-resp-lc-source-side-selector-primitive-packet.md,tex-wiki,PASS,2026-06-17T05:16:13Z,EqSrc ledger-complete source-family generator audited ObsLoc_lc source observer-readout Resp_lc source-side selector primitive packet for research-control task RT-20260614-046,false,,,proposal,draft,not_applicable,control_only
TEX-RESEARCH-CONTROL-LOCALIZATION-SOURCE-BASIS-AXIOM-SELECTOR-DOMAIN-EQSRC-LEDGER-COMPLETE-SOURCE-FAMILY-GENERATOR-PACKET-AUDITED-OBSLOC-OBSERVER-READOUT-RESP-LC-SOURCE-SIDE-SELECTOR-PRIMITIVE-SMUGGLING-AUDIT,research_control/tasks/RT-20260614-047/artifacts/88_LOCALIZATION_SOURCE_BASIS_AXIOM_SELECTOR_DOMAIN_EQSRC_LEDGER_COMPLETE_SOURCE_FAMILY_GENERATOR_PACKET_AUDITED_OBSLOC_OBSERVER_READOUT_RESP_LC_SOURCE_SIDE_SELECTOR_PRIMITIVE_SMUGGLING_AUDIT.tex,tex,science_draft,draft_control_artifact,humans_and_agents,2823e428bac42aaadf154bc6d613a4493dfc24559cc362a451b928b5590ecca2,TEX-RESEARCH-CONTROL-LOCALIZATION-SOURCE-BASIS-AXIOM-SELECTOR-DOMAIN-EQSRC-LEDGER-COMPLETE-SOURCE-FAMILY-GENERATOR-PACKET-AUDITED-OBSLOC-OBSERVER-READOUT-RESP-LC-SOURCE-SIDE-SELECTOR-PRIMITIVE-PACKET;TEX-RESEARCH-CONTROL-LOCALIZATION-SOURCE-BASIS-AXIOM-SELECTOR-DOMAIN-EQSRC-LEDGER-COMPLETE-SOURCE-FAMILY-GENERATOR-PACKET-AUDITED-OBSLOC-OBSERVER-READOUT-RESP-LC-SOURCE-SIDE-IRRELEVANCE-THEOREM-TEST;TEX-RESEARCH-CONTROL-LOCALIZATION-SOURCE-BASIS-AXIOM-SELECTOR-DOMAIN-EQSRC-LEDGER-COMPLETE-SOURCE-FAMILY-GENERATOR-PACKET-AUDITED-OBSLOC-OBSERVER-READOUT-RESP-LC-SOURCE-RESPONSE-OBSTRUCTION-THEOREM-REFUTER-STRESS-TEST,,wiki/tex/tex-research-control-localization-source-basis-axiom-selector-domain-eqsrc-ledger-complete-source-family-generator-packet-audited-obsloc-observer-readout-resp-lc-source-side-selector-primitive-smuggling-audit.md,tex-wiki,PASS,2026-06-17T05:28:00Z,EqSrc ledger-complete source-family generator audited ObsLoc_lc source observer-readout Resp_lc source-side selector primitive smuggling audit for research-control task RT-20260614-047,false,,,proposal,draft,not_applicable,control_only
TEX-RESEARCH-CONTROL-LOCALIZATION-SOURCE-BASIS-AXIOM-SELECTOR-DOMAIN-EQSRC-LEDGER-COMPLETE-SOURCE-FAMILY-GENERATOR-PACKET-FINITE-EXAMPLE-READOUT-WITNESS,research_control/tasks/RT-20260614-026/artifacts/67_LOCALIZATION_SOURCE_BASIS_AXIOM_SELECTOR_DOMAIN_EQSRC_LEDGER_COMPLETE_SOURCE_FAMILY_GENERATOR_PACKET_FINITE_EXAMPLE_READOUT_WITNESS.tex,tex,science_draft,draft_control_artifact,humans_and_agents,29b81e77411ee5f96019758f87123e6de2989f1dbb7dc66bd7dce4223ce78ba6,TEX-RESEARCH-CONTROL-LOCALIZATION-SOURCE-BASIS-AXIOM-SELECTOR-DOMAIN-EQSRC-LEDGER-COMPLETE-SOURCE-FAMILY-GENERATOR-PACKET-PRE-BRIDGE-ADEQUACY-REFUTER-STRESS-TEST;TEX-RESEARCH-CONTROL-LOCALIZATION-SOURCE-BASIS-AXIOM-SELECTOR-DOMAIN-EQSRC-LEDGER-COMPLETE-SOURCE-FAMILY-GENERATOR-PACKET-PRE-BRIDGE-ADEQUACY-SMUGGLING-AUDIT;TEX-RESEARCH-CONTROL-LOCALIZATION-SOURCE-BASIS-AXIOM-SELECTOR-DOMAIN-EQSRC-LEDGER-COMPLETE-SOURCE-FAMILY-GENERATOR-PACKET-PRE-BRIDGE-ADEQUACY;TEX-RESEARCH-CONTROL-LOCALIZATION-SOURCE-BASIS-AXIOM-SELECTOR-DOMAIN-EQSRC-LEDGER-COMPLETE-SOURCE-FAMILY-GENERATOR-PACKET,,wiki/tex/tex-research-control-localization-source-basis-axiom-selector-domain-eqsrc-ledger-complete-source-family-generator-packet-finite-example-readout-witness.md,tex-wiki,PASS,2026-06-16T01:04:53Z,EqSrc ledger-complete source-family generator finite example and readout witness packet for research-control task RT-20260614-026,false,,,proposal,draft,not_applicable,control_only
TEX-RESEARCH-CONTROL-LOCALIZATION-SOURCE-BASIS-AXIOM-SELECTOR-DOMAIN-EQSRC-LEDGER-COMPLETE-SOURCE-FAMILY-GENERATOR-PACKET-FINITE-EXAMPLE-READOUT-WITNESS-REFUTER-STRESS-TEST,research_control/tasks/RT-20260614-028/artifacts/69_LOCALIZATION_SOURCE_BASIS_AXIOM_SELECTOR_DOMAIN_EQSRC_LEDGER_COMPLETE_SOURCE_FAMILY_GENERATOR_PACKET_FINITE_EXAMPLE_READOUT_WITNESS_REFUTER_STRESS_TEST.tex,tex,science_draft,draft_control_artifact,humans_and_agents,76bf761b141b5b389dccc140d5b096cadcb944fbd5b8e78d5b9310cbfc91c4fc,TEX-RESEARCH-CONTROL-LOCALIZATION-SOURCE-BASIS-AXIOM-SELECTOR-DOMAIN-EQSRC-LEDGER-COMPLETE-SOURCE-FAMILY-GENERATOR-PACKET-FINITE-EXAMPLE-READOUT-WITNESS-SMUGGLING-AUDIT;TEX-RESEARCH-CONTROL-LOCALIZATION-SOURCE-BASIS-AXIOM-SELECTOR-DOMAIN-EQSRC-LEDGER-COMPLETE-SOURCE-FAMILY-GENERATOR-PACKET-FINITE-EXAMPLE-READOUT-WITNESS;TEX-RESEARCH-CONTROL-LOCALIZATION-SOURCE-BASIS-AXIOM-SELECTOR-DOMAIN-EQSRC-LEDGER-COMPLETE-SOURCE-FAMILY-GENERATOR-PACKET-PRE-BRIDGE-ADEQUACY-REFUTER-STRESS-TEST;TEX-RESEARCH-CONTROL-LOCALIZATION-SOURCE-BASIS-AXIOM-SELECTOR-DOMAIN-EQSRC-LEDGER-COMPLETE-SOURCE-FAMILY-GENERATOR-PACKET-PRE-BRIDGE-ADEQUACY-SMUGGLING-AUDIT;TEX-RESEARCH-CONTROL-LOCALIZATION-SOURCE-BASIS-AXIOM-SELECTOR-DOMAIN-EQSRC-LEDGER-COMPLETE-SOURCE-FAMILY-GENERATOR-PACKET-PRE-BRIDGE-ADEQUACY;TEX-RESEARCH-CONTROL-LOCALIZATION-SOURCE-BASIS-AXIOM-SELECTOR-DOMAIN-EQSRC-LEDGER-COMPLETE-SOURCE-FAMILY-GENERATOR-PACKET,,wiki/tex/tex-research-control-localization-source-basis-axiom-selector-domain-eqsrc-ledger-complete-source-family-generator-packet-finite-example-readout-witness-refuter-stress-test.md,tex-wiki,PASS,2026-06-16T03:10:03Z,EqSrc ledger-complete source-family generator finite example and readout witness Refuter stress test for research-control task RT-20260614-028,false,,,rejected,stopped_negative_result,not_applicable,control_only
TEX-RESEARCH-CONTROL-LOCALIZATION-SOURCE-BASIS-AXIOM-SELECTOR-DOMAIN-EQSRC-LEDGER-COMPLETE-SOURCE-FAMILY-GENERATOR-PACKET-FINITE-EXAMPLE-READOUT-WITNESS-SMUGGLING-AUDIT,research_control/tasks/RT-20260614-027/artifacts/68_LOCALIZATION_SOURCE_BASIS_AXIOM_SELECTOR_DOMAIN_EQSRC_LEDGER_COMPLETE_SOURCE_FAMILY_GENERATOR_PACKET_FINITE_EXAMPLE_READOUT_WITNESS_SMUGGLING_AUDIT.tex,tex,science_draft,draft_control_artifact,humans_and_agents,6740e9e168bed5b6cf349005fb8c7c5ab32a1787307d2b1999fc5dee572add4d,TEX-RESEARCH-CONTROL-LOCALIZATION-SOURCE-BASIS-AXIOM-SELECTOR-DOMAIN-EQSRC-LEDGER-COMPLETE-SOURCE-FAMILY-GENERATOR-PACKET-FINITE-EXAMPLE-READOUT-WITNESS;TEX-RESEARCH-CONTROL-LOCALIZATION-SOURCE-BASIS-AXIOM-SELECTOR-DOMAIN-EQSRC-LEDGER-COMPLETE-SOURCE-FAMILY-GENERATOR-PACKET-PRE-BRIDGE-ADEQUACY-REFUTER-STRESS-TEST;TEX-RESEARCH-CONTROL-LOCALIZATION-SOURCE-BASIS-AXIOM-SELECTOR-DOMAIN-EQSRC-LEDGER-COMPLETE-SOURCE-FAMILY-GENERATOR-PACKET-PRE-BRIDGE-ADEQUACY-SMUGGLING-AUDIT;TEX-RESEARCH-CONTROL-LOCALIZATION-SOURCE-BASIS-AXIOM-SELECTOR-DOMAIN-EQSRC-LEDGER-COMPLETE-SOURCE-FAMILY-GENERATOR-PACKET-PRE-BRIDGE-ADEQUACY;TEX-RESEARCH-CONTROL-LOCALIZATION-SOURCE-BASIS-AXIOM-SELECTOR-DOMAIN-EQSRC-LEDGER-COMPLETE-SOURCE-FAMILY-GENERATOR-PACKET,,wiki/tex/tex-research-control-localization-source-basis-axiom-selector-domain-eqsrc-ledger-complete-source-family-generator-packet-finite-example-readout-witness-smuggling-audit.md,tex-wiki,PASS,2026-06-16T02:41:42Z,EqSrc ledger-complete source-family generator finite example and readout witness smuggling audit for research-control task RT-20260614-027,false,,,proposal,draft,not_applicable,control_only
TEX-RESEARCH-CONTROL-LOCALIZATION-SOURCE-BASIS-AXIOM-SELECTOR-DOMAIN-EQSRC-LEDGER-COMPLETE-SOURCE-FAMILY-GENERATOR-PACKET-FINITE-VARIATION-REPAIR-OR-CONTROLLED-PAUSE-PACKET,research_control/tasks/RT-20260614-032/artifacts/73_LOCALIZATION_SOURCE_BASIS_AXIOM_SELECTOR_DOMAIN_EQSRC_LEDGER_COMPLETE_SOURCE_FAMILY_GENERATOR_PACKET_FINITE_VARIATION_REPAIR_OR_CONTROLLED_PAUSE_PACKET.tex,tex,science_draft,draft_control_artifact,humans_and_agents,3e9b7a24030b3b8e5df941d199206dc57d35aba8b2b32392413df34feadf8079,TEX-RESEARCH-CONTROL-LOCALIZATION-SOURCE-BASIS-AXIOM-SELECTOR-DOMAIN-EQSRC-LEDGER-COMPLETE-SOURCE-FAMILY-GENERATOR-PACKET-FINITE-VARIATION-ROBUSTNESS-READOUT-DISCRIMINANT-OBLIGATION-PACKET-REFUTER-STRESS-TEST;TEX-RESEARCH-CONTROL-LOCALIZATION-SOURCE-BASIS-AXIOM-SELECTOR-DOMAIN-EQSRC-LEDGER-COMPLETE-SOURCE-FAMILY-GENERATOR-PACKET-FINITE-VARIATION-ROBUSTNESS-READOUT-DISCRIMINANT-OBLIGATION-PACKET-SMUGGLING-AUDIT;TEX-RESEARCH-CONTROL-LOCALIZATION-SOURCE-BASIS-AXIOM-SELECTOR-DOMAIN-EQSRC-LEDGER-COMPLETE-SOURCE-FAMILY-GENERATOR-PACKET-FINITE-VARIATION-ROBUSTNESS-READOUT-DISCRIMINANT-OBLIGATION-PACKET;TEX-RESEARCH-CONTROL-LOCALIZATION-SOURCE-BASIS-AXIOM-SELECTOR-DOMAIN-EQSRC-LEDGER-COMPLETE-SOURCE-FAMILY-GENERATOR-PACKET,,wiki/tex/tex-research-control-localization-source-basis-axiom-selector-domain-eqsrc-ledger-complete-source-family-generator-packet-finite-variation-repair-or-controlled-pause-packet.md,tex-wiki,PASS,2026-06-16T04:00:25Z,EqSrc ledger-complete source-family generator finite-variation repair-or-controlled-pause packet for research-control task RT-20260614-032,false,,,proposal,draft,not_applicable,control_only
TEX-RESEARCH-CONTROL-LOCALIZATION-SOURCE-BASIS-AXIOM-SELECTOR-DOMAIN-EQSRC-LEDGER-COMPLETE-SOURCE-FAMILY-GENERATOR-PACKET-FINITE-VARIATION-REPAIR-OR-CONTROLLED-PAUSE-PACKET-REFUTER-STRESS-TEST,research_control/tasks/RT-20260614-034/artifacts/75_LOCALIZATION_SOURCE_BASIS_AXIOM_SELECTOR_DOMAIN_EQSRC_LEDGER_COMPLETE_SOURCE_FAMILY_GENERATOR_PACKET_FINITE_VARIATION_REPAIR_OR_CONTROLLED_PAUSE_PACKET_REFUTER_STRESS_TEST.tex,tex,science_draft,draft_control_artifact,humans_and_agents,f4f3eccf25e36a79c450f478d04d2d051a9a02474634b73dfe6e70ffcb63d3d0,TEX-RESEARCH-CONTROL-LOCALIZATION-SOURCE-BASIS-AXIOM-SELECTOR-DOMAIN-EQSRC-LEDGER-COMPLETE-SOURCE-FAMILY-GENERATOR-PACKET-FINITE-VARIATION-REPAIR-OR-CONTROLLED-PAUSE-PACKET-SMUGGLING-AUDIT;TEX-RESEARCH-CONTROL-LOCALIZATION-SOURCE-BASIS-AXIOM-SELECTOR-DOMAIN-EQSRC-LEDGER-COMPLETE-SOURCE-FAMILY-GENERATOR-PACKET-FINITE-VARIATION-REPAIR-OR-CONTROLLED-PAUSE-PACKET;TEX-RESEARCH-CONTROL-LOCALIZATION-SOURCE-BASIS-AXIOM-SELECTOR-DOMAIN-EQSRC-LEDGER-COMPLETE-SOURCE-FAMILY-GENERATOR-PACKET-FINITE-VARIATION-ROBUSTNESS-READOUT-DISCRIMINANT-OBLIGATION-PACKET-REFUTER-STRESS-TEST;TEX-RESEARCH-CONTROL-LOCALIZATION-SOURCE-BASIS-AXIOM-SELECTOR-DOMAIN-EQSRC-LEDGER-COMPLETE-SOURCE-FAMILY-GENERATOR-PACKET,,wiki/tex/tex-research-control-localization-source-basis-axiom-selector-domain-eqsrc-ledger-complete-source-family-generator-packet-finite-variation-repair-or-controlled-pause-packet-refuter-stress-test.md,tex-wiki,PASS,2026-06-16T19:50:34Z,EqSrc ledger-complete source-family generator finite-variation repair-or-controlled-pause packet Refuter stress test for research-control task RT-20260614-034,false,,,rejected,stopped_negative_result,not_applicable,control_only
TEX-RESEARCH-CONTROL-LOCALIZATION-SOURCE-BASIS-AXIOM-SELECTOR-DOMAIN-EQSRC-LEDGER-COMPLETE-SOURCE-FAMILY-GENERATOR-PACKET-FINITE-VARIATION-REPAIR-OR-CONTROLLED-PAUSE-PACKET-SMUGGLING-AUDIT,research_control/tasks/RT-20260614-033/artifacts/74_LOCALIZATION_SOURCE_BASIS_AXIOM_SELECTOR_DOMAIN_EQSRC_LEDGER_COMPLETE_SOURCE_FAMILY_GENERATOR_PACKET_FINITE_VARIATION_REPAIR_OR_CONTROLLED_PAUSE_PACKET_SMUGGLING_AUDIT.tex,tex,science_draft,draft_control_artifact,humans_and_agents,55b0a73d1b0e1ac9eed5cf0e3256d32920a736c9e25234ef62d3da0f407a145f,TEX-RESEARCH-CONTROL-LOCALIZATION-SOURCE-BASIS-AXIOM-SELECTOR-DOMAIN-EQSRC-LEDGER-COMPLETE-SOURCE-FAMILY-GENERATOR-PACKET-FINITE-VARIATION-REPAIR-OR-CONTROLLED-PAUSE-PACKET;TEX-RESEARCH-CONTROL-LOCALIZATION-SOURCE-BASIS-AXIOM-SELECTOR-DOMAIN-EQSRC-LEDGER-COMPLETE-SOURCE-FAMILY-GENERATOR-PACKET-FINITE-VARIATION-ROBUSTNESS-READOUT-DISCRIMINANT-OBLIGATION-PACKET-REFUTER-STRESS-TEST;TEX-RESEARCH-CONTROL-LOCALIZATION-SOURCE-BASIS-AXIOM-SELECTOR-DOMAIN-EQSRC-LEDGER-COMPLETE-SOURCE-FAMILY-GENERATOR-PACKET-FINITE-VARIATION-ROBUSTNESS-READOUT-DISCRIMINANT-OBLIGATION-PACKET-SMUGGLING-AUDIT;TEX-RESEARCH-CONTROL-LOCALIZATION-SOURCE-BASIS-AXIOM-SELECTOR-DOMAIN-EQSRC-LEDGER-COMPLETE-SOURCE-FAMILY-GENERATOR-PACKET-FINITE-VARIATION-ROBUSTNESS-READOUT-DISCRIMINANT-OBLIGATION-PACKET;TEX-RESEARCH-CONTROL-LOCALIZATION-SOURCE-BASIS-AXIOM-SELECTOR-DOMAIN-EQSRC-LEDGER-COMPLETE-SOURCE-FAMILY-GENERATOR-PACKET,,wiki/tex/tex-research-control-localization-source-basis-axiom-selector-domain-eqsrc-ledger-complete-source-family-generator-packet-finite-variation-repair-or-controlled-pause-packet-smuggling-audit.md,tex-wiki,PASS,2026-06-16T04:12:11Z,EqSrc ledger-complete source-family generator finite-variation repair-or-controlled-pause packet smuggling audit for research-control task RT-20260614-033,false,,,proposal,draft,not_applicable,control_only
TEX-RESEARCH-CONTROL-LOCALIZATION-SOURCE-BASIS-AXIOM-SELECTOR-DOMAIN-EQSRC-LEDGER-COMPLETE-SOURCE-FAMILY-GENERATOR-PACKET-FINITE-VARIATION-ROBUSTNESS-READOUT-DISCRIMINANT-OBLIGATION-PACKET,research_control/tasks/RT-20260614-029/artifacts/70_LOCALIZATION_SOURCE_BASIS_AXIOM_SELECTOR_DOMAIN_EQSRC_LEDGER_COMPLETE_SOURCE_FAMILY_GENERATOR_PACKET_FINITE_VARIATION_ROBUSTNESS_READOUT_DISCRIMINANT_OBLIGATION_PACKET.tex,tex,science_draft,draft_control_artifact,humans_and_agents,cd507a8fadd9059325aa6ebc7632f74759e81dc30de2e85b410f9fbc5c9c2618,TEX-RESEARCH-CONTROL-LOCALIZATION-SOURCE-BASIS-AXIOM-SELECTOR-DOMAIN-EQSRC-LEDGER-COMPLETE-SOURCE-FAMILY-GENERATOR-PACKET-FINITE-EXAMPLE-READOUT-WITNESS-REFUTER-STRESS-TEST;TEX-RESEARCH-CONTROL-LOCALIZATION-SOURCE-BASIS-AXIOM-SELECTOR-DOMAIN-EQSRC-LEDGER-COMPLETE-SOURCE-FAMILY-GENERATOR-PACKET-FINITE-EXAMPLE-READOUT-WITNESS-SMUGGLING-AUDIT;TEX-RESEARCH-CONTROL-LOCALIZATION-SOURCE-BASIS-AXIOM-SELECTOR-DOMAIN-EQSRC-LEDGER-COMPLETE-SOURCE-FAMILY-GENERATOR-PACKET-FINITE-EXAMPLE-READOUT-WITNESS;TEX-RESEARCH-CONTROL-LOCALIZATION-SOURCE-BASIS-AXIOM-SELECTOR-DOMAIN-EQSRC-LEDGER-COMPLETE-SOURCE-FAMILY-GENERATOR-PACKET-PRE-BRIDGE-ADEQUACY-REFUTER-STRESS-TEST;TEX-RESEARCH-CONTROL-LOCALIZATION-SOURCE-BASIS-AXIOM-SELECTOR-DOMAIN-EQSRC-LEDGER-COMPLETE-SOURCE-FAMILY-GENERATOR-PACKET,,wiki/tex/tex-research-control-localization-source-basis-axiom-selector-domain-eqsrc-ledger-complete-source-family-generator-packet-finite-variation-robustness-readout-discriminant-obligation-packet.md,tex-wiki,PASS,2026-06-16T03:25:49Z,EqSrc ledger-complete source-family generator finite-variation robustness and readout-discriminant obligation packet for research-control task RT-20260614-029,false,,,proposal,draft,not_applicable,control_only
TEX-RESEARCH-CONTROL-LOCALIZATION-SOURCE-BASIS-AXIOM-SELECTOR-DOMAIN-EQSRC-LEDGER-COMPLETE-SOURCE-FAMILY-GENERATOR-PACKET-FINITE-VARIATION-ROBUSTNESS-READOUT-DISCRIMINANT-OBLIGATION-PACKET-REFUTER-STRESS-TEST,research_control/tasks/RT-20260614-031/artifacts/72_LOCALIZATION_SOURCE_BASIS_AXIOM_SELECTOR_DOMAIN_EQSRC_LEDGER_COMPLETE_SOURCE_FAMILY_GENERATOR_PACKET_FINITE_VARIATION_ROBUSTNESS_READOUT_DISCRIMINANT_OBLIGATION_PACKET_REFUTER_STRESS_TEST.tex,tex,science_draft,draft_control_artifact,humans_and_agents,4d65bae9f7e49cd24ffb62f18da32d65c33a6e295c752ca9a8402680d8214607,TEX-RESEARCH-CONTROL-LOCALIZATION-SOURCE-BASIS-AXIOM-SELECTOR-DOMAIN-EQSRC-LEDGER-COMPLETE-SOURCE-FAMILY-GENERATOR-PACKET-FINITE-VARIATION-ROBUSTNESS-READOUT-DISCRIMINANT-OBLIGATION-PACKET-SMUGGLING-AUDIT;TEX-RESEARCH-CONTROL-LOCALIZATION-SOURCE-BASIS-AXIOM-SELECTOR-DOMAIN-EQSRC-LEDGER-COMPLETE-SOURCE-FAMILY-GENERATOR-PACKET-FINITE-VARIATION-ROBUSTNESS-READOUT-DISCRIMINANT-OBLIGATION-PACKET;TEX-RESEARCH-CONTROL-LOCALIZATION-SOURCE-BASIS-AXIOM-SELECTOR-DOMAIN-EQSRC-LEDGER-COMPLETE-SOURCE-FAMILY-GENERATOR-PACKET-FINITE-EXAMPLE-READOUT-WITNESS-REFUTER-STRESS-TEST;TEX-RESEARCH-CONTROL-LOCALIZATION-SOURCE-BASIS-AXIOM-SELECTOR-DOMAIN-EQSRC-LEDGER-COMPLETE-SOURCE-FAMILY-GENERATOR-PACKET,,wiki/tex/tex-research-control-localization-source-basis-axiom-selector-domain-eqsrc-ledger-complete-source-family-generator-packet-finite-variation-robustness-readout-discriminant-obligation-packet-refuter-stress-test.md,tex-wiki,PASS,2026-06-16T03:49:04Z,EqSrc ledger-complete source-family generator finite-variation robustness and readout-discriminant obligation packet Refuter stress test for research-control task RT-20260614-031,false,,,rejected,stopped_negative_result,not_applicable,control_only
TEX-RESEARCH-CONTROL-LOCALIZATION-SOURCE-BASIS-AXIOM-SELECTOR-DOMAIN-EQSRC-LEDGER-COMPLETE-SOURCE-FAMILY-GENERATOR-PACKET-FINITE-VARIATION-ROBUSTNESS-READOUT-DISCRIMINANT-OBLIGATION-PACKET-SMUGGLING-AUDIT,research_control/tasks/RT-20260614-030/artifacts/71_LOCALIZATION_SOURCE_BASIS_AXIOM_SELECTOR_DOMAIN_EQSRC_LEDGER_COMPLETE_SOURCE_FAMILY_GENERATOR_PACKET_FINITE_VARIATION_ROBUSTNESS_READOUT_DISCRIMINANT_OBLIGATION_PACKET_SMUGGLING_AUDIT.tex,tex,science_draft,draft_control_artifact,humans_and_agents,168f8f74fc8d43a5fdff777715eb3a75567f76a0bbee9e5dcd5b90b752e4f092,TEX-RESEARCH-CONTROL-LOCALIZATION-SOURCE-BASIS-AXIOM-SELECTOR-DOMAIN-EQSRC-LEDGER-COMPLETE-SOURCE-FAMILY-GENERATOR-PACKET-FINITE-VARIATION-ROBUSTNESS-READOUT-DISCRIMINANT-OBLIGATION-PACKET;TEX-RESEARCH-CONTROL-LOCALIZATION-SOURCE-BASIS-AXIOM-SELECTOR-DOMAIN-EQSRC-LEDGER-COMPLETE-SOURCE-FAMILY-GENERATOR-PACKET-FINITE-EXAMPLE-READOUT-WITNESS-REFUTER-STRESS-TEST;TEX-RESEARCH-CONTROL-LOCALIZATION-SOURCE-BASIS-AXIOM-SELECTOR-DOMAIN-EQSRC-LEDGER-COMPLETE-SOURCE-FAMILY-GENERATOR-PACKET-FINITE-EXAMPLE-READOUT-WITNESS-SMUGGLING-AUDIT;TEX-RESEARCH-CONTROL-LOCALIZATION-SOURCE-BASIS-AXIOM-SELECTOR-DOMAIN-EQSRC-LEDGER-COMPLETE-SOURCE-FAMILY-GENERATOR-PACKET-FINITE-EXAMPLE-READOUT-WITNESS;TEX-RESEARCH-CONTROL-LOCALIZATION-SOURCE-BASIS-AXIOM-SELECTOR-DOMAIN-EQSRC-LEDGER-COMPLETE-SOURCE-FAMILY-GENERATOR-PACKET,,wiki/tex/tex-research-control-localization-source-basis-axiom-selector-domain-eqsrc-ledger-complete-source-family-generator-packet-finite-variation-robustness-readout-discriminant-obligation-packet-smuggling-audit.md,tex-wiki,PASS,2026-06-16T03:37:50Z,EqSrc ledger-complete source-family generator finite-variation robustness and readout-discriminant obligation packet smuggling audit for research-control task RT-20260614-030,false,,,proposal,draft,not_applicable,control_only
TEX-RESEARCH-CONTROL-LOCALIZATION-SOURCE-BASIS-AXIOM-SELECTOR-DOMAIN-EQSRC-LEDGER-COMPLETE-SOURCE-FAMILY-GENERATOR-PACKET-OBSERVER-LOCALIZING-SOLDERING-RULE-CONCRETE-WITNESS,research_control/tasks/RT-20260614-036/artifacts/77_LOCALIZATION_SOURCE_BASIS_AXIOM_SELECTOR_DOMAIN_EQSRC_LEDGER_COMPLETE_SOURCE_FAMILY_GENERATOR_PACKET_OBSERVER_LOCALIZING_SOLDERING_RULE_CONCRETE_WITNESS.tex,tex,science_draft,draft_control_artifact,humans_and_agents,33961256457a059b9b7805c0c906f4336565ef62303ff5124f123f9599b4057f,TEX-RESEARCH-CONTROL-LOCALIZATION-SOURCE-BASIS-AXIOM-SELECTOR-DOMAIN-EQSRC-LEDGER-COMPLETE-SOURCE-FAMILY-GENERATOR-PACKET-OBSERVER-READOUT-BRIDGE-ATTEMPT;TEX-RESEARCH-CONTROL-LOCALIZATION-SOURCE-BASIS-AXIOM-SELECTOR-DOMAIN-EQSRC-LEDGER-COMPLETE-SOURCE-FAMILY-GENERATOR-PACKET-FINITE-VARIATION-REPAIR-OR-CONTROLLED-PAUSE-PACKET-REFUTER-STRESS-TEST;TEX-RESEARCH-CONTROL-LOCALIZATION-SOURCE-BASIS-AXIOM-SELECTOR-DOMAIN-EQSRC-LEDGER-COMPLETE-SOURCE-FAMILY-GENERATOR-PACKET-FINITE-VARIATION-REPAIR-OR-CONTROLLED-PAUSE-PACKET;TEX-RESEARCH-CONTROL-LOCALIZATION-SOURCE-BASIS-AXIOM-SELECTOR-DOMAIN-EQSRC-LEDGER-COMPLETE-SOURCE-FAMILY-GENERATOR-PACKET,,wiki/tex/tex-research-control-localization-source-basis-axiom-selector-domain-eqsrc-ledger-complete-source-family-generator-packet-observer-localizing-soldering-rule-concrete-witness.md,tex-wiki,PASS,2026-06-16T22:14:21Z,EqSrc ledger-complete source-family generator ObsLoc_lc concrete witness for research-control task RT-20260614-036,false,,,proposal,draft,not_applicable,control_only
TEX-RESEARCH-CONTROL-LOCALIZATION-SOURCE-BASIS-AXIOM-SELECTOR-DOMAIN-EQSRC-LEDGER-COMPLETE-SOURCE-FAMILY-GENERATOR-PACKET-OBSERVER-LOCALIZING-SOLDERING-RULE-CONCRETE-WITNESS-SMUGGLING-AUDIT,research_control/tasks/RT-20260614-037/artifacts/78_LOCALIZATION_SOURCE_BASIS_AXIOM_SELECTOR_DOMAIN_EQSRC_LEDGER_COMPLETE_SOURCE_FAMILY_GENERATOR_PACKET_OBSERVER_LOCALIZING_SOLDERING_RULE_CONCRETE_WITNESS_SMUGGLING_AUDIT.tex,tex,science_draft,draft_control_artifact,humans_and_agents,3d484e357325afc43d28de3793ce5e5de5203b30756c52ad45dcf9086cd15a3d,TEX-RESEARCH-CONTROL-LOCALIZATION-SOURCE-BASIS-AXIOM-SELECTOR-DOMAIN-EQSRC-LEDGER-COMPLETE-SOURCE-FAMILY-GENERATOR-PACKET-OBSERVER-LOCALIZING-SOLDERING-RULE-CONCRETE-WITNESS;TEX-RESEARCH-CONTROL-LOCALIZATION-SOURCE-BASIS-AXIOM-SELECTOR-DOMAIN-EQSRC-LEDGER-COMPLETE-SOURCE-FAMILY-GENERATOR-PACKET-OBSERVER-READOUT-BRIDGE-ATTEMPT;TEX-RESEARCH-CONTROL-LOCALIZATION-SOURCE-BASIS-AXIOM-SELECTOR-DOMAIN-EQSRC-LEDGER-COMPLETE-SOURCE-FAMILY-GENERATOR-PACKET-FINITE-VARIATION-REPAIR-OR-CONTROLLED-PAUSE-PACKET-REFUTER-STRESS-TEST;TEX-RESEARCH-CONTROL-LOCALIZATION-SOURCE-BASIS-AXIOM-SELECTOR-DOMAIN-EQSRC-LEDGER-COMPLETE-SOURCE-FAMILY-GENERATOR-PACKET,,wiki/tex/tex-research-control-localization-source-basis-axiom-selector-domain-eqsrc-ledger-complete-source-family-generator-packet-observer-localizing-soldering-rule-concrete-witness-smuggling-audit.md,tex-wiki,PASS,2026-06-16T22:51:50Z,EqSrc ledger-complete source-family generator ObsLoc_lc concrete witness smuggling audit for research-control task RT-20260614-037,false,,,proposal,draft,not_applicable,control_only
TEX-RESEARCH-CONTROL-LOCALIZATION-SOURCE-BASIS-AXIOM-SELECTOR-DOMAIN-EQSRC-LEDGER-COMPLETE-SOURCE-FAMILY-GENERATOR-PACKET-OBSERVER-READOUT-BRIDGE-ATTEMPT,research_control/tasks/RT-20260614-035/artifacts/76_LOCALIZATION_SOURCE_BASIS_AXIOM_SELECTOR_DOMAIN_EQSRC_LEDGER_COMPLETE_SOURCE_FAMILY_GENERATOR_PACKET_OBSERVER_READOUT_BRIDGE_ATTEMPT.tex,tex,science_draft,draft_control_artifact,humans_and_agents,5f3db22eeadd698e390dca2e904db72ea68a1e2ffe7fe6b67584587ddc289ef7,TEX-RESEARCH-CONTROL-LOCALIZATION-SOURCE-BASIS-AXIOM-SELECTOR-DOMAIN-EQSRC-LEDGER-COMPLETE-SOURCE-FAMILY-GENERATOR-PACKET-FINITE-VARIATION-REPAIR-OR-CONTROLLED-PAUSE-PACKET-REFUTER-STRESS-TEST;TEX-RESEARCH-CONTROL-LOCALIZATION-SOURCE-BASIS-AXIOM-SELECTOR-DOMAIN-EQSRC-LEDGER-COMPLETE-SOURCE-FAMILY-GENERATOR-PACKET-FINITE-VARIATION-REPAIR-OR-CONTROLLED-PAUSE-PACKET-SMUGGLING-AUDIT;TEX-RESEARCH-CONTROL-LOCALIZATION-SOURCE-BASIS-AXIOM-SELECTOR-DOMAIN-EQSRC-LEDGER-COMPLETE-SOURCE-FAMILY-GENERATOR-PACKET-FINITE-VARIATION-REPAIR-OR-CONTROLLED-PAUSE-PACKET;TEX-RESEARCH-CONTROL-LOCALIZATION-SOURCE-BASIS-AXIOM-SELECTOR-DOMAIN-EQSRC-LEDGER-COMPLETE-SOURCE-FAMILY-GENERATOR-PACKET,,wiki/tex/tex-research-control-localization-source-basis-axiom-selector-domain-eqsrc-ledger-complete-source-family-generator-packet-observer-readout-bridge-attempt.md,tex-wiki,PASS,2026-06-16T20:18:09Z,EqSrc ledger-complete source-family generator observer-readout bridge attempt for research-control task RT-20260614-035,false,,,rejected,stopped_negative_result,not_applicable,control_only
TEX-RESEARCH-CONTROL-LOCALIZATION-SOURCE-BASIS-AXIOM-SELECTOR-DOMAIN-EQSRC-LEDGER-COMPLETE-SOURCE-FAMILY-GENERATOR-PACKET-PRE-BRIDGE-ADEQUACY,research_control/tasks/RT-20260614-023/artifacts/64_LOCALIZATION_SOURCE_BASIS_AXIOM_SELECTOR_DOMAIN_EQSRC_LEDGER_COMPLETE_SOURCE_FAMILY_GENERATOR_PACKET_PRE_BRIDGE_ADEQUACY.tex,tex,science_draft,draft_control_artifact,humans_and_agents,5969278048dd986f5b07297614971040ce7ac30d0259e09e8dd92c157fbdada7,TEX-RESEARCH-CONTROL-LOCALIZATION-SOURCE-BASIS-AXIOM-SELECTOR-DOMAIN-EQSRC-LEDGER-COMPLETE-SOURCE-FAMILY-GENERATOR-PACKET-REFUTER-STRESS-TEST;TEX-RESEARCH-CONTROL-LOCALIZATION-SOURCE-BASIS-AXIOM-SELECTOR-DOMAIN-EQSRC-LEDGER-COMPLETE-SOURCE-FAMILY-GENERATOR-PACKET-SMUGGLING-AUDIT;TEX-RESEARCH-CONTROL-LOCALIZATION-SOURCE-BASIS-AXIOM-SELECTOR-DOMAIN-EQSRC-LEDGER-COMPLETE-SOURCE-FAMILY-GENERATOR-PACKET,,wiki/tex/tex-research-control-localization-source-basis-axiom-selector-domain-eqsrc-ledger-complete-source-family-generator-packet-pre-bridge-adequacy.md,tex-wiki,PASS,2026-06-15T23:01:43Z,EqSrc ledger-complete source-family generator packet pre-bridge adequacy for research-control task RT-20260614-023,false,,,proposal,draft,not_applicable,control_only
TEX-RESEARCH-CONTROL-LOCALIZATION-SOURCE-BASIS-AXIOM-SELECTOR-DOMAIN-EQSRC-LEDGER-COMPLETE-SOURCE-FAMILY-GENERATOR-PACKET-PRE-BRIDGE-ADEQUACY-REFUTER-STRESS-TEST,research_control/tasks/RT-20260614-025/artifacts/66_LOCALIZATION_SOURCE_BASIS_AXIOM_SELECTOR_DOMAIN_EQSRC_LEDGER_COMPLETE_SOURCE_FAMILY_GENERATOR_PACKET_PRE_BRIDGE_ADEQUACY_REFUTER_STRESS_TEST.tex,tex,science_draft,draft_control_artifact,humans_and_agents,2e9c862cd102d30db9f536b0f551b1cc5fd97505e728de009e067156eab985e7,TEX-RESEARCH-CONTROL-LOCALIZATION-SOURCE-BASIS-AXIOM-SELECTOR-DOMAIN-EQSRC-LEDGER-COMPLETE-SOURCE-FAMILY-GENERATOR-PACKET-PRE-BRIDGE-ADEQUACY-SMUGGLING-AUDIT;TEX-RESEARCH-CONTROL-LOCALIZATION-SOURCE-BASIS-AXIOM-SELECTOR-DOMAIN-EQSRC-LEDGER-COMPLETE-SOURCE-FAMILY-GENERATOR-PACKET-PRE-BRIDGE-ADEQUACY;TEX-RESEARCH-CONTROL-LOCALIZATION-SOURCE-BASIS-AXIOM-SELECTOR-DOMAIN-EQSRC-LEDGER-COMPLETE-SOURCE-FAMILY-GENERATOR-PACKET-REFUTER-STRESS-TEST;TEX-RESEARCH-CONTROL-LOCALIZATION-SOURCE-BASIS-AXIOM-SELECTOR-DOMAIN-EQSRC-LEDGER-COMPLETE-SOURCE-FAMILY-GENERATOR-PACKET-SMUGGLING-AUDIT;TEX-RESEARCH-CONTROL-LOCALIZATION-SOURCE-BASIS-AXIOM-SELECTOR-DOMAIN-EQSRC-LEDGER-COMPLETE-SOURCE-FAMILY-GENERATOR-PACKET,,wiki/tex/tex-research-control-localization-source-basis-axiom-selector-domain-eqsrc-ledger-complete-source-family-generator-packet-pre-bridge-adequacy-refuter-stress-test.md,tex-wiki,PASS,2026-06-16T00:07:37Z,EqSrc ledger-complete source-family generator packet pre-bridge adequacy Refuter stress test for research-control task RT-20260614-025,false,,,rejected,stopped_negative_result,not_applicable,control_only
TEX-RESEARCH-CONTROL-LOCALIZATION-SOURCE-BASIS-AXIOM-SELECTOR-DOMAIN-EQSRC-LEDGER-COMPLETE-SOURCE-FAMILY-GENERATOR-PACKET-PRE-BRIDGE-ADEQUACY-SMUGGLING-AUDIT,research_control/tasks/RT-20260614-024/artifacts/65_LOCALIZATION_SOURCE_BASIS_AXIOM_SELECTOR_DOMAIN_EQSRC_LEDGER_COMPLETE_SOURCE_FAMILY_GENERATOR_PACKET_PRE_BRIDGE_ADEQUACY_SMUGGLING_AUDIT.tex,tex,science_draft,draft_control_artifact,humans_and_agents,eedda4af5535974c35d7ed20563878bfb188b80fd356f6f3cd7f118a621fe38a,TEX-RESEARCH-CONTROL-LOCALIZATION-SOURCE-BASIS-AXIOM-SELECTOR-DOMAIN-EQSRC-LEDGER-COMPLETE-SOURCE-FAMILY-GENERATOR-PACKET-PRE-BRIDGE-ADEQUACY;TEX-RESEARCH-CONTROL-LOCALIZATION-SOURCE-BASIS-AXIOM-SELECTOR-DOMAIN-EQSRC-LEDGER-COMPLETE-SOURCE-FAMILY-GENERATOR-PACKET-REFUTER-STRESS-TEST;TEX-RESEARCH-CONTROL-LOCALIZATION-SOURCE-BASIS-AXIOM-SELECTOR-DOMAIN-EQSRC-LEDGER-COMPLETE-SOURCE-FAMILY-GENERATOR-PACKET-SMUGGLING-AUDIT;TEX-RESEARCH-CONTROL-LOCALIZATION-SOURCE-BASIS-AXIOM-SELECTOR-DOMAIN-EQSRC-LEDGER-COMPLETE-SOURCE-FAMILY-GENERATOR-PACKET,,wiki/tex/tex-research-control-localization-source-basis-axiom-selector-domain-eqsrc-ledger-complete-source-family-generator-packet-pre-bridge-adequacy-smuggling-audit.md,tex-wiki,PASS,2026-06-15T23:57:13Z,EqSrc ledger-complete source-family generator packet pre-bridge adequacy Smuggling Auditor review for research-control task RT-20260614-024,false,,,proposal,draft,not_applicable,control_only
TEX-RESEARCH-CONTROL-LOCALIZATION-SOURCE-BASIS-AXIOM-SELECTOR-DOMAIN-EQSRC-LEDGER-COMPLETE-SOURCE-FAMILY-GENERATOR-PACKET-REFUTER-STRESS-TEST,research_control/tasks/RT-20260614-022/artifacts/63_LOCALIZATION_SOURCE_BASIS_AXIOM_SELECTOR_DOMAIN_EQSRC_LEDGER_COMPLETE_SOURCE_FAMILY_GENERATOR_PACKET_REFUTER_STRESS_TEST.tex,tex,science_draft,draft_control_artifact,humans_and_agents,e47c4dd8da63e8ba74ef33688cacf01f627eea8e7f89e4eeb6706d1d279a9c60,TEX-RESEARCH-CONTROL-LOCALIZATION-SOURCE-BASIS-AXIOM-SELECTOR-DOMAIN-EQSRC-LEDGER-COMPLETE-SOURCE-FAMILY-GENERATOR-PACKET-SMUGGLING-AUDIT;TEX-RESEARCH-CONTROL-LOCALIZATION-SOURCE-BASIS-AXIOM-SELECTOR-DOMAIN-EQSRC-LEDGER-COMPLETE-SOURCE-FAMILY-GENERATOR-PACKET;TEX-RESEARCH-CONTROL-LOCALIZATION-SOURCE-BASIS-AXIOM-SELECTOR-DOMAIN-EQSRC-TRI-FAMILY-OBSTRUCTION-PACKET-OR-CONTROLLED-PAUSE;TEX-RESEARCH-CONTROL-LOCALIZATION-SOURCE-BASIS-AXIOM-SELECTOR-DOMAIN-EQSRC-ALTERNATIVE-BRANCH-FAMILY-GUARD-STABILITY-SOURCE-PACKET-REFUTER-STRESS-TEST,,wiki/tex/tex-research-control-localization-source-basis-axiom-selector-domain-eqsrc-ledger-complete-source-family-generator-packet-refuter-stress-test.md,tex-wiki,PASS,2026-06-15T19:31:44Z,EqSrc ledger-complete source-family generator packet Refuter stress test for research-control task RT-20260614-022,false,,,rejected,stopped_negative_result,not_applicable,control_only
TEX-RESEARCH-CONTROL-LOCALIZATION-SOURCE-BASIS-AXIOM-SELECTOR-DOMAIN-EQSRC-LEDGER-COMPLETE-SOURCE-FAMILY-GENERATOR-PACKET-SMUGGLING-AUDIT,research_control/tasks/RT-20260614-021/artifacts/62_LOCALIZATION_SOURCE_BASIS_AXIOM_SELECTOR_DOMAIN_EQSRC_LEDGER_COMPLETE_SOURCE_FAMILY_GENERATOR_PACKET_SMUGGLING_AUDIT.tex,tex,science_draft,draft_control_artifact,humans_and_agents,49a2d5151f92335a654927bdb6b4e7124f59d246eb04bf53f36cd556b3bd882b,TEX-RESEARCH-CONTROL-LOCALIZATION-SOURCE-BASIS-AXIOM-SELECTOR-DOMAIN-EQSRC-LEDGER-COMPLETE-SOURCE-FAMILY-GENERATOR-PACKET;TEX-RESEARCH-CONTROL-LOCALIZATION-SOURCE-BASIS-AXIOM-SELECTOR-DOMAIN-EQSRC-TRI-FAMILY-OBSTRUCTION-PACKET-OR-CONTROLLED-PAUSE;TEX-RESEARCH-CONTROL-LOCALIZATION-SOURCE-BASIS-AXIOM-SELECTOR-DOMAIN-EQSRC-ALTERNATIVE-BRANCH-FAMILY-GUARD-STABILITY-SOURCE-PACKET-REFUTER-STRESS-TEST;TEX-RESEARCH-CONTROL-LOCALIZATION-SOURCE-BASIS-AXIOM-SELECTOR-DOMAIN-EQSRC-ALTERNATIVE-BRANCH-FAMILY-GUARD-STABILITY-SOURCE-PACKET-SMUGGLING-AUDIT,,wiki/tex/tex-research-control-localization-source-basis-axiom-selector-domain-eqsrc-ledger-complete-source-family-generator-packet-smuggling-audit.md,tex-wiki,PASS,2026-06-15T15:58:40Z,EqSrc ledger-complete source-family generator packet smuggling audit for research-control task RT-20260614-021,false,,,proposal,draft,not_applicable,control_only
TEX-RESEARCH-CONTROL-LOCALIZATION-SOURCE-BASIS-AXIOM-SELECTOR-DOMAIN-EQSRC-NON-ORBIT-REFINEMENT-FAMILY-DATUM,research_control/tasks/RT-20260614-007/artifacts/49_LOCALIZATION_SOURCE_BASIS_AXIOM_SELECTOR_DOMAIN_EQSRC_NON_ORBIT_REFINEMENT_FAMILY_DATUM.tex,tex,science_draft,draft_control_artifact,humans_and_agents,9c0e1238fd24947ff20f426e51117cfceb298209069994fcfc279e9880b4e019,TEX-RESEARCH-CONTROL-LOCALIZATION-SOURCE-BASIS-AXIOM-SELECTOR-DOMAIN-EQSRC-NON-ORBIT-SOURCE-OBJECT-FAMILY-OBLIGATION-PACKET-OR-CONTROLLED-PAUSE;TEX-RESEARCH-CONTROL-LOCALIZATION-SOURCE-BASIS-AXIOM-SELECTOR-DOMAIN-EQSRC-RELABELING-ORBIT-SOURCE-FAMILY-PACKET-SMUGGLING-AUDIT;TEX-RESEARCH-CONTROL-LOCALIZATION-SOURCE-BASIS-AXIOM-SELECTOR-DOMAIN-EQSRC-RELABELING-ORBIT-SOURCE-FAMILY-PACKET-OR-CONTROLLED-PAUSE;TEX-RESEARCH-CONTROL-LOCALIZATION-SOURCE-BASIS-AXIOM-SELECTOR-DOMAIN-EQSRC-SOURCE-RELABELING-ISOMORPHISM-DATUM-REFUTER-STRESS-TEST,,wiki/tex/tex-research-control-localization-source-basis-axiom-selector-domain-eqsrc-non-orbit-refinement-family-datum.md,tex-wiki,PASS,2026-06-15T00:11:35Z,EqSrc non-orbit refinement-family datum for research-control task RT-20260614-007,false,,,proposal,draft,not_applicable,control_only
TEX-RESEARCH-CONTROL-LOCALIZATION-SOURCE-BASIS-AXIOM-SELECTOR-DOMAIN-EQSRC-NON-ORBIT-REFINEMENT-FAMILY-DATUM-REFUTER-STRESS-TEST,research_control/tasks/RT-20260614-010/artifacts/51_LOCALIZATION_SOURCE_BASIS_AXIOM_SELECTOR_DOMAIN_EQSRC_NON_ORBIT_REFINEMENT_FAMILY_DATUM_REFUTER_STRESS_TEST.tex,tex,science_draft,draft_control_artifact,humans_and_agents,12c1244ee0f9bfdb66bf54bb169fbd882fed3368001cafb9369fe8146998188e,TEX-RESEARCH-CONTROL-LOCALIZATION-SOURCE-BASIS-AXIOM-SELECTOR-DOMAIN-EQSRC-NON-ORBIT-REFINEMENT-FAMILY-DATUM-SMUGGLING-AUDIT;TEX-RESEARCH-CONTROL-LOCALIZATION-SOURCE-BASIS-AXIOM-SELECTOR-DOMAIN-EQSRC-NON-ORBIT-REFINEMENT-FAMILY-DATUM;TEX-RESEARCH-CONTROL-LOCALIZATION-SOURCE-BASIS-AXIOM-SELECTOR-DOMAIN-EQSRC-NON-ORBIT-SOURCE-OBJECT-FAMILY-OBLIGATION-PACKET-OR-CONTROLLED-PAUSE,,wiki/tex/tex-research-control-localization-source-basis-axiom-selector-domain-eqsrc-non-orbit-refinement-family-datum-refuter-stress-test.md,tex-wiki,PASS,2026-06-15T00:45:15Z,EqSrc non-orbit refinement-family datum Refuter stress test for research-control task RT-20260614-010,false,,,rejected,stopped_negative_result,not_applicable,control_only
TEX-RESEARCH-CONTROL-LOCALIZATION-SOURCE-BASIS-AXIOM-SELECTOR-DOMAIN-EQSRC-NON-ORBIT-REFINEMENT-FAMILY-DATUM-SMUGGLING-AUDIT,research_control/tasks/RT-20260614-009/artifacts/50_LOCALIZATION_SOURCE_BASIS_AXIOM_SELECTOR_DOMAIN_EQSRC_NON_ORBIT_REFINEMENT_FAMILY_DATUM_SMUGGLING_AUDIT.tex,tex,science_draft,draft_control_artifact,humans_and_agents,7bc82246e22477051b8ce9e0bb8ba4100f3a7e127e054e09c653708939eac5f7,TEX-RESEARCH-CONTROL-LOCALIZATION-SOURCE-BASIS-AXIOM-SELECTOR-DOMAIN-EQSRC-NON-ORBIT-REFINEMENT-FAMILY-DATUM;TEX-RESEARCH-CONTROL-LOCALIZATION-SOURCE-BASIS-AXIOM-SELECTOR-DOMAIN-EQSRC-NON-ORBIT-SOURCE-OBJECT-FAMILY-OBLIGATION-PACKET-OR-CONTROLLED-PAUSE;TEX-RESEARCH-CONTROL-LOCALIZATION-SOURCE-BASIS-AXIOM-SELECTOR-DOMAIN-EQSRC-RELABELING-ORBIT-SOURCE-FAMILY-PACKET-SMUGGLING-AUDIT;TEX-RESEARCH-CONTROL-LOCALIZATION-SOURCE-BASIS-AXIOM-SELECTOR-DOMAIN-EQSRC-RELABELING-ORBIT-SOURCE-FAMILY-PACKET-OR-CONTROLLED-PAUSE,,wiki/tex/tex-research-control-localization-source-basis-axiom-selector-domain-eqsrc-non-orbit-refinement-family-datum-smuggling-audit.md,tex-wiki,PASS,2026-06-15T00:32:01Z,EqSrc non-orbit refinement-family datum smuggling audit for research-control task RT-20260614-009,false,,,proposal,draft,not_applicable,control_only
TEX-RESEARCH-CONTROL-LOCALIZATION-SOURCE-BASIS-AXIOM-SELECTOR-DOMAIN-EQSRC-NON-ORBIT-REFINEMENT-FAMILY-EXTENSION-OBSTRUCTION-PACKET-OR-CONTROLLED-PAUSE,research_control/tasks/RT-20260614-011/artifacts/52_LOCALIZATION_SOURCE_BASIS_AXIOM_SELECTOR_DOMAIN_EQSRC_NON_ORBIT_REFINEMENT_FAMILY_EXTENSION_OBSTRUCTION_PACKET_OR_CONTROLLED_PAUSE.tex,tex,science_draft,draft_control_artifact,humans_and_agents,bca2eef8ecbcf6c3204cbe5ef50f5f38867f1774fcc1b412dab6f127b080fab5,TEX-RESEARCH-CONTROL-LOCALIZATION-SOURCE-BASIS-AXIOM-SELECTOR-DOMAIN-EQSRC-NON-ORBIT-REFINEMENT-FAMILY-DATUM-REFUTER-STRESS-TEST;TEX-RESEARCH-CONTROL-LOCALIZATION-SOURCE-BASIS-AXIOM-SELECTOR-DOMAIN-EQSRC-NON-ORBIT-REFINEMENT-FAMILY-DATUM-SMUGGLING-AUDIT;TEX-RESEARCH-CONTROL-LOCALIZATION-SOURCE-BASIS-AXIOM-SELECTOR-DOMAIN-EQSRC-NON-ORBIT-REFINEMENT-FAMILY-DATUM;TEX-RESEARCH-CONTROL-LOCALIZATION-SOURCE-BASIS-AXIOM-SELECTOR-DOMAIN-EQSRC-NON-ORBIT-SOURCE-OBJECT-FAMILY-OBLIGATION-PACKET-OR-CONTROLLED-PAUSE,,wiki/tex/tex-research-control-localization-source-basis-axiom-selector-domain-eqsrc-non-orbit-refinement-family-extension-obstruction-packet-or-controlled-pause.md,tex-wiki,PASS,2026-06-15T00:56:02Z,EqSrc non-orbit refinement-family extension obstruction packet or controlled pause for research-control task RT-20260614-011,false,,,rejected,stopped_negative_result,not_applicable,control_only
TEX-RESEARCH-CONTROL-LOCALIZATION-SOURCE-BASIS-AXIOM-SELECTOR-DOMAIN-EQSRC-NON-ORBIT-SOURCE-OBJECT-FAMILY-OBLIGATION-PACKET-OR-CONTROLLED-PAUSE,research_control/tasks/RT-20260614-006/artifacts/48_LOCALIZATION_SOURCE_BASIS_AXIOM_SELECTOR_DOMAIN_EQSRC_NON_ORBIT_SOURCE_OBJECT_FAMILY_OBLIGATION_PACKET_OR_CONTROLLED_PAUSE.tex,tex,science_draft,draft_control_artifact,humans_and_agents,7314176cb94ca628fbc4a3f64d914886ffb21fcc5899ef85177defca8d68ec42,TEX-RESEARCH-CONTROL-LOCALIZATION-SOURCE-BASIS-AXIOM-SELECTOR-DOMAIN-EQSRC-RELABELING-ORBIT-SOURCE-FAMILY-PACKET-SMUGGLING-AUDIT;TEX-RESEARCH-CONTROL-LOCALIZATION-SOURCE-BASIS-AXIOM-SELECTOR-DOMAIN-EQSRC-RELABELING-ORBIT-SOURCE-FAMILY-PACKET-OR-CONTROLLED-PAUSE;TEX-RESEARCH-CONTROL-LOCALIZATION-SOURCE-BASIS-AXIOM-SELECTOR-DOMAIN-EQSRC-RELABELING-ORBIT-OBSTRUCTION-PACKET-OR-CONTROLLED-PAUSE;TEX-RESEARCH-CONTROL-LOCALIZATION-SOURCE-BASIS-AXIOM-SELECTOR-DOMAIN-EQSRC-SOURCE-RELABELING-ISOMORPHISM-DATUM-REFUTER-STRESS-TEST,,wiki/tex/tex-research-control-localization-source-basis-axiom-selector-domain-eqsrc-non-orbit-source-object-family-obligation-packet-or-controlled-pause.md,tex-wiki,PASS,2026-06-14T23:53:22Z,EqSrc non-orbit source-object family obligation packet or controlled pause for research-control task RT-20260614-006,false,,,rejected,stopped_negative_result,not_applicable,control_only
TEX-RESEARCH-CONTROL-LOCALIZATION-SOURCE-BASIS-AXIOM-SELECTOR-DOMAIN-EQSRC-RELABELING-ORBIT-OBSTRUCTION-PACKET-OR-CONTROLLED-PAUSE,research_control/tasks/RT-20260614-003/artifacts/45_LOCALIZATION_SOURCE_BASIS_AXIOM_SELECTOR_DOMAIN_EQSRC_RELABELING_ORBIT_OBSTRUCTION_PACKET_OR_CONTROLLED_PAUSE.tex,tex,science_draft,draft_control_artifact,humans_and_agents,595f1adced4fb3b8522f193340007a0ce63a8f21ca7b86f76b5829df97f116d1,TEX-RESEARCH-CONTROL-LOCALIZATION-SOURCE-BASIS-AXIOM-SELECTOR-DOMAIN-EQSRC-SOURCE-RELABELING-ISOMORPHISM-DATUM-REFUTER-STRESS-TEST;TEX-RESEARCH-CONTROL-LOCALIZATION-SOURCE-BASIS-AXIOM-SELECTOR-DOMAIN-EQSRC-SOURCE-RELABELING-ISOMORPHISM-DATUM;TEX-RESEARCH-CONTROL-LOCALIZATION-SOURCE-BASIS-AXIOM-SELECTOR-DOMAIN-EQSRC-SOURCE-EQUIVALENCE-OBLIGATION-PACKET-OR-CONTROLLED-PAUSE,,wiki/tex/tex-research-control-localization-source-basis-axiom-selector-domain-eqsrc-relabeling-orbit-obstruction-packet-or-controlled-pause.md,tex-wiki,PASS,2026-06-14T04:47:07Z,EqSrc relabeling-orbit obstruction packet or controlled pause for research-control task RT-20260614-003,false,,,rejected,stopped_negative_result,not_applicable,control_only
TEX-RESEARCH-CONTROL-LOCALIZATION-SOURCE-BASIS-AXIOM-SELECTOR-DOMAIN-EQSRC-RELABELING-ORBIT-SOURCE-FAMILY-PACKET-OR-CONTROLLED-PAUSE,research_control/tasks/RT-20260614-004/artifacts/46_LOCALIZATION_SOURCE_BASIS_AXIOM_SELECTOR_DOMAIN_EQSRC_RELABELING_ORBIT_SOURCE_FAMILY_PACKET_OR_CONTROLLED_PAUSE.tex,tex,science_draft,draft_control_artifact,humans_and_agents,cf952efe26e0ba423b6c339864043990f9b64b0a0cb0c28007a2a7d47470cb4c,TEX-RESEARCH-CONTROL-LOCALIZATION-SOURCE-BASIS-AXIOM-SELECTOR-DOMAIN-EQSRC-RELABELING-ORBIT-OBSTRUCTION-PACKET-OR-CONTROLLED-PAUSE;TEX-RESEARCH-CONTROL-LOCALIZATION-SOURCE-BASIS-AXIOM-SELECTOR-DOMAIN-EQSRC-SOURCE-RELABELING-ISOMORPHISM-DATUM-REFUTER-STRESS-TEST;TEX-RESEARCH-CONTROL-LOCALIZATION-SOURCE-BASIS-AXIOM-SELECTOR-DOMAIN-EQSRC-SOURCE-RELABELING-ISOMORPHISM-DATUM-SMUGGLING-AUDIT;TEX-RESEARCH-CONTROL-LOCALIZATION-SOURCE-BASIS-AXIOM-SELECTOR-DOMAIN-EQSRC-SOURCE-RELABELING-ISOMORPHISM-DATUM,,wiki/tex/tex-research-control-localization-source-basis-axiom-selector-domain-eqsrc-relabeling-orbit-source-family-packet-or-controlled-pause.md,tex-wiki,PASS,2026-06-14T22:42:48Z,EqSrc relabeling-orbit source-family packet or controlled pause for research-control task RT-20260614-004,false,,,proposal,draft,not_applicable,control_only
TEX-RESEARCH-CONTROL-LOCALIZATION-SOURCE-BASIS-AXIOM-SELECTOR-DOMAIN-EQSRC-RELABELING-ORBIT-SOURCE-FAMILY-PACKET-SMUGGLING-AUDIT,research_control/tasks/RT-20260614-005/artifacts/47_LOCALIZATION_SOURCE_BASIS_AXIOM_SELECTOR_DOMAIN_EQSRC_RELABELING_ORBIT_SOURCE_FAMILY_PACKET_SMUGGLING_AUDIT.tex,tex,science_draft,draft_control_artifact,humans_and_agents,ea3dd7b86a8a391ce3bc4cb12d4bb63bb8585c660ec8d915e2dadbf3bfb13eed,TEX-RESEARCH-CONTROL-LOCALIZATION-SOURCE-BASIS-AXIOM-SELECTOR-DOMAIN-EQSRC-RELABELING-ORBIT-SOURCE-FAMILY-PACKET-OR-CONTROLLED-PAUSE;TEX-RESEARCH-CONTROL-LOCALIZATION-SOURCE-BASIS-AXIOM-SELECTOR-DOMAIN-EQSRC-RELABELING-ORBIT-OBSTRUCTION-PACKET-OR-CONTROLLED-PAUSE;TEX-RESEARCH-CONTROL-LOCALIZATION-SOURCE-BASIS-AXIOM-SELECTOR-DOMAIN-EQSRC-SOURCE-RELABELING-ISOMORPHISM-DATUM-REFUTER-STRESS-TEST;TEX-RESEARCH-CONTROL-LOCALIZATION-SOURCE-BASIS-AXIOM-SELECTOR-DOMAIN-EQSRC-SOURCE-RELABELING-ISOMORPHISM-DATUM-SMUGGLING-AUDIT,,wiki/tex/tex-research-control-localization-source-basis-axiom-selector-domain-eqsrc-relabeling-orbit-source-family-packet-smuggling-audit.md,tex-wiki,PASS,2026-06-14T22:56:27Z,EqSrc relabeling-orbit source-family packet smuggling audit for research-control task RT-20260614-005,false,,,proposal,draft,not_applicable,control_only
TEX-RESEARCH-CONTROL-LOCALIZATION-SOURCE-BASIS-AXIOM-SELECTOR-DOMAIN-EQSRC-SOURCE-EQUIVALENCE-OBLIGATION-PACKET-OR-CONTROLLED-PAUSE,research_control/tasks/RT-20260613-025/artifacts/41_LOCALIZATION_SOURCE_BASIS_AXIOM_SELECTOR_DOMAIN_EQSRC_SOURCE_EQUIVALENCE_OBLIGATION_PACKET_OR_CONTROLLED_PAUSE.tex,tex,science_draft,draft_control_artifact,humans_and_agents,bf56d4587d0875e1f9cb244fe3f6acc2b36c522ec96ef9221b9bb1cfb4d42a2d,TEX-RESEARCH-CONTROL-LOCALIZATION-SOURCE-BASIS-AXIOM-SELECTOR-DOMAIN-NO-TARGET-SOURCE-SYNTAX-BENCHMARK-INDEPENDENCE-PROXY-VARIATION-STRESS-TEST;TEX-RESEARCH-CONTROL-LOCALIZATION-SOURCE-BASIS-AXIOM-SELECTOR-DOMAIN-NO-TARGET-SOURCE-SYNTAX-THEOREM-RETRY;TEX-RESEARCH-CONTROL-LOCALIZATION-SOURCE-BASIS-AXIOM-SELECTOR-DOMAIN-NO-TARGET-SOURCE-REGISTERED-FREEZE-MANIFEST-SMUGGLING-AUDIT;TEX-RESEARCH-CONTROL-LOCALIZATION-SOURCE-BASIS-AXIOM-SELECTOR-DOMAIN-NO-TARGET-SOURCE-REGISTERED-FREEZE-MANIFEST,,wiki/tex/tex-research-control-localization-source-basis-axiom-selector-domain-eqsrc-source-equivalence-obligation-packet-or-controlled-pause.md,tex-wiki,PASS,2026-06-14T02:18:18Z,EqSrc source-equivalence obligation packet and controlled pause for research-control task RT-20260613-025,false,,,rejected,stopped_negative_result,not_applicable,control_only
TEX-RESEARCH-CONTROL-LOCALIZATION-SOURCE-BASIS-AXIOM-SELECTOR-DOMAIN-EQSRC-SOURCE-RELABELING-ISOMORPHISM-DATUM,research_control/tasks/RT-20260613-026/artifacts/42_LOCALIZATION_SOURCE_BASIS_AXIOM_SELECTOR_DOMAIN_EQSRC_SOURCE_RELABELING_ISOMORPHISM_DATUM.tex,tex,science_draft,draft_control_artifact,humans_and_agents,54ed98e8252994b4671088ea23c5eaf3212148ecc7451e5e26bb2b2e92c6eb9b,TEX-RESEARCH-CONTROL-LOCALIZATION-SOURCE-BASIS-AXIOM-SELECTOR-DOMAIN-EQSRC-SOURCE-EQUIVALENCE-OBLIGATION-PACKET-OR-CONTROLLED-PAUSE;TEX-RESEARCH-CONTROL-LOCALIZATION-SOURCE-BASIS-AXIOM-SELECTOR-DOMAIN-NO-TARGET-SOURCE-SYNTAX-BENCHMARK-INDEPENDENCE-PROXY-VARIATION-STRESS-TEST;TEX-RESEARCH-CONTROL-LOCALIZATION-SOURCE-BASIS-AXIOM-SELECTOR-DOMAIN-NO-TARGET-SOURCE-SYNTAX-THEOREM-RETRY;TEX-RESEARCH-CONTROL-LOCALIZATION-SOURCE-BASIS-AXIOM-SELECTOR-DOMAIN-NO-TARGET-SOURCE-REGISTERED-FREEZE-MANIFEST,,wiki/tex/tex-research-control-localization-source-basis-axiom-selector-domain-eqsrc-source-relabeling-isomorphism-datum.md,tex-wiki,PASS,2026-06-14T02:43:17Z,Local EqSrc source-relabeling isomorphism datum for research-control task RT-20260613-026,false,,,proposal,draft,not_applicable,control_only
TEX-RESEARCH-CONTROL-LOCALIZATION-SOURCE-BASIS-AXIOM-SELECTOR-DOMAIN-EQSRC-SOURCE-RELABELING-ISOMORPHISM-DATUM-REFUTER-STRESS-TEST,research_control/tasks/RT-20260614-002/artifacts/44_LOCALIZATION_SOURCE_BASIS_AXIOM_SELECTOR_DOMAIN_EQSRC_SOURCE_RELABELING_ISOMORPHISM_DATUM_REFUTER_STRESS_TEST.tex,tex,science_draft,draft_control_artifact,humans_and_agents,816be50287d846dc4d97b30d14fe9658f6da83b06bfbc250039dfed9bbd34fd4,TEX-RESEARCH-CONTROL-LOCALIZATION-SOURCE-BASIS-AXIOM-SELECTOR-DOMAIN-EQSRC-SOURCE-RELABELING-ISOMORPHISM-DATUM-SMUGGLING-AUDIT;TEX-RESEARCH-CONTROL-LOCALIZATION-SOURCE-BASIS-AXIOM-SELECTOR-DOMAIN-EQSRC-SOURCE-RELABELING-ISOMORPHISM-DATUM;TEX-RESEARCH-CONTROL-LOCALIZATION-SOURCE-BASIS-AXIOM-SELECTOR-DOMAIN-EQSRC-SOURCE-EQUIVALENCE-OBLIGATION-PACKET-OR-CONTROLLED-PAUSE;TEX-RESEARCH-CONTROL-LOCALIZATION-SOURCE-BASIS-AXIOM-SELECTOR-DOMAIN-NO-TARGET-SOURCE-SYNTAX-BENCHMARK-INDEPENDENCE-PROXY-VARIATION-STRESS-TEST,,wiki/tex/tex-research-control-localization-source-basis-axiom-selector-domain-eqsrc-source-relabeling-isomorphism-datum-refuter-stress-test.md,tex-wiki,PASS,2026-06-14T04:37:19Z,Local EqSrc source-relabeling isomorphism datum Refuter stress test for research-control task RT-20260614-002,false,,,rejected,stopped_negative_result,not_applicable,control_only
TEX-RESEARCH-CONTROL-LOCALIZATION-SOURCE-BASIS-AXIOM-SELECTOR-DOMAIN-EQSRC-SOURCE-RELABELING-ISOMORPHISM-DATUM-SMUGGLING-AUDIT,research_control/tasks/RT-20260613-027/artifacts/43_LOCALIZATION_SOURCE_BASIS_AXIOM_SELECTOR_DOMAIN_EQSRC_SOURCE_RELABELING_ISOMORPHISM_DATUM_SMUGGLING_AUDIT.tex,tex,science_draft,draft_control_artifact,humans_and_agents,d382a32a7f3819ed0048a11b4e1736d34b80f47db5d81f0408c96adb6531fe26,TEX-RESEARCH-CONTROL-LOCALIZATION-SOURCE-BASIS-AXIOM-SELECTOR-DOMAIN-EQSRC-SOURCE-RELABELING-ISOMORPHISM-DATUM;TEX-RESEARCH-CONTROL-LOCALIZATION-SOURCE-BASIS-AXIOM-SELECTOR-DOMAIN-EQSRC-SOURCE-EQUIVALENCE-OBLIGATION-PACKET-OR-CONTROLLED-PAUSE;TEX-RESEARCH-CONTROL-LOCALIZATION-SOURCE-BASIS-AXIOM-SELECTOR-DOMAIN-NO-TARGET-SOURCE-SYNTAX-BENCHMARK-INDEPENDENCE-PROXY-VARIATION-STRESS-TEST;TEX-RESEARCH-CONTROL-LOCALIZATION-SOURCE-BASIS-AXIOM-SELECTOR-DOMAIN-NO-TARGET-SOURCE-SYNTAX-THEOREM-RETRY,,wiki/tex/tex-research-control-localization-source-basis-axiom-selector-domain-eqsrc-source-relabeling-isomorphism-datum-smuggling-audit.md,tex-wiki,PASS,2026-06-14T02:55:49Z,Local EqSrc source-relabeling isomorphism datum smuggling audit for research-control task RT-20260613-027,false,,,rejected,stopped_negative_result,not_applicable,control_only
TEX-RESEARCH-CONTROL-LOCALIZATION-SOURCE-BASIS-AXIOM-SELECTOR-DOMAIN-EQSRC-TRI-FAMILY-OBSTRUCTION-PACKET-OR-CONTROLLED-PAUSE,research_control/tasks/RT-20260614-019/artifacts/60_LOCALIZATION_SOURCE_BASIS_AXIOM_SELECTOR_DOMAIN_EQSRC_TRI_FAMILY_OBSTRUCTION_PACKET_OR_CONTROLLED_PAUSE.tex,tex,science_draft,draft_control_artifact,humans_and_agents,c94228f2bda6cc9f2c3ae912745ca1b0d21b5d7aa48e079185e1aae6a4393cc7,TEX-RESEARCH-CONTROL-LOCALIZATION-SOURCE-BASIS-AXIOM-SELECTOR-DOMAIN-EQSRC-ALTERNATIVE-BRANCH-FAMILY-GUARD-STABILITY-SOURCE-PACKET-REFUTER-STRESS-TEST;TEX-RESEARCH-CONTROL-LOCALIZATION-SOURCE-BASIS-AXIOM-SELECTOR-DOMAIN-EQSRC-ALTERNATIVE-BRANCH-FAMILY-GUARD-STABILITY-SOURCE-PACKET-SMUGGLING-AUDIT;TEX-RESEARCH-CONTROL-LOCALIZATION-SOURCE-BASIS-AXIOM-SELECTOR-DOMAIN-EQSRC-ALTERNATIVE-BRANCH-FAMILY-GUARD-STABILITY-SOURCE-PACKET,,wiki/tex/tex-research-control-localization-source-basis-axiom-selector-domain-eqsrc-tri-family-obstruction-packet-or-controlled-pause.md,tex-wiki,PASS,2026-06-15T04:08:10Z,EqSrc tri-family obstruction packet or controlled pause for research-control task RT-20260614-019,false,,,rejected,stopped_negative_result,not_applicable,control_only
TEX-RESEARCH-CONTROL-LOCALIZATION-SOURCE-BASIS-AXIOM-SELECTOR-DOMAIN-FINITE-SURVEY-PROTOCOL-BENCHMARK-INDEPENDENCE-REFUTATION,research_control/tasks/RT-20260608-021/artifacts/20_LOCALIZATION_SOURCE_BASIS_AXIOM_SELECTOR_DOMAIN_FINITE_SURVEY_PROTOCOL_BENCHMARK_INDEPENDENCE_REFUTATION.tex,tex,science_draft,draft_control_artifact,humans_and_agents,c6d9841859cbeb40ecb2b1f6e629aa76b455e8c75151d1bc14ac24ee9e8f9332,TEX-RESEARCH-CONTROL-LOCALIZATION-SOURCE-BASIS-AXIOM-SELECTOR-DOMAIN-FINITE-SURVEY-PROTOCOL-SMUGGLING-AUDIT;TEX-RESEARCH-CONTROL-LOCALIZATION-SOURCE-BASIS-AXIOM-SELECTOR-DOMAIN-FINITE-SURVEY-PROTOCOL-PACKET;TEX-RESEARCH-CONTROL-LOCALIZATION-SOURCE-BASIS-AXIOM-SELECTOR-DOMAIN-BENCHMARK-INDEPENDENCE-REFUTATION;TEX-RESEARCH-CONTROL-LOCALIZATION-SOURCE-BASIS-AXIOM-SELECTOR-DOMAIN-SMUGGLING-AUDIT;TEX-RESEARCH-CONTROL-LOCALIZATION-SOURCE-BASIS-AXIOM-SELECTOR-DOMAIN-REPAIR-PACKET;TEX-RESEARCH-CONTROL-LOCALIZATION-SOURCE-BASIS-AXIOM-SELECTION-LAW-BENCHMARK-INDEPENDENCE-REFUTATION;TEX-RESEARCH-CONTROL-LOCALIZATION-SOURCE-BASIS-AXIOM-SELECTION-LAW-SMUGGLING-AUDIT;TEX-RESEARCH-CONTROL-LOCALIZATION-SOURCE-BASIS-AXIOM-SELECTION-LAW-PACKET;TEX-RESEARCH-CONTROL-LOCALIZATION-SOURCE-BASIS-AXIOM-BENCHMARK-INDEPENDENCE-REFUTATION;TEX-RESEARCH-CONTROL-LOCALIZATION-SOURCE-BASIS-AXIOM-SMUGGLING-AUDIT;TEX-RESEARCH-CONTROL-LOCALIZATION-SOURCE-BASIS-AXIOM-JUSTIFICATION;TEX-RESEARCH-CONTROL-LOCALIZATION-SOURCE-BASIS-CONSERVATIVITY-REFUTATION;TEX-RESEARCH-CONTROL-LOCALIZATION-SOURCE-BASIS-SMUGGLING-AUDIT;TEX-RESEARCH-CONTROL-LOCALIZATION-SOURCE-BASIS-FORMALIZATION;TEX-RESEARCH-CONTROL-GATE0-ONTOLOGY-FORMALIZATION,,wiki/tex/tex-research-control-localization-source-basis-axiom-selector-domain-finite-survey-protocol-benchmark-independence-refutation.md,tex-wiki,PASS,2026-06-10T05:30:09Z,Source-basis axiom selector-domain finite survey protocol benchmark-independence refutation for research-control task RT-20260608-021,false,,,rejected,stopped_negative_result,not_applicable,control_only
TEX-RESEARCH-CONTROL-LOCALIZATION-SOURCE-BASIS-AXIOM-SELECTOR-DOMAIN-FINITE-SURVEY-PROTOCOL-PACKET,research_control/tasks/RT-20260608-019/artifacts/18_LOCALIZATION_SOURCE_BASIS_AXIOM_SELECTOR_DOMAIN_FINITE_SURVEY_PROTOCOL_PACKET.tex,tex,science_draft,draft_control_artifact,humans_and_agents,33d1114b654f302f817894ef9933ca272ae7a0f0804bd3cc00a4ef77005a001f,TEX-RESEARCH-CONTROL-LOCALIZATION-SOURCE-BASIS-AXIOM-SELECTOR-DOMAIN-BENCHMARK-INDEPENDENCE-REFUTATION;TEX-RESEARCH-CONTROL-LOCALIZATION-SOURCE-BASIS-AXIOM-SELECTOR-DOMAIN-SMUGGLING-AUDIT;TEX-RESEARCH-CONTROL-LOCALIZATION-SOURCE-BASIS-AXIOM-SELECTOR-DOMAIN-REPAIR-PACKET;TEX-RESEARCH-CONTROL-LOCALIZATION-SOURCE-BASIS-AXIOM-SELECTION-LAW-BENCHMARK-INDEPENDENCE-REFUTATION;TEX-RESEARCH-CONTROL-LOCALIZATION-SOURCE-BASIS-AXIOM-SELECTION-LAW-SMUGGLING-AUDIT;TEX-RESEARCH-CONTROL-LOCALIZATION-SOURCE-BASIS-AXIOM-SELECTION-LAW-PACKET;TEX-RESEARCH-CONTROL-LOCALIZATION-SOURCE-BASIS-AXIOM-BENCHMARK-INDEPENDENCE-REFUTATION;TEX-RESEARCH-CONTROL-LOCALIZATION-SOURCE-BASIS-AXIOM-SMUGGLING-AUDIT;TEX-RESEARCH-CONTROL-LOCALIZATION-SOURCE-BASIS-AXIOM-JUSTIFICATION;TEX-RESEARCH-CONTROL-LOCALIZATION-SOURCE-BASIS-CONSERVATIVITY-REFUTATION;TEX-RESEARCH-CONTROL-LOCALIZATION-SOURCE-BASIS-SMUGGLING-AUDIT;TEX-RESEARCH-CONTROL-LOCALIZATION-SOURCE-BASIS-FORMALIZATION;TEX-RESEARCH-CONTROL-GATE0-ONTOLOGY-FORMALIZATION,,wiki/tex/tex-research-control-localization-source-basis-axiom-selector-domain-finite-survey-protocol-packet.md,tex-wiki,PASS,2026-06-10T00:40:21Z,Source-basis axiom selector-domain finite survey protocol packet for research-control task RT-20260608-019,false,,,proposal,draft,not_applicable,control_only
TEX-RESEARCH-CONTROL-LOCALIZATION-SOURCE-BASIS-AXIOM-SELECTOR-DOMAIN-FINITE-SURVEY-PROTOCOL-SMUGGLING-AUDIT,research_control/tasks/RT-20260608-020/artifacts/19_LOCALIZATION_SOURCE_BASIS_AXIOM_SELECTOR_DOMAIN_FINITE_SURVEY_PROTOCOL_SMUGGLING_AUDIT.tex,tex,science_draft,draft_control_artifact,humans_and_agents,fb39d36e78b99480b64f0caf2d3e2824ce8b4d96582f29866be91237e4118922,TEX-RESEARCH-CONTROL-LOCALIZATION-SOURCE-BASIS-AXIOM-SELECTOR-DOMAIN-FINITE-SURVEY-PROTOCOL-PACKET;TEX-RESEARCH-CONTROL-LOCALIZATION-SOURCE-BASIS-AXIOM-SELECTOR-DOMAIN-BENCHMARK-INDEPENDENCE-REFUTATION;TEX-RESEARCH-CONTROL-LOCALIZATION-SOURCE-BASIS-AXIOM-SELECTOR-DOMAIN-SMUGGLING-AUDIT;TEX-RESEARCH-CONTROL-LOCALIZATION-SOURCE-BASIS-AXIOM-SELECTOR-DOMAIN-REPAIR-PACKET;TEX-RESEARCH-CONTROL-LOCALIZATION-SOURCE-BASIS-AXIOM-SELECTION-LAW-BENCHMARK-INDEPENDENCE-REFUTATION;TEX-RESEARCH-CONTROL-LOCALIZATION-SOURCE-BASIS-AXIOM-SELECTION-LAW-SMUGGLING-AUDIT;TEX-RESEARCH-CONTROL-LOCALIZATION-SOURCE-BASIS-AXIOM-SELECTION-LAW-PACKET;TEX-RESEARCH-CONTROL-LOCALIZATION-SOURCE-BASIS-AXIOM-BENCHMARK-INDEPENDENCE-REFUTATION;TEX-RESEARCH-CONTROL-LOCALIZATION-SOURCE-BASIS-AXIOM-SMUGGLING-AUDIT;TEX-RESEARCH-CONTROL-LOCALIZATION-SOURCE-BASIS-AXIOM-JUSTIFICATION;TEX-RESEARCH-CONTROL-LOCALIZATION-SOURCE-BASIS-CONSERVATIVITY-REFUTATION;TEX-RESEARCH-CONTROL-LOCALIZATION-SOURCE-BASIS-SMUGGLING-AUDIT;TEX-RESEARCH-CONTROL-LOCALIZATION-SOURCE-BASIS-FORMALIZATION;TEX-RESEARCH-CONTROL-GATE0-ONTOLOGY-FORMALIZATION,,wiki/tex/tex-research-control-localization-source-basis-axiom-selector-domain-finite-survey-protocol-smuggling-audit.md,tex-wiki,PASS,2026-06-10T00:50:44Z,Source-basis axiom selector-domain finite survey protocol smuggling audit for research-control task RT-20260608-020,false,,,rejected,stopped_negative_result,not_applicable,control_only
TEX-RESEARCH-CONTROL-LOCALIZATION-SOURCE-BASIS-AXIOM-SELECTOR-DOMAIN-FINITE-VARIATION-BENCHMARK-INDEPENDENCE-REFUTATION,research_control/tasks/RT-20260611-006/artifacts/23_LOCALIZATION_SOURCE_BASIS_AXIOM_SELECTOR_DOMAIN_FINITE_VARIATION_BENCHMARK_INDEPENDENCE_REFUTATION.tex,tex,science_draft,draft_control_artifact,humans_and_agents,a92b9618c041b810875c1b22682780679ca543e221342258f35b7022c0d473c3,TEX-RESEARCH-CONTROL-LOCALIZATION-SOURCE-BASIS-AXIOM-SELECTOR-DOMAIN-FINITE-VARIATION-SMUGGLING-AUDIT;TEX-RESEARCH-CONTROL-LOCALIZATION-SOURCE-BASIS-AXIOM-SELECTOR-DOMAIN-FINITE-VARIATION-REPAIR-PACKET;TEX-RESEARCH-CONTROL-LOCALIZATION-SOURCE-BASIS-AXIOM-SELECTOR-DOMAIN-FINITE-SURVEY-PROTOCOL-BENCHMARK-INDEPENDENCE-REFUTATION;TEX-RESEARCH-CONTROL-LOCALIZATION-SOURCE-BASIS-AXIOM-SELECTOR-DOMAIN-FINITE-SURVEY-PROTOCOL-SMUGGLING-AUDIT;TEX-RESEARCH-CONTROL-LOCALIZATION-SOURCE-BASIS-AXIOM-SELECTOR-DOMAIN-FINITE-SURVEY-PROTOCOL-PACKET;TEX-RESEARCH-CONTROL-LOCALIZATION-SOURCE-BASIS-AXIOM-SELECTOR-DOMAIN-BENCHMARK-INDEPENDENCE-REFUTATION;TEX-RESEARCH-CONTROL-LOCALIZATION-SOURCE-BASIS-AXIOM-SELECTOR-DOMAIN-SMUGGLING-AUDIT;TEX-RESEARCH-CONTROL-LOCALIZATION-SOURCE-BASIS-AXIOM-SELECTOR-DOMAIN-REPAIR-PACKET;TEX-RESEARCH-CONTROL-LOCALIZATION-SOURCE-BASIS-AXIOM-SELECTION-LAW-BENCHMARK-INDEPENDENCE-REFUTATION;TEX-RESEARCH-CONTROL-LOCALIZATION-SOURCE-BASIS-AXIOM-SELECTION-LAW-SMUGGLING-AUDIT;TEX-RESEARCH-CONTROL-LOCALIZATION-SOURCE-BASIS-AXIOM-SELECTION-LAW-PACKET;TEX-RESEARCH-CONTROL-LOCALIZATION-SOURCE-BASIS-AXIOM-BENCHMARK-INDEPENDENCE-REFUTATION;TEX-RESEARCH-CONTROL-LOCALIZATION-SOURCE-BASIS-AXIOM-SMUGGLING-AUDIT;TEX-RESEARCH-CONTROL-LOCALIZATION-SOURCE-BASIS-AXIOM-JUSTIFICATION;TEX-RESEARCH-CONTROL-LOCALIZATION-SOURCE-BASIS-CONSERVATIVITY-REFUTATION;TEX-RESEARCH-CONTROL-LOCALIZATION-SOURCE-BASIS-SMUGGLING-AUDIT;TEX-RESEARCH-CONTROL-LOCALIZATION-SOURCE-BASIS-FORMALIZATION;TEX-RESEARCH-CONTROL-GATE0-ONTOLOGY-FORMALIZATION,,wiki/tex/tex-research-control-localization-source-basis-axiom-selector-domain-finite-variation-benchmark-independence-refutation.md,tex-wiki,PASS,2026-06-11T03:40:07Z,Source-basis axiom selector-domain finite-variation benchmark-independence refutation for research-control task RT-20260611-006,false,,,rejected,stopped_negative_result,not_applicable,control_only
TEX-RESEARCH-CONTROL-LOCALIZATION-SOURCE-BASIS-AXIOM-SELECTOR-DOMAIN-FINITE-VARIATION-REPAIR-PACKET,research_control/tasks/RT-20260608-022/artifacts/21_LOCALIZATION_SOURCE_BASIS_AXIOM_SELECTOR_DOMAIN_FINITE_VARIATION_REPAIR_PACKET.tex,tex,science_draft,draft_control_artifact,humans_and_agents,c66851e47ed58604ca63a54828caef092cd1efa91f9f15b6cd5f8ff01aa0260a,TEX-RESEARCH-CONTROL-LOCALIZATION-SOURCE-BASIS-AXIOM-SELECTOR-DOMAIN-FINITE-SURVEY-PROTOCOL-BENCHMARK-INDEPENDENCE-REFUTATION;TEX-RESEARCH-CONTROL-LOCALIZATION-SOURCE-BASIS-AXIOM-SELECTOR-DOMAIN-FINITE-SURVEY-PROTOCOL-SMUGGLING-AUDIT;TEX-RESEARCH-CONTROL-LOCALIZATION-SOURCE-BASIS-AXIOM-SELECTOR-DOMAIN-FINITE-SURVEY-PROTOCOL-PACKET;TEX-RESEARCH-CONTROL-LOCALIZATION-SOURCE-BASIS-AXIOM-SELECTOR-DOMAIN-BENCHMARK-INDEPENDENCE-REFUTATION;TEX-RESEARCH-CONTROL-LOCALIZATION-SOURCE-BASIS-AXIOM-SELECTOR-DOMAIN-SMUGGLING-AUDIT;TEX-RESEARCH-CONTROL-LOCALIZATION-SOURCE-BASIS-AXIOM-SELECTOR-DOMAIN-REPAIR-PACKET;TEX-RESEARCH-CONTROL-LOCALIZATION-SOURCE-BASIS-AXIOM-SELECTION-LAW-BENCHMARK-INDEPENDENCE-REFUTATION;TEX-RESEARCH-CONTROL-LOCALIZATION-SOURCE-BASIS-AXIOM-SELECTION-LAW-SMUGGLING-AUDIT;TEX-RESEARCH-CONTROL-LOCALIZATION-SOURCE-BASIS-AXIOM-SELECTION-LAW-PACKET;TEX-RESEARCH-CONTROL-LOCALIZATION-SOURCE-BASIS-AXIOM-BENCHMARK-INDEPENDENCE-REFUTATION;TEX-RESEARCH-CONTROL-LOCALIZATION-SOURCE-BASIS-AXIOM-SMUGGLING-AUDIT;TEX-RESEARCH-CONTROL-LOCALIZATION-SOURCE-BASIS-AXIOM-JUSTIFICATION;TEX-RESEARCH-CONTROL-LOCALIZATION-SOURCE-BASIS-CONSERVATIVITY-REFUTATION;TEX-RESEARCH-CONTROL-LOCALIZATION-SOURCE-BASIS-SMUGGLING-AUDIT;TEX-RESEARCH-CONTROL-LOCALIZATION-SOURCE-BASIS-FORMALIZATION;TEX-RESEARCH-CONTROL-GATE0-ONTOLOGY-FORMALIZATION,,wiki/tex/tex-research-control-localization-source-basis-axiom-selector-domain-finite-variation-repair-packet.md,tex-wiki,PASS,2026-06-10T05:42:24Z,Source-basis axiom selector-domain finite-variation repair packet for research-control task RT-20260608-022,false,,,proposal,draft,not_applicable,control_only
TEX-RESEARCH-CONTROL-LOCALIZATION-SOURCE-BASIS-AXIOM-SELECTOR-DOMAIN-FINITE-VARIATION-SMUGGLING-AUDIT,research_control/tasks/RT-20260608-023/artifacts/22_LOCALIZATION_SOURCE_BASIS_AXIOM_SELECTOR_DOMAIN_FINITE_VARIATION_SMUGGLING_AUDIT.tex,tex,science_draft,draft_control_artifact,humans_and_agents,e032d4297c85b455d9c896169216c43de87668b4a375c4521af613c2e63d9874,TEX-RESEARCH-CONTROL-LOCALIZATION-SOURCE-BASIS-AXIOM-SELECTOR-DOMAIN-FINITE-VARIATION-REPAIR-PACKET;TEX-RESEARCH-CONTROL-LOCALIZATION-SOURCE-BASIS-AXIOM-SELECTOR-DOMAIN-FINITE-SURVEY-PROTOCOL-BENCHMARK-INDEPENDENCE-REFUTATION;TEX-RESEARCH-CONTROL-LOCALIZATION-SOURCE-BASIS-AXIOM-SELECTOR-DOMAIN-FINITE-SURVEY-PROTOCOL-SMUGGLING-AUDIT;TEX-RESEARCH-CONTROL-LOCALIZATION-SOURCE-BASIS-AXIOM-SELECTOR-DOMAIN-FINITE-SURVEY-PROTOCOL-PACKET;TEX-RESEARCH-CONTROL-LOCALIZATION-SOURCE-BASIS-AXIOM-SELECTOR-DOMAIN-BENCHMARK-INDEPENDENCE-REFUTATION;TEX-RESEARCH-CONTROL-LOCALIZATION-SOURCE-BASIS-AXIOM-SELECTOR-DOMAIN-SMUGGLING-AUDIT;TEX-RESEARCH-CONTROL-LOCALIZATION-SOURCE-BASIS-AXIOM-SELECTOR-DOMAIN-REPAIR-PACKET;TEX-RESEARCH-CONTROL-LOCALIZATION-SOURCE-BASIS-AXIOM-SELECTION-LAW-BENCHMARK-INDEPENDENCE-REFUTATION;TEX-RESEARCH-CONTROL-LOCALIZATION-SOURCE-BASIS-AXIOM-SELECTION-LAW-SMUGGLING-AUDIT;TEX-RESEARCH-CONTROL-LOCALIZATION-SOURCE-BASIS-AXIOM-SELECTION-LAW-PACKET;TEX-RESEARCH-CONTROL-LOCALIZATION-SOURCE-BASIS-AXIOM-BENCHMARK-INDEPENDENCE-REFUTATION;TEX-RESEARCH-CONTROL-LOCALIZATION-SOURCE-BASIS-AXIOM-SMUGGLING-AUDIT;TEX-RESEARCH-CONTROL-LOCALIZATION-SOURCE-BASIS-AXIOM-JUSTIFICATION;TEX-RESEARCH-CONTROL-LOCALIZATION-SOURCE-BASIS-CONSERVATIVITY-REFUTATION;TEX-RESEARCH-CONTROL-LOCALIZATION-SOURCE-BASIS-SMUGGLING-AUDIT;TEX-RESEARCH-CONTROL-LOCALIZATION-SOURCE-BASIS-FORMALIZATION;TEX-RESEARCH-CONTROL-GATE0-ONTOLOGY-FORMALIZATION,,wiki/tex/tex-research-control-localization-source-basis-axiom-selector-domain-finite-variation-smuggling-audit.md,tex-wiki,PASS,2026-06-10T16:21:25Z,Source-basis axiom selector-domain finite-variation smuggling audit for research-control task RT-20260608-023,false,,,rejected,stopped_negative_result,not_applicable,control_only
TEX-RESEARCH-CONTROL-LOCALIZATION-SOURCE-BASIS-AXIOM-SELECTOR-DOMAIN-LEDGER-GENERATION-ONTOLOGY-EXPANSION-PROPOSAL,research_control/tasks/RT-20260613-010/artifacts/30_LOCALIZATION_SOURCE_BASIS_AXIOM_SELECTOR_DOMAIN_LEDGER_GENERATION_ONTOLOGY_EXPANSION_PROPOSAL.tex,tex,science_draft,draft_control_artifact,humans_and_agents,15193aa051e27bcb2f41b8cc97c9f9c117746789b1c9248615d37ea1aab2899d,TEX-RESEARCH-CONTROL-LOCALIZATION-SOURCE-BASIS-AXIOM-SELECTOR-DOMAIN-LEDGER-PROVENANCE-THEOREM-ATTEMPT-OR-CONTROLLED-PAUSE;TEX-RESEARCH-CONTROL-LOCALIZATION-SOURCE-BASIS-AXIOM-SELECTOR-DOMAIN-SOURCE-FORCING-DISCHARGE-PROTOCOL-BENCHMARK-INDEPENDENCE-REFUTATION;TEX-RESEARCH-CONTROL-LOCALIZATION-SOURCE-BASIS-AXIOM-SELECTOR-DOMAIN-SOURCE-FORCING-DISCHARGE-PROTOCOL,,wiki/tex/tex-research-control-localization-source-basis-axiom-selector-domain-ledger-generation-ontology-expansion-proposal.md,tex-wiki,PASS,2026-06-13T16:15:23Z,Source-basis axiom selector-domain ledger-generation ontology-expansion proposal for research-control task RT-20260613-010,false,,,proposal,draft,not_applicable,control_only
TEX-RESEARCH-CONTROL-LOCALIZATION-SOURCE-BASIS-AXIOM-SELECTOR-DOMAIN-LEDGER-GENERATION-ONTOLOGY-EXPANSION-PROPOSAL-CONSERVATIVITY-BENCHMARK-INDEPENDENCE-REFUTATION,research_control/tasks/RT-20260613-016/artifacts/32_LOCALIZATION_SOURCE_BASIS_AXIOM_SELECTOR_DOMAIN_LEDGER_GENERATION_ONTOLOGY_EXPANSION_PROPOSAL_CONSERVATIVITY_BENCHMARK_INDEPENDENCE_REFUTATION.tex,tex,science_draft,draft_control_artifact,humans_and_agents,2933dfe7e78a480054361aa89387f2c29c12eab4cc7647744367b6e56075b2c5,TEX-RESEARCH-CONTROL-LOCALIZATION-SOURCE-BASIS-AXIOM-SELECTOR-DOMAIN-LEDGER-GENERATION-ONTOLOGY-EXPANSION-PROPOSAL-SMUGGLING-AUDIT;TEX-RESEARCH-CONTROL-LOCALIZATION-SOURCE-BASIS-AXIOM-SELECTOR-DOMAIN-LEDGER-GENERATION-ONTOLOGY-EXPANSION-PROPOSAL;TEX-RESEARCH-CONTROL-LOCALIZATION-SOURCE-BASIS-AXIOM-SELECTOR-DOMAIN-LEDGER-PROVENANCE-THEOREM-ATTEMPT-OR-CONTROLLED-PAUSE;TEX-RESEARCH-CONTROL-LOCALIZATION-SOURCE-BASIS-AXIOM-SELECTOR-DOMAIN-SOURCE-FORCING-DISCHARGE-PROTOCOL-BENCHMARK-INDEPENDENCE-REFUTATION;TEX-RESEARCH-CONTROL-LOCALIZATION-SOURCE-BASIS-AXIOM-SELECTOR-DOMAIN-SOURCE-FORCING-DISCHARGE-PROTOCOL,,wiki/tex/tex-research-control-localization-source-basis-axiom-selector-domain-ledger-generation-ontology-expansion-proposal-conservativity-benchmark-independence-refutation.md,tex-wiki,PASS,2026-06-13T19:51:37Z,Source-basis axiom selector-domain ledger-generation ontology-expansion proposal conservativity and benchmark-independence refutation for research-control task RT-20260613-016,false,,,rejected,stopped_negative_result,not_applicable,control_only
TEX-RESEARCH-CONTROL-LOCALIZATION-SOURCE-BASIS-AXIOM-SELECTOR-DOMAIN-LEDGER-GENERATION-ONTOLOGY-EXPANSION-PROPOSAL-SMUGGLING-AUDIT,research_control/tasks/RT-20260613-015/artifacts/31_LOCALIZATION_SOURCE_BASIS_AXIOM_SELECTOR_DOMAIN_LEDGER_GENERATION_ONTOLOGY_EXPANSION_PROPOSAL_SMUGGLING_AUDIT.tex,tex,science_draft,draft_control_artifact,humans_and_agents,637082e6060a6ef9662e9d149bbefc60a6f5d47f4e9d4f04780de645f50642e1,TEX-RESEARCH-CONTROL-LOCALIZATION-SOURCE-BASIS-AXIOM-SELECTOR-DOMAIN-LEDGER-GENERATION-ONTOLOGY-EXPANSION-PROPOSAL;TEX-RESEARCH-CONTROL-LOCALIZATION-SOURCE-BASIS-AXIOM-SELECTOR-DOMAIN-LEDGER-PROVENANCE-THEOREM-ATTEMPT-OR-CONTROLLED-PAUSE;TEX-RESEARCH-CONTROL-LOCALIZATION-SOURCE-BASIS-AXIOM-SELECTOR-DOMAIN-SOURCE-FORCING-DISCHARGE-PROTOCOL-BENCHMARK-INDEPENDENCE-REFUTATION;TEX-RESEARCH-CONTROL-LOCALIZATION-SOURCE-BASIS-AXIOM-SELECTOR-DOMAIN-SOURCE-FORCING-DISCHARGE-PROTOCOL,,wiki/tex/tex-research-control-localization-source-basis-axiom-selector-domain-ledger-generation-ontology-expansion-proposal-smuggling-audit.md,tex-wiki,PASS,2026-06-13T19:28:55Z,Source-basis axiom selector-domain ledger-generation ontology-expansion proposal smuggling audit for research-control task RT-20260613-015,false,,,rejected,stopped_negative_result,not_applicable,control_only
TEX-RESEARCH-CONTROL-LOCALIZATION-SOURCE-BASIS-AXIOM-SELECTOR-DOMAIN-LEDGER-PROVENANCE-THEOREM-ATTEMPT-OR-CONTROLLED-PAUSE,research_control/tasks/RT-20260613-009/artifacts/29_LOCALIZATION_SOURCE_BASIS_AXIOM_SELECTOR_DOMAIN_LEDGER_PROVENANCE_THEOREM_ATTEMPT_OR_CONTROLLED_PAUSE.tex,tex,science_draft,draft_control_artifact,humans_and_agents,2dabf49f2e8bc3707c92eea0b0b84d26459c3c344fe36e28f2f31c042988bc61,TEX-RESEARCH-CONTROL-LOCALIZATION-SOURCE-BASIS-AXIOM-SELECTOR-DOMAIN-SOURCE-FORCING-DISCHARGE-PROTOCOL-BENCHMARK-INDEPENDENCE-REFUTATION;TEX-RESEARCH-CONTROL-LOCALIZATION-SOURCE-BASIS-AXIOM-SELECTOR-DOMAIN-SOURCE-FORCING-DISCHARGE-PROTOCOL-SMUGGLING-AUDIT;TEX-RESEARCH-CONTROL-LOCALIZATION-SOURCE-BASIS-AXIOM-SELECTOR-DOMAIN-SOURCE-FORCING-DISCHARGE-PROTOCOL;TEX-RESEARCH-CONTROL-LOCALIZATION-SOURCE-BASIS-AXIOM-SELECTOR-DOMAIN-SOURCE-FORCING-OBLIGATION-PACKET,,wiki/tex/tex-research-control-localization-source-basis-axiom-selector-domain-ledger-provenance-theorem-attempt-or-controlled-pause.md,tex-wiki,PASS,2026-06-13T15:51:30Z,Source-basis axiom selector-domain ledger-provenance theorem attempt or controlled pause for research-control task RT-20260613-009,false,,,rejected,stopped_negative_result,not_applicable,control_only
TEX-RESEARCH-CONTROL-LOCALIZATION-SOURCE-BASIS-AXIOM-SELECTOR-DOMAIN-NO-TARGET-SOURCE-REGISTERED-FREEZE-MANIFEST,research_control/tasks/RT-20260613-021/artifacts/37_LOCALIZATION_SOURCE_BASIS_AXIOM_SELECTOR_DOMAIN_NO_TARGET_SOURCE_REGISTERED_FREEZE_MANIFEST.tex,tex,science_draft,draft_control_artifact,humans_and_agents,b2917e3bf536ab6004edf2b9d4a4d09aec46bef10421a96f840a50519489d871,TEX-RESEARCH-CONTROL-LOCALIZATION-SOURCE-BASIS-AXIOM-SELECTOR-DOMAIN-NO-TARGET-SOURCE-FREEZE-INVENTORY-ANNOTATION-INFLUENCE-PACKET-ATTEMPT-OR-CONTROLLED-PAUSE;TEX-RESEARCH-CONTROL-LOCALIZATION-SOURCE-BASIS-AXIOM-SELECTOR-DOMAIN-NO-TARGET-SOURCE-SYNTAX-THEOREM-ATTEMPT-OR-CONTROLLED-PAUSE;TEX-RESEARCH-CONTROL-LOCALIZATION-SOURCE-BASIS-AXIOM-SELECTOR-DOMAIN-NO-TARGET-SOURCE-SYNTAX-REPAIR-TARGET-SMUGGLING-AUDIT;TEX-RESEARCH-CONTROL-LOCALIZATION-SOURCE-BASIS-AXIOM-SELECTOR-DOMAIN-NO-TARGET-SOURCE-SYNTAX-REPAIR-TARGET-PACKET,,wiki/tex/tex-research-control-localization-source-basis-axiom-selector-domain-no-target-source-registered-freeze-manifest.md,tex-wiki,PASS,2026-06-13T21:54:45Z,Source-registered NoTarget freeze manifest for research-control task RT-20260613-021,false,,,proposal,draft,not_applicable,control_only
TEX-RESEARCH-CONTROL-LOCALIZATION-SOURCE-BASIS-AXIOM-SELECTOR-DOMAIN-NO-TARGET-SOURCE-REGISTERED-FREEZE-MANIFEST-SMUGGLING-AUDIT,research_control/tasks/RT-20260613-022/artifacts/38_LOCALIZATION_SOURCE_BASIS_AXIOM_SELECTOR_DOMAIN_NO_TARGET_SOURCE_REGISTERED_FREEZE_MANIFEST_SMUGGLING_AUDIT.tex,tex,science_draft,draft_control_artifact,humans_and_agents,fabc42c0ff750b5c3f25beb0d0a93e2e6ec7c2513a910e457a0997872415e321,TEX-RESEARCH-CONTROL-LOCALIZATION-SOURCE-BASIS-AXIOM-SELECTOR-DOMAIN-NO-TARGET-SOURCE-REGISTERED-FREEZE-MANIFEST;TEX-RESEARCH-CONTROL-LOCALIZATION-SOURCE-BASIS-AXIOM-SELECTOR-DOMAIN-NO-TARGET-SOURCE-FREEZE-INVENTORY-ANNOTATION-INFLUENCE-PACKET-ATTEMPT-OR-CONTROLLED-PAUSE;TEX-RESEARCH-CONTROL-LOCALIZATION-SOURCE-BASIS-AXIOM-SELECTOR-DOMAIN-NO-TARGET-SOURCE-SYNTAX-THEOREM-ATTEMPT-OR-CONTROLLED-PAUSE;TEX-RESEARCH-CONTROL-LOCALIZATION-SOURCE-BASIS-AXIOM-SELECTOR-DOMAIN-NO-TARGET-SOURCE-SYNTAX-REPAIR-TARGET-SMUGGLING-AUDIT,,wiki/tex/tex-research-control-localization-source-basis-axiom-selector-domain-no-target-source-registered-freeze-manifest-smuggling-audit.md,tex-wiki,PASS,2026-06-13T22:11:41Z,NoTarget source-registered freeze manifest smuggling audit for research-control task RT-20260613-022,false,,,rejected,stopped_negative_result,not_applicable,control_only
TEX-RESEARCH-CONTROL-LOCALIZATION-SOURCE-BASIS-AXIOM-SELECTOR-DOMAIN-NO-TARGET-SOURCE-SYNTAX-BENCHMARK-INDEPENDENCE-PROXY-VARIATION-STRESS-TEST,research_control/tasks/RT-20260613-024/artifacts/40_LOCALIZATION_SOURCE_BASIS_AXIOM_SELECTOR_DOMAIN_NO_TARGET_SOURCE_SYNTAX_BENCHMARK_INDEPENDENCE_PROXY_VARIATION_STRESS_TEST.tex,tex,science_draft,draft_control_artifact,humans_and_agents,ba3f9c1d7277d51ae51105139699bed0d57799b825aae561390a46a8d0c2ba73,TEX-RESEARCH-CONTROL-LOCALIZATION-SOURCE-BASIS-AXIOM-SELECTOR-DOMAIN-NO-TARGET-SOURCE-SYNTAX-THEOREM-RETRY;TEX-RESEARCH-CONTROL-LOCALIZATION-SOURCE-BASIS-AXIOM-SELECTOR-DOMAIN-NO-TARGET-SOURCE-REGISTERED-FREEZE-MANIFEST-SMUGGLING-AUDIT;TEX-RESEARCH-CONTROL-LOCALIZATION-SOURCE-BASIS-AXIOM-SELECTOR-DOMAIN-NO-TARGET-SOURCE-REGISTERED-FREEZE-MANIFEST;TEX-RESEARCH-CONTROL-LOCALIZATION-SOURCE-BASIS-AXIOM-SELECTOR-DOMAIN-NO-TARGET-SOURCE-SYNTAX-THEOREM-ATTEMPT-OR-CONTROLLED-PAUSE;TEX-RESEARCH-CONTROL-LOCALIZATION-SOURCE-BASIS-AXIOM-SELECTOR-DOMAIN-NO-TARGET-SOURCE-SYNTAX-REPAIR-TARGET-SMUGGLING-AUDIT,,wiki/tex/tex-research-control-localization-source-basis-axiom-selector-domain-no-target-source-syntax-benchmark-independence-proxy-variation-stress-test.md,tex-wiki,PASS,2026-06-14T01:55:35Z,NoTarget source-syntax benchmark-independence and proxy-variation stress test for research-control task RT-20260613-024,false,,,rejected,stopped_negative_result,not_applicable,control_only
TEX-RESEARCH-CONTROL-LOCALIZATION-SOURCE-BASIS-AXIOM-SELECTOR-DOMAIN-NO-TARGET-SOURCE-SYNTAX-REPAIR-TARGET-PACKET,research_control/tasks/RT-20260613-017/artifacts/33_LOCALIZATION_SOURCE_BASIS_AXIOM_SELECTOR_DOMAIN_NO_TARGET_SOURCE_SYNTAX_REPAIR_TARGET_PACKET.tex,tex,science_draft,draft_control_artifact,humans_and_agents,9ebdd774f28e79b365df351ecbd1e740d374f8c927819f0fea32e7fdace36877,TEX-RESEARCH-CONTROL-LOCALIZATION-SOURCE-BASIS-AXIOM-SELECTOR-DOMAIN-LEDGER-GENERATION-ONTOLOGY-EXPANSION-PROPOSAL-CONSERVATIVITY-BENCHMARK-INDEPENDENCE-REFUTATION;TEX-RESEARCH-CONTROL-LOCALIZATION-SOURCE-BASIS-AXIOM-SELECTOR-DOMAIN-LEDGER-GENERATION-ONTOLOGY-EXPANSION-PROPOSAL-SMUGGLING-AUDIT;TEX-RESEARCH-CONTROL-LOCALIZATION-SOURCE-BASIS-AXIOM-SELECTOR-DOMAIN-LEDGER-GENERATION-ONTOLOGY-EXPANSION-PROPOSAL;TEX-RESEARCH-CONTROL-LOCALIZATION-SOURCE-BASIS-AXIOM-SELECTOR-DOMAIN-LEDGER-PROVENANCE-THEOREM-ATTEMPT-OR-CONTROLLED-PAUSE,,wiki/tex/tex-research-control-localization-source-basis-axiom-selector-domain-no-target-source-syntax-repair-target-packet.md,tex-wiki,PASS,2026-06-13T20:04:51Z,NoTarget source-syntax repair-target packet for research-control task RT-20260613-017,false,,,proposal,draft,not_applicable,control_only
TEX-RESEARCH-CONTROL-LOCALIZATION-SOURCE-BASIS-AXIOM-SELECTOR-DOMAIN-NO-TARGET-SOURCE-SYNTAX-REPAIR-TARGET-SMUGGLING-AUDIT,research_control/tasks/RT-20260613-018/artifacts/34_LOCALIZATION_SOURCE_BASIS_AXIOM_SELECTOR_DOMAIN_NO_TARGET_SOURCE_SYNTAX_REPAIR_TARGET_SMUGGLING_AUDIT.tex,tex,science_draft,draft_control_artifact,humans_and_agents,d4062c8ef1a6623e04b5f8674a44ae5ffd3e6f97ad4998302a2ed35d12ebd989,TEX-RESEARCH-CONTROL-LOCALIZATION-SOURCE-BASIS-AXIOM-SELECTOR-DOMAIN-NO-TARGET-SOURCE-SYNTAX-REPAIR-TARGET-PACKET;TEX-RESEARCH-CONTROL-LOCALIZATION-SOURCE-BASIS-AXIOM-SELECTOR-DOMAIN-LEDGER-GENERATION-ONTOLOGY-EXPANSION-PROPOSAL-CONSERVATIVITY-BENCHMARK-INDEPENDENCE-REFUTATION;TEX-RESEARCH-CONTROL-LOCALIZATION-SOURCE-BASIS-AXIOM-SELECTOR-DOMAIN-LEDGER-GENERATION-ONTOLOGY-EXPANSION-PROPOSAL-SMUGGLING-AUDIT;TEX-RESEARCH-CONTROL-LOCALIZATION-SOURCE-BASIS-AXIOM-SELECTOR-DOMAIN-LEDGER-GENERATION-ONTOLOGY-EXPANSION-PROPOSAL,,wiki/tex/tex-research-control-localization-source-basis-axiom-selector-domain-no-target-source-syntax-repair-target-smuggling-audit.md,tex-wiki,PASS,2026-06-13T20:19:48Z,NoTarget source-syntax repair-target smuggling audit for research-control task RT-20260613-018,false,,,rejected,stopped_negative_result,not_applicable,control_only
TEX-RESEARCH-CONTROL-LOCALIZATION-SOURCE-BASIS-AXIOM-SELECTOR-DOMAIN-NO-TARGET-SOURCE-SYNTAX-THEOREM-ATTEMPT-OR-CONTROLLED-PAUSE,research_control/tasks/RT-20260613-019/artifacts/35_LOCALIZATION_SOURCE_BASIS_AXIOM_SELECTOR_DOMAIN_NO_TARGET_SOURCE_SYNTAX_THEOREM_ATTEMPT_OR_CONTROLLED_PAUSE.tex,tex,science_draft,draft_control_artifact,humans_and_agents,679218315cbd7a8c556e42c051528ee1b4a01ec9be9a2e0aab37b46e0d84fa1f,TEX-RESEARCH-CONTROL-LOCALIZATION-SOURCE-BASIS-AXIOM-SELECTOR-DOMAIN-NO-TARGET-SOURCE-SYNTAX-REPAIR-TARGET-SMUGGLING-AUDIT;TEX-RESEARCH-CONTROL-LOCALIZATION-SOURCE-BASIS-AXIOM-SELECTOR-DOMAIN-NO-TARGET-SOURCE-SYNTAX-REPAIR-TARGET-PACKET;TEX-RESEARCH-CONTROL-LOCALIZATION-SOURCE-BASIS-AXIOM-SELECTOR-DOMAIN-LEDGER-GENERATION-ONTOLOGY-EXPANSION-PROPOSAL-CONSERVATIVITY-BENCHMARK-INDEPENDENCE-REFUTATION;TEX-RESEARCH-CONTROL-LOCALIZATION-SOURCE-BASIS-AXIOM-SELECTOR-DOMAIN-LEDGER-GENERATION-ONTOLOGY-EXPANSION-PROPOSAL-SMUGGLING-AUDIT,,wiki/tex/tex-research-control-localization-source-basis-axiom-selector-domain-no-target-source-syntax-theorem-attempt-or-controlled-pause.md,tex-wiki,PASS,2026-06-13T20:36:25Z,NoTarget source-syntax theorem attempt or controlled pause for research-control task RT-20260613-019,false,,,rejected,stopped_negative_result,not_applicable,control_only
TEX-RESEARCH-CONTROL-LOCALIZATION-SOURCE-BASIS-AXIOM-SELECTOR-DOMAIN-NO-TARGET-SOURCE-SYNTAX-THEOREM-RETRY,research_control/tasks/RT-20260613-023/artifacts/39_LOCALIZATION_SOURCE_BASIS_AXIOM_SELECTOR_DOMAIN_NO_TARGET_SOURCE_SYNTAX_THEOREM_RETRY.tex,tex,science_draft,draft_control_artifact,humans_and_agents,def36917985f3319fbbd07ceefa8209bc6ca2352353bbb2b8d7a500722e7e509,TEX-RESEARCH-CONTROL-LOCALIZATION-SOURCE-BASIS-AXIOM-SELECTOR-DOMAIN-NO-TARGET-SOURCE-REGISTERED-FREEZE-MANIFEST-SMUGGLING-AUDIT;TEX-RESEARCH-CONTROL-LOCALIZATION-SOURCE-BASIS-AXIOM-SELECTOR-DOMAIN-NO-TARGET-SOURCE-REGISTERED-FREEZE-MANIFEST;TEX-RESEARCH-CONTROL-LOCALIZATION-SOURCE-BASIS-AXIOM-SELECTOR-DOMAIN-NO-TARGET-SOURCE-FREEZE-INVENTORY-ANNOTATION-INFLUENCE-PACKET-ATTEMPT-OR-CONTROLLED-PAUSE;TEX-RESEARCH-CONTROL-LOCALIZATION-SOURCE-BASIS-AXIOM-SELECTOR-DOMAIN-NO-TARGET-SOURCE-SYNTAX-THEOREM-ATTEMPT-OR-CONTROLLED-PAUSE;TEX-RESEARCH-CONTROL-LOCALIZATION-SOURCE-BASIS-AXIOM-SELECTOR-DOMAIN-NO-TARGET-SOURCE-SYNTAX-REPAIR-TARGET-SMUGGLING-AUDIT,,wiki/tex/tex-research-control-localization-source-basis-axiom-selector-domain-no-target-source-syntax-theorem-retry.md,tex-wiki,PASS,2026-06-13T23:38:59Z,NoTarget source-syntax theorem retry for research-control task RT-20260613-023,false,,,proposal,draft,not_applicable,control_only
TEX-RESEARCH-CONTROL-LOCALIZATION-SOURCE-BASIS-AXIOM-SELECTOR-DOMAIN-REPAIR-PACKET,research_control/tasks/RT-20260608-016/artifacts/15_LOCALIZATION_SOURCE_BASIS_AXIOM_SELECTOR_DOMAIN_REPAIR_PACKET.tex,tex,science_draft,draft_control_artifact,humans_and_agents,0b4b4ae677a660759848bb52efc6cbf80ffd123a6e80ad2447be39f468925117,TEX-RESEARCH-CONTROL-LOCALIZATION-SOURCE-BASIS-AXIOM-SELECTION-LAW-BENCHMARK-INDEPENDENCE-REFUTATION;TEX-RESEARCH-CONTROL-LOCALIZATION-SOURCE-BASIS-AXIOM-SELECTION-LAW-SMUGGLING-AUDIT;TEX-RESEARCH-CONTROL-LOCALIZATION-SOURCE-BASIS-AXIOM-SELECTION-LAW-PACKET;TEX-RESEARCH-CONTROL-LOCALIZATION-SOURCE-BASIS-AXIOM-BENCHMARK-INDEPENDENCE-REFUTATION;TEX-RESEARCH-CONTROL-LOCALIZATION-SOURCE-BASIS-AXIOM-SMUGGLING-AUDIT;TEX-RESEARCH-CONTROL-LOCALIZATION-SOURCE-BASIS-AXIOM-JUSTIFICATION;TEX-RESEARCH-CONTROL-LOCALIZATION-SOURCE-BASIS-CONSERVATIVITY-REFUTATION;TEX-RESEARCH-CONTROL-LOCALIZATION-SOURCE-BASIS-SMUGGLING-AUDIT;TEX-RESEARCH-CONTROL-LOCALIZATION-SOURCE-BASIS-FORMALIZATION;TEX-RESEARCH-CONTROL-GATE0-ONTOLOGY-FORMALIZATION,,wiki/tex/tex-research-control-localization-source-basis-axiom-selector-domain-repair-packet.md,tex-wiki,PASS,2026-06-09T23:49:55Z,Source-basis axiom selector-domain repair packet for research-control task RT-20260608-016,false,,,proposal,draft,not_applicable,control_only
TEX-RESEARCH-CONTROL-LOCALIZATION-SOURCE-BASIS-AXIOM-SELECTOR-DOMAIN-SMUGGLING-AUDIT,research_control/tasks/RT-20260608-017/artifacts/16_LOCALIZATION_SOURCE_BASIS_AXIOM_SELECTOR_DOMAIN_SMUGGLING_AUDIT.tex,tex,science_draft,draft_control_artifact,humans_and_agents,4d052b85e78a7df949c937780dfb4fa496587ecf541c94adf0fd898b654aa5bf,TEX-RESEARCH-CONTROL-LOCALIZATION-SOURCE-BASIS-AXIOM-SELECTOR-DOMAIN-REPAIR-PACKET;TEX-RESEARCH-CONTROL-LOCALIZATION-SOURCE-BASIS-AXIOM-SELECTION-LAW-BENCHMARK-INDEPENDENCE-REFUTATION;TEX-RESEARCH-CONTROL-LOCALIZATION-SOURCE-BASIS-AXIOM-SELECTION-LAW-SMUGGLING-AUDIT;TEX-RESEARCH-CONTROL-LOCALIZATION-SOURCE-BASIS-AXIOM-SELECTION-LAW-PACKET;TEX-RESEARCH-CONTROL-LOCALIZATION-SOURCE-BASIS-AXIOM-BENCHMARK-INDEPENDENCE-REFUTATION;TEX-RESEARCH-CONTROL-LOCALIZATION-SOURCE-BASIS-AXIOM-SMUGGLING-AUDIT;TEX-RESEARCH-CONTROL-LOCALIZATION-SOURCE-BASIS-AXIOM-JUSTIFICATION;TEX-RESEARCH-CONTROL-LOCALIZATION-SOURCE-BASIS-CONSERVATIVITY-REFUTATION;TEX-RESEARCH-CONTROL-LOCALIZATION-SOURCE-BASIS-SMUGGLING-AUDIT;TEX-RESEARCH-CONTROL-LOCALIZATION-SOURCE-BASIS-FORMALIZATION;TEX-RESEARCH-CONTROL-GATE0-ONTOLOGY-FORMALIZATION,,wiki/tex/tex-research-control-localization-source-basis-axiom-selector-domain-smuggling-audit.md,tex-wiki,PASS,2026-06-10T00:02:41Z,Source-basis axiom selector-domain smuggling audit for research-control task RT-20260608-017,false,,,rejected,stopped_negative_result,not_applicable,control_only
TEX-RESEARCH-CONTROL-LOCALIZATION-SOURCE-BASIS-AXIOM-SELECTOR-DOMAIN-SOURCE-FORCING-DISCHARGE-PROTOCOL,research_control/tasks/RT-20260613-006/artifacts/26_LOCALIZATION_SOURCE_BASIS_AXIOM_SELECTOR_DOMAIN_SOURCE_FORCING_DISCHARGE_PROTOCOL.tex,tex,science_draft,draft_control_artifact,humans_and_agents,49ff28bc2e1e372603bd49865929bf87ee9a62d78fd7abe421c9ed22b3df4705,TEX-RESEARCH-CONTROL-LOCALIZATION-SOURCE-BASIS-AXIOM-SELECTOR-DOMAIN-SOURCE-FORCING-SMUGGLING-AUDIT;TEX-RESEARCH-CONTROL-LOCALIZATION-SOURCE-BASIS-AXIOM-SELECTOR-DOMAIN-SOURCE-FORCING-OBLIGATION-PACKET;TEX-RESEARCH-CONTROL-LOCALIZATION-SOURCE-BASIS-AXIOM-SELECTOR-DOMAIN-FINITE-VARIATION-BENCHMARK-INDEPENDENCE-REFUTATION;TEX-RESEARCH-CONTROL-LOCALIZATION-SOURCE-BASIS-AXIOM-SELECTOR-DOMAIN-FINITE-VARIATION-REPAIR-PACKET,,wiki/tex/tex-research-control-localization-source-basis-axiom-selector-domain-source-forcing-discharge-protocol.md,tex-wiki,PASS,2026-06-13T13:31:39Z,Source-basis axiom selector-domain source-forcing discharge protocol for research-control task RT-20260613-006,false,,,proposal,draft,not_applicable,control_only
TEX-RESEARCH-CONTROL-LOCALIZATION-SOURCE-BASIS-AXIOM-SELECTOR-DOMAIN-SOURCE-FORCING-DISCHARGE-PROTOCOL-BENCHMARK-INDEPENDENCE-REFUTATION,research_control/tasks/RT-20260613-008/artifacts/28_LOCALIZATION_SOURCE_BASIS_AXIOM_SELECTOR_DOMAIN_SOURCE_FORCING_DISCHARGE_PROTOCOL_BENCHMARK_INDEPENDENCE_REFUTATION.tex,tex,science_draft,draft_control_artifact,humans_and_agents,115a7982c5e7d82d7a0f0e36e03b2b790c1a34d5bc8315102f22df19854b1484,TEX-RESEARCH-CONTROL-LOCALIZATION-SOURCE-BASIS-AXIOM-SELECTOR-DOMAIN-SOURCE-FORCING-DISCHARGE-PROTOCOL-SMUGGLING-AUDIT;TEX-RESEARCH-CONTROL-LOCALIZATION-SOURCE-BASIS-AXIOM-SELECTOR-DOMAIN-SOURCE-FORCING-DISCHARGE-PROTOCOL;TEX-RESEARCH-CONTROL-LOCALIZATION-SOURCE-BASIS-AXIOM-SELECTOR-DOMAIN-SOURCE-FORCING-OBLIGATION-PACKET;TEX-RESEARCH-CONTROL-LOCALIZATION-SOURCE-BASIS-AXIOM-SELECTOR-DOMAIN-FINITE-VARIATION-BENCHMARK-INDEPENDENCE-REFUTATION,,wiki/tex/tex-research-control-localization-source-basis-axiom-selector-domain-source-forcing-discharge-protocol-benchmark-independence-refutation.md,tex-wiki,PASS,2026-06-13T14:06:34Z,Source-basis axiom selector-domain source-forcing discharge protocol benchmark-independence refutation for research-control task RT-20260613-008,false,,,rejected,stopped_negative_result,not_applicable,control_only
TEX-RESEARCH-CONTROL-LOCALIZATION-SOURCE-BASIS-AXIOM-SELECTOR-DOMAIN-SOURCE-FORCING-DISCHARGE-PROTOCOL-SMUGGLING-AUDIT,research_control/tasks/RT-20260613-007/artifacts/27_LOCALIZATION_SOURCE_BASIS_AXIOM_SELECTOR_DOMAIN_SOURCE_FORCING_DISCHARGE_PROTOCOL_SMUGGLING_AUDIT.tex,tex,science_draft,draft_control_artifact,humans_and_agents,4b634fdfb2ecd3c6af5073cac96205ea5ee14522040f066df65144c178c13e1f,TEX-RESEARCH-CONTROL-LOCALIZATION-SOURCE-BASIS-AXIOM-SELECTOR-DOMAIN-SOURCE-FORCING-DISCHARGE-PROTOCOL;TEX-RESEARCH-CONTROL-LOCALIZATION-SOURCE-BASIS-AXIOM-SELECTOR-DOMAIN-SOURCE-FORCING-SMUGGLING-AUDIT;TEX-RESEARCH-CONTROL-LOCALIZATION-SOURCE-BASIS-AXIOM-SELECTOR-DOMAIN-SOURCE-FORCING-OBLIGATION-PACKET;TEX-RESEARCH-CONTROL-LOCALIZATION-SOURCE-BASIS-AXIOM-SELECTOR-DOMAIN-FINITE-VARIATION-BENCHMARK-INDEPENDENCE-REFUTATION;TEX-RESEARCH-CONTROL-LOCALIZATION-SOURCE-BASIS-AXIOM-SELECTOR-DOMAIN-FINITE-VARIATION-REPAIR-PACKET,,wiki/tex/tex-research-control-localization-source-basis-axiom-selector-domain-source-forcing-discharge-protocol-smuggling-audit.md,tex-wiki,PASS,2026-06-13T13:53:55Z,Source-basis axiom selector-domain source-forcing discharge protocol smuggling audit for research-control task RT-20260613-007,false,,,rejected,stopped_negative_result,not_applicable,control_only
TEX-RESEARCH-CONTROL-LOCALIZATION-SOURCE-BASIS-AXIOM-SELECTOR-DOMAIN-SOURCE-FORCING-OBLIGATION-PACKET,research_control/tasks/RT-20260613-004/artifacts/24_LOCALIZATION_SOURCE_BASIS_AXIOM_SELECTOR_DOMAIN_SOURCE_FORCING_OBLIGATION_PACKET.tex,tex,science_draft,draft_control_artifact,humans_and_agents,f85cbe67e321fa470e0364597a6480bf2e70bf03954c38cf92cbe78fcabf6d53,TEX-RESEARCH-CONTROL-LOCALIZATION-SOURCE-BASIS-AXIOM-SELECTOR-DOMAIN-FINITE-VARIATION-BENCHMARK-INDEPENDENCE-REFUTATION;TEX-RESEARCH-CONTROL-LOCALIZATION-SOURCE-BASIS-AXIOM-SELECTOR-DOMAIN-FINITE-VARIATION-SMUGGLING-AUDIT;TEX-RESEARCH-CONTROL-LOCALIZATION-SOURCE-BASIS-AXIOM-SELECTOR-DOMAIN-FINITE-VARIATION-REPAIR-PACKET;TEX-RESEARCH-CONTROL-LOCALIZATION-SOURCE-BASIS-AXIOM-SELECTOR-DOMAIN-FINITE-SURVEY-PROTOCOL-BENCHMARK-INDEPENDENCE-REFUTATION,,wiki/tex/tex-research-control-localization-source-basis-axiom-selector-domain-source-forcing-obligation-packet.md,tex-wiki,PASS,2026-06-13T12:46:21Z,Source-basis axiom selector-domain source-forcing obligation packet for research-control task RT-20260613-004,false,,,proposal,draft,not_applicable,control_only
TEX-RESEARCH-CONTROL-LOCALIZATION-SOURCE-BASIS-AXIOM-SELECTOR-DOMAIN-SOURCE-FORCING-SMUGGLING-AUDIT,research_control/tasks/RT-20260613-005/artifacts/25_LOCALIZATION_SOURCE_BASIS_AXIOM_SELECTOR_DOMAIN_SOURCE_FORCING_SMUGGLING_AUDIT.tex,tex,science_draft,draft_control_artifact,humans_and_agents,d452845ceaff3c2f22c1cc85124bd0333f283a28e589da7d9f994916fea6fd30,TEX-RESEARCH-CONTROL-LOCALIZATION-SOURCE-BASIS-AXIOM-SELECTOR-DOMAIN-SOURCE-FORCING-OBLIGATION-PACKET;TEX-RESEARCH-CONTROL-LOCALIZATION-SOURCE-BASIS-AXIOM-SELECTOR-DOMAIN-FINITE-VARIATION-BENCHMARK-INDEPENDENCE-REFUTATION;TEX-RESEARCH-CONTROL-LOCALIZATION-SOURCE-BASIS-AXIOM-SELECTOR-DOMAIN-FINITE-VARIATION-SMUGGLING-AUDIT;TEX-RESEARCH-CONTROL-LOCALIZATION-SOURCE-BASIS-AXIOM-SELECTOR-DOMAIN-FINITE-VARIATION-REPAIR-PACKET,,wiki/tex/tex-research-control-localization-source-basis-axiom-selector-domain-source-forcing-smuggling-audit.md,tex-wiki,PASS,2026-06-13T13:03:40Z,Source-basis axiom selector-domain source-forcing smuggling audit for research-control task RT-20260613-005,false,,,rejected,stopped_negative_result,not_applicable,control_only
TEX-RESEARCH-CONTROL-LOCALIZATION-SOURCE-BASIS-AXIOM-SMUGGLING-AUDIT,research_control/tasks/RT-20260608-011/artifacts/10_LOCALIZATION_SOURCE_BASIS_AXIOM_SMUGGLING_AUDIT.tex,tex,science_draft,draft_control_artifact,humans_and_agents,be0571028af48d775faaa81eaebb9f6b947bc30a7ee7a52e4250010d4b30a8ad,TEX-RESEARCH-CONTROL-LOCALIZATION-SOURCE-BASIS-AXIOM-JUSTIFICATION;TEX-RESEARCH-CONTROL-LOCALIZATION-SOURCE-BASIS-CONSERVATIVITY-REFUTATION;TEX-RESEARCH-CONTROL-LOCALIZATION-SOURCE-BASIS-SMUGGLING-AUDIT;TEX-RESEARCH-CONTROL-LOCALIZATION-SOURCE-BASIS-FORMALIZATION;TEX-RESEARCH-CONTROL-GATE0-ONTOLOGY-FORMALIZATION,,wiki/tex/tex-research-control-localization-source-basis-axiom-smuggling-audit.md,tex-wiki,PASS,2026-06-09T13:39:04Z,Source-basis axiom smuggling audit for research-control task RT-20260608-011,false,,,rejected,stopped_negative_result,not_applicable,control_only
TEX-RESEARCH-CONTROL-LOCALIZATION-SOURCE-BASIS-CONSERVATIVITY-REFUTATION,research_control/tasks/RT-20260608-009/artifacts/08_LOCALIZATION_SOURCE_BASIS_CONSERVATIVITY_REFUTATION.tex,tex,science_draft,draft_control_artifact,humans_and_agents,039f785483c8eb9b86171d2eb8fb419356e96c6c2626c0480315c0fae7d99bd7,TEX-RESEARCH-CONTROL-LOCALIZATION-SOURCE-BASIS-SMUGGLING-AUDIT;TEX-RESEARCH-CONTROL-LOCALIZATION-SOURCE-BASIS-FORMALIZATION;TEX-RESEARCH-CONTROL-LOCALIZATION-REPAIR-REFUTATION;TEX-RESEARCH-CONTROL-GATE0-ONTOLOGY-FORMALIZATION,,wiki/tex/tex-research-control-localization-source-basis-conservativity-refutation.md,tex-wiki,PASS,2026-06-09T00:36:03Z,Source-basis conservativity refutation for research-control task RT-20260608-009,false,,,rejected,stopped_negative_result,not_applicable,control_only
TEX-RESEARCH-CONTROL-LOCALIZATION-SOURCE-BASIS-FORMALIZATION,research_control/tasks/RT-20260608-007/artifacts/06_LOCALIZATION_SOURCE_BASIS_FORMALIZATION.tex,tex,science_draft,draft_control_artifact,humans_and_agents,55c58da81e48528fad6ac2e5d0bd66e8981dbcca51ecbe82be68fcc63a1eeb26,TEX-RESEARCH-CONTROL-LOCALIZATION-REPAIR-REFUTATION;TEX-RESEARCH-CONTROL-LOCALIZATION-SOURCE-REPAIR-PACKET;TEX-RESEARCH-CONTROL-LOCALIZATION-SMUGGLING-AUDIT;TEX-RESEARCH-CONTROL-GATE0-ONTOLOGY-FORMALIZATION,,wiki/tex/tex-research-control-localization-source-basis-formalization.md,tex-wiki,PASS,2026-06-09T00:14:36Z,Source-basis formalization for research-control task RT-20260608-007,false,,,proposal,draft,not_applicable,control_only
TEX-RESEARCH-CONTROL-LOCALIZATION-SOURCE-BASIS-SMUGGLING-AUDIT,research_control/tasks/RT-20260608-008/artifacts/07_LOCALIZATION_SOURCE_BASIS_SMUGGLING_AUDIT.tex,tex,science_draft,draft_control_artifact,humans_and_agents,34b45efc3cc0d50b2df047fe28fd2a21377021def57a1970f2ad1d64d642e606,TEX-RESEARCH-CONTROL-LOCALIZATION-SOURCE-BASIS-FORMALIZATION;TEX-RESEARCH-CONTROL-LOCALIZATION-REPAIR-REFUTATION;TEX-RESEARCH-CONTROL-LOCALIZATION-SOURCE-REPAIR-PACKET;TEX-RESEARCH-CONTROL-GATE0-ONTOLOGY-FORMALIZATION,,wiki/tex/tex-research-control-localization-source-basis-smuggling-audit.md,tex-wiki,PASS,2026-06-09T00:22:21Z,Source-basis smuggling audit for research-control task RT-20260608-008,false,,,rejected,stopped_negative_result,not_applicable,control_only
TEX-RESEARCH-CONTROL-LOCALIZATION-SOURCE-REPAIR-PACKET,research_control/tasks/RT-20260608-005/artifacts/04_LOCALIZATION_SOURCE_REPAIR_PACKET.tex,tex,science_draft,draft_control_artifact,humans_and_agents,cf297d12204920a95817efe213ed3c5e21b06ff3157f59092e1e250742ffb539,TEX-RESEARCH-CONTROL-LOCALIZATION-SMUGGLING-AUDIT;TEX-RESEARCH-CONTROL-LOCALIZATION-CANDIDATE-PACKET;TEX-RESEARCH-CONTROL-GATE0-ONTOLOGY-FORMALIZATION,,wiki/tex/tex-research-control-localization-source-repair-packet.md,tex-wiki,PASS,2026-06-08T23:53:45Z,Source-only localization repair packet for research-control task RT-20260608-005,false,,,proposal,draft,not_applicable,control_only
TEX-RESEARCH-CONTROL-RESP-LC-FINITE-TOY-METRIC-RESPONSE-MODEL,research_control/tasks/RT-20260614-053/artifacts/94_RESP_LC_FINITE_TOY_METRIC_RESPONSE_MODEL.tex,tex,science_draft,draft_control_artifact,humans_and_agents,45420616b2e8502204adda85f7a008800c5a4c571b30326e9279fb53475a2931,TEX-RESEARCH-CONTROL-RESP-LC-SOURCE-SIDE-SELECTOR-NO-GO-THEOREM-REFUTER-STRESS-TEST,,wiki/tex/tex-research-control-resp-lc-finite-toy-metric-response-model.md,tex-wiki,PASS,2026-06-18T00:54:37Z,Resp_lc finite toy metric-response model for research-control task RT-20260614-053,false,,,proposal,draft,not_applicable,control_only
TEX-RESEARCH-CONTROL-RESP-LC-FINITE-TOY-METRIC-RESPONSE-MODEL-REFUTER-STRESS-TEST,research_control/tasks/RT-20260614-055/artifacts/96_RESP_LC_FINITE_TOY_METRIC_RESPONSE_MODEL_REFUTER_STRESS_TEST.tex,tex,science_draft,draft_control_artifact,humans_and_agents,b589c29e440750e0dacaebb5d2ad86fd5bf0b593b7e27645052fcbf55839a161,TEX-RESEARCH-CONTROL-RESP-LC-FINITE-TOY-METRIC-RESPONSE-MODEL-SMUGGLING-AUDIT;TEX-RESEARCH-CONTROL-RESP-LC-FINITE-TOY-METRIC-RESPONSE-MODEL,,wiki/tex/tex-research-control-resp-lc-finite-toy-metric-response-model-refuter-stress-test.md,tex-wiki,PASS,2026-06-18T01:24:12Z,Resp_lc finite toy metric-response model Refuter stress test for research-control task RT-20260614-055,false,,,rejected,stopped_negative_result,not_applicable,control_only
TEX-RESEARCH-CONTROL-RESP-LC-FINITE-TOY-METRIC-RESPONSE-MODEL-SMUGGLING-AUDIT,research_control/tasks/RT-20260614-054/artifacts/95_RESP_LC_FINITE_TOY_METRIC_RESPONSE_MODEL_SMUGGLING_AUDIT.tex,tex,science_draft,draft_control_artifact,humans_and_agents,b5efa6a412f6c74770773478d255372b6fd867d9dfda3fa171a0d68a23c0e9c6,TEX-RESEARCH-CONTROL-RESP-LC-FINITE-TOY-METRIC-RESPONSE-MODEL,,wiki/tex/tex-research-control-resp-lc-finite-toy-metric-response-model-smuggling-audit.md,tex-wiki,PASS,2026-06-18T01:06:20Z,Resp_lc finite toy metric-response model smuggling audit for research-control task RT-20260614-054,false,,,proposal,draft,not_applicable,control_only
TEX-RESEARCH-CONTROL-RESP-LC-SOURCE-EXTENSION-CANDIDATE,research_control/tasks/RT-20260614-057/artifacts/98_RESP_LC_SOURCE_EXTENSION_CANDIDATE.tex,tex,science_draft,draft_control_artifact,humans_and_agents,b0d6124a7df8cdbacc17ae28fa70331b4c6243fd0aa9b7509391001d52da517e,TEX-RESEARCH-CONTROL-RESP-LC-FINITE-TOY-METRIC-RESPONSE-MODEL-REFUTER-STRESS-TEST;TEX-RESEARCH-CONTROL-RESP-LC-FINITE-TOY-METRIC-RESPONSE-MODEL-SMUGGLING-AUDIT;TEX-RESEARCH-CONTROL-RESP-LC-FINITE-TOY-METRIC-RESPONSE-MODEL;TEX-RESEARCH-CONTROL-RESP-LC-SOURCE-SIDE-SELECTOR-NO-GO-THEOREM-REFUTER-STRESS-TEST,,wiki/tex/tex-research-control-resp-lc-source-extension-candidate.md,tex-wiki,PASS,2026-06-18T02:22:01Z,Resp_lc source-extension candidate for research-control task RT-20260614-057,false,,,proposal,draft,not_applicable,control_only
TEX-RESEARCH-CONTROL-RESP-LC-SOURCE-EXTENSION-CANDIDATE-REFUTER-STRESS-TEST,research_control/tasks/RT-20260614-059/artifacts/100_RESP_LC_SOURCE_EXTENSION_CANDIDATE_REFUTER_STRESS_TEST.tex,tex,science_draft,draft_control_artifact,humans_and_agents,1dc4968c0a6981164a53b9ceba49d52419433c8ca02a9685fb6a3fe24e05bc47,TEX-RESEARCH-CONTROL-RESP-LC-SOURCE-EXTENSION-CANDIDATE-SMUGGLING-AUDIT;TEX-RESEARCH-CONTROL-RESP-LC-SOURCE-EXTENSION-CANDIDATE,,wiki/tex/tex-research-control-resp-lc-source-extension-candidate-refuter-stress-test.md,tex-wiki,PASS,2026-06-18T03:02:00Z,Resp_lc source-extension candidate Refuter stress test for research-control task RT-20260614-059,false,,,rejected,stopped_negative_result,not_applicable,control_only
TEX-RESEARCH-CONTROL-RESP-LC-SOURCE-EXTENSION-CANDIDATE-SMUGGLING-AUDIT,research_control/tasks/RT-20260614-058/artifacts/99_RESP_LC_SOURCE_EXTENSION_CANDIDATE_SMUGGLING_AUDIT.tex,tex,science_draft,draft_control_artifact,humans_and_agents,967b387d70dac4b0b917069ce3fd1b59ae5fef66aefa5e08dac703dfef8f64ce,TEX-RESEARCH-CONTROL-RESP-LC-SOURCE-EXTENSION-CANDIDATE,,wiki/tex/tex-research-control-resp-lc-source-extension-candidate-smuggling-audit.md,tex-wiki,PASS,2026-06-18T02:34:26Z,Resp_lc source-extension candidate smuggling audit for research-control task RT-20260614-058,false,,,proposal,draft,not_applicable,control_only
TEX-RESEARCH-CONTROL-RESP-LC-SOURCE-EXTENSION-HUMAN-GATE-ADOPTION-DECISION,research_control/tasks/RT-20260614-060/artifacts/101_RESP_LC_SOURCE_EXTENSION_HUMAN_GATE_ADOPTION_DECISION.tex,tex,scientific_gate,draft_control_artifact,humans_and_agents,93182583344ff3f98e8cd28099a36f46b4111e60a0f68bae70baedb7bdbc9376,TEX-RESEARCH-CONTROL-RESP-LC-SOURCE-EXTENSION-CANDIDATE-REFUTER-STRESS-TEST;TEX-RESEARCH-CONTROL-RESP-LC-SOURCE-EXTENSION-CANDIDATE-SMUGGLING-AUDIT;TEX-RESEARCH-CONTROL-RESP-LC-SOURCE-EXTENSION-CANDIDATE,,wiki/tex/tex-research-control-resp-lc-source-extension-human-gate-adoption-decision.md,tex-wiki,PASS,2026-06-18T03:11:32Z,Resp_lc source-extension human-gate adoption decision for research-control task RT-20260614-060,false,,,control_only,project_control,accepted,control_only
TEX-RESEARCH-CONTROL-RESP-LC-SOURCE-SIDE-SELECTOR-NO-GO-THEOREM-REFUTER-STRESS-TEST,research_control/tasks/RT-20260614-051/artifacts/92_RESP_LC_SOURCE_SIDE_SELECTOR_NO_GO_THEOREM_REFUTER_STRESS_TEST.tex,tex,science_draft,draft_control_artifact,humans_and_agents,fc2a0d719078716c483acc3d697fc2c844744401bc760aec3b3b995808d4c6a1,TEX-RESEARCH-CONTROL-LOCALIZATION-SOURCE-BASIS-AXIOM-SELECTOR-DOMAIN-EQSRC-LEDGER-COMPLETE-SOURCE-FAMILY-GENERATOR-PACKET-AUDITED-OBSLOC-OBSERVER-READOUT-RESP-LC-SOURCE-SIDE-SELECTOR-NO-GO-THEOREM-PACKET;TEX-RESEARCH-CONTROL-LOCALIZATION-SOURCE-BASIS-AXIOM-SELECTOR-DOMAIN-EQSRC-LEDGER-COMPLETE-SOURCE-FAMILY-GENERATOR-PACKET-AUDITED-OBSLOC-OBSERVER-READOUT-RESP-LC-SOURCE-SIDE-SELECTOR-INSTANTIATION-REFUTER-STRESS-TEST;TEX-RESEARCH-CONTROL-LOCALIZATION-SOURCE-BASIS-AXIOM-SELECTOR-DOMAIN-EQSRC-LEDGER-COMPLETE-SOURCE-FAMILY-GENERATOR-PACKET-AUDITED-OBSLOC-OBSERVER-READOUT-RESP-LC-SOURCE-SIDE-SELECTOR-PRIMITIVE-SMUGGLING-AUDIT;TEX-RESEARCH-CONTROL-LOCALIZATION-SOURCE-BASIS-AXIOM-SELECTOR-DOMAIN-EQSRC-LEDGER-COMPLETE-SOURCE-FAMILY-GENERATOR-PACKET-AUDITED-OBSLOC-OBSERVER-READOUT-RESP-LC-SOURCE-SIDE-SELECTOR-PRIMITIVE-PACKET,,wiki/tex/tex-research-control-resp-lc-source-side-selector-no-go-theorem-refuter-stress-test.md,tex-wiki,PASS,2026-06-17T06:37:06Z,Resp_lc source-side selector no-go theorem Refuter stress test for research-control task RT-20260614-051,false,,,rejected,stopped_negative_result,not_applicable,control_only
