object_id,path,format,role,authority_status,audience,source_hash,related_source,generated_from,generated_outputs,owner_skill,validation_status,last_validated_at,notes,source_object_id,source_path,source_object_hash,wiki_hash,wiki_kind,generated_at
WIKI-HTML-AETHER-FLOW-ONTOLOGY-EXPLAINER,wiki/html/html-aether-flow-ontology-explainer.md,wiki_markdown,generated_metadata_note,generated_noncanonical,humans_and_agents,aa5295a16e0f204c0b2c2cf59abe8cac5cb56ab0eb638da844e0e920a5ec5da4,HTML-AETHER-FLOW-ONTOLOGY-EXPLAINER,HTML-AETHER-FLOW-ONTOLOGY-EXPLAINER,,markdown-wiki,PASS,2026-06-18T23:14:15Z,Generated metadata note; not canonical authority.,HTML-AETHER-FLOW-ONTOLOGY-EXPLAINER,html/aether-flow-ontology-explainer.html,cd2e3fc6527f9960fceb615c89558da3ddbdad58cc65d12709ade5b1f1f9595b,aa5295a16e0f204c0b2c2cf59abe8cac5cb56ab0eb638da844e0e920a5ec5da4,html,2026-06-18T23:14:15Z
WIKI-HTML-AETHER-FLOW-PHYSICS-PROGRAM-EXPLAINER,wiki/html/html-aether-flow-physics-program-explainer.md,wiki_markdown,generated_metadata_note,generated_noncanonical,humans_and_agents,1351e1bfeea69168e89145edb9e3210299258d4d16903ebcfe123fed9533dbd6,HTML-AETHER-FLOW-PHYSICS-PROGRAM-EXPLAINER,HTML-AETHER-FLOW-PHYSICS-PROGRAM-EXPLAINER,,markdown-wiki,PASS,2026-06-18T22:47:15Z,Generated metadata note; not canonical authority.,HTML-AETHER-FLOW-PHYSICS-PROGRAM-EXPLAINER,html/aether-flow-physics-program-explainer.html,2d87723c44f8b214a04d36ea8cab0e9aad4b2060580853f6ff52aef73cb70e4a,1351e1bfeea69168e89145edb9e3210299258d4d16903ebcfe123fed9533dbd6,html,2026-06-18T22:47:15Z
WIKI-HTML-CLAIM-GATES-EXPLAINER,wiki/html/html-claim-gates-explainer.md,wiki_markdown,generated_metadata_note,generated_noncanonical,humans_and_agents,fa5cb020a07d7fc347216d51be7347a72441e20f7d4473dfe50ed91f24dd8543,HTML-CLAIM-GATES-EXPLAINER,HTML-CLAIM-GATES-EXPLAINER,,markdown-wiki,PASS,2026-06-18T23:51:33Z,Generated metadata note; not canonical authority.,HTML-CLAIM-GATES-EXPLAINER,html/claim-gates-explainer.html,dfa61263915c641485104e17104e9d93806988a6753ef659ae1c5db9348d3074,fa5cb020a07d7fc347216d51be7347a72441e20f7d4473dfe50ed91f24dd8543,html,2026-06-18T23:51:33Z
WIKI-HTML-DIRECTOR-AGENTJOB-LIFECYCLE-EXPLAINER,wiki/html/html-director-agentjob-lifecycle-explainer.md,wiki_markdown,generated_metadata_note,generated_noncanonical,humans_and_agents,950b23e4499975a061cf928b3fa0b9f40d7465137d16934557eacf97363c01dc,HTML-DIRECTOR-AGENTJOB-LIFECYCLE-EXPLAINER,HTML-DIRECTOR-AGENTJOB-LIFECYCLE-EXPLAINER,,markdown-wiki,PASS,2026-06-19T00:17:58Z,Generated metadata note; not canonical authority.,HTML-DIRECTOR-AGENTJOB-LIFECYCLE-EXPLAINER,html/director-agentjob-lifecycle-explainer.html,7684a7cd378e0918e4a6f96b4ee2df9612730e3d142bf3a8f68d3cb7ebf64c54,950b23e4499975a061cf928b3fa0b9f40d7465137d16934557eacf97363c01dc,html,2026-06-19T00:17:58Z
WIKI-HTML-EXACT-GR-BENCHMARK-BOUNDARY-EXPLAINER,wiki/html/html-exact-gr-benchmark-boundary-explainer.md,wiki_markdown,generated_metadata_note,generated_noncanonical,humans_and_agents,9eeb574d3bd50c44ff2c26fb292709e4afc389ddcb040cd60112bfb957445642,HTML-EXACT-GR-BENCHMARK-BOUNDARY-EXPLAINER,HTML-EXACT-GR-BENCHMARK-BOUNDARY-EXPLAINER,,markdown-wiki,PASS,2026-06-18T22:47:15Z,Generated metadata note; not canonical authority.,HTML-EXACT-GR-BENCHMARK-BOUNDARY-EXPLAINER,html/exact-gr-benchmark-boundary-explainer.html,7941416aebf59db50a320f7e2c292926fedaa804e2aed8d19d07164735fed852,9eeb574d3bd50c44ff2c26fb292709e4afc389ddcb040cd60112bfb957445642,html,2026-06-18T22:47:15Z
WIKI-HTML-GR-DERIVATION-ROADMAP-EXPLAINER,wiki/html/html-gr-derivation-roadmap-explainer.md,wiki_markdown,generated_metadata_note,generated_noncanonical,humans_and_agents,4d62597e464fae1a8b5294ed55326645cda0926df7b77d3e0bb5584aad6b65b8,HTML-GR-DERIVATION-ROADMAP-EXPLAINER,HTML-GR-DERIVATION-ROADMAP-EXPLAINER,,markdown-wiki,PASS,2026-06-18T23:31:35Z,Generated metadata note; not canonical authority.,HTML-GR-DERIVATION-ROADMAP-EXPLAINER,html/gr-derivation-roadmap-explainer.html,872831889924707891d6f04211db2d95509a8d08914070ce9173d82b151f7fa8,4d62597e464fae1a8b5294ed55326645cda0926df7b77d3e0bb5584aad6b65b8,html,2026-06-18T23:31:35Z
WIKI-HTML-PARENT-CHILD-SYNTHESIS-EXPLAINER,wiki/html/html-parent-child-synthesis-explainer.md,wiki_markdown,generated_metadata_note,generated_noncanonical,humans_and_agents,e8795f02fb0f8bca8f6578fbbeb73971733240d63f4373eb738bcbf3e246af2a,HTML-PARENT-CHILD-SYNTHESIS-EXPLAINER,HTML-PARENT-CHILD-SYNTHESIS-EXPLAINER,,markdown-wiki,PASS,2026-06-19T00:40:04Z,Generated metadata note; not canonical authority.,HTML-PARENT-CHILD-SYNTHESIS-EXPLAINER,html/parent-child-synthesis-explainer.html,5c2c31290f519f498d5f3954f492eed17691cdf18bbe95a71ecb64af007d1f2c,e8795f02fb0f8bca8f6578fbbeb73971733240d63f4373eb738bcbf3e246af2a,html,2026-06-19T00:40:04Z
WIKI-HTML-PROJECT-OVERVIEW-EXPLAINER,wiki/html/html-project-overview-explainer.md,wiki_markdown,generated_metadata_note,generated_noncanonical,humans_and_agents,f715bc04dabb2b57133445c997a4fa2e6de9ffe112f85a5b00064ca8a4f918f7,HTML-PROJECT-OVERVIEW-EXPLAINER,HTML-PROJECT-OVERVIEW-EXPLAINER,,markdown-wiki,PASS,2026-06-18T18:25:03Z,Generated metadata note; not canonical authority.,HTML-PROJECT-OVERVIEW-EXPLAINER,html/project-overview-explainer.html,4c7b9076875f23b4055c61af195fd1a36ebbe35280600ee68a468f9e5bbd59e6,f715bc04dabb2b57133445c997a4fa2e6de9ffe112f85a5b00064ca8a4f918f7,html,2026-06-18T18:25:03Z
WIKI-HTML-PROJECT-SYSTEM-IMPROVEMENT-EXPLAINER,wiki/html/html-project-system-improvement-explainer.md,wiki_markdown,generated_metadata_note,generated_noncanonical,humans_and_agents,de09c36ed58c4417a62b26b13fac2cb2a20f23322f37174054a10d41eefaa5e5,HTML-PROJECT-SYSTEM-IMPROVEMENT-EXPLAINER,HTML-PROJECT-SYSTEM-IMPROVEMENT-EXPLAINER,,markdown-wiki,PASS,2026-06-19T02:08:52Z,Generated metadata note; not canonical authority.,HTML-PROJECT-SYSTEM-IMPROVEMENT-EXPLAINER,html/project-system-improvement-explainer.html,03a2ee315536b0ec28647ccad52e02a602ab3e43aaed9980b828743efa0bf5da,de09c36ed58c4417a62b26b13fac2cb2a20f23322f37174054a10d41eefaa5e5,html,2026-06-19T02:08:52Z
WIKI-HTML-RESEARCH-AGENT-WORKFLOW-EXPLAINER,wiki/html/html-research-agent-workflow-explainer.md,wiki_markdown,generated_metadata_note,generated_noncanonical,humans_and_agents,5e06fb060604cf41d1a4f52488abeac54ec80ec8811bcc8d5c91208095d56a4e,HTML-RESEARCH-AGENT-WORKFLOW-EXPLAINER,HTML-RESEARCH-AGENT-WORKFLOW-EXPLAINER,,markdown-wiki,PASS,2026-06-19T00:17:58Z,Generated metadata note; not canonical authority.,HTML-RESEARCH-AGENT-WORKFLOW-EXPLAINER,html/research-agent-workflow-explainer.html,3f7d5d241dbfd0db017be3b7b2eabc40b085a0a1aa8f86e399d3255e7372209e,5e06fb060604cf41d1a4f52488abeac54ec80ec8811bcc8d5c91208095d56a4e,html,2026-06-19T00:17:58Z
WIKI-HTML-ROLE-ROUTING-EXPLAINER,wiki/html/html-role-routing-explainer.md,wiki_markdown,generated_metadata_note,generated_noncanonical,humans_and_agents,4b530dc6f45054fee67ca923713e542de4e0d429694a396943a5846d92809022,HTML-ROLE-ROUTING-EXPLAINER,HTML-ROLE-ROUTING-EXPLAINER,,markdown-wiki,PASS,2026-06-19T00:40:04Z,Generated metadata note; not canonical authority.,HTML-ROLE-ROUTING-EXPLAINER,html/role-routing-explainer.html,41368dd6d1491fa659e32e3cb65ba2a922876a13eaa87602490b86f4afc417b6,4b530dc6f45054fee67ca923713e542de4e0d429694a396943a5846d92809022,html,2026-06-19T00:40:04Z
WIKI-HTML-SOURCE-AUTHORITY-EXPLAINER,wiki/html/html-source-authority-explainer.md,wiki_markdown,generated_metadata_note,generated_noncanonical,humans_and_agents,227dd3097dc0e46911db00100d318b544b7ae0fc979e7766bb70207e33afa1b1,HTML-SOURCE-AUTHORITY-EXPLAINER,HTML-SOURCE-AUTHORITY-EXPLAINER,,markdown-wiki,PASS,2026-06-18T18:25:03Z,Generated metadata note; not canonical authority.,HTML-SOURCE-AUTHORITY-EXPLAINER,html/source-authority-explainer.html,d1ab9509a9e6dc37e593f7daaf04c4feb2a07bb4d42719290eecea0b4f1a29ef,227dd3097dc0e46911db00100d318b544b7ae0fc979e7766bb70207e33afa1b1,html,2026-06-18T18:25:03Z
WIKI-MD-AETHER-FLOW-INTERPRETATION-LEMEN,wiki/markdown/md-aether-flow-interpretation-lemen.md,wiki_markdown,generated_metadata_note,generated_noncanonical,humans_and_agents,24c77ffb7e43e5b71a086d7e3e94d8766e6d3f518561168ae79e6e47772323e4,MD-AETHER-FLOW-INTERPRETATION-LEMEN,MD-AETHER-FLOW-INTERPRETATION-LEMEN,,markdown-wiki,PASS,2026-06-12T00:43:10Z,Generated metadata note; not canonical authority.,MD-AETHER-FLOW-INTERPRETATION-LEMEN,ontology/aether_flow_interpretation-lemen.md,4ee8f4e889ad433f7d167442e25a47db061743c4b6ccf4528230f6db919d8e23,24c77ffb7e43e5b71a086d7e3e94d8766e6d3f518561168ae79e6e47772323e4,markdown,2026-06-12T00:43:10Z
WIKI-MD-AETHER-FLOW-ONTOLOGY-PUBLICATION-BRIEF,wiki/markdown/md-aether-flow-ontology-publication-brief.md,wiki_markdown,generated_metadata_note,generated_noncanonical,humans_and_agents,a7010fd434abfd8c2bb1b5a9798c92c0f4eadc76d57a9139ae2672518edbc842,MD-AETHER-FLOW-ONTOLOGY-PUBLICATION-BRIEF,MD-AETHER-FLOW-ONTOLOGY-PUBLICATION-BRIEF,,markdown-wiki,PASS,2026-06-18T23:13:14Z,Generated metadata note; not canonical authority.,MD-AETHER-FLOW-ONTOLOGY-PUBLICATION-BRIEF,markdown/publication-briefs/aether-flow-ontology.publication-brief.md,637ffbb2b2207e274e22f0dda121d3ef684189b08b69182a5c64e404f232465f,a7010fd434abfd8c2bb1b5a9798c92c0f4eadc76d57a9139ae2672518edbc842,markdown,2026-06-18T23:13:14Z
WIKI-MD-AETHER-FLOW-PHYSICS-PROGRAM-PUBLICATION-BRIEF,wiki/markdown/md-aether-flow-physics-program-publication-brief.md,wiki_markdown,generated_metadata_note,generated_noncanonical,humans_and_agents,b96dafbe785fdf7ebd3c1942993defb0a019b0cdc21e94f9299078a554a7f57c,MD-AETHER-FLOW-PHYSICS-PROGRAM-PUBLICATION-BRIEF,MD-AETHER-FLOW-PHYSICS-PROGRAM-PUBLICATION-BRIEF,,markdown-wiki,PASS,2026-06-18T22:44:39Z,Generated metadata note; not canonical authority.,MD-AETHER-FLOW-PHYSICS-PROGRAM-PUBLICATION-BRIEF,markdown/publication-briefs/aether-flow-physics-program.publication-brief.md,bf825afbac31e10b525f6ab9e05f52548b942d771f05c0b805e590790e5b221d,b96dafbe785fdf7ebd3c1942993defb0a019b0cdc21e94f9299078a554a7f57c,markdown,2026-06-18T22:44:39Z
WIKI-MD-AGENTS,wiki/markdown/md-agents.md,wiki_markdown,generated_metadata_note,generated_noncanonical,humans_and_agents,3af222ec134d93539727dba4b6450850ff50254de6e1a63142f18f0c07bb6489,MD-AGENTS,MD-AGENTS,,markdown-wiki,PASS,2026-06-17T15:59:18Z,Generated metadata note; not canonical authority.,MD-AGENTS,AGENTS.md,88f98aac20bae66e226e8afb3cbd3ff43c865844102ea61fd04a8500c75bdb9d,3af222ec134d93539727dba4b6450850ff50254de6e1a63142f18f0c07bb6489,markdown,2026-06-17T15:59:18Z
WIKI-MD-AGENTS-AGENTS,wiki/markdown/md-agents-agents.md,wiki_markdown,generated_metadata_note,generated_noncanonical,humans_and_agents,f2efe3a23a18453bd12c4b7a6cb4c37c791a84e80cf4e62f6bfbe41b661c47fa,MD-AGENTS-AGENTS,MD-AGENTS-AGENTS,,markdown-wiki,PASS,2026-06-10T02:34:32Z,Generated metadata note; not canonical authority.,MD-AGENTS-AGENTS,.agents/AGENTS.md,37f37011b22aee8091f72f4edc8a6d04997a512781f652a5d24db80e3dbe4ce8,f2efe3a23a18453bd12c4b7a6cb4c37c791a84e80cf4e62f6bfbe41b661c47fa,markdown,2026-06-10T02:34:32Z
WIKI-MD-AGENTS-RESEARCH-CONTROL,wiki/markdown/md-agents-research-control.md,wiki_markdown,generated_metadata_note,generated_noncanonical,humans_and_agents,c4a4cbe3096ee4a18f571a11992d0a4b4580c0467f5d0658721561eb93c30b7f,MD-AGENTS-RESEARCH-CONTROL,MD-AGENTS-RESEARCH-CONTROL,,markdown-wiki,PASS,2026-06-17T15:59:18Z,Generated metadata note; not canonical authority.,MD-AGENTS-RESEARCH-CONTROL,research_control/AGENTS.md,c14d9e1abf38d8b6394a614852311c5271a08a6a9f098b312b1a84845b0250f8,c4a4cbe3096ee4a18f571a11992d0a4b4580c0467f5d0658721561eb93c30b7f,markdown,2026-06-17T15:59:18Z
WIKI-MD-CLAIM-GATES-PUBLICATION-BRIEF,wiki/markdown/md-claim-gates-publication-brief.md,wiki_markdown,generated_metadata_note,generated_noncanonical,humans_and_agents,d7fc25da5938452af1b55aa34915f28d3a30249680896659d7c7faee3b9a7e18,MD-CLAIM-GATES-PUBLICATION-BRIEF,MD-CLAIM-GATES-PUBLICATION-BRIEF,,markdown-wiki,PASS,2026-06-18T23:51:33Z,Generated metadata note; not canonical authority.,MD-CLAIM-GATES-PUBLICATION-BRIEF,markdown/publication-briefs/claim-gates.publication-brief.md,d159ba8401eff517baf1720ea3028dd09956dcd10d62b6c327cfde06b80f0eaf,d7fc25da5938452af1b55aa34915f28d3a30249680896659d7c7faee3b9a7e18,markdown,2026-06-18T23:51:33Z
WIKI-MD-DIRECTOR-AGENTJOB-LIFECYCLE-PUBLICATION-BRIEF,wiki/markdown/md-director-agentjob-lifecycle-publication-brief.md,wiki_markdown,generated_metadata_note,generated_noncanonical,humans_and_agents,532b7192a347dccfac06c0cb709a0691bcf0a27269b03805f46dbf72db03bb35,MD-DIRECTOR-AGENTJOB-LIFECYCLE-PUBLICATION-BRIEF,MD-DIRECTOR-AGENTJOB-LIFECYCLE-PUBLICATION-BRIEF,,markdown-wiki,PASS,2026-06-19T00:14:42Z,Generated metadata note; not canonical authority.,MD-DIRECTOR-AGENTJOB-LIFECYCLE-PUBLICATION-BRIEF,markdown/publication-briefs/director-agentjob-lifecycle.publication-brief.md,25e406547a1e686316cd68737402d637d444cafec3c1290b256490ce9c1abaa3,532b7192a347dccfac06c0cb709a0691bcf0a27269b03805f46dbf72db03bb35,markdown,2026-06-19T00:14:42Z
WIKI-MD-EXACT-GR-BENCHMARK-BOUNDARY-PUBLICATION-BRIEF,wiki/markdown/md-exact-gr-benchmark-boundary-publication-brief.md,wiki_markdown,generated_metadata_note,generated_noncanonical,humans_and_agents,a056e130c72564193b78e2d01136e9bfbfa782f15bda710160440ab2d603cf0e,MD-EXACT-GR-BENCHMARK-BOUNDARY-PUBLICATION-BRIEF,MD-EXACT-GR-BENCHMARK-BOUNDARY-PUBLICATION-BRIEF,,markdown-wiki,PASS,2026-06-18T22:44:39Z,Generated metadata note; not canonical authority.,MD-EXACT-GR-BENCHMARK-BOUNDARY-PUBLICATION-BRIEF,markdown/publication-briefs/exact-gr-benchmark-boundary.publication-brief.md,f97411086f16263a1fdc22bbff482d4da15c92610c7eeaaf6a5a5cde2ec2ca1f,a056e130c72564193b78e2d01136e9bfbfa782f15bda710160440ab2d603cf0e,markdown,2026-06-18T22:44:39Z
WIKI-MD-GITHUB-FACING-AETHER-FLOW-ONTOLOGY-EXPLAINER,wiki/markdown/md-github-facing-aether-flow-ontology-explainer.md,wiki_markdown,generated_metadata_note,generated_noncanonical,humans_and_agents,73f9cac407f5ccfed0fcd80b18b47a4a5befc66382e1905a7b8ba6779615de94,MD-GITHUB-FACING-AETHER-FLOW-ONTOLOGY-EXPLAINER,MD-GITHUB-FACING-AETHER-FLOW-ONTOLOGY-EXPLAINER,,markdown-wiki,PASS,2026-06-18T23:13:14Z,Generated metadata note; not canonical authority.,MD-GITHUB-FACING-AETHER-FLOW-ONTOLOGY-EXPLAINER,github-facing/aether-flow-ontology-explainer.md,0e5cdb23fc11d018f6325339a4c64bb5956aff073a04c161e881415977650539,73f9cac407f5ccfed0fcd80b18b47a4a5befc66382e1905a7b8ba6779615de94,markdown,2026-06-18T23:13:14Z
WIKI-MD-GITHUB-FACING-AETHER-FLOW-PHYSICS-PROGRAM-EXPLAINER,wiki/markdown/md-github-facing-aether-flow-physics-program-explainer.md,wiki_markdown,generated_metadata_note,generated_noncanonical,humans_and_agents,99ee959892db8fa45305ede2c2cd6c0a0e0d957cf9dbd038cce5a94cca4734a8,MD-GITHUB-FACING-AETHER-FLOW-PHYSICS-PROGRAM-EXPLAINER,MD-GITHUB-FACING-AETHER-FLOW-PHYSICS-PROGRAM-EXPLAINER,,markdown-wiki,PASS,2026-06-18T22:44:39Z,Generated metadata note; not canonical authority.,MD-GITHUB-FACING-AETHER-FLOW-PHYSICS-PROGRAM-EXPLAINER,github-facing/aether-flow-physics-program-explainer.md,831b40b1bfa6b7a7da8ef9ef541d32bd692775ac6d6856920e2936ff0bd06a0b,99ee959892db8fa45305ede2c2cd6c0a0e0d957cf9dbd038cce5a94cca4734a8,markdown,2026-06-18T22:44:39Z
WIKI-MD-GITHUB-FACING-CLAIM-GATES-EXPLAINER,wiki/markdown/md-github-facing-claim-gates-explainer.md,wiki_markdown,generated_metadata_note,generated_noncanonical,humans_and_agents,3ba66890a925d6bd59ad728a2893274700781899c366edccea3bdc1cd2c0c99a,MD-GITHUB-FACING-CLAIM-GATES-EXPLAINER,MD-GITHUB-FACING-CLAIM-GATES-EXPLAINER,,markdown-wiki,PASS,2026-06-18T23:51:33Z,Generated metadata note; not canonical authority.,MD-GITHUB-FACING-CLAIM-GATES-EXPLAINER,github-facing/claim-gates-explainer.md,b7e87e40063ed1574d3518bbc0f67f7c2ddde7df128b2315cdfa8160556fae70,3ba66890a925d6bd59ad728a2893274700781899c366edccea3bdc1cd2c0c99a,markdown,2026-06-18T23:51:33Z
WIKI-MD-GITHUB-FACING-DIRECTOR-AGENTJOB-LIFECYCLE-EXPLAINER,wiki/markdown/md-github-facing-director-agentjob-lifecycle-explainer.md,wiki_markdown,generated_metadata_note,generated_noncanonical,humans_and_agents,d3467b0301670d08b634015e573a6b5ecca39cfab37aed13e6231659b4a6ae9e,MD-GITHUB-FACING-DIRECTOR-AGENTJOB-LIFECYCLE-EXPLAINER,MD-GITHUB-FACING-DIRECTOR-AGENTJOB-LIFECYCLE-EXPLAINER,,markdown-wiki,PASS,2026-06-19T00:14:42Z,Generated metadata note; not canonical authority.,MD-GITHUB-FACING-DIRECTOR-AGENTJOB-LIFECYCLE-EXPLAINER,github-facing/director-agentjob-lifecycle-explainer.md,0340855bbcbf0f7a4f84e576452929e6cf312c1daf208637a9e1da465ecf9b49,d3467b0301670d08b634015e573a6b5ecca39cfab37aed13e6231659b4a6ae9e,markdown,2026-06-19T00:14:42Z
WIKI-MD-GITHUB-FACING-EXACT-GR-BENCHMARK-BOUNDARY-EXPLAINER,wiki/markdown/md-github-facing-exact-gr-benchmark-boundary-explainer.md,wiki_markdown,generated_metadata_note,generated_noncanonical,humans_and_agents,76af27e8eb6645576e68dc764c96024da7a88064f5430268431bc3c6d34741a1,MD-GITHUB-FACING-EXACT-GR-BENCHMARK-BOUNDARY-EXPLAINER,MD-GITHUB-FACING-EXACT-GR-BENCHMARK-BOUNDARY-EXPLAINER,,markdown-wiki,PASS,2026-06-18T22:44:39Z,Generated metadata note; not canonical authority.,MD-GITHUB-FACING-EXACT-GR-BENCHMARK-BOUNDARY-EXPLAINER,github-facing/exact-gr-benchmark-boundary-explainer.md,117f329c9060aec94bc4592ae6d02eb41260a7c986c33595d5d6199911ac4bbe,76af27e8eb6645576e68dc764c96024da7a88064f5430268431bc3c6d34741a1,markdown,2026-06-18T22:44:39Z
WIKI-MD-GITHUB-FACING-GR-DERIVATION-ROADMAP-EXPLAINER,wiki/markdown/md-github-facing-gr-derivation-roadmap-explainer.md,wiki_markdown,generated_metadata_note,generated_noncanonical,humans_and_agents,d0516f94d9739f110222d7153854b22864d4d5abd8db743a823db85d9e0c584a,MD-GITHUB-FACING-GR-DERIVATION-ROADMAP-EXPLAINER,MD-GITHUB-FACING-GR-DERIVATION-ROADMAP-EXPLAINER,,markdown-wiki,PASS,2026-06-18T23:31:35Z,Generated metadata note; not canonical authority.,MD-GITHUB-FACING-GR-DERIVATION-ROADMAP-EXPLAINER,github-facing/gr-derivation-roadmap-explainer.md,efd1b17260fc48ee135c0906e707ddc5b45aa8f31b4bc362043c53f76be728ed,d0516f94d9739f110222d7153854b22864d4d5abd8db743a823db85d9e0c584a,markdown,2026-06-18T23:31:35Z
WIKI-MD-GITHUB-FACING-PARENT-CHILD-SYNTHESIS-EXPLAINER,wiki/markdown/md-github-facing-parent-child-synthesis-explainer.md,wiki_markdown,generated_metadata_note,generated_noncanonical,humans_and_agents,e80e3375a8e2324c3f564aaf3eb0c2803bd6f4ede30d5fa8d5c4b177e7892209,MD-GITHUB-FACING-PARENT-CHILD-SYNTHESIS-EXPLAINER,MD-GITHUB-FACING-PARENT-CHILD-SYNTHESIS-EXPLAINER,,markdown-wiki,PASS,2026-06-19T00:38:44Z,Generated metadata note; not canonical authority.,MD-GITHUB-FACING-PARENT-CHILD-SYNTHESIS-EXPLAINER,github-facing/parent-child-synthesis-explainer.md,353474b86fc3446bcbab616d3daa847a8ff6f3fcd09b0ada146919c8f613549a,e80e3375a8e2324c3f564aaf3eb0c2803bd6f4ede30d5fa8d5c4b177e7892209,markdown,2026-06-19T00:38:44Z
WIKI-MD-GITHUB-FACING-PROJECT-OVERVIEW-EXPLAINER,wiki/markdown/md-github-facing-project-overview-explainer.md,wiki_markdown,generated_metadata_note,generated_noncanonical,humans_and_agents,53cacf27f3859fb401666629d5086b3a372abf21e78edf56c5a650351b3e9106,MD-GITHUB-FACING-PROJECT-OVERVIEW-EXPLAINER,MD-GITHUB-FACING-PROJECT-OVERVIEW-EXPLAINER,,markdown-wiki,PASS,2026-06-18T18:14:07Z,Generated metadata note; not canonical authority.,MD-GITHUB-FACING-PROJECT-OVERVIEW-EXPLAINER,github-facing/project-overview-explainer.md,3cb7dc19c2f1a504c20b6df4ec125a0270629d45053f28a43335d74a049e54d8,53cacf27f3859fb401666629d5086b3a372abf21e78edf56c5a650351b3e9106,markdown,2026-06-18T18:14:07Z
WIKI-MD-GITHUB-FACING-PROJECT-SYSTEM-IMPROVEMENT-EXPLAINER,wiki/markdown/md-github-facing-project-system-improvement-explainer.md,wiki_markdown,generated_metadata_note,generated_noncanonical,humans_and_agents,04127ded9720bb74487fa9de4e3038a23117f0899d0f292affeaff665bc1c583,MD-GITHUB-FACING-PROJECT-SYSTEM-IMPROVEMENT-EXPLAINER,MD-GITHUB-FACING-PROJECT-SYSTEM-IMPROVEMENT-EXPLAINER,,markdown-wiki,PASS,2026-06-19T02:07:16Z,Generated metadata note; not canonical authority.,MD-GITHUB-FACING-PROJECT-SYSTEM-IMPROVEMENT-EXPLAINER,github-facing/project-system-improvement-explainer.md,3e61d2952c0cf922bf1bbbce349e48830f44c8134b9a9dfecb09f2caa25d4390,04127ded9720bb74487fa9de4e3038a23117f0899d0f292affeaff665bc1c583,markdown,2026-06-19T02:07:16Z
WIKI-MD-GITHUB-FACING-RESEARCH-AGENT-WORKFLOW-EXPLAINER,wiki/markdown/md-github-facing-research-agent-workflow-explainer.md,wiki_markdown,generated_metadata_note,generated_noncanonical,humans_and_agents,0514effa7a202c168a9b82e7e2abc31f011fc602dca17646e01f402f79cd3fb5,MD-GITHUB-FACING-RESEARCH-AGENT-WORKFLOW-EXPLAINER,MD-GITHUB-FACING-RESEARCH-AGENT-WORKFLOW-EXPLAINER,,markdown-wiki,PASS,2026-06-19T00:14:42Z,Generated metadata note; not canonical authority.,MD-GITHUB-FACING-RESEARCH-AGENT-WORKFLOW-EXPLAINER,github-facing/research-agent-workflow-explainer.md,afcd17bc740b79b032f84b3ff7b811a344ebf2e4eabefa359a08e89a4f8406c0,0514effa7a202c168a9b82e7e2abc31f011fc602dca17646e01f402f79cd3fb5,markdown,2026-06-19T00:14:42Z
WIKI-MD-GITHUB-FACING-ROLE-ROUTING-EXPLAINER,wiki/markdown/md-github-facing-role-routing-explainer.md,wiki_markdown,generated_metadata_note,generated_noncanonical,humans_and_agents,6838312e691b584369965ffbb345064ae3908ce1ce3a0f1190a9952de492795a,MD-GITHUB-FACING-ROLE-ROUTING-EXPLAINER,MD-GITHUB-FACING-ROLE-ROUTING-EXPLAINER,,markdown-wiki,PASS,2026-06-19T00:38:44Z,Generated metadata note; not canonical authority.,MD-GITHUB-FACING-ROLE-ROUTING-EXPLAINER,github-facing/role-routing-explainer.md,5e1ed3bf4a8ab78c7ec158784889eff870383a3d7905a1325f1872708afd247a,6838312e691b584369965ffbb345064ae3908ce1ce3a0f1190a9952de492795a,markdown,2026-06-19T00:38:44Z
WIKI-MD-GITHUB-FACING-SOURCE-AUTHORITY-EXPLAINER,wiki/markdown/md-github-facing-source-authority-explainer.md,wiki_markdown,generated_metadata_note,generated_noncanonical,humans_and_agents,7497a608d2af63dc9eb37086e5db2cea4be39c178f8c77617e10669884ac13b9,MD-GITHUB-FACING-SOURCE-AUTHORITY-EXPLAINER,MD-GITHUB-FACING-SOURCE-AUTHORITY-EXPLAINER,,markdown-wiki,PASS,2026-06-18T18:14:07Z,Generated metadata note; not canonical authority.,MD-GITHUB-FACING-SOURCE-AUTHORITY-EXPLAINER,github-facing/source-authority-explainer.md,e20cd2b9fc155cba49607ac4d91ba19b8e7a64a1ac5a2908247ae165e65a9204,7497a608d2af63dc9eb37086e5db2cea4be39c178f8c77617e10669884ac13b9,markdown,2026-06-18T18:14:07Z
WIKI-MD-GR-DERIVATION-ROADMAP-PUBLICATION-BRIEF,wiki/markdown/md-gr-derivation-roadmap-publication-brief.md,wiki_markdown,generated_metadata_note,generated_noncanonical,humans_and_agents,711cfefa838a9f2628317433b84e15ea85dd98a4ce96f54a7d52623ee3134439,MD-GR-DERIVATION-ROADMAP-PUBLICATION-BRIEF,MD-GR-DERIVATION-ROADMAP-PUBLICATION-BRIEF,,markdown-wiki,PASS,2026-06-18T23:31:35Z,Generated metadata note; not canonical authority.,MD-GR-DERIVATION-ROADMAP-PUBLICATION-BRIEF,markdown/publication-briefs/gr-derivation-roadmap.publication-brief.md,10e689e976a31249a9ca045a3783474076ea3243aa51a7b11b53fdba554cd645,711cfefa838a9f2628317433b84e15ea85dd98a4ce96f54a7d52623ee3134439,markdown,2026-06-18T23:31:35Z
WIKI-MD-HTML-SPEC-AETHER-FLOW-ONTOLOGY-EXPLAINER,wiki/markdown/md-html-spec-aether-flow-ontology-explainer.md,wiki_markdown,generated_metadata_note,generated_noncanonical,humans_and_agents,90d6e56b4c41a40e09c543c978f71466408c01c00550e097147e0c60476c2d0c,MD-HTML-SPEC-AETHER-FLOW-ONTOLOGY-EXPLAINER,MD-HTML-SPEC-AETHER-FLOW-ONTOLOGY-EXPLAINER,,markdown-wiki,PASS,2026-06-18T23:13:14Z,Generated metadata note; not canonical authority.,MD-HTML-SPEC-AETHER-FLOW-ONTOLOGY-EXPLAINER,markdown/html-explainer-specs/aether-flow-ontology-explainer.md,ba23b5657647d1c5ec9866e149083a14ccc954f16b7b1cfe9c0b4fa00a39e78a,90d6e56b4c41a40e09c543c978f71466408c01c00550e097147e0c60476c2d0c,markdown,2026-06-18T23:13:14Z
WIKI-MD-HTML-SPEC-AETHER-FLOW-PHYSICS-PROGRAM-EXPLAINER,wiki/markdown/md-html-spec-aether-flow-physics-program-explainer.md,wiki_markdown,generated_metadata_note,generated_noncanonical,humans_and_agents,f5aeaed7963e99e76f40f2aa5ab22ec52ae5251ecf67fe2381e472cfc4012233,MD-HTML-SPEC-AETHER-FLOW-PHYSICS-PROGRAM-EXPLAINER,MD-HTML-SPEC-AETHER-FLOW-PHYSICS-PROGRAM-EXPLAINER,,markdown-wiki,PASS,2026-06-18T22:44:39Z,Generated metadata note; not canonical authority.,MD-HTML-SPEC-AETHER-FLOW-PHYSICS-PROGRAM-EXPLAINER,markdown/html-explainer-specs/aether-flow-physics-program-explainer.md,06e11eb8dd8835a7f6b2d6065f7d597220ebb305b5bce5219d4eb7ceb46cd706,f5aeaed7963e99e76f40f2aa5ab22ec52ae5251ecf67fe2381e472cfc4012233,markdown,2026-06-18T22:44:39Z
WIKI-MD-HTML-SPEC-CLAIM-GATES-EXPLAINER,wiki/markdown/md-html-spec-claim-gates-explainer.md,wiki_markdown,generated_metadata_note,generated_noncanonical,humans_and_agents,cf222615ed934732a1cacfea4f0b965e519d205260592ed00cb2c49bf5e9ea12,MD-HTML-SPEC-CLAIM-GATES-EXPLAINER,MD-HTML-SPEC-CLAIM-GATES-EXPLAINER,,markdown-wiki,PASS,2026-06-18T23:51:33Z,Generated metadata note; not canonical authority.,MD-HTML-SPEC-CLAIM-GATES-EXPLAINER,markdown/html-explainer-specs/claim-gates-explainer.md,1c6237adbfb69801d5eaaec863e9d5ecd156e01bc6eafecd84f3894ac5230162,cf222615ed934732a1cacfea4f0b965e519d205260592ed00cb2c49bf5e9ea12,markdown,2026-06-18T23:51:33Z
WIKI-MD-HTML-SPEC-DIRECTOR-AGENTJOB-LIFECYCLE-EXPLAINER,wiki/markdown/md-html-spec-director-agentjob-lifecycle-explainer.md,wiki_markdown,generated_metadata_note,generated_noncanonical,humans_and_agents,dc6e662f02fb3c1d8589b84c3c1f2c9870019da4bbccf94e61d4d2ca5272fe31,MD-HTML-SPEC-DIRECTOR-AGENTJOB-LIFECYCLE-EXPLAINER,MD-HTML-SPEC-DIRECTOR-AGENTJOB-LIFECYCLE-EXPLAINER,,markdown-wiki,PASS,2026-06-19T00:14:42Z,Generated metadata note; not canonical authority.,MD-HTML-SPEC-DIRECTOR-AGENTJOB-LIFECYCLE-EXPLAINER,markdown/html-explainer-specs/director-agentjob-lifecycle-explainer.md,b1ccff5be663095dbee39967824084a5d1abc1597d055a56ad25115d18ff3a23,dc6e662f02fb3c1d8589b84c3c1f2c9870019da4bbccf94e61d4d2ca5272fe31,markdown,2026-06-19T00:14:42Z
WIKI-MD-HTML-SPEC-EXACT-GR-BENCHMARK-BOUNDARY-EXPLAINER,wiki/markdown/md-html-spec-exact-gr-benchmark-boundary-explainer.md,wiki_markdown,generated_metadata_note,generated_noncanonical,humans_and_agents,ed77eaf4faa738d41b5d1fd18807f800cc1f3fb3e1fd951c6658151fca7ac179,MD-HTML-SPEC-EXACT-GR-BENCHMARK-BOUNDARY-EXPLAINER,MD-HTML-SPEC-EXACT-GR-BENCHMARK-BOUNDARY-EXPLAINER,,markdown-wiki,PASS,2026-06-18T22:44:39Z,Generated metadata note; not canonical authority.,MD-HTML-SPEC-EXACT-GR-BENCHMARK-BOUNDARY-EXPLAINER,markdown/html-explainer-specs/exact-gr-benchmark-boundary-explainer.md,a40223920a2c59ef2051238a0e12f06a5da30555ee2434d23c3bacdeada50011,ed77eaf4faa738d41b5d1fd18807f800cc1f3fb3e1fd951c6658151fca7ac179,markdown,2026-06-18T22:44:39Z
WIKI-MD-HTML-SPEC-GR-DERIVATION-ROADMAP-EXPLAINER,wiki/markdown/md-html-spec-gr-derivation-roadmap-explainer.md,wiki_markdown,generated_metadata_note,generated_noncanonical,humans_and_agents,c38e888f03671ca641fd6321c18f04d07934e9d1a3a64b74711a3f9c7465bdd2,MD-HTML-SPEC-GR-DERIVATION-ROADMAP-EXPLAINER,MD-HTML-SPEC-GR-DERIVATION-ROADMAP-EXPLAINER,,markdown-wiki,PASS,2026-06-18T23:31:35Z,Generated metadata note; not canonical authority.,MD-HTML-SPEC-GR-DERIVATION-ROADMAP-EXPLAINER,markdown/html-explainer-specs/gr-derivation-roadmap-explainer.md,56830f6b325a8eed02682594a60a29caa29f66b5018d21e63a421e110d609d8a,c38e888f03671ca641fd6321c18f04d07934e9d1a3a64b74711a3f9c7465bdd2,markdown,2026-06-18T23:31:35Z
WIKI-MD-HTML-SPEC-PARENT-CHILD-SYNTHESIS-EXPLAINER,wiki/markdown/md-html-spec-parent-child-synthesis-explainer.md,wiki_markdown,generated_metadata_note,generated_noncanonical,humans_and_agents,e2adcbabb3e40a22790fb4506d3a216bef00fe0af35f9ea9dbbc6dd6c4ef85a2,MD-HTML-SPEC-PARENT-CHILD-SYNTHESIS-EXPLAINER,MD-HTML-SPEC-PARENT-CHILD-SYNTHESIS-EXPLAINER,,markdown-wiki,PASS,2026-06-19T00:38:44Z,Generated metadata note; not canonical authority.,MD-HTML-SPEC-PARENT-CHILD-SYNTHESIS-EXPLAINER,markdown/html-explainer-specs/parent-child-synthesis-explainer.md,03d049d9a9dbc4a7d31e651a6b6ef9667916daef2afd9c3588e642f233be8894,e2adcbabb3e40a22790fb4506d3a216bef00fe0af35f9ea9dbbc6dd6c4ef85a2,markdown,2026-06-19T00:38:44Z
WIKI-MD-HTML-SPEC-PROJECT-OVERVIEW-EXPLAINER,wiki/markdown/md-html-spec-project-overview-explainer.md,wiki_markdown,generated_metadata_note,generated_noncanonical,humans_and_agents,3ae859ade90736b7f38edc3549adb806d95da83f56c57b15d22ecd4a3d6a2cb1,MD-HTML-SPEC-PROJECT-OVERVIEW-EXPLAINER,MD-HTML-SPEC-PROJECT-OVERVIEW-EXPLAINER,,markdown-wiki,PASS,2026-06-18T18:14:07Z,Generated metadata note; not canonical authority.,MD-HTML-SPEC-PROJECT-OVERVIEW-EXPLAINER,markdown/html-explainer-specs/project-overview-explainer.md,e42fb6619ad1b784a5940265aa4e0ed18cd90e8c6c00bdc2ea83fcc88bda72ad,3ae859ade90736b7f38edc3549adb806d95da83f56c57b15d22ecd4a3d6a2cb1,markdown,2026-06-18T18:14:07Z
WIKI-MD-HTML-SPEC-PROJECT-SYSTEM-IMPROVEMENT-EXPLAINER,wiki/markdown/md-html-spec-project-system-improvement-explainer.md,wiki_markdown,generated_metadata_note,generated_noncanonical,humans_and_agents,534b869209a2c65585d0a0d2a02af657203708d1fbea988ac20652bc57158802,MD-HTML-SPEC-PROJECT-SYSTEM-IMPROVEMENT-EXPLAINER,MD-HTML-SPEC-PROJECT-SYSTEM-IMPROVEMENT-EXPLAINER,,markdown-wiki,PASS,2026-06-19T02:07:16Z,Generated metadata note; not canonical authority.,MD-HTML-SPEC-PROJECT-SYSTEM-IMPROVEMENT-EXPLAINER,markdown/html-explainer-specs/project-system-improvement-explainer.md,0e148acd23d73dfcc58b2d82e5c530711b76f76f09814c6d89030e88b31f45bf,534b869209a2c65585d0a0d2a02af657203708d1fbea988ac20652bc57158802,markdown,2026-06-19T02:07:16Z
WIKI-MD-HTML-SPEC-RESEARCH-AGENT-WORKFLOW-EXPLAINER,wiki/markdown/md-html-spec-research-agent-workflow-explainer.md,wiki_markdown,generated_metadata_note,generated_noncanonical,humans_and_agents,c5b53589f76d4a504acbc54c1f717abb9f67259e35ea28f4c2bf82bdec6abd2d,MD-HTML-SPEC-RESEARCH-AGENT-WORKFLOW-EXPLAINER,MD-HTML-SPEC-RESEARCH-AGENT-WORKFLOW-EXPLAINER,,markdown-wiki,PASS,2026-06-19T00:14:42Z,Generated metadata note; not canonical authority.,MD-HTML-SPEC-RESEARCH-AGENT-WORKFLOW-EXPLAINER,markdown/html-explainer-specs/research-agent-workflow-explainer.md,81d727fc362328fa1759fb29ce47fbe5a3523c515a9a55fd951e2300588af83a,c5b53589f76d4a504acbc54c1f717abb9f67259e35ea28f4c2bf82bdec6abd2d,markdown,2026-06-19T00:14:42Z
WIKI-MD-HTML-SPEC-ROLE-ROUTING-EXPLAINER,wiki/markdown/md-html-spec-role-routing-explainer.md,wiki_markdown,generated_metadata_note,generated_noncanonical,humans_and_agents,456e4a54432ed9a9740ff6072fa25f5057ed09e0d84ddcec1925eb2f57355f67,MD-HTML-SPEC-ROLE-ROUTING-EXPLAINER,MD-HTML-SPEC-ROLE-ROUTING-EXPLAINER,,markdown-wiki,PASS,2026-06-19T00:38:44Z,Generated metadata note; not canonical authority.,MD-HTML-SPEC-ROLE-ROUTING-EXPLAINER,markdown/html-explainer-specs/role-routing-explainer.md,e59d08207380b8be1cb2e85b90cd40747b77b3953d1a3b18fa1f5765ba4ca4f3,456e4a54432ed9a9740ff6072fa25f5057ed09e0d84ddcec1925eb2f57355f67,markdown,2026-06-19T00:38:44Z
WIKI-MD-HTML-SPEC-SOURCE-AUTHORITY-EXPLAINER,wiki/markdown/md-html-spec-source-authority-explainer.md,wiki_markdown,generated_metadata_note,generated_noncanonical,humans_and_agents,a59fcbdb9bc7d56588e77425fe451d24dda43888f9ae3e4c5d9f10cfbfcd415a,MD-HTML-SPEC-SOURCE-AUTHORITY-EXPLAINER,MD-HTML-SPEC-SOURCE-AUTHORITY-EXPLAINER,,markdown-wiki,PASS,2026-06-18T18:14:07Z,Generated metadata note; not canonical authority.,MD-HTML-SPEC-SOURCE-AUTHORITY-EXPLAINER,markdown/html-explainer-specs/source-authority-explainer.md,1946905ad726ca7689155c315b907ecc0380fa3ed2e3094a94982e021b62384e,a59fcbdb9bc7d56588e77425fe451d24dda43888f9ae3e4c5d9f10cfbfcd415a,markdown,2026-06-18T18:14:07Z
WIKI-MD-LEGACY-ONTOLOGY-AETHER-AND-AETHER-FLOW,wiki/markdown/md-legacy-ontology-aether-and-aether-flow.md,wiki_markdown,generated_metadata_note,generated_noncanonical,humans_and_agents,5d2537ba99263e240de36701c1997fd056be02b5c5028fc929b8f80f7e58e6f1,MD-LEGACY-ONTOLOGY-AETHER-AND-AETHER-FLOW,MD-LEGACY-ONTOLOGY-AETHER-AND-AETHER-FLOW,,markdown-wiki,PASS,2026-06-18T03:52:34Z,Generated metadata note; not canonical authority.,MD-LEGACY-ONTOLOGY-AETHER-AND-AETHER-FLOW,legacy_ontology/aether-and-aether-flow.md,b8e17df2354ab0fe3cae04e43940f787dd187dd67f0f40e978de080983ac6edc,5d2537ba99263e240de36701c1997fd056be02b5c5028fc929b8f80f7e58e6f1,markdown,2026-06-18T03:52:34Z
WIKI-MD-LEGACY-ONTOLOGY-AETHER-FLOW-INTERPRETATION-LEMEN,wiki/markdown/md-legacy-ontology-aether-flow-interpretation-lemen.md,wiki_markdown,generated_metadata_note,generated_noncanonical,humans_and_agents,bc1b64883215196bc49d458bd89fac7654567502caf989282773c8f6dd3d0010,MD-LEGACY-ONTOLOGY-AETHER-FLOW-INTERPRETATION-LEMEN,MD-LEGACY-ONTOLOGY-AETHER-FLOW-INTERPRETATION-LEMEN,,markdown-wiki,PASS,2026-06-18T03:52:34Z,Generated metadata note; not canonical authority.,MD-LEGACY-ONTOLOGY-AETHER-FLOW-INTERPRETATION-LEMEN,legacy_ontology/aether_flow_interpretation-lemen.md,4ee8f4e889ad433f7d167442e25a47db061743c4b6ccf4528230f6db919d8e23,bc1b64883215196bc49d458bd89fac7654567502caf989282773c8f6dd3d0010,markdown,2026-06-18T03:52:34Z
WIKI-MD-ONTOLOGY-AETHER-AND-AETHER-FLOW,wiki/markdown/md-ontology-aether-and-aether-flow.md,wiki_markdown,generated_metadata_note,generated_noncanonical,humans_and_agents,16fdac24e4c5efbef1640adb767f1b1b160a8743410a040a1f6f140116ebd07b,MD-ONTOLOGY-AETHER-AND-AETHER-FLOW,MD-ONTOLOGY-AETHER-AND-AETHER-FLOW,,markdown-wiki,PASS,2026-06-11T23:42:48Z,Generated metadata note; not canonical authority.,MD-ONTOLOGY-AETHER-AND-AETHER-FLOW,ontology/aether-and-aether-flow.md,b8e17df2354ab0fe3cae04e43940f787dd187dd67f0f40e978de080983ac6edc,16fdac24e4c5efbef1640adb767f1b1b160a8743410a040a1f6f140116ebd07b,markdown,2026-06-11T23:42:48Z
WIKI-MD-PARENT-CHILD-SYNTHESIS-PUBLICATION-BRIEF,wiki/markdown/md-parent-child-synthesis-publication-brief.md,wiki_markdown,generated_metadata_note,generated_noncanonical,humans_and_agents,edd052a2e032fbd37f0aedca29bd9edbed7ae0c8520404a42f5800ae4e61538d,MD-PARENT-CHILD-SYNTHESIS-PUBLICATION-BRIEF,MD-PARENT-CHILD-SYNTHESIS-PUBLICATION-BRIEF,,markdown-wiki,PASS,2026-06-19T00:38:44Z,Generated metadata note; not canonical authority.,MD-PARENT-CHILD-SYNTHESIS-PUBLICATION-BRIEF,markdown/publication-briefs/parent-child-synthesis.publication-brief.md,00b43978211769bfb4c06a48c1ea983daa4efde70fcd1be050a9bcad57ff2c44,edd052a2e032fbd37f0aedca29bd9edbed7ae0c8520404a42f5800ae4e61538d,markdown,2026-06-19T00:38:44Z
WIKI-MD-PROJECT-CONTROL-GRILL-MEMORY-WIKI-REGISTRY-DESIGN-HANDOFF,wiki/markdown/md-project-control-grill-memory-wiki-registry-design-handoff.md,wiki_markdown,generated_metadata_note,generated_noncanonical,humans_and_agents,d979321898f9c2837318df4f9aeb968e5d47a49b54448432ac53bcb0808747e5,MD-PROJECT-CONTROL-GRILL-MEMORY-WIKI-REGISTRY-DESIGN-HANDOFF,MD-PROJECT-CONTROL-GRILL-MEMORY-WIKI-REGISTRY-DESIGN-HANDOFF,,markdown-wiki,PASS,2026-06-08T01:08:28Z,Generated metadata note; not canonical authority.,MD-PROJECT-CONTROL-GRILL-MEMORY-WIKI-REGISTRY-DESIGN-HANDOFF,markdown/grill-memory-wiki-registry-design-handoff.md,4d012e7abc260a48746a27b33fccfff832d65fdde8c862111e5fd36d4a36bdb0,d979321898f9c2837318df4f9aeb968e5d47a49b54448432ac53bcb0808747e5,markdown,2026-06-08T01:08:28Z
WIKI-MD-PROJECT-OVERVIEW-PUBLICATION-BRIEF,wiki/markdown/md-project-overview-publication-brief.md,wiki_markdown,generated_metadata_note,generated_noncanonical,humans_and_agents,1b0f1e89df571b32a04ed82fc09f2594b4a55840792972fd1ca2390f26348e35,MD-PROJECT-OVERVIEW-PUBLICATION-BRIEF,MD-PROJECT-OVERVIEW-PUBLICATION-BRIEF,,markdown-wiki,PASS,2026-06-18T18:25:03Z,Generated metadata note; not canonical authority.,MD-PROJECT-OVERVIEW-PUBLICATION-BRIEF,markdown/publication-briefs/project-overview.publication-brief.md,1f64637ea14596f0b5972ff67b6f8ff976fd62204b902607fd1c9b9121ea1a1d,1b0f1e89df571b32a04ed82fc09f2594b4a55840792972fd1ca2390f26348e35,markdown,2026-06-18T18:25:03Z
WIKI-MD-PROJECT-SYSTEM-IMPROVEMENT-PUBLICATION-BRIEF,wiki/markdown/md-project-system-improvement-publication-brief.md,wiki_markdown,generated_metadata_note,generated_noncanonical,humans_and_agents,1263ff701dfcb066662a033bd2643d46b0260ca1c8b3cbb0626e82690d0e201c,MD-PROJECT-SYSTEM-IMPROVEMENT-PUBLICATION-BRIEF,MD-PROJECT-SYSTEM-IMPROVEMENT-PUBLICATION-BRIEF,,markdown-wiki,PASS,2026-06-19T02:07:16Z,Generated metadata note; not canonical authority.,MD-PROJECT-SYSTEM-IMPROVEMENT-PUBLICATION-BRIEF,markdown/publication-briefs/project-system-improvement.publication-brief.md,c677f1c055037809d14235d777bc8d0dde0fb8b755d03f3b057b905061fc1f86,1263ff701dfcb066662a033bd2643d46b0260ca1c8b3cbb0626e82690d0e201c,markdown,2026-06-19T02:07:16Z
WIKI-MD-README,wiki/markdown/md-readme.md,wiki_markdown,generated_metadata_note,generated_noncanonical,humans_and_agents,4688a89e3c0ec5fb3be09501310eae997ff8ad2c74346b2f5fa55901d7eb74e4,MD-README,MD-README,,markdown-wiki,PASS,2026-06-18T21:25:40Z,Generated metadata note; not canonical authority.,MD-README,README.md,4824c34a2f5689be6f1f1f5e09ddc4090a686db86cab4539f98c777180946dbb,4688a89e3c0ec5fb3be09501310eae997ff8ad2c74346b2f5fa55901d7eb74e4,markdown,2026-06-18T21:25:40Z
WIKI-MD-README-AGENTS-ROLES,wiki/markdown/md-readme-agents-roles.md,wiki_markdown,generated_metadata_note,generated_noncanonical,humans_and_agents,d97d80b80a9ba62ef32174a969e8df168daa49e2b7b6924583893c3962a5d9aa,MD-README-AGENTS-ROLES,MD-README-AGENTS-ROLES,,markdown-wiki,PASS,2026-06-18T00:15:45Z,Generated metadata note; not canonical authority.,MD-README-AGENTS-ROLES,.agents/roles/README.md,1fb68bbc8d7eb09b6e832085269d0b700c25ef1ef5b4998853aeb8b063819a5d,d97d80b80a9ba62ef32174a969e8df168daa49e2b7b6924583893c3962a5d9aa,markdown,2026-06-18T00:15:45Z
WIKI-MD-README-AGENTS-SCHEMAS,wiki/markdown/md-readme-agents-schemas.md,wiki_markdown,generated_metadata_note,generated_noncanonical,humans_and_agents,292d11f8c52ca6795c64d0a42454e072aec05b63994b3548149c4ea5e103eb80,MD-README-AGENTS-SCHEMAS,MD-README-AGENTS-SCHEMAS,,markdown-wiki,PASS,2026-06-18T00:15:45Z,Generated metadata note; not canonical authority.,MD-README-AGENTS-SCHEMAS,.agents/schemas/README.md,81c7fb9d9e1173c825a6bc0ebab38d56481ce67b7450e568b20790691f5624d5,292d11f8c52ca6795c64d0a42454e072aec05b63994b3548149c4ea5e103eb80,markdown,2026-06-18T00:15:45Z
WIKI-MD-README-ASSETS,wiki/markdown/md-readme-assets.md,wiki_markdown,generated_metadata_note,generated_noncanonical,humans_and_agents,7438d29e4b4bb93a690db45a0a7b7108bc3d543758713c63f1e7e4ef0af69ed7,MD-README-ASSETS,MD-README-ASSETS,,markdown-wiki,PASS,2026-06-18T00:15:45Z,Generated metadata note; not canonical authority.,MD-README-ASSETS,assets/README.md,fd787938080d81216dc30f80b366579e5a9ac42ecf726c385b3658c37da3554a,7438d29e4b4bb93a690db45a0a7b7108bc3d543758713c63f1e7e4ef0af69ed7,markdown,2026-06-18T00:15:45Z
WIKI-MD-README-CODEX-AGENTS,wiki/markdown/md-readme-codex-agents.md,wiki_markdown,generated_metadata_note,generated_noncanonical,humans_and_agents,9d814c8522519448b75dd964ad99f12b6ea7f324a5f9896c78b8aca4048c14c0,MD-README-CODEX-AGENTS,MD-README-CODEX-AGENTS,,markdown-wiki,PASS,2026-06-18T00:15:45Z,Generated metadata note; not canonical authority.,MD-README-CODEX-AGENTS,.codex/agents/README.md,f57c6e53bf6e40ca906631cbb9594bf1b4d6ccfb57e762e50b6a2ea1f7f3735d,9d814c8522519448b75dd964ad99f12b6ea7f324a5f9896c78b8aca4048c14c0,markdown,2026-06-18T00:15:45Z
WIKI-MD-README-CODEX-PROMPTS,wiki/markdown/md-readme-codex-prompts.md,wiki_markdown,generated_metadata_note,generated_noncanonical,humans_and_agents,45d5a75eb77ca4d115c91b74979851968cb3aa5a562e18dd20b479298d4e3220,MD-README-CODEX-PROMPTS,MD-README-CODEX-PROMPTS,,markdown-wiki,PASS,2026-06-18T00:15:45Z,Generated metadata note; not canonical authority.,MD-README-CODEX-PROMPTS,.codex/prompts/README.md,1b43915c41e76a0d3a8ef19a7cc0eaf07cbeecfc40d86423dda07b1f8def4c3c,45d5a75eb77ca4d115c91b74979851968cb3aa5a562e18dd20b479298d4e3220,markdown,2026-06-18T00:15:45Z
WIKI-MD-README-CODEX-SKILLS,wiki/markdown/md-readme-codex-skills.md,wiki_markdown,generated_metadata_note,generated_noncanonical,humans_and_agents,ab37a749fb5b49242d3a2500f7f8021799072d7aa30dbba79b34e1ca25872ef4,MD-README-CODEX-SKILLS,MD-README-CODEX-SKILLS,,markdown-wiki,PASS,2026-06-18T21:25:40Z,Generated metadata note; not canonical authority.,MD-README-CODEX-SKILLS,.codex/skills/README.md,83af6a9cd9680254fc1b349ddd9205338a2fd09ad76138d146e4c2e10f632130,ab37a749fb5b49242d3a2500f7f8021799072d7aa30dbba79b34e1ca25872ef4,markdown,2026-06-18T21:25:40Z
WIKI-MD-README-LEGACY-ONTOLOGY,wiki/markdown/md-readme-legacy-ontology.md,wiki_markdown,generated_metadata_note,generated_noncanonical,humans_and_agents,c3889912c89c4db5b8ab8d37d2fe38f9eb86ea85c55cb607c41ee331e8510b1e,MD-README-LEGACY-ONTOLOGY,MD-README-LEGACY-ONTOLOGY,,markdown-wiki,PASS,2026-06-18T03:52:34Z,Generated metadata note; not canonical authority.,MD-README-LEGACY-ONTOLOGY,legacy_ontology/README.md,bf770bf2893d9d21ab0e8200895f2ec9fab759c226b344179b190bda85a82ba9,c3889912c89c4db5b8ab8d37d2fe38f9eb86ea85c55cb607c41ee331e8510b1e,markdown,2026-06-18T03:52:34Z
WIKI-MD-README-LEGACY-ONTOLOGY-PDFS,wiki/markdown/md-readme-legacy-ontology-pdfs.md,wiki_markdown,generated_metadata_note,generated_noncanonical,humans_and_agents,85e3bc6349aaee211d1f9aae03ebb9d4b12657091f9c438145d71f06b78326ca,MD-README-LEGACY-ONTOLOGY-PDFS,MD-README-LEGACY-ONTOLOGY-PDFS,,markdown-wiki,PASS,2026-06-18T03:52:34Z,Generated metadata note; not canonical authority.,MD-README-LEGACY-ONTOLOGY-PDFS,legacy_ontology/pdfs/README.md,2d81d373ece4c4dd02fa30a090d6a9ff7c284b401789221e3d6f1f679b82937a,85e3bc6349aaee211d1f9aae03ebb9d4b12657091f9c438145d71f06b78326ca,markdown,2026-06-18T03:52:34Z
WIKI-MD-README-LEGACY-ONTOLOGY-TEX,wiki/markdown/md-readme-legacy-ontology-tex.md,wiki_markdown,generated_metadata_note,generated_noncanonical,humans_and_agents,3188d3efbbf11912e79ac697ba10ed8c578accd6fddf6e68612fbbfcaa8f3d66,MD-README-LEGACY-ONTOLOGY-TEX,MD-README-LEGACY-ONTOLOGY-TEX,,markdown-wiki,PASS,2026-06-18T03:52:34Z,Generated metadata note; not canonical authority.,MD-README-LEGACY-ONTOLOGY-TEX,legacy_ontology/tex/README.md,5c759866b0fd127ed75516c4d14d6c4ec3cf3cf9939f26f370fbd3589e8b23a1,3188d3efbbf11912e79ac697ba10ed8c578accd6fddf6e68612fbbfcaa8f3d66,markdown,2026-06-18T03:52:34Z
WIKI-MD-README-MARKDOWN,wiki/markdown/md-readme-markdown.md,wiki_markdown,generated_metadata_note,generated_noncanonical,humans_and_agents,de28849feaac528e07f408e888950d7c16e653d46e693e2c88a806300486b97f,MD-README-MARKDOWN,MD-README-MARKDOWN,,markdown-wiki,PASS,2026-06-18T21:25:40Z,Generated metadata note; not canonical authority.,MD-README-MARKDOWN,markdown/README.md,25f5b4a15a0320f3ae85e26c7379bf68eab6499fb76ce7b80ad6b0566b40a622,de28849feaac528e07f408e888950d7c16e653d46e693e2c88a806300486b97f,markdown,2026-06-18T21:25:40Z
WIKI-MD-README-MARKDOWN-HTML-EXPLAINER-SPECS,wiki/markdown/md-readme-markdown-html-explainer-specs.md,wiki_markdown,generated_metadata_note,generated_noncanonical,humans_and_agents,1647114b90557eed50a262b5e97b2ef5299246843c25e11eaee329d65ed0e28f,MD-README-MARKDOWN-HTML-EXPLAINER-SPECS,MD-README-MARKDOWN-HTML-EXPLAINER-SPECS,,markdown-wiki,PASS,2026-06-18T21:25:40Z,Generated metadata note; not canonical authority.,MD-README-MARKDOWN-HTML-EXPLAINER-SPECS,markdown/html-explainer-specs/README.md,536decafa00b44444c174a7f0928953df83adce39deb912ca2fa5e9db1876d9a,1647114b90557eed50a262b5e97b2ef5299246843c25e11eaee329d65ed0e28f,markdown,2026-06-18T21:25:40Z
WIKI-MD-README-MARKDOWN-PUBLICATION-BRIEFS,wiki/markdown/md-readme-markdown-publication-briefs.md,wiki_markdown,generated_metadata_note,generated_noncanonical,humans_and_agents,9fa64aa4e25338d379e88e8ab90dedbea2649ba46c789c1f962726a274f8ae5f,MD-README-MARKDOWN-PUBLICATION-BRIEFS,MD-README-MARKDOWN-PUBLICATION-BRIEFS,,markdown-wiki,PASS,2026-06-18T18:14:07Z,Generated metadata note; not canonical authority.,MD-README-MARKDOWN-PUBLICATION-BRIEFS,markdown/publication-briefs/README.md,9e418f90ad80e94990386b2b0d0c98ba4d55ac2e12300a98d0f58f7907d6679f,9fa64aa4e25338d379e88e8ab90dedbea2649ba46c789c1f962726a274f8ae5f,markdown,2026-06-18T18:14:07Z
WIKI-MD-README-ONTOLOGY,wiki/markdown/md-readme-ontology.md,wiki_markdown,generated_metadata_note,generated_noncanonical,humans_and_agents,4e72f19f05a60c12ac70d3a4df96508fb9807fd3f1a8d41aa9e357007028e85a,MD-README-ONTOLOGY,MD-README-ONTOLOGY,,markdown-wiki,PASS,2026-06-18T03:52:34Z,Generated metadata note; not canonical authority.,MD-README-ONTOLOGY,ontology/README.md,52b955ef422e31902ec98192dca281f82bfa1fd1182f513fc6e01cc28a849a71,4e72f19f05a60c12ac70d3a4df96508fb9807fd3f1a8d41aa9e357007028e85a,markdown,2026-06-18T03:52:34Z
WIKI-MD-README-ONTOLOGY-TEX,wiki/markdown/md-readme-ontology-tex.md,wiki_markdown,generated_metadata_note,generated_noncanonical,humans_and_agents,370915612e7ac8d9fd6e62b1086687b0a7301c9c9b7b1e301d18d7a70cf1d72b,MD-README-ONTOLOGY-TEX,MD-README-ONTOLOGY-TEX,,markdown-wiki,PASS,2026-06-18T03:52:34Z,Generated metadata note; not canonical authority.,MD-README-ONTOLOGY-TEX,ontology/tex/README.md,92989a1ebe7118b59eccb9376e9d687e9af638caa9414dcd3cc01eed52e1b1af,370915612e7ac8d9fd6e62b1086687b0a7301c9c9b7b1e301d18d7a70cf1d72b,markdown,2026-06-18T03:52:34Z
WIKI-MD-README-REGISTRIES,wiki/markdown/md-readme-registries.md,wiki_markdown,generated_metadata_note,generated_noncanonical,humans_and_agents,ca2798319609c449500a1007908fd94165655c6d3ae68965e7ea344638383096,MD-README-REGISTRIES,MD-README-REGISTRIES,,markdown-wiki,PASS,2026-06-18T03:52:34Z,Generated metadata note; not canonical authority.,MD-README-REGISTRIES,registries/README.md,3ffe73576eff0bab892f27ef534f528582255c7beecca512bb56ab36dee0656d,ca2798319609c449500a1007908fd94165655c6d3ae68965e7ea344638383096,markdown,2026-06-18T03:52:34Z
WIKI-MD-README-RESEARCH-CONTROL,wiki/markdown/md-readme-research-control.md,wiki_markdown,generated_metadata_note,generated_noncanonical,humans_and_agents,f728aaadb8c3251170a02cbfa3aa725b1a18d72ee09003239714cd5852275e54,MD-README-RESEARCH-CONTROL,MD-README-RESEARCH-CONTROL,,markdown-wiki,PASS,2026-06-18T15:47:47Z,Generated metadata note; not canonical authority.,MD-README-RESEARCH-CONTROL,research_control/README.md,75901b75fa48ee85cb4706a4c733196dfcdc46a2b252b01f59bca26fe479562f,f728aaadb8c3251170a02cbfa3aa725b1a18d72ee09003239714cd5852275e54,markdown,2026-06-18T15:47:47Z
WIKI-MD-README-RESEARCH-CONTROL-APPROVALS,wiki/markdown/md-readme-research-control-approvals.md,wiki_markdown,generated_metadata_note,generated_noncanonical,humans_and_agents,69a1ba8fb6b4d59d6ef413b5d83bf86c7cecca72bcaf3a3ed1f147d56e917a8e,MD-README-RESEARCH-CONTROL-APPROVALS,MD-README-RESEARCH-CONTROL-APPROVALS,,markdown-wiki,PASS,2026-06-10T02:34:32Z,Generated metadata note; not canonical authority.,MD-README-RESEARCH-CONTROL-APPROVALS,research_control/approvals/README.md,aea32130ed70d3eedd75d651d5015968450b3cb375324bb3732c25958d227722,69a1ba8fb6b4d59d6ef413b5d83bf86c7cecca72bcaf3a3ed1f147d56e917a8e,markdown,2026-06-10T02:34:32Z
WIKI-MD-README-RESEARCH-CONTROL-DESIGN,wiki/markdown/md-readme-research-control-design.md,wiki_markdown,generated_metadata_note,generated_noncanonical,humans_and_agents,0ea296977cfd32311ec736a245f57f137fed329a12cf32e996e2de253d11310c,MD-README-RESEARCH-CONTROL-DESIGN,MD-README-RESEARCH-CONTROL-DESIGN,,markdown-wiki,PASS,2026-06-18T21:58:08Z,Generated metadata note; not canonical authority.,MD-README-RESEARCH-CONTROL-DESIGN,research_control/design/README.md,5ef0361278a65dbd7ead7980d75e6e4f02747cf61b4074bd868acb0c2e224ab9,0ea296977cfd32311ec736a245f57f137fed329a12cf32e996e2de253d11310c,markdown,2026-06-18T21:58:08Z
WIKI-MD-README-RESEARCH-CONTROL-HANDOFFS,wiki/markdown/md-readme-research-control-handoffs.md,wiki_markdown,generated_metadata_note,generated_noncanonical,humans_and_agents,54276434e1e5c60283dbfdd301512500062092ee4edc68f0824a9c62d8e056bb,MD-README-RESEARCH-CONTROL-HANDOFFS,MD-README-RESEARCH-CONTROL-HANDOFFS,,markdown-wiki,PASS,2026-06-18T00:15:45Z,Generated metadata note; not canonical authority.,MD-README-RESEARCH-CONTROL-HANDOFFS,research_control/handoffs/README.md,e018b7c488f961c754ebb73e65eee9bb3ff34ae92011225780993cfb6c50ea91,54276434e1e5c60283dbfdd301512500062092ee4edc68f0824a9c62d8e056bb,markdown,2026-06-18T00:15:45Z
WIKI-MD-README-RESEARCH-CONTROL-TASKS,wiki/markdown/md-readme-research-control-tasks.md,wiki_markdown,generated_metadata_note,generated_noncanonical,humans_and_agents,7b6f04aeea795b1a33e21fa8a464dd935b5ab00b4d592eaf99e0455cd2a36cd5,MD-README-RESEARCH-CONTROL-TASKS,MD-README-RESEARCH-CONTROL-TASKS,,markdown-wiki,PASS,2026-06-18T00:15:45Z,Generated metadata note; not canonical authority.,MD-README-RESEARCH-CONTROL-TASKS,research_control/tasks/README.md,14e498b2b29e305bc4569a8e84e098ecf9b6f46547db775cb297109fc963f033,7b6f04aeea795b1a33e21fa8a464dd935b5ab00b4d592eaf99e0455cd2a36cd5,markdown,2026-06-18T00:15:45Z
WIKI-MD-README-RESEARCH-CONTROL-TEMPLATES,wiki/markdown/md-readme-research-control-templates.md,wiki_markdown,generated_metadata_note,generated_noncanonical,humans_and_agents,6efcdd687bd82006727a2ea5e6a4f79bf8fedb37340f649ed647d805ea70dec1,MD-README-RESEARCH-CONTROL-TEMPLATES,MD-README-RESEARCH-CONTROL-TEMPLATES,,markdown-wiki,PASS,2026-06-18T00:15:45Z,Generated metadata note; not canonical authority.,MD-README-RESEARCH-CONTROL-TEMPLATES,research_control/templates/README.md,27467f8368d773ac4b9edb7773454f756b33c9cfc9e1d3535e2dd28553d70cca,6efcdd687bd82006727a2ea5e6a4f79bf8fedb37340f649ed647d805ea70dec1,markdown,2026-06-18T00:15:45Z
WIKI-MD-README-SCRIPTS,wiki/markdown/md-readme-scripts.md,wiki_markdown,generated_metadata_note,generated_noncanonical,humans_and_agents,08caac0991ace0736b43b6d70d9c30656c6286031bcd730593744379e0c2cbfc,MD-README-SCRIPTS,MD-README-SCRIPTS,,markdown-wiki,PASS,2026-06-18T00:15:45Z,Generated metadata note; not canonical authority.,MD-README-SCRIPTS,scripts/README.md,f425cef5ea6992fb61f8bfe5daeefc533a0b2bb68aca67263ca8a1ebf5c946dd,08caac0991ace0736b43b6d70d9c30656c6286031bcd730593744379e0c2cbfc,markdown,2026-06-18T00:15:45Z
WIKI-MD-README-SCRIPTS-PROJECT-CONTROL,wiki/markdown/md-readme-scripts-project-control.md,wiki_markdown,generated_metadata_note,generated_noncanonical,humans_and_agents,8398de734aa88ca738bd2847d54d897dcde039767a888401e4cd83231ac7ac78,MD-README-SCRIPTS-PROJECT-CONTROL,MD-README-SCRIPTS-PROJECT-CONTROL,,markdown-wiki,PASS,2026-06-18T00:15:45Z,Generated metadata note; not canonical authority.,MD-README-SCRIPTS-PROJECT-CONTROL,scripts/project_control/README.md,354e7be4482311b588b46134474c0a1a37e99efca11858e1cc7a2087aa9c5cb8,8398de734aa88ca738bd2847d54d897dcde039767a888401e4cd83231ac7ac78,markdown,2026-06-18T00:15:45Z
WIKI-MD-README-SCRIPTS-RESEARCH-CONTROL,wiki/markdown/md-readme-scripts-research-control.md,wiki_markdown,generated_metadata_note,generated_noncanonical,humans_and_agents,31dff990f6a076bc37b56a5d91ad3a49dd49015a2829b4085bc217efda1411aa,MD-README-SCRIPTS-RESEARCH-CONTROL,MD-README-SCRIPTS-RESEARCH-CONTROL,,markdown-wiki,PASS,2026-06-18T00:15:45Z,Generated metadata note; not canonical authority.,MD-README-SCRIPTS-RESEARCH-CONTROL,scripts/research_control/README.md,982bf048d6106298681b08212d052d179242129d8b52e9c06a4a453defa7c64e,31dff990f6a076bc37b56a5d91ad3a49dd49015a2829b4085bc217efda1411aa,markdown,2026-06-18T00:15:45Z
WIKI-MD-README-TESTS,wiki/markdown/md-readme-tests.md,wiki_markdown,generated_metadata_note,generated_noncanonical,humans_and_agents,dcb849a55d6120f43ac992137accca368ba3ae0b91c53aa87b15d175263af135,MD-README-TESTS,MD-README-TESTS,,markdown-wiki,PASS,2026-06-18T00:15:45Z,Generated metadata note; not canonical authority.,MD-README-TESTS,tests/README.md,85f3bba8c1edf5aabec6081f5be5bbe38754098b97bd0c5441a344c17a1054c2,dcb849a55d6120f43ac992137accca368ba3ae0b91c53aa87b15d175263af135,markdown,2026-06-18T00:15:45Z
WIKI-MD-README-TEX-SHARED,wiki/markdown/md-readme-tex-shared.md,wiki_markdown,generated_metadata_note,generated_noncanonical,humans_and_agents,b4eca7d717ffc11bcc0ff345017bed1068e5ffeca41b7dce9e276269cfbfa9bb,MD-README-TEX-SHARED,MD-README-TEX-SHARED,,markdown-wiki,PASS,2026-06-18T00:15:45Z,Generated metadata note; not canonical authority.,MD-README-TEX-SHARED,tex_shared/README.md,497b353c9959abf21bc80871e3703a5d33b0be85fd5ecd1ad8ccf786f9e5083b,b4eca7d717ffc11bcc0ff345017bed1068e5ffeca41b7dce9e276269cfbfa9bb,markdown,2026-06-18T00:15:45Z
WIKI-MD-RESEARCH-AGENT-WORKFLOW-PUBLICATION-BRIEF,wiki/markdown/md-research-agent-workflow-publication-brief.md,wiki_markdown,generated_metadata_note,generated_noncanonical,humans_and_agents,e073acaf750c89bb00c0a16aa2622a23d252a5639dc00d7d2ff76cc526a4386b,MD-RESEARCH-AGENT-WORKFLOW-PUBLICATION-BRIEF,MD-RESEARCH-AGENT-WORKFLOW-PUBLICATION-BRIEF,,markdown-wiki,PASS,2026-06-19T00:14:42Z,Generated metadata note; not canonical authority.,MD-RESEARCH-AGENT-WORKFLOW-PUBLICATION-BRIEF,markdown/publication-briefs/research-agent-workflow.publication-brief.md,6e16ed57e6d8b3a4d233141992747faee94f0023ca2ca7766ae6d238906d4496,e073acaf750c89bb00c0a16aa2622a23d252a5639dc00d7d2ff76cc526a4386b,markdown,2026-06-19T00:14:42Z
WIKI-MD-RESEARCH-CONTROL-DESIGN-DIRECTOR-LED-AGENT-ARCHITECTURE-GRILL-DECISIONS,wiki/markdown/md-research-control-design-director-led-agent-architecture-grill-decisions.md,wiki_markdown,generated_metadata_note,generated_noncanonical,humans_and_agents,0c293344e9324450c110e7d276ba2a16cd63607e778853e13c1340628006a03d,MD-RESEARCH-CONTROL-DESIGN-DIRECTOR-LED-AGENT-ARCHITECTURE-GRILL-DECISIONS,MD-RESEARCH-CONTROL-DESIGN-DIRECTOR-LED-AGENT-ARCHITECTURE-GRILL-DECISIONS,,markdown-wiki,PASS,2026-06-10T02:34:32Z,Generated metadata note; not canonical authority.,MD-RESEARCH-CONTROL-DESIGN-DIRECTOR-LED-AGENT-ARCHITECTURE-GRILL-DECISIONS,research_control/design/director_led_agent_architecture_grill_decisions.md,2a776e672d0246cdad5dbed03711f54e8a8e2bbbfeb8b4b0960950a7117f53af,0c293344e9324450c110e7d276ba2a16cd63607e778853e13c1340628006a03d,markdown,2026-06-10T02:34:32Z
WIKI-MD-RESEARCH-CONTROL-DESIGN-DOCUMENTATION-CURATOR-CORPUS-MIGRATION-PLAN,wiki/markdown/md-research-control-design-documentation-curator-corpus-migration-plan.md,wiki_markdown,generated_metadata_note,generated_noncanonical,humans_and_agents,ce38fa7fabe8bbf2acc4bdd61d2f8ad1296ce87795a67493c48a17d442f99d12,MD-RESEARCH-CONTROL-DESIGN-DOCUMENTATION-CURATOR-CORPUS-MIGRATION-PLAN,MD-RESEARCH-CONTROL-DESIGN-DOCUMENTATION-CURATOR-CORPUS-MIGRATION-PLAN,,markdown-wiki,PASS,2026-06-19T01:28:35Z,Generated metadata note; not canonical authority.,MD-RESEARCH-CONTROL-DESIGN-DOCUMENTATION-CURATOR-CORPUS-MIGRATION-PLAN,research_control/design/documentation_curator_corpus_migration_plan.md,98f6263f816795d3d18fb551613fab102c569860209678f6eaa96d92e5119960,ce38fa7fabe8bbf2acc4bdd61d2f8ad1296ce87795a67493c48a17d442f99d12,markdown,2026-06-19T01:28:35Z
WIKI-MD-RESEARCH-CONTROL-DESIGN-DOCUMENTATION-CURATOR-PUBLICATION-PROCESS,wiki/markdown/md-research-control-design-documentation-curator-publication-process.md,wiki_markdown,generated_metadata_note,generated_noncanonical,humans_and_agents,5549a1df866e56f8acdbbf0c14249505f2a06cd5f6a678e9842befe69529dfe5,MD-RESEARCH-CONTROL-DESIGN-DOCUMENTATION-CURATOR-PUBLICATION-PROCESS,MD-RESEARCH-CONTROL-DESIGN-DOCUMENTATION-CURATOR-PUBLICATION-PROCESS,,markdown-wiki,PASS,2026-06-18T21:25:40Z,Generated metadata note; not canonical authority.,MD-RESEARCH-CONTROL-DESIGN-DOCUMENTATION-CURATOR-PUBLICATION-PROCESS,research_control/design/documentation_curator_publication_process.md,2f73530f12fa5f393bbdbf8d9161133050cbadbc1e60002f0aaf55d768b67606,5549a1df866e56f8acdbbf0c14249505f2a06cd5f6a678e9842befe69529dfe5,markdown,2026-06-18T21:25:40Z
WIKI-MD-RESEARCH-CONTROL-DESIGN-DOCUMENTATION-CURATOR-VISUAL-ATLAS-CONTRACT,wiki/markdown/md-research-control-design-documentation-curator-visual-atlas-contract.md,wiki_markdown,generated_metadata_note,generated_noncanonical,humans_and_agents,6e69b076fa768abbf59509f7adb9ba79f2ba2593928473e560205c9f3d2c877e,MD-RESEARCH-CONTROL-DESIGN-DOCUMENTATION-CURATOR-VISUAL-ATLAS-CONTRACT,MD-RESEARCH-CONTROL-DESIGN-DOCUMENTATION-CURATOR-VISUAL-ATLAS-CONTRACT,,markdown-wiki,PASS,2026-06-18T18:14:07Z,Generated metadata note; not canonical authority.,MD-RESEARCH-CONTROL-DESIGN-DOCUMENTATION-CURATOR-VISUAL-ATLAS-CONTRACT,research_control/design/documentation_curator_visual_atlas_contract.md,e2bfb28a2340484bfe1e78f50988247f09c0ce9336c1814544dc5be2e5cf1134,6e69b076fa768abbf59509f7adb9ba79f2ba2593928473e560205c9f3d2c877e,markdown,2026-06-18T18:14:07Z
WIKI-MD-RESEARCH-CONTROL-DESIGN-GITHUB-FACING-EXPLAINER-CONTRACT,wiki/markdown/md-research-control-design-github-facing-explainer-contract.md,wiki_markdown,generated_metadata_note,generated_noncanonical,humans_and_agents,dcbe119d72e890af5c0bbd4713ff2994c08d8c91e5a92d12ef78289c2c78f313,MD-RESEARCH-CONTROL-DESIGN-GITHUB-FACING-EXPLAINER-CONTRACT,MD-RESEARCH-CONTROL-DESIGN-GITHUB-FACING-EXPLAINER-CONTRACT,,markdown-wiki,PASS,2026-06-18T21:25:40Z,Generated metadata note; not canonical authority.,MD-RESEARCH-CONTROL-DESIGN-GITHUB-FACING-EXPLAINER-CONTRACT,research_control/design/github_facing_explainer_contract.md,a59800cc0a00f06e47b28e86b85d56a2249c1a5a79f11fbdb57b1fe7793858eb,dcbe119d72e890af5c0bbd4713ff2994c08d8c91e5a92d12ef78289c2c78f313,markdown,2026-06-18T21:25:40Z
WIKI-MD-RESEARCH-CONTROL-DESIGN-GR-DERIVATION-BURDEN-MAP,wiki/markdown/md-research-control-design-gr-derivation-burden-map.md,wiki_markdown,generated_metadata_note,generated_noncanonical,humans_and_agents,11ecde33d24e483d7acd1a5f8a39b61305bfca28613a95598c778333aa396504,MD-RESEARCH-CONTROL-DESIGN-GR-DERIVATION-BURDEN-MAP,MD-RESEARCH-CONTROL-DESIGN-GR-DERIVATION-BURDEN-MAP,,markdown-wiki,PASS,2026-06-17T15:59:18Z,Generated metadata note; not canonical authority.,MD-RESEARCH-CONTROL-DESIGN-GR-DERIVATION-BURDEN-MAP,research_control/design/gr_derivation_burden_map.md,6d1df3488be163b72296cf34ee07b979e29b061d508e6a4c271ac3305373aa1f,11ecde33d24e483d7acd1a5f8a39b61305bfca28613a95598c778333aa396504,markdown,2026-06-17T15:59:18Z
WIKI-MD-RESEARCH-CONTROL-DESIGN-HTML-EXPLAINER-DEPTH-CONTRACT,wiki/markdown/md-research-control-design-html-explainer-depth-contract.md,wiki_markdown,generated_metadata_note,generated_noncanonical,humans_and_agents,a3d3a794be0d2d856ad7c6acadcc89d6b4a417850d380009e302fff02e28fe48,MD-RESEARCH-CONTROL-DESIGN-HTML-EXPLAINER-DEPTH-CONTRACT,MD-RESEARCH-CONTROL-DESIGN-HTML-EXPLAINER-DEPTH-CONTRACT,,markdown-wiki,PASS,2026-06-12T23:46:32Z,Generated metadata note; not canonical authority.,MD-RESEARCH-CONTROL-DESIGN-HTML-EXPLAINER-DEPTH-CONTRACT,research_control/design/html_explainer_depth_contract.md,7b4be0cb73fd1cc3aa786d1095e7603399e214aedf3f8efb69543a0e287a95bb,a3d3a794be0d2d856ad7c6acadcc89d6b4a417850d380009e302fff02e28fe48,markdown,2026-06-12T23:46:32Z
WIKI-MD-RESEARCH-CONTROL-DESIGN-HTML-EXPLAINER-FLEXIBLE-PRESENTATION-CONTRACT,wiki/markdown/md-research-control-design-html-explainer-flexible-presentation-contract.md,wiki_markdown,generated_metadata_note,generated_noncanonical,humans_and_agents,8aafed8a71e513a040f988c4c35401ffc91249c0cc33fc12a8bf9608d1fc1771,MD-RESEARCH-CONTROL-DESIGN-HTML-EXPLAINER-FLEXIBLE-PRESENTATION-CONTRACT,MD-RESEARCH-CONTROL-DESIGN-HTML-EXPLAINER-FLEXIBLE-PRESENTATION-CONTRACT,,markdown-wiki,PASS,2026-06-13T00:02:04Z,Generated metadata note; not canonical authority.,MD-RESEARCH-CONTROL-DESIGN-HTML-EXPLAINER-FLEXIBLE-PRESENTATION-CONTRACT,research_control/design/html_explainer_flexible_presentation_contract.md,9b6cd3d802e9e601c411e9eed956debf460bdcabce86f9011c6745a20d8db556,8aafed8a71e513a040f988c4c35401ffc91249c0cc33fc12a8bf9608d1fc1771,markdown,2026-06-13T00:02:04Z
WIKI-MD-ROLE-AGENTS-ROLES-PHYSICS-CANDIDATE-CONSTRUCTOR-V0-1-0-MD,wiki/markdown/md-role-agents-roles-physics-candidate-constructor-v0-1-0-md.md,wiki_markdown,generated_metadata_note,generated_noncanonical,humans_and_agents,78eac807364a11686469f09124607424b55e28926999301a5d112262a0ac9184,MD-ROLE-AGENTS-ROLES-PHYSICS-CANDIDATE-CONSTRUCTOR-V0-1-0-MD,MD-ROLE-AGENTS-ROLES-PHYSICS-CANDIDATE-CONSTRUCTOR-V0-1-0-MD,,markdown-wiki,PASS,2026-06-16T19:29:23Z,Generated metadata note; not canonical authority.,MD-ROLE-AGENTS-ROLES-PHYSICS-CANDIDATE-CONSTRUCTOR-V0-1-0-MD,.agents/roles/physics/candidate-constructor.v0.1.0.md,175a3b04ce7d3a4fec81edbb892eb17148c42b896bdce09df41bfb0d5d2aa1f8,78eac807364a11686469f09124607424b55e28926999301a5d112262a0ac9184,markdown,2026-06-16T19:29:23Z
WIKI-MD-ROLE-AGENTS-ROLES-PHYSICS-CANDIDATE-CONSTRUCTOR-V0-2-0-MD,wiki/markdown/md-role-agents-roles-physics-candidate-constructor-v0-2-0-md.md,wiki_markdown,generated_metadata_note,generated_noncanonical,humans_and_agents,aaee3199b637a41f5efd99dbdae37297108430295baa06678f4550bc3d40879e,MD-ROLE-AGENTS-ROLES-PHYSICS-CANDIDATE-CONSTRUCTOR-V0-2-0-MD,MD-ROLE-AGENTS-ROLES-PHYSICS-CANDIDATE-CONSTRUCTOR-V0-2-0-MD,,markdown-wiki,PASS,2026-06-17T15:59:18Z,Generated metadata note; not canonical authority.,MD-ROLE-AGENTS-ROLES-PHYSICS-CANDIDATE-CONSTRUCTOR-V0-2-0-MD,.agents/roles/physics/candidate-constructor.v0.2.0.md,2ddc2018b690160dbccd155f7eb087628d8d5f7b0c4b42d2728e6221739b8042,aaee3199b637a41f5efd99dbdae37297108430295baa06678f4550bc3d40879e,markdown,2026-06-17T15:59:18Z
WIKI-MD-ROLE-AGENTS-ROLES-PHYSICS-GATE-CHAIR-V0-1-0-MD,wiki/markdown/md-role-agents-roles-physics-gate-chair-v0-1-0-md.md,wiki_markdown,generated_metadata_note,generated_noncanonical,humans_and_agents,27d29a22bda4ae935928d4f3eb602328b00b2f0e517d9dcaf04bf269d83db696,MD-ROLE-AGENTS-ROLES-PHYSICS-GATE-CHAIR-V0-1-0-MD,MD-ROLE-AGENTS-ROLES-PHYSICS-GATE-CHAIR-V0-1-0-MD,,markdown-wiki,PASS,2026-06-10T02:34:32Z,Generated metadata note; not canonical authority.,MD-ROLE-AGENTS-ROLES-PHYSICS-GATE-CHAIR-V0-1-0-MD,.agents/roles/physics/gate-chair.v0.1.0.md,1da0c89d58b9459cefcd5e428723d862f5bed8548ed0adf47b1c27c46d91b680,27d29a22bda4ae935928d4f3eb602328b00b2f0e517d9dcaf04bf269d83db696,markdown,2026-06-10T02:34:32Z
WIKI-MD-ROLE-AGENTS-ROLES-PHYSICS-ONTOLOGY-FORMALIZER-V0-1-0-MD,wiki/markdown/md-role-agents-roles-physics-ontology-formalizer-v0-1-0-md.md,wiki_markdown,generated_metadata_note,generated_noncanonical,humans_and_agents,7f2086eab0788f463a0667139e38007ef52d2c9fed086962038240d37a772dc6,MD-ROLE-AGENTS-ROLES-PHYSICS-ONTOLOGY-FORMALIZER-V0-1-0-MD,MD-ROLE-AGENTS-ROLES-PHYSICS-ONTOLOGY-FORMALIZER-V0-1-0-MD,,markdown-wiki,PASS,2026-06-16T19:29:23Z,Generated metadata note; not canonical authority.,MD-ROLE-AGENTS-ROLES-PHYSICS-ONTOLOGY-FORMALIZER-V0-1-0-MD,.agents/roles/physics/ontology-formalizer.v0.1.0.md,bcace3cd9ec67108b150ec795d7de3d4cab1514a14096e23fdc8ee3c97a18c7d,7f2086eab0788f463a0667139e38007ef52d2c9fed086962038240d37a772dc6,markdown,2026-06-16T19:29:23Z
WIKI-MD-ROLE-AGENTS-ROLES-PHYSICS-ONTOLOGY-FORMALIZER-V0-2-0-MD,wiki/markdown/md-role-agents-roles-physics-ontology-formalizer-v0-2-0-md.md,wiki_markdown,generated_metadata_note,generated_noncanonical,humans_and_agents,94848ec5b3792b2c93b0775dd0342dd1c7c5f476682e0f4bcd6c13a010fbafe8,MD-ROLE-AGENTS-ROLES-PHYSICS-ONTOLOGY-FORMALIZER-V0-2-0-MD,MD-ROLE-AGENTS-ROLES-PHYSICS-ONTOLOGY-FORMALIZER-V0-2-0-MD,,markdown-wiki,PASS,2026-06-17T15:59:18Z,Generated metadata note; not canonical authority.,MD-ROLE-AGENTS-ROLES-PHYSICS-ONTOLOGY-FORMALIZER-V0-2-0-MD,.agents/roles/physics/ontology-formalizer.v0.2.0.md,e050e643f2673d67ae825f1e194f13f25c2ac74bad74c91715716975e0bc87e4,94848ec5b3792b2c93b0775dd0342dd1c7c5f476682e0f4bcd6c13a010fbafe8,markdown,2026-06-17T15:59:18Z
WIKI-MD-ROLE-AGENTS-ROLES-PHYSICS-REFUTER-V0-1-0-MD,wiki/markdown/md-role-agents-roles-physics-refuter-v0-1-0-md.md,wiki_markdown,generated_metadata_note,generated_noncanonical,humans_and_agents,8a079cfd593d18b124fad9251166a3edba87021d606847b32cef01a1e807584d,MD-ROLE-AGENTS-ROLES-PHYSICS-REFUTER-V0-1-0-MD,MD-ROLE-AGENTS-ROLES-PHYSICS-REFUTER-V0-1-0-MD,,markdown-wiki,PASS,2026-06-16T19:29:23Z,Generated metadata note; not canonical authority.,MD-ROLE-AGENTS-ROLES-PHYSICS-REFUTER-V0-1-0-MD,.agents/roles/physics/refuter.v0.1.0.md,e119ec43dbcbee8957d0e6c4fa42342d12788e0e72a7f1e7023e400e03474005,8a079cfd593d18b124fad9251166a3edba87021d606847b32cef01a1e807584d,markdown,2026-06-16T19:29:23Z
WIKI-MD-ROLE-AGENTS-ROLES-PHYSICS-REFUTER-V0-2-0-MD,wiki/markdown/md-role-agents-roles-physics-refuter-v0-2-0-md.md,wiki_markdown,generated_metadata_note,generated_noncanonical,humans_and_agents,e3ee3dc0215237d0fc48602877364b3ac469b1f5f82e740ee686219d456c055f,MD-ROLE-AGENTS-ROLES-PHYSICS-REFUTER-V0-2-0-MD,MD-ROLE-AGENTS-ROLES-PHYSICS-REFUTER-V0-2-0-MD,,markdown-wiki,PASS,2026-06-17T15:59:18Z,Generated metadata note; not canonical authority.,MD-ROLE-AGENTS-ROLES-PHYSICS-REFUTER-V0-2-0-MD,.agents/roles/physics/refuter.v0.2.0.md,7b84a80fae0982275a1e7a957d918d9e329972baf5e98e89d6598ef88b440fb0,e3ee3dc0215237d0fc48602877364b3ac469b1f5f82e740ee686219d456c055f,markdown,2026-06-17T15:59:18Z
WIKI-MD-ROLE-AGENTS-ROLES-PHYSICS-SMUGGLING-AUDITOR-V0-1-0-MD,wiki/markdown/md-role-agents-roles-physics-smuggling-auditor-v0-1-0-md.md,wiki_markdown,generated_metadata_note,generated_noncanonical,humans_and_agents,174f7ec3742c05268263f8123b576b02286ac3f8f1a7fd3c4d6bbebc1bb78f3f,MD-ROLE-AGENTS-ROLES-PHYSICS-SMUGGLING-AUDITOR-V0-1-0-MD,MD-ROLE-AGENTS-ROLES-PHYSICS-SMUGGLING-AUDITOR-V0-1-0-MD,,markdown-wiki,PASS,2026-06-16T19:29:23Z,Generated metadata note; not canonical authority.,MD-ROLE-AGENTS-ROLES-PHYSICS-SMUGGLING-AUDITOR-V0-1-0-MD,.agents/roles/physics/smuggling-auditor.v0.1.0.md,f0150cc053178f9df0e7d74e774e46cff63c1f405c9ffae1645bc0636e0021e0,174f7ec3742c05268263f8123b576b02286ac3f8f1a7fd3c4d6bbebc1bb78f3f,markdown,2026-06-16T19:29:23Z
WIKI-MD-ROLE-AGENTS-ROLES-PHYSICS-SMUGGLING-AUDITOR-V0-2-0-MD,wiki/markdown/md-role-agents-roles-physics-smuggling-auditor-v0-2-0-md.md,wiki_markdown,generated_metadata_note,generated_noncanonical,humans_and_agents,113601397f3fd9e9e60d99288e2ab92e7525270cf44aca2d31ac56765a9d5d98,MD-ROLE-AGENTS-ROLES-PHYSICS-SMUGGLING-AUDITOR-V0-2-0-MD,MD-ROLE-AGENTS-ROLES-PHYSICS-SMUGGLING-AUDITOR-V0-2-0-MD,,markdown-wiki,PASS,2026-06-17T15:59:18Z,Generated metadata note; not canonical authority.,MD-ROLE-AGENTS-ROLES-PHYSICS-SMUGGLING-AUDITOR-V0-2-0-MD,.agents/roles/physics/smuggling-auditor.v0.2.0.md,31d1b8601ffd05917d3aeb9b056d2cf358c9a14073d2035b3e2d5a28e60360ca,113601397f3fd9e9e60d99288e2ab92e7525270cf44aca2d31ac56765a9d5d98,markdown,2026-06-17T15:59:18Z
WIKI-MD-ROLE-AGENTS-ROLES-PHYSICS-THEORETICAL-CONTINUATION-SELECTOR-V0-1-0-MD,wiki/markdown/md-role-agents-roles-physics-theoretical-continuation-selector-v0-1-0-md.md,wiki_markdown,generated_metadata_note,generated_noncanonical,humans_and_agents,f61c1d5a4df35c88e3087366228762556d4ba295607801e8186cb16b91ae71bf,MD-ROLE-AGENTS-ROLES-PHYSICS-THEORETICAL-CONTINUATION-SELECTOR-V0-1-0-MD,MD-ROLE-AGENTS-ROLES-PHYSICS-THEORETICAL-CONTINUATION-SELECTOR-V0-1-0-MD,,markdown-wiki,PASS,2026-06-17T15:59:18Z,Generated metadata note; not canonical authority.,MD-ROLE-AGENTS-ROLES-PHYSICS-THEORETICAL-CONTINUATION-SELECTOR-V0-1-0-MD,.agents/roles/physics/theoretical-continuation-selector.v0.1.0.md,16095938a688958c3b71fd21856e9ab1a22d2ac52d68b4a652eea6e0209aaf60,f61c1d5a4df35c88e3087366228762556d4ba295607801e8186cb16b91ae71bf,markdown,2026-06-17T15:59:18Z
WIKI-MD-ROLE-AGENTS-ROLES-RESEARCH-OPS-DIRECTOR-OF-RESEARCH-V0-1-0-MD,wiki/markdown/md-role-agents-roles-research-ops-director-of-research-v0-1-0-md.md,wiki_markdown,generated_metadata_note,generated_noncanonical,humans_and_agents,a7cbbf7531906ec2c220fda8d201cbcf53ec2cc8252d4e9ac639bc28b2ceaae8,MD-ROLE-AGENTS-ROLES-RESEARCH-OPS-DIRECTOR-OF-RESEARCH-V0-1-0-MD,MD-ROLE-AGENTS-ROLES-RESEARCH-OPS-DIRECTOR-OF-RESEARCH-V0-1-0-MD,,markdown-wiki,PASS,2026-06-16T19:29:23Z,Generated metadata note; not canonical authority.,MD-ROLE-AGENTS-ROLES-RESEARCH-OPS-DIRECTOR-OF-RESEARCH-V0-1-0-MD,.agents/roles/research_ops/director-of-research.v0.1.0.md,f312284e369c1e681362d42b036adf4d4a5024cd6e58bb456d02db177379c203,a7cbbf7531906ec2c220fda8d201cbcf53ec2cc8252d4e9ac639bc28b2ceaae8,markdown,2026-06-16T19:29:23Z
WIKI-MD-ROLE-AGENTS-ROLES-RESEARCH-OPS-DIRECTOR-OF-RESEARCH-V0-2-0-MD,wiki/markdown/md-role-agents-roles-research-ops-director-of-research-v0-2-0-md.md,wiki_markdown,generated_metadata_note,generated_noncanonical,humans_and_agents,90c589ebf27efa795e3ac4bfda0e36b4aecec0d8e36c1565a930f85ea3e028f7,MD-ROLE-AGENTS-ROLES-RESEARCH-OPS-DIRECTOR-OF-RESEARCH-V0-2-0-MD,MD-ROLE-AGENTS-ROLES-RESEARCH-OPS-DIRECTOR-OF-RESEARCH-V0-2-0-MD,,markdown-wiki,PASS,2026-06-17T15:59:18Z,Generated metadata note; not canonical authority.,MD-ROLE-AGENTS-ROLES-RESEARCH-OPS-DIRECTOR-OF-RESEARCH-V0-2-0-MD,.agents/roles/research_ops/director-of-research.v0.2.0.md,7d7ea131fe7ee32820a5b7006e432679dbfbc651f3eb63a2372666b8349ed0de,90c589ebf27efa795e3ac4bfda0e36b4aecec0d8e36c1565a930f85ea3e028f7,markdown,2026-06-17T15:59:18Z
WIKI-MD-ROLE-AGENTS-ROLES-RESEARCH-OPS-DOCUMENTATION-CURATOR-V0-1-0-MD,wiki/markdown/md-role-agents-roles-research-ops-documentation-curator-v0-1-0-md.md,wiki_markdown,generated_metadata_note,generated_noncanonical,humans_and_agents,c98dfbe480b51da4fe00181f575a71a22ce98b61892be10712bf48e71806d7d5,MD-ROLE-AGENTS-ROLES-RESEARCH-OPS-DOCUMENTATION-CURATOR-V0-1-0-MD,MD-ROLE-AGENTS-ROLES-RESEARCH-OPS-DOCUMENTATION-CURATOR-V0-1-0-MD,,markdown-wiki,PASS,2026-06-10T19:37:31Z,Generated metadata note; not canonical authority.,MD-ROLE-AGENTS-ROLES-RESEARCH-OPS-DOCUMENTATION-CURATOR-V0-1-0-MD,.agents/roles/research_ops/documentation-curator.v0.1.0.md,41e0a2d5207d9ea760898d5db234e84bc346e86b9a86a321955fee00a6e1097c,c98dfbe480b51da4fe00181f575a71a22ce98b61892be10712bf48e71806d7d5,markdown,2026-06-10T19:37:31Z
WIKI-MD-ROLE-AGENTS-ROLES-RESEARCH-OPS-DOCUMENTATION-CURATOR-V0-2-0-MD,wiki/markdown/md-role-agents-roles-research-ops-documentation-curator-v0-2-0-md.md,wiki_markdown,generated_metadata_note,generated_noncanonical,humans_and_agents,a2c9b596d13381b1d1ccba7102d68e28a87d1539a2a9fb6751255cbcee5d7049,MD-ROLE-AGENTS-ROLES-RESEARCH-OPS-DOCUMENTATION-CURATOR-V0-2-0-MD,MD-ROLE-AGENTS-ROLES-RESEARCH-OPS-DOCUMENTATION-CURATOR-V0-2-0-MD,,markdown-wiki,PASS,2026-06-12T01:59:27Z,Generated metadata note; not canonical authority.,MD-ROLE-AGENTS-ROLES-RESEARCH-OPS-DOCUMENTATION-CURATOR-V0-2-0-MD,.agents/roles/research_ops/documentation-curator.v0.2.0.md,75a40230c7ec4cc3529def5bf0eed4f25e16d77ea394a3729ce6f944d643e146,a2c9b596d13381b1d1ccba7102d68e28a87d1539a2a9fb6751255cbcee5d7049,markdown,2026-06-12T01:59:27Z
WIKI-MD-ROLE-AGENTS-ROLES-RESEARCH-OPS-DOCUMENTATION-CURATOR-V0-3-0-MD,wiki/markdown/md-role-agents-roles-research-ops-documentation-curator-v0-3-0-md.md,wiki_markdown,generated_metadata_note,generated_noncanonical,humans_and_agents,b1999c1575b1cbe46938587104f1c58a1796c86e7891bec1f2415267a790b5a3,MD-ROLE-AGENTS-ROLES-RESEARCH-OPS-DOCUMENTATION-CURATOR-V0-3-0-MD,MD-ROLE-AGENTS-ROLES-RESEARCH-OPS-DOCUMENTATION-CURATOR-V0-3-0-MD,,markdown-wiki,PASS,2026-06-12T03:34:40Z,Generated metadata note; not canonical authority.,MD-ROLE-AGENTS-ROLES-RESEARCH-OPS-DOCUMENTATION-CURATOR-V0-3-0-MD,.agents/roles/research_ops/documentation-curator.v0.3.0.md,4d32e253d282aa62ddd4837be8fdf3ee5a83ed9d00915314f153c3c3868f02a4,b1999c1575b1cbe46938587104f1c58a1796c86e7891bec1f2415267a790b5a3,markdown,2026-06-12T03:34:40Z
WIKI-MD-ROLE-AGENTS-ROLES-RESEARCH-OPS-DOCUMENTATION-CURATOR-V0-4-0-MD,wiki/markdown/md-role-agents-roles-research-ops-documentation-curator-v0-4-0-md.md,wiki_markdown,generated_metadata_note,generated_noncanonical,humans_and_agents,cd6cd6f718265fefafea030fb97b738abb71a6ff7ab98df94e1854e1aa76e642,MD-ROLE-AGENTS-ROLES-RESEARCH-OPS-DOCUMENTATION-CURATOR-V0-4-0-MD,MD-ROLE-AGENTS-ROLES-RESEARCH-OPS-DOCUMENTATION-CURATOR-V0-4-0-MD,,markdown-wiki,PASS,2026-06-12T19:29:04Z,Generated metadata note; not canonical authority.,MD-ROLE-AGENTS-ROLES-RESEARCH-OPS-DOCUMENTATION-CURATOR-V0-4-0-MD,.agents/roles/research_ops/documentation-curator.v0.4.0.md,8e3ac2130782337f3a0246e532829f3dc45f0453d0da733e3979bdc11d3aa3af,cd6cd6f718265fefafea030fb97b738abb71a6ff7ab98df94e1854e1aa76e642,markdown,2026-06-12T19:29:04Z
WIKI-MD-ROLE-AGENTS-ROLES-RESEARCH-OPS-DOCUMENTATION-CURATOR-V0-5-0-MD,wiki/markdown/md-role-agents-roles-research-ops-documentation-curator-v0-5-0-md.md,wiki_markdown,generated_metadata_note,generated_noncanonical,humans_and_agents,dcf6363be783a1d9e3d7d13d7f5c6f954f82e270378b558f7140d9c59f14ae8e,MD-ROLE-AGENTS-ROLES-RESEARCH-OPS-DOCUMENTATION-CURATOR-V0-5-0-MD,MD-ROLE-AGENTS-ROLES-RESEARCH-OPS-DOCUMENTATION-CURATOR-V0-5-0-MD,,markdown-wiki,PASS,2026-06-12T20:50:45Z,Generated metadata note; not canonical authority.,MD-ROLE-AGENTS-ROLES-RESEARCH-OPS-DOCUMENTATION-CURATOR-V0-5-0-MD,.agents/roles/research_ops/documentation-curator.v0.5.0.md,43e4fd0b408c3c213bcec43e348215e4c377d406326c9fdf7fee2cd9ca7173af,dcf6363be783a1d9e3d7d13d7f5c6f954f82e270378b558f7140d9c59f14ae8e,markdown,2026-06-12T20:50:45Z
WIKI-MD-ROLE-AGENTS-ROLES-RESEARCH-OPS-DOCUMENTATION-CURATOR-V0-6-0-MD,wiki/markdown/md-role-agents-roles-research-ops-documentation-curator-v0-6-0-md.md,wiki_markdown,generated_metadata_note,generated_noncanonical,humans_and_agents,7ad917a0cd93b1468fe43608e98a1e93e8c5104242f7466bcab77ee875585976,MD-ROLE-AGENTS-ROLES-RESEARCH-OPS-DOCUMENTATION-CURATOR-V0-6-0-MD,MD-ROLE-AGENTS-ROLES-RESEARCH-OPS-DOCUMENTATION-CURATOR-V0-6-0-MD,,markdown-wiki,PASS,2026-06-12T23:46:32Z,Generated metadata note; not canonical authority.,MD-ROLE-AGENTS-ROLES-RESEARCH-OPS-DOCUMENTATION-CURATOR-V0-6-0-MD,.agents/roles/research_ops/documentation-curator.v0.6.0.md,b67aa9c3d0b217eba38dc3ce51b8fdc0cb34dce11e5588fd087bde12c2d247f6,7ad917a0cd93b1468fe43608e98a1e93e8c5104242f7466bcab77ee875585976,markdown,2026-06-12T23:46:32Z
WIKI-MD-ROLE-AGENTS-ROLES-RESEARCH-OPS-DOCUMENTATION-CURATOR-V0-7-0-MD,wiki/markdown/md-role-agents-roles-research-ops-documentation-curator-v0-7-0-md.md,wiki_markdown,generated_metadata_note,generated_noncanonical,humans_and_agents,c7c678507fb07f9a825d038e59a8708c5441ce8a91a5c4ae877543ef172ea205,MD-ROLE-AGENTS-ROLES-RESEARCH-OPS-DOCUMENTATION-CURATOR-V0-7-0-MD,MD-ROLE-AGENTS-ROLES-RESEARCH-OPS-DOCUMENTATION-CURATOR-V0-7-0-MD,,markdown-wiki,PASS,2026-06-17T17:47:33Z,Generated metadata note; not canonical authority.,MD-ROLE-AGENTS-ROLES-RESEARCH-OPS-DOCUMENTATION-CURATOR-V0-7-0-MD,.agents/roles/research_ops/documentation-curator.v0.7.0.md,bcc9a18c236898effdc516fe7b8bc55739b4b4fc6bf089bfd5d07e55ee0f4fa7,c7c678507fb07f9a825d038e59a8708c5441ce8a91a5c4ae877543ef172ea205,markdown,2026-06-17T17:47:33Z
WIKI-MD-ROLE-AGENTS-ROLES-RESEARCH-OPS-DOCUMENTATION-CURATOR-V0-8-0-MD,wiki/markdown/md-role-agents-roles-research-ops-documentation-curator-v0-8-0-md.md,wiki_markdown,generated_metadata_note,generated_noncanonical,humans_and_agents,d40d7036da6e4e93cb4adaa14d6bc03a5c1d833e671c3e35b7ecb7b2a76b616c,MD-ROLE-AGENTS-ROLES-RESEARCH-OPS-DOCUMENTATION-CURATOR-V0-8-0-MD,MD-ROLE-AGENTS-ROLES-RESEARCH-OPS-DOCUMENTATION-CURATOR-V0-8-0-MD,,markdown-wiki,PASS,2026-06-17T21:11:59Z,Generated metadata note; not canonical authority.,MD-ROLE-AGENTS-ROLES-RESEARCH-OPS-DOCUMENTATION-CURATOR-V0-8-0-MD,.agents/roles/research_ops/documentation-curator.v0.8.0.md,84cf7fca86235dad8aaa27428799d550cdd4fc0322d80bb2f3166c2d2d3a5013,d40d7036da6e4e93cb4adaa14d6bc03a5c1d833e671c3e35b7ecb7b2a76b616c,markdown,2026-06-17T21:11:59Z
WIKI-MD-ROLE-AGENTS-ROLES-RESEARCH-OPS-DOCUMENTATION-CURATOR-V0-9-0-MD,wiki/markdown/md-role-agents-roles-research-ops-documentation-curator-v0-9-0-md.md,wiki_markdown,generated_metadata_note,generated_noncanonical,humans_and_agents,74531d14b3447d3859d71a77500b60e8688c268ef2ca317d453124e5231e2f8f,MD-ROLE-AGENTS-ROLES-RESEARCH-OPS-DOCUMENTATION-CURATOR-V0-9-0-MD,MD-ROLE-AGENTS-ROLES-RESEARCH-OPS-DOCUMENTATION-CURATOR-V0-9-0-MD,,markdown-wiki,PASS,2026-06-18T16:55:39Z,Generated metadata note; not canonical authority.,MD-ROLE-AGENTS-ROLES-RESEARCH-OPS-DOCUMENTATION-CURATOR-V0-9-0-MD,.agents/roles/research_ops/documentation-curator.v0.9.0.md,c1c6502d571b423be9f824ad666479dc1492eb3083f7078bd4ea3ea3558d69ce,74531d14b3447d3859d71a77500b60e8688c268ef2ca317d453124e5231e2f8f,markdown,2026-06-18T16:55:39Z
WIKI-MD-ROLE-AGENTS-ROLES-RESEARCH-OPS-DOCUMENTATION-CURATOR-V1-0-0-MD,wiki/markdown/md-role-agents-roles-research-ops-documentation-curator-v1-0-0-md.md,wiki_markdown,generated_metadata_note,generated_noncanonical,humans_and_agents,0f01707605df0cc30320bb88267b1522905fc46d06edc7d4cd678c4f0af4e346,MD-ROLE-AGENTS-ROLES-RESEARCH-OPS-DOCUMENTATION-CURATOR-V1-0-0-MD,MD-ROLE-AGENTS-ROLES-RESEARCH-OPS-DOCUMENTATION-CURATOR-V1-0-0-MD,,markdown-wiki,PASS,2026-06-18T18:14:07Z,Generated metadata note; not canonical authority.,MD-ROLE-AGENTS-ROLES-RESEARCH-OPS-DOCUMENTATION-CURATOR-V1-0-0-MD,.agents/roles/research_ops/documentation-curator.v1.0.0.md,7ce3124ede4b83907a6bc0eb08e6ce2e7e33237908aad96cddfddd787a0e2def,0f01707605df0cc30320bb88267b1522905fc46d06edc7d4cd678c4f0af4e346,markdown,2026-06-18T18:14:07Z
WIKI-MD-ROLE-AGENTS-ROLES-RESEARCH-OPS-DOCUMENTATION-CURATOR-V2-0-0-MD,wiki/markdown/md-role-agents-roles-research-ops-documentation-curator-v2-0-0-md.md,wiki_markdown,generated_metadata_note,generated_noncanonical,humans_and_agents,bd0cf083fe8d931e388cd140a3cddd3c8b25038af8636bef1e8c09189472ef0a,MD-ROLE-AGENTS-ROLES-RESEARCH-OPS-DOCUMENTATION-CURATOR-V2-0-0-MD,MD-ROLE-AGENTS-ROLES-RESEARCH-OPS-DOCUMENTATION-CURATOR-V2-0-0-MD,,markdown-wiki,PASS,2026-06-18T21:25:40Z,Generated metadata note; not canonical authority.,MD-ROLE-AGENTS-ROLES-RESEARCH-OPS-DOCUMENTATION-CURATOR-V2-0-0-MD,.agents/roles/research_ops/documentation-curator.v2.0.0.md,c63afb6871219f7c489b4a6153077ba0719ded191589594f4dd93ddc7dbe48bc,bd0cf083fe8d931e388cd140a3cddd3c8b25038af8636bef1e8c09189472ef0a,markdown,2026-06-18T21:25:40Z
WIKI-MD-ROLE-AGENTS-ROLES-RESEARCH-OPS-MEMORY-SYSTEM-MAINTAINER-V0-1-0-MD,wiki/markdown/md-role-agents-roles-research-ops-memory-system-maintainer-v0-1-0-md.md,wiki_markdown,generated_metadata_note,generated_noncanonical,humans_and_agents,db624386819262e6941422b42cd0e04c3b93ac006c16f0f4390a11163ae12523,MD-ROLE-AGENTS-ROLES-RESEARCH-OPS-MEMORY-SYSTEM-MAINTAINER-V0-1-0-MD,MD-ROLE-AGENTS-ROLES-RESEARCH-OPS-MEMORY-SYSTEM-MAINTAINER-V0-1-0-MD,,markdown-wiki,PASS,2026-06-10T02:34:32Z,Generated metadata note; not canonical authority.,MD-ROLE-AGENTS-ROLES-RESEARCH-OPS-MEMORY-SYSTEM-MAINTAINER-V0-1-0-MD,.agents/roles/research_ops/memory-system-maintainer.v0.1.0.md,0ec40aa61444ef33b1fc375c772df6df2139b0d46ae33ff085a2b5a886712267,db624386819262e6941422b42cd0e04c3b93ac006c16f0f4390a11163ae12523,markdown,2026-06-10T02:34:32Z
WIKI-MD-ROLE-AGENTS-ROLES-RESEARCH-OPS-PROCESS-INTEGRITY-AUDITOR-V0-1-0-MD,wiki/markdown/md-role-agents-roles-research-ops-process-integrity-auditor-v0-1-0-md.md,wiki_markdown,generated_metadata_note,generated_noncanonical,humans_and_agents,702f3af128c212e858917032c9ae1320366e9eba6e284200baa94d0af2002380,MD-ROLE-AGENTS-ROLES-RESEARCH-OPS-PROCESS-INTEGRITY-AUDITOR-V0-1-0-MD,MD-ROLE-AGENTS-ROLES-RESEARCH-OPS-PROCESS-INTEGRITY-AUDITOR-V0-1-0-MD,,markdown-wiki,PASS,2026-06-10T02:34:32Z,Generated metadata note; not canonical authority.,MD-ROLE-AGENTS-ROLES-RESEARCH-OPS-PROCESS-INTEGRITY-AUDITOR-V0-1-0-MD,.agents/roles/research_ops/process-integrity-auditor.v0.1.0.md,5e54f60d6a3064006e0a6ec73719475f191f21c975b9b2292498abb1dcc83db4,702f3af128c212e858917032c9ae1320366e9eba6e284200baa94d0af2002380,markdown,2026-06-10T02:34:32Z
WIKI-MD-ROLE-AGENTS-ROLES-RESEARCH-OPS-PROJECT-CONTROL-MAINTAINER-V0-1-0-MD,wiki/markdown/md-role-agents-roles-research-ops-project-control-maintainer-v0-1-0-md.md,wiki_markdown,generated_metadata_note,generated_noncanonical,humans_and_agents,49a47bbaa06e1c241d772fd7d34b73c81edc7737f08ce420d60403a8b7fe1f32,MD-ROLE-AGENTS-ROLES-RESEARCH-OPS-PROJECT-CONTROL-MAINTAINER-V0-1-0-MD,MD-ROLE-AGENTS-ROLES-RESEARCH-OPS-PROJECT-CONTROL-MAINTAINER-V0-1-0-MD,,markdown-wiki,PASS,2026-06-10T18:23:33Z,Generated metadata note; not canonical authority.,MD-ROLE-AGENTS-ROLES-RESEARCH-OPS-PROJECT-CONTROL-MAINTAINER-V0-1-0-MD,.agents/roles/research_ops/project-control-maintainer.v0.1.0.md,4d31cdcdf991dc2f503b3f8cc1c4abbbf4389ab1fd6dcd048396b8e85039665e,49a47bbaa06e1c241d772fd7d34b73c81edc7737f08ce420d60403a8b7fe1f32,markdown,2026-06-10T18:23:33Z
WIKI-MD-ROLE-AGENTS-ROLES-RESEARCH-OPS-PROJECT-SYSTEM-DIRECTOR-V0-1-0-MD,wiki/markdown/md-role-agents-roles-research-ops-project-system-director-v0-1-0-md.md,wiki_markdown,generated_metadata_note,generated_noncanonical,humans_and_agents,e061724275049098c459ce46db3ce4a4ee5ffa8280f68e91945bac17f63f1889,MD-ROLE-AGENTS-ROLES-RESEARCH-OPS-PROJECT-SYSTEM-DIRECTOR-V0-1-0-MD,MD-ROLE-AGENTS-ROLES-RESEARCH-OPS-PROJECT-SYSTEM-DIRECTOR-V0-1-0-MD,,markdown-wiki,PASS,2026-06-10T02:34:32Z,Generated metadata note; not canonical authority.,MD-ROLE-AGENTS-ROLES-RESEARCH-OPS-PROJECT-SYSTEM-DIRECTOR-V0-1-0-MD,.agents/roles/research_ops/project-system-director.v0.1.0.md,38e37c63637c81ddaabe7fcba760efea348665b2d4534e46961d7ba2c7a32972,e061724275049098c459ce46db3ce4a4ee5ffa8280f68e91945bac17f63f1889,markdown,2026-06-10T02:34:32Z
WIKI-MD-ROLE-AGENTS-ROLES-RESEARCH-OPS-VALIDATOR-ENGINEER-V0-1-0-MD,wiki/markdown/md-role-agents-roles-research-ops-validator-engineer-v0-1-0-md.md,wiki_markdown,generated_metadata_note,generated_noncanonical,humans_and_agents,fef8a7c8b42c45fb8830d77140300a8f0c87c5e00e5f61a9a479f66fd940dc68,MD-ROLE-AGENTS-ROLES-RESEARCH-OPS-VALIDATOR-ENGINEER-V0-1-0-MD,MD-ROLE-AGENTS-ROLES-RESEARCH-OPS-VALIDATOR-ENGINEER-V0-1-0-MD,,markdown-wiki,PASS,2026-06-10T02:34:32Z,Generated metadata note; not canonical authority.,MD-ROLE-AGENTS-ROLES-RESEARCH-OPS-VALIDATOR-ENGINEER-V0-1-0-MD,.agents/roles/research_ops/validator-engineer.v0.1.0.md,bcc23bae02e78fcafabffb8d5fe1afca48a591edc56c0bc05b868b9d9e400c77,fef8a7c8b42c45fb8830d77140300a8f0c87c5e00e5f61a9a479f66fd940dc68,markdown,2026-06-10T02:34:32Z
WIKI-MD-ROLE-ROUTING-PUBLICATION-BRIEF,wiki/markdown/md-role-routing-publication-brief.md,wiki_markdown,generated_metadata_note,generated_noncanonical,humans_and_agents,d27c4967d675d6a305966b4c7f75f2c21e9f16de25ab4153eae159c615573d47,MD-ROLE-ROUTING-PUBLICATION-BRIEF,MD-ROLE-ROUTING-PUBLICATION-BRIEF,,markdown-wiki,PASS,2026-06-19T00:38:44Z,Generated metadata note; not canonical authority.,MD-ROLE-ROUTING-PUBLICATION-BRIEF,markdown/publication-briefs/role-routing.publication-brief.md,10dbf73d20925b1547621dca973a53150e91b916ccae9bc959200efb63e81609,d27c4967d675d6a305966b4c7f75f2c21e9f16de25ab4153eae159c615573d47,markdown,2026-06-19T00:38:44Z
WIKI-MD-SCHEMA-AGENT-JOB-SCHEMA,wiki/markdown/md-schema-agent-job-schema.md,wiki_markdown,generated_metadata_note,generated_noncanonical,humans_and_agents,14538d8569c0854ac35bd66a94cebca3446db37ba3cad266e9c2e068408c8f5a,MD-SCHEMA-AGENT-JOB-SCHEMA,MD-SCHEMA-AGENT-JOB-SCHEMA,,markdown-wiki,PASS,2026-06-18T15:47:47Z,Generated metadata note; not canonical authority.,MD-SCHEMA-AGENT-JOB-SCHEMA,.agents/schemas/AGENT_JOB_SCHEMA.md,86cb5568a0aa48ed468a23d01694292a539d62a4527316fb55742f76b06f3e96,14538d8569c0854ac35bd66a94cebca3446db37ba3cad266e9c2e068408c8f5a,markdown,2026-06-18T15:47:47Z
WIKI-MD-SCHEMA-DIRECTOR-DECISION-SCHEMA,wiki/markdown/md-schema-director-decision-schema.md,wiki_markdown,generated_metadata_note,generated_noncanonical,humans_and_agents,244f6e92e9d91db01588e7e64ef9f0fc18d03737efca6021ff71dceae0454815,MD-SCHEMA-DIRECTOR-DECISION-SCHEMA,MD-SCHEMA-DIRECTOR-DECISION-SCHEMA,,markdown-wiki,PASS,2026-06-10T02:34:32Z,Generated metadata note; not canonical authority.,MD-SCHEMA-DIRECTOR-DECISION-SCHEMA,.agents/schemas/DIRECTOR_DECISION_SCHEMA.md,8163f5dbe8e231dc61f1d78032edc972f61c286ce5bf417031937e56e9849a17,244f6e92e9d91db01588e7e64ef9f0fc18d03737efca6021ff71dceae0454815,markdown,2026-06-10T02:34:32Z
WIKI-MD-SCHEMA-DOCUMENTATION-IMPACT-SCHEMA,wiki/markdown/md-schema-documentation-impact-schema.md,wiki_markdown,generated_metadata_note,generated_noncanonical,humans_and_agents,00a71a9e5a8e01281b5616468ad6a0a7d6aa271e89cbc2693de7c60d225a2548,MD-SCHEMA-DOCUMENTATION-IMPACT-SCHEMA,MD-SCHEMA-DOCUMENTATION-IMPACT-SCHEMA,,markdown-wiki,PASS,2026-06-10T02:34:32Z,Generated metadata note; not canonical authority.,MD-SCHEMA-DOCUMENTATION-IMPACT-SCHEMA,.agents/schemas/DOCUMENTATION_IMPACT_SCHEMA.md,cedfc214d015b2bfb6647be62c375533d9f96bd731230013069f2854be5ec5e9,00a71a9e5a8e01281b5616468ad6a0a7d6aa271e89cbc2693de7c60d225a2548,markdown,2026-06-10T02:34:32Z
WIKI-MD-SCHEMA-EXECUTION-ROLE-SCHEMA,wiki/markdown/md-schema-execution-role-schema.md,wiki_markdown,generated_metadata_note,generated_noncanonical,humans_and_agents,ef2bbe16032afbde8a1450909f404dab6a8ca700f1094e6041ac6b361e7022e3,MD-SCHEMA-EXECUTION-ROLE-SCHEMA,MD-SCHEMA-EXECUTION-ROLE-SCHEMA,,markdown-wiki,PASS,2026-06-17T04:13:22Z,Generated metadata note; not canonical authority.,MD-SCHEMA-EXECUTION-ROLE-SCHEMA,.agents/schemas/EXECUTION_ROLE_SCHEMA.md,d36c932c9c8eae038f450de68d09cac8afa871409f1c8e9c0d4a445ee75b98ed,ef2bbe16032afbde8a1450909f404dab6a8ca700f1094e6041ac6b361e7022e3,markdown,2026-06-17T04:13:22Z
WIKI-MD-SCHEMA-ROLE-SCHEMA,wiki/markdown/md-schema-role-schema.md,wiki_markdown,generated_metadata_note,generated_noncanonical,humans_and_agents,5eaf5702b7e43656b56d258ad7a205e3e84e5710d0cc840621a0c4e1295d56d6,MD-SCHEMA-ROLE-SCHEMA,MD-SCHEMA-ROLE-SCHEMA,,markdown-wiki,PASS,2026-06-10T19:37:31Z,Generated metadata note; not canonical authority.,MD-SCHEMA-ROLE-SCHEMA,.agents/schemas/ROLE_SCHEMA.md,adfe47c287d9e67e0b6c864b8534ae48fb6d3cbb950c4f61d938badccd9d31f6,5eaf5702b7e43656b56d258ad7a205e3e84e5710d0cc840621a0c4e1295d56d6,markdown,2026-06-10T19:37:31Z
WIKI-MD-SKILL-CONTINUE-RESEARCH,wiki/markdown/md-skill-continue-research.md,wiki_markdown,generated_metadata_note,generated_noncanonical,humans_and_agents,d96b6136bf43f94c84e0425424ae2280034d59e9bcb84eaac3a667cb5d991599,MD-SKILL-CONTINUE-RESEARCH,MD-SKILL-CONTINUE-RESEARCH,,markdown-wiki,PASS,2026-06-18T15:47:47Z,Generated metadata note; not canonical authority.,MD-SKILL-CONTINUE-RESEARCH,.codex/skills/continue-research/SKILL.md,f1c8c08f64d99f04ee6221c31a4f3fba4ec648ae0e0fd52b8bb50cd877882967,d96b6136bf43f94c84e0425424ae2280034d59e9bcb84eaac3a667cb5d991599,markdown,2026-06-18T15:47:47Z
WIKI-MD-SKILL-GRILL-ME,wiki/markdown/md-skill-grill-me.md,wiki_markdown,generated_metadata_note,generated_noncanonical,humans_and_agents,b4a688f29b109ed8b8a160f42ece8c8344dac4e7403e34aed4e1ed2e56007ae3,MD-SKILL-GRILL-ME,MD-SKILL-GRILL-ME,,markdown-wiki,PASS,2026-06-10T02:34:32Z,Generated metadata note; not canonical authority.,MD-SKILL-GRILL-ME,.codex/skills/grill-me/SKILL.md,74147eb6010a65957efef2b9e0f0b3ff935c1def7fc117697151b1d0f3610556,b4a688f29b109ed8b8a160f42ece8c8344dac4e7403e34aed4e1ed2e56007ae3,markdown,2026-06-10T02:34:32Z
WIKI-MD-SKILL-GRILL-WITH-DOCS,wiki/markdown/md-skill-grill-with-docs.md,wiki_markdown,generated_metadata_note,generated_noncanonical,humans_and_agents,333ac12463b91899e311044d6a9cfdf1a917fa9e39ab6cfc56d81c05bdaf6c7e,MD-SKILL-GRILL-WITH-DOCS,MD-SKILL-GRILL-WITH-DOCS,,markdown-wiki,PASS,2026-06-11T22:03:47Z,Generated metadata note; not canonical authority.,MD-SKILL-GRILL-WITH-DOCS,.codex/skills/grill-with-docs/SKILL.md,3e35025119ba03efe7983dfdec3c8b96918142e3978512f3c2bf66d428310c7e,333ac12463b91899e311044d6a9cfdf1a917fa9e39ab6cfc56d81c05bdaf6c7e,markdown,2026-06-11T22:03:47Z
WIKI-MD-SKILL-HTML-VISUAL-EXPLAINER,wiki/markdown/md-skill-html-visual-explainer.md,wiki_markdown,generated_metadata_note,generated_noncanonical,humans_and_agents,79a5e242f4581e78f74e99c2f18eabc404de8bce3e451ffa8c6e4bafbeefebe0,MD-SKILL-HTML-VISUAL-EXPLAINER,MD-SKILL-HTML-VISUAL-EXPLAINER,,markdown-wiki,PASS,2026-06-18T21:25:40Z,Generated metadata note; not canonical authority.,MD-SKILL-HTML-VISUAL-EXPLAINER,.codex/skills/html-visual-explainer/SKILL.md,9b295d356be3dd68d5a00e052bd14724669b53cb5859881383ce102c83376c87,79a5e242f4581e78f74e99c2f18eabc404de8bce3e451ffa8c6e4bafbeefebe0,markdown,2026-06-18T21:25:40Z
WIKI-MD-SKILL-IMPROVE-PROJECT-SYSTEM,wiki/markdown/md-skill-improve-project-system.md,wiki_markdown,generated_metadata_note,generated_noncanonical,humans_and_agents,ca6f395a95e115c0389b869d211292ee7ef81d37497f5364a0d12036a64e54e7,MD-SKILL-IMPROVE-PROJECT-SYSTEM,MD-SKILL-IMPROVE-PROJECT-SYSTEM,,markdown-wiki,PASS,2026-06-18T15:47:47Z,Generated metadata note; not canonical authority.,MD-SKILL-IMPROVE-PROJECT-SYSTEM,.codex/skills/improve-project-system/SKILL.md,8a207a30441e6f16a2a3f042e9242e750f72b3ae8573b8d6802d80a29516319e,ca6f395a95e115c0389b869d211292ee7ef81d37497f5364a0d12036a64e54e7,markdown,2026-06-18T15:47:47Z
WIKI-MD-SKILL-MARKDOWN-WIKI,wiki/markdown/md-skill-markdown-wiki.md,wiki_markdown,generated_metadata_note,generated_noncanonical,humans_and_agents,aabde8409bb1ee5f9acf707775b4461386c9657992f438bebebfa6f3711164ea,MD-SKILL-MARKDOWN-WIKI,MD-SKILL-MARKDOWN-WIKI,,markdown-wiki,PASS,2026-06-10T02:34:32Z,Generated metadata note; not canonical authority.,MD-SKILL-MARKDOWN-WIKI,.codex/skills/markdown-wiki/SKILL.md,9e407dca9b4657c18b9edd38be0181f5bf6c98336a763c74172c74439076683c,aabde8409bb1ee5f9acf707775b4461386c9657992f438bebebfa6f3711164ea,markdown,2026-06-10T02:34:32Z
WIKI-MD-SKILL-OBSIDIAN-WIKI,wiki/markdown/md-skill-obsidian-wiki.md,wiki_markdown,generated_metadata_note,generated_noncanonical,humans_and_agents,d803e30af80eb5a6bc5bd02828ec3e9df17d6590457245b0b84a67f2adbeb491,MD-SKILL-OBSIDIAN-WIKI,MD-SKILL-OBSIDIAN-WIKI,,markdown-wiki,PASS,2026-06-18T15:47:47Z,Generated metadata note; not canonical authority.,MD-SKILL-OBSIDIAN-WIKI,.codex/skills/obsidian-wiki/SKILL.md,69417f268d37571144ce2203783cfb569e8b2ae7e71126752ce0735c2305d2e9,d803e30af80eb5a6bc5bd02828ec3e9df17d6590457245b0b84a67f2adbeb491,markdown,2026-06-18T15:47:47Z
WIKI-MD-SKILL-ONTOLOGY-PROMOTION,wiki/markdown/md-skill-ontology-promotion.md,wiki_markdown,generated_metadata_note,generated_noncanonical,humans_and_agents,3efdf80a70c512fb5a7fc73201ceb6644cd7725d40de9f579b433b01931680cd,MD-SKILL-ONTOLOGY-PROMOTION,MD-SKILL-ONTOLOGY-PROMOTION,,markdown-wiki,PASS,2026-06-10T02:34:32Z,Generated metadata note; not canonical authority.,MD-SKILL-ONTOLOGY-PROMOTION,.codex/skills/ontology-promotion/SKILL.md,e9d7455fba3553e6e27b971a2602dbfed287528e200dd733ea9eb8e0a9882e73,3efdf80a70c512fb5a7fc73201ceb6644cd7725d40de9f579b433b01931680cd,markdown,2026-06-10T02:34:32Z
WIKI-MD-SKILL-PDF-DERIVATIVE-BUILD,wiki/markdown/md-skill-pdf-derivative-build.md,wiki_markdown,generated_metadata_note,generated_noncanonical,humans_and_agents,42df7d833a8ba2381c6bf23d2b863229121ecd359a2d35fe2ddedfff53cb9e45,MD-SKILL-PDF-DERIVATIVE-BUILD,MD-SKILL-PDF-DERIVATIVE-BUILD,,markdown-wiki,PASS,2026-06-10T02:34:32Z,Generated metadata note; not canonical authority.,MD-SKILL-PDF-DERIVATIVE-BUILD,.codex/skills/pdf-derivative-build/SKILL.md,983bc0fe63bed2c3f15d62e8c25d56397d6dd322a8d0c5406817aca7b14bb2d4,42df7d833a8ba2381c6bf23d2b863229121ecd359a2d35fe2ddedfff53cb9e45,markdown,2026-06-10T02:34:32Z
WIKI-MD-SKILL-PROJECT-MEMORY-SYSTEM,wiki/markdown/md-skill-project-memory-system.md,wiki_markdown,generated_metadata_note,generated_noncanonical,humans_and_agents,533a9a14a489bcf33334d3a8e4d30f648e3ef40f131fecd14dddb8efa09a51e6,MD-SKILL-PROJECT-MEMORY-SYSTEM,MD-SKILL-PROJECT-MEMORY-SYSTEM,,markdown-wiki,PASS,2026-06-18T21:25:40Z,Generated metadata note; not canonical authority.,MD-SKILL-PROJECT-MEMORY-SYSTEM,.codex/skills/project-memory-system/SKILL.md,b19407e6193123fb5a3274425b59d49eca5f91af25211eff4972991c2814583e,533a9a14a489bcf33334d3a8e4d30f648e3ef40f131fecd14dddb8efa09a51e6,markdown,2026-06-18T21:25:40Z
WIKI-MD-SKILL-TEX-WIKI,wiki/markdown/md-skill-tex-wiki.md,wiki_markdown,generated_metadata_note,generated_noncanonical,humans_and_agents,152c596733b7b55a3df3e217d0fa3ddb19c45a3b749052b10d91f6ac941289a8,MD-SKILL-TEX-WIKI,MD-SKILL-TEX-WIKI,,markdown-wiki,PASS,2026-06-10T02:34:32Z,Generated metadata note; not canonical authority.,MD-SKILL-TEX-WIKI,.codex/skills/tex-wiki/SKILL.md,00070187a46d9dfdd617746603e21fcff2e20484d6be327b13d37ec6fb52ccda,152c596733b7b55a3df3e217d0fa3ddb19c45a3b749052b10d91f6ac941289a8,markdown,2026-06-10T02:34:32Z
WIKI-MD-SKILL-USER-MODIFIED-PROJECT,wiki/markdown/md-skill-user-modified-project.md,wiki_markdown,generated_metadata_note,generated_noncanonical,humans_and_agents,fba602d96ed2ebaed236f701e3e3546d04ec932e031e4c51ba685d0bcefb1f14,MD-SKILL-USER-MODIFIED-PROJECT,MD-SKILL-USER-MODIFIED-PROJECT,,markdown-wiki,PASS,2026-06-13T17:41:34Z,Generated metadata note; not canonical authority.,MD-SKILL-USER-MODIFIED-PROJECT,.codex/skills/user-modified-project/SKILL.md,a6f53b016f2fc09f5259c51b555dca1798f6ea6a36831a3693609e97971e100a,fba602d96ed2ebaed236f701e3e3546d04ec932e031e4c51ba685d0bcefb1f14,markdown,2026-06-13T17:41:34Z
WIKI-MD-SKILL-VISUAL-EXPLAINER,wiki/markdown/md-skill-visual-explainer.md,wiki_markdown,generated_metadata_note,generated_noncanonical,humans_and_agents,8a9661ad15b368fbb478c1c9b5aa7e31d3a8e8bd705e19029aadfdc409ab37e6,MD-SKILL-VISUAL-EXPLAINER,MD-SKILL-VISUAL-EXPLAINER,,markdown-wiki,PASS,2026-06-18T18:14:07Z,Generated metadata note; not canonical authority.,MD-SKILL-VISUAL-EXPLAINER,.codex/skills/visual-explainer/SKILL.md,0e85d10bac7f37a1d658c0db8eaf8c8f4f085f92d58ffa4c7bed878096566bd1,8a9661ad15b368fbb478c1c9b5aa7e31d3a8e8bd705e19029aadfdc409ab37e6,markdown,2026-06-18T18:14:07Z
WIKI-MD-SKILL-VISUAL-EXPLAINER-SUBSKILL-MERMAID-DOCUMENTATION,wiki/markdown/md-skill-visual-explainer-subskill-mermaid-documentation.md,wiki_markdown,generated_metadata_note,generated_noncanonical,humans_and_agents,4cf6c4d91c7e99058255709784ec0a93f081eb677c1f926a4deaf1636ec9e9c4,MD-SKILL-VISUAL-EXPLAINER-SUBSKILL-MERMAID-DOCUMENTATION,MD-SKILL-VISUAL-EXPLAINER-SUBSKILL-MERMAID-DOCUMENTATION,,markdown-wiki,PASS,2026-06-11T22:51:09Z,Generated metadata note; not canonical authority.,MD-SKILL-VISUAL-EXPLAINER-SUBSKILL-MERMAID-DOCUMENTATION,.codex/skills/visual-explainer/subskills/mermaid-documentation/SKILL.md,1df4982a8bd5c82ec24a8c347b5d5796c5c1c49764142b3853e28b84bebd1da9,4cf6c4d91c7e99058255709784ec0a93f081eb677c1f926a4deaf1636ec9e9c4,markdown,2026-06-11T22:51:09Z
WIKI-MD-SOURCE-AUTHORITY-PUBLICATION-BRIEF,wiki/markdown/md-source-authority-publication-brief.md,wiki_markdown,generated_metadata_note,generated_noncanonical,humans_and_agents,847e241cd9c2e84d2c0faf797a6d0922cd6943aede1d307f8c03affaf4fc7f70,MD-SOURCE-AUTHORITY-PUBLICATION-BRIEF,MD-SOURCE-AUTHORITY-PUBLICATION-BRIEF,,markdown-wiki,PASS,2026-06-18T18:25:03Z,Generated metadata note; not canonical authority.,MD-SOURCE-AUTHORITY-PUBLICATION-BRIEF,markdown/publication-briefs/source-authority.publication-brief.md,1c674af1039b75e5b427c44e882c9e26f48534faade40f26c81d17834fa9cc8a,847e241cd9c2e84d2c0faf797a6d0922cd6943aede1d307f8c03affaf4fc7f70,markdown,2026-06-18T18:25:03Z
WIKI-PDF-LEGACY-ONTOLOGY-AETHER-FLOW-CONSISTENCY,wiki/pdf/pdf-legacy-ontology-aether-flow-consistency.md,wiki_markdown,generated_metadata_note,generated_noncanonical,humans_and_agents,8604213e87a2157e849f2c549763be4b665979bf855cb308c3968bb3ed68321d,PDF-LEGACY-ONTOLOGY-AETHER-FLOW-CONSISTENCY,PDF-LEGACY-ONTOLOGY-AETHER-FLOW-CONSISTENCY,,markdown-wiki,PASS,2026-06-18T03:52:34Z,Generated metadata note; not canonical authority.,PDF-LEGACY-ONTOLOGY-AETHER-FLOW-CONSISTENCY,legacy_ontology/pdfs/aether_flow_consistency.pdf,2ae5b31098d75fe6eb889452d9e5bd198a759c474c816dfb2550713732c94209,8604213e87a2157e849f2c549763be4b665979bf855cb308c3968bb3ed68321d,pdf,2026-06-18T03:52:34Z
WIKI-PDF-LEGACY-ONTOLOGY-AETHER-FLOW-DYNAMICS,wiki/pdf/pdf-legacy-ontology-aether-flow-dynamics.md,wiki_markdown,generated_metadata_note,generated_noncanonical,humans_and_agents,62da496c11297a59fbce7df7ca243fd790859fc20accac3a2d16baf27960916d,PDF-LEGACY-ONTOLOGY-AETHER-FLOW-DYNAMICS,PDF-LEGACY-ONTOLOGY-AETHER-FLOW-DYNAMICS,,markdown-wiki,PASS,2026-06-18T03:52:34Z,Generated metadata note; not canonical authority.,PDF-LEGACY-ONTOLOGY-AETHER-FLOW-DYNAMICS,legacy_ontology/pdfs/aether_flow_dynamics.pdf,8e398858b81055855b3da2b23fadd145a7894db127fffbdd02bbabb00a809e54,62da496c11297a59fbce7df7ca243fd790859fc20accac3a2d16baf27960916d,pdf,2026-06-18T03:52:34Z
WIKI-PDF-LEGACY-ONTOLOGY-AETHER-FLOW-EXACT-CLOSURE-FLAGSHIP-ARTICLE,wiki/pdf/pdf-legacy-ontology-aether-flow-exact-closure-flagship-article.md,wiki_markdown,generated_metadata_note,generated_noncanonical,humans_and_agents,0c12229db98b7e7ac26ab5fd9331e5fb55f8b6b8c884175f4724753607a32cb4,PDF-LEGACY-ONTOLOGY-AETHER-FLOW-EXACT-CLOSURE-FLAGSHIP-ARTICLE,PDF-LEGACY-ONTOLOGY-AETHER-FLOW-EXACT-CLOSURE-FLAGSHIP-ARTICLE,,markdown-wiki,PASS,2026-06-18T03:52:34Z,Generated metadata note; not canonical authority.,PDF-LEGACY-ONTOLOGY-AETHER-FLOW-EXACT-CLOSURE-FLAGSHIP-ARTICLE,legacy_ontology/pdfs/aether_flow_exact_closure_flagship_article.pdf,cf892f9c139a133fab6afb46e277936a4b0716d19684b8d6cb30f782b5ac0c3a,0c12229db98b7e7ac26ab5fd9331e5fb55f8b6b8c884175f4724753607a32cb4,pdf,2026-06-18T03:52:34Z
WIKI-PDF-LEGACY-ONTOLOGY-AETHER-FLOW-EXACT-CLOSURE-NOTE,wiki/pdf/pdf-legacy-ontology-aether-flow-exact-closure-note.md,wiki_markdown,generated_metadata_note,generated_noncanonical,humans_and_agents,55846813a124951fc4d6278346367a9be475c9541a492b86a685671d4517654a,PDF-LEGACY-ONTOLOGY-AETHER-FLOW-EXACT-CLOSURE-NOTE,PDF-LEGACY-ONTOLOGY-AETHER-FLOW-EXACT-CLOSURE-NOTE,,markdown-wiki,PASS,2026-06-18T03:52:34Z,Generated metadata note; not canonical authority.,PDF-LEGACY-ONTOLOGY-AETHER-FLOW-EXACT-CLOSURE-NOTE,legacy_ontology/pdfs/aether_flow_exact_closure_note.pdf,1e35f468e7c8982ce808e7acca02637777705c6c877ed3d2dde6cf499b08b044,55846813a124951fc4d6278346367a9be475c9541a492b86a685671d4517654a,pdf,2026-06-18T03:52:34Z
WIKI-PDF-LEGACY-ONTOLOGY-AETHER-FLOW-EXACT-CLOSURE-SEQUENCE-OVERVIEW,wiki/pdf/pdf-legacy-ontology-aether-flow-exact-closure-sequence-overview.md,wiki_markdown,generated_metadata_note,generated_noncanonical,humans_and_agents,c5c86d58caabeef38878889ebac19d2ebb9f6f8843ee12e742c7f1f4f14a59f4,PDF-LEGACY-ONTOLOGY-AETHER-FLOW-EXACT-CLOSURE-SEQUENCE-OVERVIEW,PDF-LEGACY-ONTOLOGY-AETHER-FLOW-EXACT-CLOSURE-SEQUENCE-OVERVIEW,,markdown-wiki,PASS,2026-06-18T03:52:34Z,Generated metadata note; not canonical authority.,PDF-LEGACY-ONTOLOGY-AETHER-FLOW-EXACT-CLOSURE-SEQUENCE-OVERVIEW,legacy_ontology/pdfs/aether_flow_exact_closure_sequence_overview.pdf,6d5686b3a6ba35787b870fdd6645571ff662b27fd83e24886e16340083b9ffe5,c5c86d58caabeef38878889ebac19d2ebb9f6f8843ee12e742c7f1f4f14a59f4,pdf,2026-06-18T03:52:34Z
WIKI-PDF-LEGACY-ONTOLOGY-AETHER-FLOW-FOUNDATIONS,wiki/pdf/pdf-legacy-ontology-aether-flow-foundations.md,wiki_markdown,generated_metadata_note,generated_noncanonical,humans_and_agents,e079d3a67370e9793b211dc5034677177b44a8d43196953b4637d7142870fe16,PDF-LEGACY-ONTOLOGY-AETHER-FLOW-FOUNDATIONS,PDF-LEGACY-ONTOLOGY-AETHER-FLOW-FOUNDATIONS,,markdown-wiki,PASS,2026-06-18T03:52:34Z,Generated metadata note; not canonical authority.,PDF-LEGACY-ONTOLOGY-AETHER-FLOW-FOUNDATIONS,legacy_ontology/pdfs/aether_flow_foundations.pdf,2aee525d1493734c1ea63ff6caf5acb3693bc5c7d26d3a90623930ee72b25ba8,e079d3a67370e9793b211dc5034677177b44a8d43196953b4637d7142870fe16,pdf,2026-06-18T03:52:34Z
WIKI-PDF-LEGACY-ONTOLOGY-AETHER-FLOW-GEOMETRY,wiki/pdf/pdf-legacy-ontology-aether-flow-geometry.md,wiki_markdown,generated_metadata_note,generated_noncanonical,humans_and_agents,f455653bf44d26f89f8975f7b81398d1ea2e017c1d0643a2e76014fb063634f0,PDF-LEGACY-ONTOLOGY-AETHER-FLOW-GEOMETRY,PDF-LEGACY-ONTOLOGY-AETHER-FLOW-GEOMETRY,,markdown-wiki,PASS,2026-06-18T03:52:34Z,Generated metadata note; not canonical authority.,PDF-LEGACY-ONTOLOGY-AETHER-FLOW-GEOMETRY,legacy_ontology/pdfs/aether_flow_geometry.pdf,fe782bc8d7b3144ef5842330052abd79cb3b1e402ed4f78b860b9db2530d8859,f455653bf44d26f89f8975f7b81398d1ea2e017c1d0643a2e76014fb063634f0,pdf,2026-06-18T03:52:34Z
WIKI-PDF-LEGACY-ONTOLOGY-AETHER-FLOW-RELATIVISTIC-RECOVERY,wiki/pdf/pdf-legacy-ontology-aether-flow-relativistic-recovery.md,wiki_markdown,generated_metadata_note,generated_noncanonical,humans_and_agents,d160d34d6ed924c291834c95b0592668059021257eccded6887ef6167f80fa6b,PDF-LEGACY-ONTOLOGY-AETHER-FLOW-RELATIVISTIC-RECOVERY,PDF-LEGACY-ONTOLOGY-AETHER-FLOW-RELATIVISTIC-RECOVERY,,markdown-wiki,PASS,2026-06-18T03:52:34Z,Generated metadata note; not canonical authority.,PDF-LEGACY-ONTOLOGY-AETHER-FLOW-RELATIVISTIC-RECOVERY,legacy_ontology/pdfs/aether_flow_relativistic_recovery.pdf,d8beb9c07ced4df5f5146af4b32c6feb759ef8abe96419e713fa3afb860aef88,d160d34d6ed924c291834c95b0592668059021257eccded6887ef6167f80fa6b,pdf,2026-06-18T03:52:34Z
WIKI-PDF-ONTOLOGY-AETHER-FLOW-CONSISTENCY,wiki/pdf/pdf-ontology-aether-flow-consistency.md,wiki_markdown,generated_metadata_note,generated_noncanonical,humans_and_agents,90eb526fcd15671902ed97b6ca569fa0dbe22d3ec0788cac2c89a2397458b868,PDF-ONTOLOGY-AETHER-FLOW-CONSISTENCY,PDF-ONTOLOGY-AETHER-FLOW-CONSISTENCY,,markdown-wiki,PASS,2026-06-08T01:04:12Z,Generated metadata note; not canonical authority.,PDF-ONTOLOGY-AETHER-FLOW-CONSISTENCY,ontology/pdfs/aether_flow_consistency.pdf,2ae5b31098d75fe6eb889452d9e5bd198a759c474c816dfb2550713732c94209,90eb526fcd15671902ed97b6ca569fa0dbe22d3ec0788cac2c89a2397458b868,pdf,2026-06-08T01:04:12Z
WIKI-PDF-ONTOLOGY-AETHER-FLOW-DYNAMICS,wiki/pdf/pdf-ontology-aether-flow-dynamics.md,wiki_markdown,generated_metadata_note,generated_noncanonical,humans_and_agents,2e97d582f1db8242546f301eb954df0cbda881c733bc45506783c9f247180610,PDF-ONTOLOGY-AETHER-FLOW-DYNAMICS,PDF-ONTOLOGY-AETHER-FLOW-DYNAMICS,,markdown-wiki,PASS,2026-06-08T01:04:12Z,Generated metadata note; not canonical authority.,PDF-ONTOLOGY-AETHER-FLOW-DYNAMICS,ontology/pdfs/aether_flow_dynamics.pdf,8e398858b81055855b3da2b23fadd145a7894db127fffbdd02bbabb00a809e54,2e97d582f1db8242546f301eb954df0cbda881c733bc45506783c9f247180610,pdf,2026-06-08T01:04:12Z
WIKI-PDF-ONTOLOGY-AETHER-FLOW-EXACT-CLOSURE-FLAGSHIP-ARTICLE,wiki/pdf/pdf-ontology-aether-flow-exact-closure-flagship-article.md,wiki_markdown,generated_metadata_note,generated_noncanonical,humans_and_agents,9f24d8f6a9dbb43c3400c3f7cdc69d20acd9f6ef8a6b5ea3ca29557f07f19308,PDF-ONTOLOGY-AETHER-FLOW-EXACT-CLOSURE-FLAGSHIP-ARTICLE,PDF-ONTOLOGY-AETHER-FLOW-EXACT-CLOSURE-FLAGSHIP-ARTICLE,,markdown-wiki,PASS,2026-06-08T01:04:12Z,Generated metadata note; not canonical authority.,PDF-ONTOLOGY-AETHER-FLOW-EXACT-CLOSURE-FLAGSHIP-ARTICLE,ontology/pdfs/aether_flow_exact_closure_flagship_article.pdf,cf892f9c139a133fab6afb46e277936a4b0716d19684b8d6cb30f782b5ac0c3a,9f24d8f6a9dbb43c3400c3f7cdc69d20acd9f6ef8a6b5ea3ca29557f07f19308,pdf,2026-06-08T01:04:12Z
WIKI-PDF-ONTOLOGY-AETHER-FLOW-EXACT-CLOSURE-NOTE,wiki/pdf/pdf-ontology-aether-flow-exact-closure-note.md,wiki_markdown,generated_metadata_note,generated_noncanonical,humans_and_agents,7959b3e8df48a978cc1e0130ed507d6530d0849c81720267783c4e4e61a6bd7a,PDF-ONTOLOGY-AETHER-FLOW-EXACT-CLOSURE-NOTE,PDF-ONTOLOGY-AETHER-FLOW-EXACT-CLOSURE-NOTE,,markdown-wiki,PASS,2026-06-08T01:04:12Z,Generated metadata note; not canonical authority.,PDF-ONTOLOGY-AETHER-FLOW-EXACT-CLOSURE-NOTE,ontology/pdfs/aether_flow_exact_closure_note.pdf,1e35f468e7c8982ce808e7acca02637777705c6c877ed3d2dde6cf499b08b044,7959b3e8df48a978cc1e0130ed507d6530d0849c81720267783c4e4e61a6bd7a,pdf,2026-06-08T01:04:12Z
WIKI-PDF-ONTOLOGY-AETHER-FLOW-EXACT-CLOSURE-SEQUENCE-OVERVIEW,wiki/pdf/pdf-ontology-aether-flow-exact-closure-sequence-overview.md,wiki_markdown,generated_metadata_note,generated_noncanonical,humans_and_agents,8f318b4ff7d8a34131e047ce15e37ae3535b7c283b75c021b0140983209adcd1,PDF-ONTOLOGY-AETHER-FLOW-EXACT-CLOSURE-SEQUENCE-OVERVIEW,PDF-ONTOLOGY-AETHER-FLOW-EXACT-CLOSURE-SEQUENCE-OVERVIEW,,markdown-wiki,PASS,2026-06-08T01:04:12Z,Generated metadata note; not canonical authority.,PDF-ONTOLOGY-AETHER-FLOW-EXACT-CLOSURE-SEQUENCE-OVERVIEW,ontology/pdfs/aether_flow_exact_closure_sequence_overview.pdf,6d5686b3a6ba35787b870fdd6645571ff662b27fd83e24886e16340083b9ffe5,8f318b4ff7d8a34131e047ce15e37ae3535b7c283b75c021b0140983209adcd1,pdf,2026-06-08T01:04:12Z
WIKI-PDF-ONTOLOGY-AETHER-FLOW-FOUNDATIONS,wiki/pdf/pdf-ontology-aether-flow-foundations.md,wiki_markdown,generated_metadata_note,generated_noncanonical,humans_and_agents,1275b25b42be81c98366202b437da45e659134272bea86a3e95475b6cbbd5b70,PDF-ONTOLOGY-AETHER-FLOW-FOUNDATIONS,PDF-ONTOLOGY-AETHER-FLOW-FOUNDATIONS,,markdown-wiki,PASS,2026-06-08T01:04:12Z,Generated metadata note; not canonical authority.,PDF-ONTOLOGY-AETHER-FLOW-FOUNDATIONS,ontology/pdfs/aether_flow_foundations.pdf,2aee525d1493734c1ea63ff6caf5acb3693bc5c7d26d3a90623930ee72b25ba8,1275b25b42be81c98366202b437da45e659134272bea86a3e95475b6cbbd5b70,pdf,2026-06-08T01:04:12Z
WIKI-PDF-ONTOLOGY-AETHER-FLOW-GEOMETRY,wiki/pdf/pdf-ontology-aether-flow-geometry.md,wiki_markdown,generated_metadata_note,generated_noncanonical,humans_and_agents,a28753a495ea7fce088a213f3229ed0b9f18b42d1d1e46c58e5c509df374146f,PDF-ONTOLOGY-AETHER-FLOW-GEOMETRY,PDF-ONTOLOGY-AETHER-FLOW-GEOMETRY,,markdown-wiki,PASS,2026-06-08T01:04:12Z,Generated metadata note; not canonical authority.,PDF-ONTOLOGY-AETHER-FLOW-GEOMETRY,ontology/pdfs/aether_flow_geometry.pdf,fe782bc8d7b3144ef5842330052abd79cb3b1e402ed4f78b860b9db2530d8859,a28753a495ea7fce088a213f3229ed0b9f18b42d1d1e46c58e5c509df374146f,pdf,2026-06-08T01:04:12Z
WIKI-PDF-ONTOLOGY-AETHER-FLOW-RELATIVISTIC-RECOVERY,wiki/pdf/pdf-ontology-aether-flow-relativistic-recovery.md,wiki_markdown,generated_metadata_note,generated_noncanonical,humans_and_agents,5fcbf2acf59906dd8621f264d501f90b5d8cfbf5cceaeed78acee3640f9da1e0,PDF-ONTOLOGY-AETHER-FLOW-RELATIVISTIC-RECOVERY,PDF-ONTOLOGY-AETHER-FLOW-RELATIVISTIC-RECOVERY,,markdown-wiki,PASS,2026-06-08T01:04:12Z,Generated metadata note; not canonical authority.,PDF-ONTOLOGY-AETHER-FLOW-RELATIVISTIC-RECOVERY,ontology/pdfs/aether_flow_relativistic_recovery.pdf,d8beb9c07ced4df5f5146af4b32c6feb759ef8abe96419e713fa3afb860aef88,5fcbf2acf59906dd8621f264d501f90b5d8cfbf5cceaeed78acee3640f9da1e0,pdf,2026-06-08T01:04:12Z
WIKI-TEX-LEGACY-ONTOLOGY-AETHER-FLOW-CONSISTENCY,wiki/tex/tex-legacy-ontology-aether-flow-consistency.md,wiki_markdown,generated_metadata_note,generated_noncanonical,humans_and_agents,68e320038115a99daa0aefe1e1e45718fdfabe51ded7a0f1f7aa1beaab8e0200,TEX-LEGACY-ONTOLOGY-AETHER-FLOW-CONSISTENCY,TEX-LEGACY-ONTOLOGY-AETHER-FLOW-CONSISTENCY,,markdown-wiki,PASS,2026-06-18T03:52:34Z,Generated metadata note; not canonical authority.,TEX-LEGACY-ONTOLOGY-AETHER-FLOW-CONSISTENCY,legacy_ontology/tex/aether_flow_consistency.tex,e751e7f4c4867d5e3d697e3a21e34367da1dbeacc32b6b3a32658d5df1a991e8,68e320038115a99daa0aefe1e1e45718fdfabe51ded7a0f1f7aa1beaab8e0200,tex,2026-06-18T03:52:34Z
WIKI-TEX-LEGACY-ONTOLOGY-AETHER-FLOW-DYNAMICS,wiki/tex/tex-legacy-ontology-aether-flow-dynamics.md,wiki_markdown,generated_metadata_note,generated_noncanonical,humans_and_agents,ce136efec91e5c4c024ba0bc897a5a28839b52e45cf52e2816a58712e2551b10,TEX-LEGACY-ONTOLOGY-AETHER-FLOW-DYNAMICS,TEX-LEGACY-ONTOLOGY-AETHER-FLOW-DYNAMICS,,markdown-wiki,PASS,2026-06-18T03:52:34Z,Generated metadata note; not canonical authority.,TEX-LEGACY-ONTOLOGY-AETHER-FLOW-DYNAMICS,legacy_ontology/tex/aether_flow_dynamics.tex,66cbb5c56694abcaff2e3679bc8f5899076acc5b4a1b9bbb4a55871f7a0ad0f4,ce136efec91e5c4c024ba0bc897a5a28839b52e45cf52e2816a58712e2551b10,tex,2026-06-18T03:52:34Z
WIKI-TEX-LEGACY-ONTOLOGY-AETHER-FLOW-EXACT-CLOSURE-FLAGSHIP-ARTICLE,wiki/tex/tex-legacy-ontology-aether-flow-exact-closure-flagship-article.md,wiki_markdown,generated_metadata_note,generated_noncanonical,humans_and_agents,35b91df38c9716dde957e142f2749c79ba927cbe44311b8d88fac981bbe9dd00,TEX-LEGACY-ONTOLOGY-AETHER-FLOW-EXACT-CLOSURE-FLAGSHIP-ARTICLE,TEX-LEGACY-ONTOLOGY-AETHER-FLOW-EXACT-CLOSURE-FLAGSHIP-ARTICLE,,markdown-wiki,PASS,2026-06-18T03:52:34Z,Generated metadata note; not canonical authority.,TEX-LEGACY-ONTOLOGY-AETHER-FLOW-EXACT-CLOSURE-FLAGSHIP-ARTICLE,legacy_ontology/tex/aether_flow_exact_closure_flagship_article.tex,ec4ea642009a242e8d030d7d59a174d20a82f6f693a6144cd1cc95ad778543ef,35b91df38c9716dde957e142f2749c79ba927cbe44311b8d88fac981bbe9dd00,tex,2026-06-18T03:52:34Z
WIKI-TEX-LEGACY-ONTOLOGY-AETHER-FLOW-EXACT-CLOSURE-NOTE,wiki/tex/tex-legacy-ontology-aether-flow-exact-closure-note.md,wiki_markdown,generated_metadata_note,generated_noncanonical,humans_and_agents,98d0df4994a9fa9145812939652f84f5132118f2f6af08822e20bc4701ed6418,TEX-LEGACY-ONTOLOGY-AETHER-FLOW-EXACT-CLOSURE-NOTE,TEX-LEGACY-ONTOLOGY-AETHER-FLOW-EXACT-CLOSURE-NOTE,,markdown-wiki,PASS,2026-06-18T03:52:34Z,Generated metadata note; not canonical authority.,TEX-LEGACY-ONTOLOGY-AETHER-FLOW-EXACT-CLOSURE-NOTE,legacy_ontology/tex/aether_flow_exact_closure_note.tex,0d954fa44d238b6f14d04f82873b4e117925e5920e87c408525dc451a2662100,98d0df4994a9fa9145812939652f84f5132118f2f6af08822e20bc4701ed6418,tex,2026-06-18T03:52:34Z
WIKI-TEX-LEGACY-ONTOLOGY-AETHER-FLOW-EXACT-CLOSURE-SEQUENCE-OVERVIEW,wiki/tex/tex-legacy-ontology-aether-flow-exact-closure-sequence-overview.md,wiki_markdown,generated_metadata_note,generated_noncanonical,humans_and_agents,cdd5568510ac4285c9cfd3f0d025c73b20155aa6367b980cab226e4216633ff6,TEX-LEGACY-ONTOLOGY-AETHER-FLOW-EXACT-CLOSURE-SEQUENCE-OVERVIEW,TEX-LEGACY-ONTOLOGY-AETHER-FLOW-EXACT-CLOSURE-SEQUENCE-OVERVIEW,,markdown-wiki,PASS,2026-06-18T03:52:34Z,Generated metadata note; not canonical authority.,TEX-LEGACY-ONTOLOGY-AETHER-FLOW-EXACT-CLOSURE-SEQUENCE-OVERVIEW,legacy_ontology/tex/aether_flow_exact_closure_sequence_overview.tex,5cdb51f8d16d53c3a64d7e0c6e2c140fde2020e33d90177e50b2f98b8ba71fbf,cdd5568510ac4285c9cfd3f0d025c73b20155aa6367b980cab226e4216633ff6,tex,2026-06-18T03:52:34Z
WIKI-TEX-LEGACY-ONTOLOGY-AETHER-FLOW-FOUNDATIONS,wiki/tex/tex-legacy-ontology-aether-flow-foundations.md,wiki_markdown,generated_metadata_note,generated_noncanonical,humans_and_agents,c7e0fcda6fdf21fd16fd21c4d1ff27244707ad3809a507061e21f95412b91132,TEX-LEGACY-ONTOLOGY-AETHER-FLOW-FOUNDATIONS,TEX-LEGACY-ONTOLOGY-AETHER-FLOW-FOUNDATIONS,,markdown-wiki,PASS,2026-06-18T03:52:34Z,Generated metadata note; not canonical authority.,TEX-LEGACY-ONTOLOGY-AETHER-FLOW-FOUNDATIONS,legacy_ontology/tex/aether_flow_foundations.tex,c754ac32f4db4e3cd1a4cac5b15048b24c3d9965819c843857c6851e3242fb00,c7e0fcda6fdf21fd16fd21c4d1ff27244707ad3809a507061e21f95412b91132,tex,2026-06-18T03:52:34Z
WIKI-TEX-LEGACY-ONTOLOGY-AETHER-FLOW-GEOMETRY,wiki/tex/tex-legacy-ontology-aether-flow-geometry.md,wiki_markdown,generated_metadata_note,generated_noncanonical,humans_and_agents,1eed4583444136b1bde9389c9e924b380cf2ca9c5eb394507b4db1243e89b054,TEX-LEGACY-ONTOLOGY-AETHER-FLOW-GEOMETRY,TEX-LEGACY-ONTOLOGY-AETHER-FLOW-GEOMETRY,,markdown-wiki,PASS,2026-06-18T03:52:34Z,Generated metadata note; not canonical authority.,TEX-LEGACY-ONTOLOGY-AETHER-FLOW-GEOMETRY,legacy_ontology/tex/aether_flow_geometry.tex,839074e6fefa9ef4e7ea5635118d808593dfcd5f58c778285293c8194624ba10,1eed4583444136b1bde9389c9e924b380cf2ca9c5eb394507b4db1243e89b054,tex,2026-06-18T03:52:34Z
WIKI-TEX-LEGACY-ONTOLOGY-AETHER-FLOW-RELATIVISTIC-RECOVERY,wiki/tex/tex-legacy-ontology-aether-flow-relativistic-recovery.md,wiki_markdown,generated_metadata_note,generated_noncanonical,humans_and_agents,39a4d85f05686b674b62387c56a0bc5439a305f7733d27a703d4c8ea311ee535,TEX-LEGACY-ONTOLOGY-AETHER-FLOW-RELATIVISTIC-RECOVERY,TEX-LEGACY-ONTOLOGY-AETHER-FLOW-RELATIVISTIC-RECOVERY,,markdown-wiki,PASS,2026-06-18T03:52:34Z,Generated metadata note; not canonical authority.,TEX-LEGACY-ONTOLOGY-AETHER-FLOW-RELATIVISTIC-RECOVERY,legacy_ontology/tex/aether_flow_relativistic_recovery.tex,1cc7d93547083adcf3d5fd80ec927c7c0e0288f9e42a3959f814532d32e6038f,39a4d85f05686b674b62387c56a0bc5439a305f7733d27a703d4c8ea311ee535,tex,2026-06-18T03:52:34Z
WIKI-TEX-ONTOLOGY-AETHER-FLOW-CONSISTENCY,wiki/tex/tex-ontology-aether-flow-consistency.md,wiki_markdown,generated_metadata_note,generated_noncanonical,humans_and_agents,8c719f7c2341d49823074fc1381f1c827e259251037e968bdcd547441c9109cf,TEX-ONTOLOGY-AETHER-FLOW-CONSISTENCY,TEX-ONTOLOGY-AETHER-FLOW-CONSISTENCY,,markdown-wiki,PASS,2026-06-08T00:53:31Z,Generated metadata note; not canonical authority.,TEX-ONTOLOGY-AETHER-FLOW-CONSISTENCY,ontology/tex/aether_flow_consistency.tex,e751e7f4c4867d5e3d697e3a21e34367da1dbeacc32b6b3a32658d5df1a991e8,8c719f7c2341d49823074fc1381f1c827e259251037e968bdcd547441c9109cf,tex,2026-06-08T00:53:31Z
WIKI-TEX-ONTOLOGY-AETHER-FLOW-DYNAMICS,wiki/tex/tex-ontology-aether-flow-dynamics.md,wiki_markdown,generated_metadata_note,generated_noncanonical,humans_and_agents,052ec73613a67688ba0bdbdee363e6b2386eba5ec54d8a589e66f8df17a76a91,TEX-ONTOLOGY-AETHER-FLOW-DYNAMICS,TEX-ONTOLOGY-AETHER-FLOW-DYNAMICS,,markdown-wiki,PASS,2026-06-08T00:53:31Z,Generated metadata note; not canonical authority.,TEX-ONTOLOGY-AETHER-FLOW-DYNAMICS,ontology/tex/aether_flow_dynamics.tex,66cbb5c56694abcaff2e3679bc8f5899076acc5b4a1b9bbb4a55871f7a0ad0f4,052ec73613a67688ba0bdbdee363e6b2386eba5ec54d8a589e66f8df17a76a91,tex,2026-06-08T00:53:31Z
WIKI-TEX-ONTOLOGY-AETHER-FLOW-EXACT-CLOSURE-FLAGSHIP-ARTICLE,wiki/tex/tex-ontology-aether-flow-exact-closure-flagship-article.md,wiki_markdown,generated_metadata_note,generated_noncanonical,humans_and_agents,d2fed7c5f7841753310d449e4e99e211da4a3f9e1eb637492a0c17f1d4b70ee5,TEX-ONTOLOGY-AETHER-FLOW-EXACT-CLOSURE-FLAGSHIP-ARTICLE,TEX-ONTOLOGY-AETHER-FLOW-EXACT-CLOSURE-FLAGSHIP-ARTICLE,,markdown-wiki,PASS,2026-06-08T00:53:31Z,Generated metadata note; not canonical authority.,TEX-ONTOLOGY-AETHER-FLOW-EXACT-CLOSURE-FLAGSHIP-ARTICLE,ontology/tex/aether_flow_exact_closure_flagship_article.tex,ec4ea642009a242e8d030d7d59a174d20a82f6f693a6144cd1cc95ad778543ef,d2fed7c5f7841753310d449e4e99e211da4a3f9e1eb637492a0c17f1d4b70ee5,tex,2026-06-08T00:53:31Z
WIKI-TEX-ONTOLOGY-AETHER-FLOW-EXACT-CLOSURE-NOTE,wiki/tex/tex-ontology-aether-flow-exact-closure-note.md,wiki_markdown,generated_metadata_note,generated_noncanonical,humans_and_agents,33911685bbece1a159f78aecb64b18e4f8674bad6fc7496ac6be71ce259be8f8,TEX-ONTOLOGY-AETHER-FLOW-EXACT-CLOSURE-NOTE,TEX-ONTOLOGY-AETHER-FLOW-EXACT-CLOSURE-NOTE,,markdown-wiki,PASS,2026-06-08T00:53:31Z,Generated metadata note; not canonical authority.,TEX-ONTOLOGY-AETHER-FLOW-EXACT-CLOSURE-NOTE,ontology/tex/aether_flow_exact_closure_note.tex,0d954fa44d238b6f14d04f82873b4e117925e5920e87c408525dc451a2662100,33911685bbece1a159f78aecb64b18e4f8674bad6fc7496ac6be71ce259be8f8,tex,2026-06-08T00:53:31Z
WIKI-TEX-ONTOLOGY-AETHER-FLOW-EXACT-CLOSURE-SEQUENCE-OVERVIEW,wiki/tex/tex-ontology-aether-flow-exact-closure-sequence-overview.md,wiki_markdown,generated_metadata_note,generated_noncanonical,humans_and_agents,0a02ab5d1a39c99283ee8bb4d63a39ecf06816835f644d2f04534824c2930c40,TEX-ONTOLOGY-AETHER-FLOW-EXACT-CLOSURE-SEQUENCE-OVERVIEW,TEX-ONTOLOGY-AETHER-FLOW-EXACT-CLOSURE-SEQUENCE-OVERVIEW,,markdown-wiki,PASS,2026-06-08T00:53:31Z,Generated metadata note; not canonical authority.,TEX-ONTOLOGY-AETHER-FLOW-EXACT-CLOSURE-SEQUENCE-OVERVIEW,ontology/tex/aether_flow_exact_closure_sequence_overview.tex,5cdb51f8d16d53c3a64d7e0c6e2c140fde2020e33d90177e50b2f98b8ba71fbf,0a02ab5d1a39c99283ee8bb4d63a39ecf06816835f644d2f04534824c2930c40,tex,2026-06-08T00:53:31Z
WIKI-TEX-ONTOLOGY-AETHER-FLOW-FOUNDATIONS,wiki/tex/tex-ontology-aether-flow-foundations.md,wiki_markdown,generated_metadata_note,generated_noncanonical,humans_and_agents,98eb796db5196ab12f14861909f1cc3398b103f2cc37ad52851f75e3696c2a40,TEX-ONTOLOGY-AETHER-FLOW-FOUNDATIONS,TEX-ONTOLOGY-AETHER-FLOW-FOUNDATIONS,,markdown-wiki,PASS,2026-06-08T00:53:31Z,Generated metadata note; not canonical authority.,TEX-ONTOLOGY-AETHER-FLOW-FOUNDATIONS,ontology/tex/aether_flow_foundations.tex,c754ac32f4db4e3cd1a4cac5b15048b24c3d9965819c843857c6851e3242fb00,98eb796db5196ab12f14861909f1cc3398b103f2cc37ad52851f75e3696c2a40,tex,2026-06-08T00:53:31Z
WIKI-TEX-ONTOLOGY-AETHER-FLOW-GEOMETRY,wiki/tex/tex-ontology-aether-flow-geometry.md,wiki_markdown,generated_metadata_note,generated_noncanonical,humans_and_agents,b07d40e54fe054c595585e4817e22090d24f76d5e2a2d53e9b99e8bad94c8649,TEX-ONTOLOGY-AETHER-FLOW-GEOMETRY,TEX-ONTOLOGY-AETHER-FLOW-GEOMETRY,,markdown-wiki,PASS,2026-06-08T00:53:31Z,Generated metadata note; not canonical authority.,TEX-ONTOLOGY-AETHER-FLOW-GEOMETRY,ontology/tex/aether_flow_geometry.tex,839074e6fefa9ef4e7ea5635118d808593dfcd5f58c778285293c8194624ba10,b07d40e54fe054c595585e4817e22090d24f76d5e2a2d53e9b99e8bad94c8649,tex,2026-06-08T00:53:31Z
WIKI-TEX-ONTOLOGY-AETHER-FLOW-RELATIVISTIC-RECOVERY,wiki/tex/tex-ontology-aether-flow-relativistic-recovery.md,wiki_markdown,generated_metadata_note,generated_noncanonical,humans_and_agents,a169281f61d2638d963b7846f096b69b3d1425df838f482fd618e55fc3edc4b2,TEX-ONTOLOGY-AETHER-FLOW-RELATIVISTIC-RECOVERY,TEX-ONTOLOGY-AETHER-FLOW-RELATIVISTIC-RECOVERY,,markdown-wiki,PASS,2026-06-08T00:53:31Z,Generated metadata note; not canonical authority.,TEX-ONTOLOGY-AETHER-FLOW-RELATIVISTIC-RECOVERY,ontology/tex/aether_flow_relativistic_recovery.tex,1cc7d93547083adcf3d5fd80ec927c7c0e0288f9e42a3959f814532d32e6038f,a169281f61d2638d963b7846f096b69b3d1425df838f482fd618e55fc3edc4b2,tex,2026-06-08T00:53:31Z
WIKI-TEX-RESEARCH-CONTROL-GATE0-ONTOLOGY-FORMALIZATION,wiki/tex/tex-research-control-gate0-ontology-formalization.md,wiki_markdown,generated_metadata_note,generated_noncanonical,humans_and_agents,0fe7c49e397628897e16dbe3fbed3025a43c7ef48146a358e63fc3823c88ba1b,TEX-RESEARCH-CONTROL-GATE0-ONTOLOGY-FORMALIZATION,TEX-RESEARCH-CONTROL-GATE0-ONTOLOGY-FORMALIZATION,,markdown-wiki,PASS,2026-06-08T22:07:09Z,Generated metadata note; not canonical authority.,TEX-RESEARCH-CONTROL-GATE0-ONTOLOGY-FORMALIZATION,research_control/tasks/RT-20260608-002/artifacts/01_GATE0_ONTOLOGY_FORMALIZATION.tex,50717913a6ef3d2df0f75d7ba83c5c56688d7659a7b7b4a662613435b24c8444,0fe7c49e397628897e16dbe3fbed3025a43c7ef48146a358e63fc3823c88ba1b,tex,2026-06-08T22:07:09Z
WIKI-TEX-RESEARCH-CONTROL-LOCALIZATION-CANDIDATE-PACKET,wiki/tex/tex-research-control-localization-candidate-packet.md,wiki_markdown,generated_metadata_note,generated_noncanonical,humans_and_agents,56cc85dbd394c5dd621148ce13b4a11d058f3fcdc9d0f4f83d40bfdf47256c3a,TEX-RESEARCH-CONTROL-LOCALIZATION-CANDIDATE-PACKET,TEX-RESEARCH-CONTROL-LOCALIZATION-CANDIDATE-PACKET,,markdown-wiki,PASS,2026-06-08T22:21:52Z,Generated metadata note; not canonical authority.,TEX-RESEARCH-CONTROL-LOCALIZATION-CANDIDATE-PACKET,research_control/tasks/RT-20260608-003/artifacts/02_LOCALIZATION_CANDIDATE_PACKET.tex,c450598597528ea28b8f63482f24ee8884748398e3bf7c945dd968719cbad2fc,56cc85dbd394c5dd621148ce13b4a11d058f3fcdc9d0f4f83d40bfdf47256c3a,tex,2026-06-08T22:21:52Z
WIKI-TEX-RESEARCH-CONTROL-LOCALIZATION-REPAIR-REFUTATION,wiki/tex/tex-research-control-localization-repair-refutation.md,wiki_markdown,generated_metadata_note,generated_noncanonical,humans_and_agents,66c8c051f9242e08eacf0171c410ad58ad60805d286e0ac74dc52f787183979a,TEX-RESEARCH-CONTROL-LOCALIZATION-REPAIR-REFUTATION,TEX-RESEARCH-CONTROL-LOCALIZATION-REPAIR-REFUTATION,,markdown-wiki,PASS,2026-06-09T00:09:12Z,Generated metadata note; not canonical authority.,TEX-RESEARCH-CONTROL-LOCALIZATION-REPAIR-REFUTATION,research_control/tasks/RT-20260608-006/artifacts/05_LOCALIZATION_REPAIR_REFUTATION.tex,1430a4e4a6fd5da677c98328abcdd2205e478e4aa306f81019142f40c51c1ac6,66c8c051f9242e08eacf0171c410ad58ad60805d286e0ac74dc52f787183979a,tex,2026-06-09T00:09:12Z
WIKI-TEX-RESEARCH-CONTROL-LOCALIZATION-SMUGGLING-AUDIT,wiki/tex/tex-research-control-localization-smuggling-audit.md,wiki_markdown,generated_metadata_note,generated_noncanonical,humans_and_agents,b23e010a0c1f8e33a50f4362a59e92445c3ae8374756ee5b4cd39825be730bb7,TEX-RESEARCH-CONTROL-LOCALIZATION-SMUGGLING-AUDIT,TEX-RESEARCH-CONTROL-LOCALIZATION-SMUGGLING-AUDIT,,markdown-wiki,PASS,2026-06-08T23:50:34Z,Generated metadata note; not canonical authority.,TEX-RESEARCH-CONTROL-LOCALIZATION-SMUGGLING-AUDIT,research_control/tasks/RT-20260608-004/artifacts/03_LOCALIZATION_SMUGGLING_AUDIT.tex,665dc12e7244e2f7b40891e497f6830034a167d85d621e27678f47da93ff03d0,b23e010a0c1f8e33a50f4362a59e92445c3ae8374756ee5b4cd39825be730bb7,tex,2026-06-08T23:50:34Z
WIKI-TEX-RESEARCH-CONTROL-LOCALIZATION-SOURCE-BASIS-AXIOM-BENCHMARK-INDEPENDENCE-REFUTATION,wiki/tex/tex-research-control-localization-source-basis-axiom-benchmark-independence-refutation.md,wiki_markdown,generated_metadata_note,generated_noncanonical,humans_and_agents,c80b0fa3234afc635454b33d289d06022c752c40877aa56a52e2bdd650cd47d9,TEX-RESEARCH-CONTROL-LOCALIZATION-SOURCE-BASIS-AXIOM-BENCHMARK-INDEPENDENCE-REFUTATION,TEX-RESEARCH-CONTROL-LOCALIZATION-SOURCE-BASIS-AXIOM-BENCHMARK-INDEPENDENCE-REFUTATION,,markdown-wiki,PASS,2026-06-09T13:58:14Z,Generated metadata note; not canonical authority.,TEX-RESEARCH-CONTROL-LOCALIZATION-SOURCE-BASIS-AXIOM-BENCHMARK-INDEPENDENCE-REFUTATION,research_control/tasks/RT-20260608-012/artifacts/11_LOCALIZATION_SOURCE_BASIS_AXIOM_BENCHMARK_INDEPENDENCE_REFUTATION.tex,d8ffe8c1d8deec3b27977b360a2c25f299dfeacc77c0ae65404e42cd2523c496,c80b0fa3234afc635454b33d289d06022c752c40877aa56a52e2bdd650cd47d9,tex,2026-06-09T13:58:14Z
WIKI-TEX-RESEARCH-CONTROL-LOCALIZATION-SOURCE-BASIS-AXIOM-JUSTIFICATION,wiki/tex/tex-research-control-localization-source-basis-axiom-justification.md,wiki_markdown,generated_metadata_note,generated_noncanonical,humans_and_agents,c3a0c147534fff952eac036a1cd1528ba3f4fdfa8e39514514152ebca9c16d91,TEX-RESEARCH-CONTROL-LOCALIZATION-SOURCE-BASIS-AXIOM-JUSTIFICATION,TEX-RESEARCH-CONTROL-LOCALIZATION-SOURCE-BASIS-AXIOM-JUSTIFICATION,,markdown-wiki,PASS,2026-06-09T00:52:07Z,Generated metadata note; not canonical authority.,TEX-RESEARCH-CONTROL-LOCALIZATION-SOURCE-BASIS-AXIOM-JUSTIFICATION,research_control/tasks/RT-20260608-010/artifacts/09_LOCALIZATION_SOURCE_BASIS_AXIOM_JUSTIFICATION.tex,aa44ab21768e62b990498caadb8a741cbe704a09339d80823f32c8c6e27aaef7,c3a0c147534fff952eac036a1cd1528ba3f4fdfa8e39514514152ebca9c16d91,tex,2026-06-09T00:52:07Z
WIKI-TEX-RESEARCH-CONTROL-LOCALIZATION-SOURCE-BASIS-AXIOM-SELECTION-LAW-BENCHMARK-INDEPENDENCE-REFUTATION,wiki/tex/tex-research-control-localization-source-basis-axiom-selection-law-benchmark-independence-refutation.md,wiki_markdown,generated_metadata_note,generated_noncanonical,humans_and_agents,43ced6e992877315eed84bfe5852fe81b16a728506e638d6876b0c7e78f0df8b,TEX-RESEARCH-CONTROL-LOCALIZATION-SOURCE-BASIS-AXIOM-SELECTION-LAW-BENCHMARK-INDEPENDENCE-REFUTATION,TEX-RESEARCH-CONTROL-LOCALIZATION-SOURCE-BASIS-AXIOM-SELECTION-LAW-BENCHMARK-INDEPENDENCE-REFUTATION,,markdown-wiki,PASS,2026-06-09T23:45:49Z,Generated metadata note; not canonical authority.,TEX-RESEARCH-CONTROL-LOCALIZATION-SOURCE-BASIS-AXIOM-SELECTION-LAW-BENCHMARK-INDEPENDENCE-REFUTATION,research_control/tasks/RT-20260608-015/artifacts/14_LOCALIZATION_SOURCE_BASIS_AXIOM_SELECTION_LAW_BENCHMARK_INDEPENDENCE_REFUTATION.tex,590abce4589771f5fecbab92625477e8bf48e2c100e28ce75313cc4a0886e3ca,43ced6e992877315eed84bfe5852fe81b16a728506e638d6876b0c7e78f0df8b,tex,2026-06-09T23:45:49Z
WIKI-TEX-RESEARCH-CONTROL-LOCALIZATION-SOURCE-BASIS-AXIOM-SELECTION-LAW-PACKET,wiki/tex/tex-research-control-localization-source-basis-axiom-selection-law-packet.md,wiki_markdown,generated_metadata_note,generated_noncanonical,humans_and_agents,ec966a70ed72b1f89079084d8c9de830aaa9984e2e8c1c48bd6aca61dbeb99c3,TEX-RESEARCH-CONTROL-LOCALIZATION-SOURCE-BASIS-AXIOM-SELECTION-LAW-PACKET,TEX-RESEARCH-CONTROL-LOCALIZATION-SOURCE-BASIS-AXIOM-SELECTION-LAW-PACKET,,markdown-wiki,PASS,2026-06-09T14:09:19Z,Generated metadata note; not canonical authority.,TEX-RESEARCH-CONTROL-LOCALIZATION-SOURCE-BASIS-AXIOM-SELECTION-LAW-PACKET,research_control/tasks/RT-20260608-013/artifacts/12_LOCALIZATION_SOURCE_BASIS_AXIOM_SELECTION_LAW_PACKET.tex,265e68aff2b120853744c0bde7904e021d2b75e0518f77f58b8e5cccc5a99cce,ec966a70ed72b1f89079084d8c9de830aaa9984e2e8c1c48bd6aca61dbeb99c3,tex,2026-06-09T14:09:19Z
WIKI-TEX-RESEARCH-CONTROL-LOCALIZATION-SOURCE-BASIS-AXIOM-SELECTION-LAW-SMUGGLING-AUDIT,wiki/tex/tex-research-control-localization-source-basis-axiom-selection-law-smuggling-audit.md,wiki_markdown,generated_metadata_note,generated_noncanonical,humans_and_agents,d80c35365a1ae0339ca9a2f5a7f426baced051f5dfda9e6f483a6fdc42fc9bfb,TEX-RESEARCH-CONTROL-LOCALIZATION-SOURCE-BASIS-AXIOM-SELECTION-LAW-SMUGGLING-AUDIT,TEX-RESEARCH-CONTROL-LOCALIZATION-SOURCE-BASIS-AXIOM-SELECTION-LAW-SMUGGLING-AUDIT,,markdown-wiki,PASS,2026-06-09T23:37:16Z,Generated metadata note; not canonical authority.,TEX-RESEARCH-CONTROL-LOCALIZATION-SOURCE-BASIS-AXIOM-SELECTION-LAW-SMUGGLING-AUDIT,research_control/tasks/RT-20260608-014/artifacts/13_LOCALIZATION_SOURCE_BASIS_AXIOM_SELECTION_LAW_SMUGGLING_AUDIT.tex,a449d139c568216c86efa2033fcb364dfc1d88658f66eea13773cf767a36f61e,d80c35365a1ae0339ca9a2f5a7f426baced051f5dfda9e6f483a6fdc42fc9bfb,tex,2026-06-09T23:37:16Z
WIKI-TEX-RESEARCH-CONTROL-LOCALIZATION-SOURCE-BASIS-AXIOM-SELECTOR-DOMAIN-BENCHMARK-INDEPENDENCE-REFUTATION,wiki/tex/tex-research-control-localization-source-basis-axiom-selector-domain-benchmark-independence-refutation.md,wiki_markdown,generated_metadata_note,generated_noncanonical,humans_and_agents,e714a06804d09e7f9b24fc03000f85c4eba6d2c2a4d1666105daa61e8882ca1f,TEX-RESEARCH-CONTROL-LOCALIZATION-SOURCE-BASIS-AXIOM-SELECTOR-DOMAIN-BENCHMARK-INDEPENDENCE-REFUTATION,TEX-RESEARCH-CONTROL-LOCALIZATION-SOURCE-BASIS-AXIOM-SELECTOR-DOMAIN-BENCHMARK-INDEPENDENCE-REFUTATION,,markdown-wiki,PASS,2026-06-10T00:27:00Z,Generated metadata note; not canonical authority.,TEX-RESEARCH-CONTROL-LOCALIZATION-SOURCE-BASIS-AXIOM-SELECTOR-DOMAIN-BENCHMARK-INDEPENDENCE-REFUTATION,research_control/tasks/RT-20260608-018/artifacts/17_LOCALIZATION_SOURCE_BASIS_AXIOM_SELECTOR_DOMAIN_BENCHMARK_INDEPENDENCE_REFUTATION.tex,7627791ca1120522c82d2053888a57b76589d48d4f623920a122c9791352fb68,e714a06804d09e7f9b24fc03000f85c4eba6d2c2a4d1666105daa61e8882ca1f,tex,2026-06-10T00:27:00Z
WIKI-TEX-RESEARCH-CONTROL-LOCALIZATION-SOURCE-BASIS-AXIOM-SELECTOR-DOMAIN-EQSRC-ALTERNATIVE-BRANCH-FAMILY-GUARD-STABILITY-SOURCE-PACKET,wiki/tex/tex-research-control-localization-source-basis-axiom-selector-domain-eqsrc-alternative-branch-family-guard-stability-source-packet.md,wiki_markdown,generated_metadata_note,generated_noncanonical,humans_and_agents,75f0661a3b65864ce223f879ac55d62e78b7a47e0f70a6f99b25b07a9599f505,TEX-RESEARCH-CONTROL-LOCALIZATION-SOURCE-BASIS-AXIOM-SELECTOR-DOMAIN-EQSRC-ALTERNATIVE-BRANCH-FAMILY-GUARD-STABILITY-SOURCE-PACKET,TEX-RESEARCH-CONTROL-LOCALIZATION-SOURCE-BASIS-AXIOM-SELECTOR-DOMAIN-EQSRC-ALTERNATIVE-BRANCH-FAMILY-GUARD-STABILITY-SOURCE-PACKET,,markdown-wiki,PASS,2026-06-15T03:20:28Z,Generated metadata note; not canonical authority.,TEX-RESEARCH-CONTROL-LOCALIZATION-SOURCE-BASIS-AXIOM-SELECTOR-DOMAIN-EQSRC-ALTERNATIVE-BRANCH-FAMILY-GUARD-STABILITY-SOURCE-PACKET,research_control/tasks/RT-20260614-016/artifacts/57_LOCALIZATION_SOURCE_BASIS_AXIOM_SELECTOR_DOMAIN_EQSRC_ALTERNATIVE_BRANCH_FAMILY_GUARD_STABILITY_SOURCE_PACKET.tex,7de79c7aee86715cf24fb2231e2a7e9029417bcf05cca5455af711ca5b86b160,75f0661a3b65864ce223f879ac55d62e78b7a47e0f70a6f99b25b07a9599f505,tex,2026-06-15T03:20:28Z
WIKI-TEX-RESEARCH-CONTROL-LOCALIZATION-SOURCE-BASIS-AXIOM-SELECTOR-DOMAIN-EQSRC-ALTERNATIVE-BRANCH-FAMILY-GUARD-STABILITY-SOURCE-PACKET-REFUTER-STRESS-TEST,wiki/tex/tex-research-control-localization-source-basis-axiom-selector-domain-eqsrc-alternative-branch-family-guard-stability-source-packet-refuter-stress-test.md,wiki_markdown,generated_metadata_note,generated_noncanonical,humans_and_agents,e19fd9a534a1a97e920a39c6c8b8d098dea1094006cae3811744b27b1368bf78,TEX-RESEARCH-CONTROL-LOCALIZATION-SOURCE-BASIS-AXIOM-SELECTOR-DOMAIN-EQSRC-ALTERNATIVE-BRANCH-FAMILY-GUARD-STABILITY-SOURCE-PACKET-REFUTER-STRESS-TEST,TEX-RESEARCH-CONTROL-LOCALIZATION-SOURCE-BASIS-AXIOM-SELECTOR-DOMAIN-EQSRC-ALTERNATIVE-BRANCH-FAMILY-GUARD-STABILITY-SOURCE-PACKET-REFUTER-STRESS-TEST,,markdown-wiki,PASS,2026-06-15T03:52:21Z,Generated metadata note; not canonical authority.,TEX-RESEARCH-CONTROL-LOCALIZATION-SOURCE-BASIS-AXIOM-SELECTOR-DOMAIN-EQSRC-ALTERNATIVE-BRANCH-FAMILY-GUARD-STABILITY-SOURCE-PACKET-REFUTER-STRESS-TEST,research_control/tasks/RT-20260614-018/artifacts/59_LOCALIZATION_SOURCE_BASIS_AXIOM_SELECTOR_DOMAIN_EQSRC_ALTERNATIVE_BRANCH_FAMILY_GUARD_STABILITY_SOURCE_PACKET_REFUTER_STRESS_TEST.tex,a5be780c1430625f0d0320e6bce20021ae2bfc55d282f896895048226820f54d,e19fd9a534a1a97e920a39c6c8b8d098dea1094006cae3811744b27b1368bf78,tex,2026-06-15T03:52:21Z
WIKI-TEX-RESEARCH-CONTROL-LOCALIZATION-SOURCE-BASIS-AXIOM-SELECTOR-DOMAIN-EQSRC-ALTERNATIVE-BRANCH-FAMILY-GUARD-STABILITY-SOURCE-PACKET-SMUGGLING-AUDIT,wiki/tex/tex-research-control-localization-source-basis-axiom-selector-domain-eqsrc-alternative-branch-family-guard-stability-source-packet-smuggling-audit.md,wiki_markdown,generated_metadata_note,generated_noncanonical,humans_and_agents,94875823339493f3ebb1278cd55201de569b94a9fe9333b3f37246c190a15f76,TEX-RESEARCH-CONTROL-LOCALIZATION-SOURCE-BASIS-AXIOM-SELECTOR-DOMAIN-EQSRC-ALTERNATIVE-BRANCH-FAMILY-GUARD-STABILITY-SOURCE-PACKET-SMUGGLING-AUDIT,TEX-RESEARCH-CONTROL-LOCALIZATION-SOURCE-BASIS-AXIOM-SELECTOR-DOMAIN-EQSRC-ALTERNATIVE-BRANCH-FAMILY-GUARD-STABILITY-SOURCE-PACKET-SMUGGLING-AUDIT,,markdown-wiki,PASS,2026-06-15T03:32:56Z,Generated metadata note; not canonical authority.,TEX-RESEARCH-CONTROL-LOCALIZATION-SOURCE-BASIS-AXIOM-SELECTOR-DOMAIN-EQSRC-ALTERNATIVE-BRANCH-FAMILY-GUARD-STABILITY-SOURCE-PACKET-SMUGGLING-AUDIT,research_control/tasks/RT-20260614-017/artifacts/58_LOCALIZATION_SOURCE_BASIS_AXIOM_SELECTOR_DOMAIN_EQSRC_ALTERNATIVE_BRANCH_FAMILY_GUARD_STABILITY_SOURCE_PACKET_SMUGGLING_AUDIT.tex,cc5ff42972dcb39dd100564a95b568c0b4add822bb6615ded4d973350ffb7503,94875823339493f3ebb1278cd55201de569b94a9fe9333b3f37246c190a15f76,tex,2026-06-15T03:32:56Z
WIKI-TEX-RESEARCH-CONTROL-LOCALIZATION-SOURCE-BASIS-AXIOM-SELECTOR-DOMAIN-EQSRC-BRANCH-REFINEMENT-EXTENSION-DATUM,wiki/tex/tex-research-control-localization-source-basis-axiom-selector-domain-eqsrc-branch-refinement-extension-datum.md,wiki_markdown,generated_metadata_note,generated_noncanonical,humans_and_agents,d9779c8de73a635997c983cf36360f4bfab44ef5ebfb90c8121b05bb178ec58c,TEX-RESEARCH-CONTROL-LOCALIZATION-SOURCE-BASIS-AXIOM-SELECTOR-DOMAIN-EQSRC-BRANCH-REFINEMENT-EXTENSION-DATUM,TEX-RESEARCH-CONTROL-LOCALIZATION-SOURCE-BASIS-AXIOM-SELECTOR-DOMAIN-EQSRC-BRANCH-REFINEMENT-EXTENSION-DATUM,,markdown-wiki,PASS,2026-06-15T01:15:43Z,Generated metadata note; not canonical authority.,TEX-RESEARCH-CONTROL-LOCALIZATION-SOURCE-BASIS-AXIOM-SELECTOR-DOMAIN-EQSRC-BRANCH-REFINEMENT-EXTENSION-DATUM,research_control/tasks/RT-20260614-012/artifacts/53_LOCALIZATION_SOURCE_BASIS_AXIOM_SELECTOR_DOMAIN_EQSRC_BRANCH_REFINEMENT_EXTENSION_DATUM.tex,afd115d0612a209c7ecd76553769ee465676bfe70ccf83721fb047c81709cea3,d9779c8de73a635997c983cf36360f4bfab44ef5ebfb90c8121b05bb178ec58c,tex,2026-06-15T01:15:43Z
WIKI-TEX-RESEARCH-CONTROL-LOCALIZATION-SOURCE-BASIS-AXIOM-SELECTOR-DOMAIN-EQSRC-BRANCH-REFINEMENT-EXTENSION-DATUM-REFUTER-STRESS-TEST,wiki/tex/tex-research-control-localization-source-basis-axiom-selector-domain-eqsrc-branch-refinement-extension-datum-refuter-stress-test.md,wiki_markdown,generated_metadata_note,generated_noncanonical,humans_and_agents,b25eeb0597dc735f23d5050cd481d92f7b2f66882886ca352ab5c74efb646283,TEX-RESEARCH-CONTROL-LOCALIZATION-SOURCE-BASIS-AXIOM-SELECTOR-DOMAIN-EQSRC-BRANCH-REFINEMENT-EXTENSION-DATUM-REFUTER-STRESS-TEST,TEX-RESEARCH-CONTROL-LOCALIZATION-SOURCE-BASIS-AXIOM-SELECTOR-DOMAIN-EQSRC-BRANCH-REFINEMENT-EXTENSION-DATUM-REFUTER-STRESS-TEST,,markdown-wiki,PASS,2026-06-15T02:39:01Z,Generated metadata note; not canonical authority.,TEX-RESEARCH-CONTROL-LOCALIZATION-SOURCE-BASIS-AXIOM-SELECTOR-DOMAIN-EQSRC-BRANCH-REFINEMENT-EXTENSION-DATUM-REFUTER-STRESS-TEST,research_control/tasks/RT-20260614-014/artifacts/55_LOCALIZATION_SOURCE_BASIS_AXIOM_SELECTOR_DOMAIN_EQSRC_BRANCH_REFINEMENT_EXTENSION_DATUM_REFUTER_STRESS_TEST.tex,a841b7abf5475226572aa1269f196d83e4c69b19f375b51c549644e222988a7f,b25eeb0597dc735f23d5050cd481d92f7b2f66882886ca352ab5c74efb646283,tex,2026-06-15T02:39:01Z
WIKI-TEX-RESEARCH-CONTROL-LOCALIZATION-SOURCE-BASIS-AXIOM-SELECTOR-DOMAIN-EQSRC-BRANCH-REFINEMENT-EXTENSION-DATUM-SMUGGLING-AUDIT,wiki/tex/tex-research-control-localization-source-basis-axiom-selector-domain-eqsrc-branch-refinement-extension-datum-smuggling-audit.md,wiki_markdown,generated_metadata_note,generated_noncanonical,humans_and_agents,c57e8d9d3f55639ebf80afccc1a99b84cb2be5cce6cdbbeace5f8166e21ea51e,TEX-RESEARCH-CONTROL-LOCALIZATION-SOURCE-BASIS-AXIOM-SELECTOR-DOMAIN-EQSRC-BRANCH-REFINEMENT-EXTENSION-DATUM-SMUGGLING-AUDIT,TEX-RESEARCH-CONTROL-LOCALIZATION-SOURCE-BASIS-AXIOM-SELECTOR-DOMAIN-EQSRC-BRANCH-REFINEMENT-EXTENSION-DATUM-SMUGGLING-AUDIT,,markdown-wiki,PASS,2026-06-15T01:39:01Z,Generated metadata note; not canonical authority.,TEX-RESEARCH-CONTROL-LOCALIZATION-SOURCE-BASIS-AXIOM-SELECTOR-DOMAIN-EQSRC-BRANCH-REFINEMENT-EXTENSION-DATUM-SMUGGLING-AUDIT,research_control/tasks/RT-20260614-013/artifacts/54_LOCALIZATION_SOURCE_BASIS_AXIOM_SELECTOR_DOMAIN_EQSRC_BRANCH_REFINEMENT_EXTENSION_DATUM_SMUGGLING_AUDIT.tex,713e9b642114c1b4c5a1c80d18799990adaf877a2dbc615230460c4672e74d21,c57e8d9d3f55639ebf80afccc1a99b84cb2be5cce6cdbbeace5f8166e21ea51e,tex,2026-06-15T01:39:01Z
WIKI-TEX-RESEARCH-CONTROL-LOCALIZATION-SOURCE-BASIS-AXIOM-SELECTOR-DOMAIN-EQSRC-BRANCH-REFINEMENT-EXTENSION-OBSTRUCTION-PACKET-OR-CONTROLLED-PAUSE,wiki/tex/tex-research-control-localization-source-basis-axiom-selector-domain-eqsrc-branch-refinement-extension-obstruction-packet-or-controlled-pause.md,wiki_markdown,generated_metadata_note,generated_noncanonical,humans_and_agents,993c2076bb8159cbd2c0ca4b7a1f80c2e40fd552f14c6529ba8150cfb31acc15,TEX-RESEARCH-CONTROL-LOCALIZATION-SOURCE-BASIS-AXIOM-SELECTOR-DOMAIN-EQSRC-BRANCH-REFINEMENT-EXTENSION-OBSTRUCTION-PACKET-OR-CONTROLLED-PAUSE,TEX-RESEARCH-CONTROL-LOCALIZATION-SOURCE-BASIS-AXIOM-SELECTOR-DOMAIN-EQSRC-BRANCH-REFINEMENT-EXTENSION-OBSTRUCTION-PACKET-OR-CONTROLLED-PAUSE,,markdown-wiki,PASS,2026-06-15T03:04:17Z,Generated metadata note; not canonical authority.,TEX-RESEARCH-CONTROL-LOCALIZATION-SOURCE-BASIS-AXIOM-SELECTOR-DOMAIN-EQSRC-BRANCH-REFINEMENT-EXTENSION-OBSTRUCTION-PACKET-OR-CONTROLLED-PAUSE,research_control/tasks/RT-20260614-015/artifacts/56_LOCALIZATION_SOURCE_BASIS_AXIOM_SELECTOR_DOMAIN_EQSRC_BRANCH_REFINEMENT_EXTENSION_OBSTRUCTION_PACKET_OR_CONTROLLED_PAUSE.tex,856002761f8abb9ee444953db35786bfaaf4e85ed47fc519d2a1126e39cc3a7a,993c2076bb8159cbd2c0ca4b7a1f80c2e40fd552f14c6529ba8150cfb31acc15,tex,2026-06-15T03:04:17Z
WIKI-TEX-RESEARCH-CONTROL-LOCALIZATION-SOURCE-BASIS-AXIOM-SELECTOR-DOMAIN-EQSRC-LEDGER-COMPLETE-SOURCE-FAMILY-GENERATOR-PACKET,wiki/tex/tex-research-control-localization-source-basis-axiom-selector-domain-eqsrc-ledger-complete-source-family-generator-packet.md,wiki_markdown,generated_metadata_note,generated_noncanonical,humans_and_agents,26be26567f2cb4eaaca6163e6f6d295f99b3325b00df2495c4016f795b5713dd,TEX-RESEARCH-CONTROL-LOCALIZATION-SOURCE-BASIS-AXIOM-SELECTOR-DOMAIN-EQSRC-LEDGER-COMPLETE-SOURCE-FAMILY-GENERATOR-PACKET,TEX-RESEARCH-CONTROL-LOCALIZATION-SOURCE-BASIS-AXIOM-SELECTOR-DOMAIN-EQSRC-LEDGER-COMPLETE-SOURCE-FAMILY-GENERATOR-PACKET,,markdown-wiki,PASS,2026-06-15T04:30:44Z,Generated metadata note; not canonical authority.,TEX-RESEARCH-CONTROL-LOCALIZATION-SOURCE-BASIS-AXIOM-SELECTOR-DOMAIN-EQSRC-LEDGER-COMPLETE-SOURCE-FAMILY-GENERATOR-PACKET,research_control/tasks/RT-20260614-020/artifacts/61_LOCALIZATION_SOURCE_BASIS_AXIOM_SELECTOR_DOMAIN_EQSRC_LEDGER_COMPLETE_SOURCE_FAMILY_GENERATOR_PACKET.tex,51e6bfb4822044fb08f6253851aa52b74c86603bc34f21a74a576eb862f660f7,26be26567f2cb4eaaca6163e6f6d295f99b3325b00df2495c4016f795b5713dd,tex,2026-06-15T04:30:44Z
WIKI-TEX-RESEARCH-CONTROL-LOCALIZATION-SOURCE-BASIS-AXIOM-SELECTOR-DOMAIN-EQSRC-LEDGER-COMPLETE-SOURCE-FAMILY-GENERATOR-PACKET-AUDITED-OBSLOC-OBSERVER-READOUT-BRIDGE-ATTEMPT,wiki/tex/tex-research-control-localization-source-basis-axiom-selector-domain-eqsrc-ledger-complete-source-family-generator-packet-audited-obsloc-observer-readout-bridge-attempt.md,wiki_markdown,generated_metadata_note,generated_noncanonical,humans_and_agents,80a52d8f8979a3de6746a2dc8b70954a385cba93b2cad49fb9aab19aaf276166,TEX-RESEARCH-CONTROL-LOCALIZATION-SOURCE-BASIS-AXIOM-SELECTOR-DOMAIN-EQSRC-LEDGER-COMPLETE-SOURCE-FAMILY-GENERATOR-PACKET-AUDITED-OBSLOC-OBSERVER-READOUT-BRIDGE-ATTEMPT,TEX-RESEARCH-CONTROL-LOCALIZATION-SOURCE-BASIS-AXIOM-SELECTOR-DOMAIN-EQSRC-LEDGER-COMPLETE-SOURCE-FAMILY-GENERATOR-PACKET-AUDITED-OBSLOC-OBSERVER-READOUT-BRIDGE-ATTEMPT,,markdown-wiki,PASS,2026-06-16T23:21:15Z,Generated metadata note; not canonical authority.,TEX-RESEARCH-CONTROL-LOCALIZATION-SOURCE-BASIS-AXIOM-SELECTOR-DOMAIN-EQSRC-LEDGER-COMPLETE-SOURCE-FAMILY-GENERATOR-PACKET-AUDITED-OBSLOC-OBSERVER-READOUT-BRIDGE-ATTEMPT,research_control/tasks/RT-20260614-038/artifacts/79_LOCALIZATION_SOURCE_BASIS_AXIOM_SELECTOR_DOMAIN_EQSRC_LEDGER_COMPLETE_SOURCE_FAMILY_GENERATOR_PACKET_AUDITED_OBSLOC_OBSERVER_READOUT_BRIDGE_ATTEMPT.tex,9926a03217f3575101617ff98ddb6ca017e211ee2071083bdd30188ce9825da2,80a52d8f8979a3de6746a2dc8b70954a385cba93b2cad49fb9aab19aaf276166,tex,2026-06-16T23:21:15Z
WIKI-TEX-RESEARCH-CONTROL-LOCALIZATION-SOURCE-BASIS-AXIOM-SELECTOR-DOMAIN-EQSRC-LEDGER-COMPLETE-SOURCE-FAMILY-GENERATOR-PACKET-AUDITED-OBSLOC-OBSERVER-READOUT-BRIDGE-MAP-REFUTER-STRESS-TEST,wiki/tex/tex-research-control-localization-source-basis-axiom-selector-domain-eqsrc-ledger-complete-source-family-generator-packet-audited-obsloc-observer-readout-bridge-map-refuter-stress-test.md,wiki_markdown,generated_metadata_note,generated_noncanonical,humans_and_agents,ee84e644376bb456be5f544655913f9cf4f4ce717dddd16c77c05a5347a6b694,TEX-RESEARCH-CONTROL-LOCALIZATION-SOURCE-BASIS-AXIOM-SELECTOR-DOMAIN-EQSRC-LEDGER-COMPLETE-SOURCE-FAMILY-GENERATOR-PACKET-AUDITED-OBSLOC-OBSERVER-READOUT-BRIDGE-MAP-REFUTER-STRESS-TEST,TEX-RESEARCH-CONTROL-LOCALIZATION-SOURCE-BASIS-AXIOM-SELECTOR-DOMAIN-EQSRC-LEDGER-COMPLETE-SOURCE-FAMILY-GENERATOR-PACKET-AUDITED-OBSLOC-OBSERVER-READOUT-BRIDGE-MAP-REFUTER-STRESS-TEST,,markdown-wiki,PASS,2026-06-17T00:53:08Z,Generated metadata note; not canonical authority.,TEX-RESEARCH-CONTROL-LOCALIZATION-SOURCE-BASIS-AXIOM-SELECTOR-DOMAIN-EQSRC-LEDGER-COMPLETE-SOURCE-FAMILY-GENERATOR-PACKET-AUDITED-OBSLOC-OBSERVER-READOUT-BRIDGE-MAP-REFUTER-STRESS-TEST,research_control/tasks/RT-20260614-040/artifacts/81_LOCALIZATION_SOURCE_BASIS_AXIOM_SELECTOR_DOMAIN_EQSRC_LEDGER_COMPLETE_SOURCE_FAMILY_GENERATOR_PACKET_AUDITED_OBSLOC_OBSERVER_READOUT_BRIDGE_MAP_REFUTER_STRESS_TEST.tex,5bf212b30a77aa0627713188c6dc3380d989e8d57d791e43d8dc4afa9a4cd5fc,ee84e644376bb456be5f544655913f9cf4f4ce717dddd16c77c05a5347a6b694,tex,2026-06-17T00:53:08Z
WIKI-TEX-RESEARCH-CONTROL-LOCALIZATION-SOURCE-BASIS-AXIOM-SELECTOR-DOMAIN-EQSRC-LEDGER-COMPLETE-SOURCE-FAMILY-GENERATOR-PACKET-AUDITED-OBSLOC-OBSERVER-READOUT-BRIDGE-MAP-SMUGGLING-AUDIT,wiki/tex/tex-research-control-localization-source-basis-axiom-selector-domain-eqsrc-ledger-complete-source-family-generator-packet-audited-obsloc-observer-readout-bridge-map-smuggling-audit.md,wiki_markdown,generated_metadata_note,generated_noncanonical,humans_and_agents,6f22dba119700c3d30b6464c8bcdae176e106d8fddaca0b1a36f9a268812c237,TEX-RESEARCH-CONTROL-LOCALIZATION-SOURCE-BASIS-AXIOM-SELECTOR-DOMAIN-EQSRC-LEDGER-COMPLETE-SOURCE-FAMILY-GENERATOR-PACKET-AUDITED-OBSLOC-OBSERVER-READOUT-BRIDGE-MAP-SMUGGLING-AUDIT,TEX-RESEARCH-CONTROL-LOCALIZATION-SOURCE-BASIS-AXIOM-SELECTOR-DOMAIN-EQSRC-LEDGER-COMPLETE-SOURCE-FAMILY-GENERATOR-PACKET-AUDITED-OBSLOC-OBSERVER-READOUT-BRIDGE-MAP-SMUGGLING-AUDIT,,markdown-wiki,PASS,2026-06-17T00:30:38Z,Generated metadata note; not canonical authority.,TEX-RESEARCH-CONTROL-LOCALIZATION-SOURCE-BASIS-AXIOM-SELECTOR-DOMAIN-EQSRC-LEDGER-COMPLETE-SOURCE-FAMILY-GENERATOR-PACKET-AUDITED-OBSLOC-OBSERVER-READOUT-BRIDGE-MAP-SMUGGLING-AUDIT,research_control/tasks/RT-20260614-039/artifacts/80_LOCALIZATION_SOURCE_BASIS_AXIOM_SELECTOR_DOMAIN_EQSRC_LEDGER_COMPLETE_SOURCE_FAMILY_GENERATOR_PACKET_AUDITED_OBSLOC_OBSERVER_READOUT_BRIDGE_MAP_SMUGGLING_AUDIT.tex,e5aa1f9a013de7f9226cf3e7aba0ff36d2d77878a1c1e823215c86212414f071,6f22dba119700c3d30b6464c8bcdae176e106d8fddaca0b1a36f9a268812c237,tex,2026-06-17T00:30:38Z
WIKI-TEX-RESEARCH-CONTROL-LOCALIZATION-SOURCE-BASIS-AXIOM-SELECTOR-DOMAIN-EQSRC-LEDGER-COMPLETE-SOURCE-FAMILY-GENERATOR-PACKET-AUDITED-OBSLOC-OBSERVER-READOUT-METRIC-RESPONSE-LAW-BRIDGE-ATTEMPT,wiki/tex/tex-research-control-localization-source-basis-axiom-selector-domain-eqsrc-ledger-complete-source-family-generator-packet-audited-obsloc-observer-readout-metric-response-law-bridge-attempt.md,wiki_markdown,generated_metadata_note,generated_noncanonical,humans_and_agents,a7f976137a9b83bf4b246084d8c085eff0bd24a5eaa637d27dfa679a30167376,TEX-RESEARCH-CONTROL-LOCALIZATION-SOURCE-BASIS-AXIOM-SELECTOR-DOMAIN-EQSRC-LEDGER-COMPLETE-SOURCE-FAMILY-GENERATOR-PACKET-AUDITED-OBSLOC-OBSERVER-READOUT-METRIC-RESPONSE-LAW-BRIDGE-ATTEMPT,TEX-RESEARCH-CONTROL-LOCALIZATION-SOURCE-BASIS-AXIOM-SELECTOR-DOMAIN-EQSRC-LEDGER-COMPLETE-SOURCE-FAMILY-GENERATOR-PACKET-AUDITED-OBSLOC-OBSERVER-READOUT-METRIC-RESPONSE-LAW-BRIDGE-ATTEMPT,,markdown-wiki,PASS,2026-06-17T02:21:17Z,Generated metadata note; not canonical authority.,TEX-RESEARCH-CONTROL-LOCALIZATION-SOURCE-BASIS-AXIOM-SELECTOR-DOMAIN-EQSRC-LEDGER-COMPLETE-SOURCE-FAMILY-GENERATOR-PACKET-AUDITED-OBSLOC-OBSERVER-READOUT-METRIC-RESPONSE-LAW-BRIDGE-ATTEMPT,research_control/tasks/RT-20260614-041/artifacts/82_LOCALIZATION_SOURCE_BASIS_AXIOM_SELECTOR_DOMAIN_EQSRC_LEDGER_COMPLETE_SOURCE_FAMILY_GENERATOR_PACKET_AUDITED_OBSLOC_OBSERVER_READOUT_METRIC_RESPONSE_LAW_BRIDGE_ATTEMPT.tex,82d6dcad65c919ce0ed0cf90c8c8ab22d1c292a4dbfcf48b20ca6ead3bfd5e36,a7f976137a9b83bf4b246084d8c085eff0bd24a5eaa637d27dfa679a30167376,tex,2026-06-17T02:21:17Z
WIKI-TEX-RESEARCH-CONTROL-LOCALIZATION-SOURCE-BASIS-AXIOM-SELECTOR-DOMAIN-EQSRC-LEDGER-COMPLETE-SOURCE-FAMILY-GENERATOR-PACKET-AUDITED-OBSLOC-OBSERVER-READOUT-RESP-LC-SOURCE-RESPONSE-OBSTRUCTION-THEOREM,wiki/tex/tex-research-control-localization-source-basis-axiom-selector-domain-eqsrc-ledger-complete-source-family-generator-packet-audited-obsloc-observer-readout-resp-lc-source-response-obstruction-theorem.md,wiki_markdown,generated_metadata_note,generated_noncanonical,humans_and_agents,7acb5013aeddda9b283d592fa319c45c32cd59f7a280e00e3648da787eb19300,TEX-RESEARCH-CONTROL-LOCALIZATION-SOURCE-BASIS-AXIOM-SELECTOR-DOMAIN-EQSRC-LEDGER-COMPLETE-SOURCE-FAMILY-GENERATOR-PACKET-AUDITED-OBSLOC-OBSERVER-READOUT-RESP-LC-SOURCE-RESPONSE-OBSTRUCTION-THEOREM,TEX-RESEARCH-CONTROL-LOCALIZATION-SOURCE-BASIS-AXIOM-SELECTOR-DOMAIN-EQSRC-LEDGER-COMPLETE-SOURCE-FAMILY-GENERATOR-PACKET-AUDITED-OBSLOC-OBSERVER-READOUT-RESP-LC-SOURCE-RESPONSE-OBSTRUCTION-THEOREM,,markdown-wiki,PASS,2026-06-17T03:48:48Z,Generated metadata note; not canonical authority.,TEX-RESEARCH-CONTROL-LOCALIZATION-SOURCE-BASIS-AXIOM-SELECTOR-DOMAIN-EQSRC-LEDGER-COMPLETE-SOURCE-FAMILY-GENERATOR-PACKET-AUDITED-OBSLOC-OBSERVER-READOUT-RESP-LC-SOURCE-RESPONSE-OBSTRUCTION-THEOREM,research_control/tasks/RT-20260614-042/artifacts/83_LOCALIZATION_SOURCE_BASIS_AXIOM_SELECTOR_DOMAIN_EQSRC_LEDGER_COMPLETE_SOURCE_FAMILY_GENERATOR_PACKET_AUDITED_OBSLOC_OBSERVER_READOUT_RESP_LC_SOURCE_RESPONSE_OBSTRUCTION_THEOREM.tex,32abfcc47134a3b41ee91c8105948cfec6f28152899242c03d6e031fcdbabe62,7acb5013aeddda9b283d592fa319c45c32cd59f7a280e00e3648da787eb19300,tex,2026-06-17T03:48:48Z
WIKI-TEX-RESEARCH-CONTROL-LOCALIZATION-SOURCE-BASIS-AXIOM-SELECTOR-DOMAIN-EQSRC-LEDGER-COMPLETE-SOURCE-FAMILY-GENERATOR-PACKET-AUDITED-OBSLOC-OBSERVER-READOUT-RESP-LC-SOURCE-RESPONSE-OBSTRUCTION-THEOREM-REFUTER-STRESS-TEST,wiki/tex/tex-research-control-localization-source-basis-axiom-selector-domain-eqsrc-ledger-complete-source-family-generator-packet-audited-obsloc-observer-readout-resp-lc-source-response-obstruction-theorem-refuter-stress-test.md,wiki_markdown,generated_metadata_note,generated_noncanonical,humans_and_agents,47c83bcb4c7e9af54a95429badaa465bc06b0fed7502484398dfb543a3578a4f,TEX-RESEARCH-CONTROL-LOCALIZATION-SOURCE-BASIS-AXIOM-SELECTOR-DOMAIN-EQSRC-LEDGER-COMPLETE-SOURCE-FAMILY-GENERATOR-PACKET-AUDITED-OBSLOC-OBSERVER-READOUT-RESP-LC-SOURCE-RESPONSE-OBSTRUCTION-THEOREM-REFUTER-STRESS-TEST,TEX-RESEARCH-CONTROL-LOCALIZATION-SOURCE-BASIS-AXIOM-SELECTOR-DOMAIN-EQSRC-LEDGER-COMPLETE-SOURCE-FAMILY-GENERATOR-PACKET-AUDITED-OBSLOC-OBSERVER-READOUT-RESP-LC-SOURCE-RESPONSE-OBSTRUCTION-THEOREM-REFUTER-STRESS-TEST,,markdown-wiki,PASS,2026-06-17T04:00:28Z,Generated metadata note; not canonical authority.,TEX-RESEARCH-CONTROL-LOCALIZATION-SOURCE-BASIS-AXIOM-SELECTOR-DOMAIN-EQSRC-LEDGER-COMPLETE-SOURCE-FAMILY-GENERATOR-PACKET-AUDITED-OBSLOC-OBSERVER-READOUT-RESP-LC-SOURCE-RESPONSE-OBSTRUCTION-THEOREM-REFUTER-STRESS-TEST,research_control/tasks/RT-20260614-043/artifacts/84_LOCALIZATION_SOURCE_BASIS_AXIOM_SELECTOR_DOMAIN_EQSRC_LEDGER_COMPLETE_SOURCE_FAMILY_GENERATOR_PACKET_AUDITED_OBSLOC_OBSERVER_READOUT_RESP_LC_SOURCE_RESPONSE_OBSTRUCTION_THEOREM_REFUTER_STRESS_TEST.tex,60b7c073b038a65231e564bfcd783fd7ea4fbda1fb3e38f87c03fa04fe52ef2c,47c83bcb4c7e9af54a95429badaa465bc06b0fed7502484398dfb543a3578a4f,tex,2026-06-17T04:00:28Z
WIKI-TEX-RESEARCH-CONTROL-LOCALIZATION-SOURCE-BASIS-AXIOM-SELECTOR-DOMAIN-EQSRC-LEDGER-COMPLETE-SOURCE-FAMILY-GENERATOR-PACKET-AUDITED-OBSLOC-OBSERVER-READOUT-RESP-LC-SOURCE-SIDE-IRRELEVANCE-THEOREM-TEST,wiki/tex/tex-research-control-localization-source-basis-axiom-selector-domain-eqsrc-ledger-complete-source-family-generator-packet-audited-obsloc-observer-readout-resp-lc-source-side-irrelevance-theorem-test.md,wiki_markdown,generated_metadata_note,generated_noncanonical,humans_and_agents,9a78ab92c52930e241d4422b628bdd99c4fede9a8bf79009829474c8f8559059,TEX-RESEARCH-CONTROL-LOCALIZATION-SOURCE-BASIS-AXIOM-SELECTOR-DOMAIN-EQSRC-LEDGER-COMPLETE-SOURCE-FAMILY-GENERATOR-PACKET-AUDITED-OBSLOC-OBSERVER-READOUT-RESP-LC-SOURCE-SIDE-IRRELEVANCE-THEOREM-TEST,TEX-RESEARCH-CONTROL-LOCALIZATION-SOURCE-BASIS-AXIOM-SELECTOR-DOMAIN-EQSRC-LEDGER-COMPLETE-SOURCE-FAMILY-GENERATOR-PACKET-AUDITED-OBSLOC-OBSERVER-READOUT-RESP-LC-SOURCE-SIDE-IRRELEVANCE-THEOREM-TEST,,markdown-wiki,PASS,2026-06-17T05:12:23Z,Generated metadata note; not canonical authority.,TEX-RESEARCH-CONTROL-LOCALIZATION-SOURCE-BASIS-AXIOM-SELECTOR-DOMAIN-EQSRC-LEDGER-COMPLETE-SOURCE-FAMILY-GENERATOR-PACKET-AUDITED-OBSLOC-OBSERVER-READOUT-RESP-LC-SOURCE-SIDE-IRRELEVANCE-THEOREM-TEST,research_control/tasks/RT-20260614-045/artifacts/86_LOCALIZATION_SOURCE_BASIS_AXIOM_SELECTOR_DOMAIN_EQSRC_LEDGER_COMPLETE_SOURCE_FAMILY_GENERATOR_PACKET_AUDITED_OBSLOC_OBSERVER_READOUT_RESP_LC_SOURCE_SIDE_IRRELEVANCE_THEOREM_TEST.tex,b2a0f6c62c52b9f322193bfa2540831fb7dd81b6689e4a675b825b9a524a650a,9a78ab92c52930e241d4422b628bdd99c4fede9a8bf79009829474c8f8559059,tex,2026-06-17T05:12:23Z
WIKI-TEX-RESEARCH-CONTROL-LOCALIZATION-SOURCE-BASIS-AXIOM-SELECTOR-DOMAIN-EQSRC-LEDGER-COMPLETE-SOURCE-FAMILY-GENERATOR-PACKET-AUDITED-OBSLOC-OBSERVER-READOUT-RESP-LC-SOURCE-SIDE-SELECTOR-INSTANTIATION-REFUTER-STRESS-TEST,wiki/tex/tex-research-control-localization-source-basis-axiom-selector-domain-eqsrc-ledger-complete-source-family-generator-packet-audited-obsloc-observer-readout-resp-lc-source-side-selector-instantiation-refuter-stress-test.md,wiki_markdown,generated_metadata_note,generated_noncanonical,humans_and_agents,03c9e3ee43e8c34bff95c91f62f382db11f74d8516f7690241f073b789b19316,TEX-RESEARCH-CONTROL-LOCALIZATION-SOURCE-BASIS-AXIOM-SELECTOR-DOMAIN-EQSRC-LEDGER-COMPLETE-SOURCE-FAMILY-GENERATOR-PACKET-AUDITED-OBSLOC-OBSERVER-READOUT-RESP-LC-SOURCE-SIDE-SELECTOR-INSTANTIATION-REFUTER-STRESS-TEST,TEX-RESEARCH-CONTROL-LOCALIZATION-SOURCE-BASIS-AXIOM-SELECTOR-DOMAIN-EQSRC-LEDGER-COMPLETE-SOURCE-FAMILY-GENERATOR-PACKET-AUDITED-OBSLOC-OBSERVER-READOUT-RESP-LC-SOURCE-SIDE-SELECTOR-INSTANTIATION-REFUTER-STRESS-TEST,,markdown-wiki,PASS,2026-06-17T05:48:35Z,Generated metadata note; not canonical authority.,TEX-RESEARCH-CONTROL-LOCALIZATION-SOURCE-BASIS-AXIOM-SELECTOR-DOMAIN-EQSRC-LEDGER-COMPLETE-SOURCE-FAMILY-GENERATOR-PACKET-AUDITED-OBSLOC-OBSERVER-READOUT-RESP-LC-SOURCE-SIDE-SELECTOR-INSTANTIATION-REFUTER-STRESS-TEST,research_control/tasks/RT-20260614-048/artifacts/89_LOCALIZATION_SOURCE_BASIS_AXIOM_SELECTOR_DOMAIN_EQSRC_LEDGER_COMPLETE_SOURCE_FAMILY_GENERATOR_PACKET_AUDITED_OBSLOC_OBSERVER_READOUT_RESP_LC_SOURCE_SIDE_SELECTOR_INSTANTIATION_REFUTER_STRESS_TEST.tex,0894310329e6c9e25a4274411d0fae71af68b93b7274f6786d6714603099466b,03c9e3ee43e8c34bff95c91f62f382db11f74d8516f7690241f073b789b19316,tex,2026-06-17T05:48:35Z
WIKI-TEX-RESEARCH-CONTROL-LOCALIZATION-SOURCE-BASIS-AXIOM-SELECTOR-DOMAIN-EQSRC-LEDGER-COMPLETE-SOURCE-FAMILY-GENERATOR-PACKET-AUDITED-OBSLOC-OBSERVER-READOUT-RESP-LC-SOURCE-SIDE-SELECTOR-NO-GO-THEOREM-PACKET,wiki/tex/tex-research-control-localization-source-basis-axiom-selector-domain-eqsrc-ledger-complete-source-family-generator-packet-audited-obsloc-observer-readout-resp-lc-source-side-selector-no-go-theorem-packet.md,wiki_markdown,generated_metadata_note,generated_noncanonical,humans_and_agents,f651888fa4487a97a13314c1c419b95f7ef9e39e232429f830aa95ea035e4f1a,TEX-RESEARCH-CONTROL-LOCALIZATION-SOURCE-BASIS-AXIOM-SELECTOR-DOMAIN-EQSRC-LEDGER-COMPLETE-SOURCE-FAMILY-GENERATOR-PACKET-AUDITED-OBSLOC-OBSERVER-READOUT-RESP-LC-SOURCE-SIDE-SELECTOR-NO-GO-THEOREM-PACKET,TEX-RESEARCH-CONTROL-LOCALIZATION-SOURCE-BASIS-AXIOM-SELECTOR-DOMAIN-EQSRC-LEDGER-COMPLETE-SOURCE-FAMILY-GENERATOR-PACKET-AUDITED-OBSLOC-OBSERVER-READOUT-RESP-LC-SOURCE-SIDE-SELECTOR-NO-GO-THEOREM-PACKET,,markdown-wiki,PASS,2026-06-17T06:25:49Z,Generated metadata note; not canonical authority.,TEX-RESEARCH-CONTROL-LOCALIZATION-SOURCE-BASIS-AXIOM-SELECTOR-DOMAIN-EQSRC-LEDGER-COMPLETE-SOURCE-FAMILY-GENERATOR-PACKET-AUDITED-OBSLOC-OBSERVER-READOUT-RESP-LC-SOURCE-SIDE-SELECTOR-NO-GO-THEOREM-PACKET,research_control/tasks/RT-20260614-050/artifacts/91_LOCALIZATION_SOURCE_BASIS_AXIOM_SELECTOR_DOMAIN_EQSRC_LEDGER_COMPLETE_SOURCE_FAMILY_GENERATOR_PACKET_AUDITED_OBSLOC_OBSERVER_READOUT_RESP_LC_SOURCE_SIDE_SELECTOR_NO_GO_THEOREM_PACKET.tex,3a10b9f55a51b7fbba2e9a45d74f13f6189e399d747e4df0a3885670045ce142,f651888fa4487a97a13314c1c419b95f7ef9e39e232429f830aa95ea035e4f1a,tex,2026-06-17T06:25:49Z
WIKI-TEX-RESEARCH-CONTROL-LOCALIZATION-SOURCE-BASIS-AXIOM-SELECTOR-DOMAIN-EQSRC-LEDGER-COMPLETE-SOURCE-FAMILY-GENERATOR-PACKET-AUDITED-OBSLOC-OBSERVER-READOUT-RESP-LC-SOURCE-SIDE-SELECTOR-PRIMITIVE-PACKET,wiki/tex/tex-research-control-localization-source-basis-axiom-selector-domain-eqsrc-ledger-complete-source-family-generator-packet-audited-obsloc-observer-readout-resp-lc-source-side-selector-primitive-packet.md,wiki_markdown,generated_metadata_note,generated_noncanonical,humans_and_agents,756e138990e4e729e8077b0294a172b2856a723e177d19419962aac269fe63c5,TEX-RESEARCH-CONTROL-LOCALIZATION-SOURCE-BASIS-AXIOM-SELECTOR-DOMAIN-EQSRC-LEDGER-COMPLETE-SOURCE-FAMILY-GENERATOR-PACKET-AUDITED-OBSLOC-OBSERVER-READOUT-RESP-LC-SOURCE-SIDE-SELECTOR-PRIMITIVE-PACKET,TEX-RESEARCH-CONTROL-LOCALIZATION-SOURCE-BASIS-AXIOM-SELECTOR-DOMAIN-EQSRC-LEDGER-COMPLETE-SOURCE-FAMILY-GENERATOR-PACKET-AUDITED-OBSLOC-OBSERVER-READOUT-RESP-LC-SOURCE-SIDE-SELECTOR-PRIMITIVE-PACKET,,markdown-wiki,PASS,2026-06-17T05:24:09Z,Generated metadata note; not canonical authority.,TEX-RESEARCH-CONTROL-LOCALIZATION-SOURCE-BASIS-AXIOM-SELECTOR-DOMAIN-EQSRC-LEDGER-COMPLETE-SOURCE-FAMILY-GENERATOR-PACKET-AUDITED-OBSLOC-OBSERVER-READOUT-RESP-LC-SOURCE-SIDE-SELECTOR-PRIMITIVE-PACKET,research_control/tasks/RT-20260614-046/artifacts/87_LOCALIZATION_SOURCE_BASIS_AXIOM_SELECTOR_DOMAIN_EQSRC_LEDGER_COMPLETE_SOURCE_FAMILY_GENERATOR_PACKET_AUDITED_OBSLOC_OBSERVER_READOUT_RESP_LC_SOURCE_SIDE_SELECTOR_PRIMITIVE_PACKET.tex,6635df6462d0e9dff0efe6c4f0fd1d949969379b18fc34551f5fc0a357d249b3,756e138990e4e729e8077b0294a172b2856a723e177d19419962aac269fe63c5,tex,2026-06-17T05:24:09Z
WIKI-TEX-RESEARCH-CONTROL-LOCALIZATION-SOURCE-BASIS-AXIOM-SELECTOR-DOMAIN-EQSRC-LEDGER-COMPLETE-SOURCE-FAMILY-GENERATOR-PACKET-AUDITED-OBSLOC-OBSERVER-READOUT-RESP-LC-SOURCE-SIDE-SELECTOR-PRIMITIVE-SMUGGLING-AUDIT,wiki/tex/tex-research-control-localization-source-basis-axiom-selector-domain-eqsrc-ledger-complete-source-family-generator-packet-audited-obsloc-observer-readout-resp-lc-source-side-selector-primitive-smuggling-audit.md,wiki_markdown,generated_metadata_note,generated_noncanonical,humans_and_agents,89ffd9deaf5cc9fb590ace4dadaedc2adcd05b2cd405b657e04b761b758bf817,TEX-RESEARCH-CONTROL-LOCALIZATION-SOURCE-BASIS-AXIOM-SELECTOR-DOMAIN-EQSRC-LEDGER-COMPLETE-SOURCE-FAMILY-GENERATOR-PACKET-AUDITED-OBSLOC-OBSERVER-READOUT-RESP-LC-SOURCE-SIDE-SELECTOR-PRIMITIVE-SMUGGLING-AUDIT,TEX-RESEARCH-CONTROL-LOCALIZATION-SOURCE-BASIS-AXIOM-SELECTOR-DOMAIN-EQSRC-LEDGER-COMPLETE-SOURCE-FAMILY-GENERATOR-PACKET-AUDITED-OBSLOC-OBSERVER-READOUT-RESP-LC-SOURCE-SIDE-SELECTOR-PRIMITIVE-SMUGGLING-AUDIT,,markdown-wiki,PASS,2026-06-17T05:35:34Z,Generated metadata note; not canonical authority.,TEX-RESEARCH-CONTROL-LOCALIZATION-SOURCE-BASIS-AXIOM-SELECTOR-DOMAIN-EQSRC-LEDGER-COMPLETE-SOURCE-FAMILY-GENERATOR-PACKET-AUDITED-OBSLOC-OBSERVER-READOUT-RESP-LC-SOURCE-SIDE-SELECTOR-PRIMITIVE-SMUGGLING-AUDIT,research_control/tasks/RT-20260614-047/artifacts/88_LOCALIZATION_SOURCE_BASIS_AXIOM_SELECTOR_DOMAIN_EQSRC_LEDGER_COMPLETE_SOURCE_FAMILY_GENERATOR_PACKET_AUDITED_OBSLOC_OBSERVER_READOUT_RESP_LC_SOURCE_SIDE_SELECTOR_PRIMITIVE_SMUGGLING_AUDIT.tex,2823e428bac42aaadf154bc6d613a4493dfc24559cc362a451b928b5590ecca2,89ffd9deaf5cc9fb590ace4dadaedc2adcd05b2cd405b657e04b761b758bf817,tex,2026-06-17T05:35:34Z
WIKI-TEX-RESEARCH-CONTROL-LOCALIZATION-SOURCE-BASIS-AXIOM-SELECTOR-DOMAIN-EQSRC-LEDGER-COMPLETE-SOURCE-FAMILY-GENERATOR-PACKET-FINITE-EXAMPLE-READOUT-WITNESS,wiki/tex/tex-research-control-localization-source-basis-axiom-selector-domain-eqsrc-ledger-complete-source-family-generator-packet-finite-example-readout-witness.md,wiki_markdown,generated_metadata_note,generated_noncanonical,humans_and_agents,d87999995808b2819747be4ef17e48c324d7085cb208b92b7394b9e4ef6c7a8a,TEX-RESEARCH-CONTROL-LOCALIZATION-SOURCE-BASIS-AXIOM-SELECTOR-DOMAIN-EQSRC-LEDGER-COMPLETE-SOURCE-FAMILY-GENERATOR-PACKET-FINITE-EXAMPLE-READOUT-WITNESS,TEX-RESEARCH-CONTROL-LOCALIZATION-SOURCE-BASIS-AXIOM-SELECTOR-DOMAIN-EQSRC-LEDGER-COMPLETE-SOURCE-FAMILY-GENERATOR-PACKET-FINITE-EXAMPLE-READOUT-WITNESS,,markdown-wiki,PASS,2026-06-16T01:13:38Z,Generated metadata note; not canonical authority.,TEX-RESEARCH-CONTROL-LOCALIZATION-SOURCE-BASIS-AXIOM-SELECTOR-DOMAIN-EQSRC-LEDGER-COMPLETE-SOURCE-FAMILY-GENERATOR-PACKET-FINITE-EXAMPLE-READOUT-WITNESS,research_control/tasks/RT-20260614-026/artifacts/67_LOCALIZATION_SOURCE_BASIS_AXIOM_SELECTOR_DOMAIN_EQSRC_LEDGER_COMPLETE_SOURCE_FAMILY_GENERATOR_PACKET_FINITE_EXAMPLE_READOUT_WITNESS.tex,29b81e77411ee5f96019758f87123e6de2989f1dbb7dc66bd7dce4223ce78ba6,d87999995808b2819747be4ef17e48c324d7085cb208b92b7394b9e4ef6c7a8a,tex,2026-06-16T01:13:38Z
WIKI-TEX-RESEARCH-CONTROL-LOCALIZATION-SOURCE-BASIS-AXIOM-SELECTOR-DOMAIN-EQSRC-LEDGER-COMPLETE-SOURCE-FAMILY-GENERATOR-PACKET-FINITE-EXAMPLE-READOUT-WITNESS-REFUTER-STRESS-TEST,wiki/tex/tex-research-control-localization-source-basis-axiom-selector-domain-eqsrc-ledger-complete-source-family-generator-packet-finite-example-readout-witness-refuter-stress-test.md,wiki_markdown,generated_metadata_note,generated_noncanonical,humans_and_agents,6f47c03d628b6fc0c61bf5b6c97b7c6d9eca76a94df9842580107023dd009fb3,TEX-RESEARCH-CONTROL-LOCALIZATION-SOURCE-BASIS-AXIOM-SELECTOR-DOMAIN-EQSRC-LEDGER-COMPLETE-SOURCE-FAMILY-GENERATOR-PACKET-FINITE-EXAMPLE-READOUT-WITNESS-REFUTER-STRESS-TEST,TEX-RESEARCH-CONTROL-LOCALIZATION-SOURCE-BASIS-AXIOM-SELECTOR-DOMAIN-EQSRC-LEDGER-COMPLETE-SOURCE-FAMILY-GENERATOR-PACKET-FINITE-EXAMPLE-READOUT-WITNESS-REFUTER-STRESS-TEST,,markdown-wiki,PASS,2026-06-16T03:18:16Z,Generated metadata note; not canonical authority.,TEX-RESEARCH-CONTROL-LOCALIZATION-SOURCE-BASIS-AXIOM-SELECTOR-DOMAIN-EQSRC-LEDGER-COMPLETE-SOURCE-FAMILY-GENERATOR-PACKET-FINITE-EXAMPLE-READOUT-WITNESS-REFUTER-STRESS-TEST,research_control/tasks/RT-20260614-028/artifacts/69_LOCALIZATION_SOURCE_BASIS_AXIOM_SELECTOR_DOMAIN_EQSRC_LEDGER_COMPLETE_SOURCE_FAMILY_GENERATOR_PACKET_FINITE_EXAMPLE_READOUT_WITNESS_REFUTER_STRESS_TEST.tex,76bf761b141b5b389dccc140d5b096cadcb944fbd5b8e78d5b9310cbfc91c4fc,6f47c03d628b6fc0c61bf5b6c97b7c6d9eca76a94df9842580107023dd009fb3,tex,2026-06-16T03:18:16Z
WIKI-TEX-RESEARCH-CONTROL-LOCALIZATION-SOURCE-BASIS-AXIOM-SELECTOR-DOMAIN-EQSRC-LEDGER-COMPLETE-SOURCE-FAMILY-GENERATOR-PACKET-FINITE-EXAMPLE-READOUT-WITNESS-SMUGGLING-AUDIT,wiki/tex/tex-research-control-localization-source-basis-axiom-selector-domain-eqsrc-ledger-complete-source-family-generator-packet-finite-example-readout-witness-smuggling-audit.md,wiki_markdown,generated_metadata_note,generated_noncanonical,humans_and_agents,e0d32eee46296222e0ec958dc3b2a3d35fd7ea66fa04cde026265f267e0d133a,TEX-RESEARCH-CONTROL-LOCALIZATION-SOURCE-BASIS-AXIOM-SELECTOR-DOMAIN-EQSRC-LEDGER-COMPLETE-SOURCE-FAMILY-GENERATOR-PACKET-FINITE-EXAMPLE-READOUT-WITNESS-SMUGGLING-AUDIT,TEX-RESEARCH-CONTROL-LOCALIZATION-SOURCE-BASIS-AXIOM-SELECTOR-DOMAIN-EQSRC-LEDGER-COMPLETE-SOURCE-FAMILY-GENERATOR-PACKET-FINITE-EXAMPLE-READOUT-WITNESS-SMUGGLING-AUDIT,,markdown-wiki,PASS,2026-06-16T02:48:24Z,Generated metadata note; not canonical authority.,TEX-RESEARCH-CONTROL-LOCALIZATION-SOURCE-BASIS-AXIOM-SELECTOR-DOMAIN-EQSRC-LEDGER-COMPLETE-SOURCE-FAMILY-GENERATOR-PACKET-FINITE-EXAMPLE-READOUT-WITNESS-SMUGGLING-AUDIT,research_control/tasks/RT-20260614-027/artifacts/68_LOCALIZATION_SOURCE_BASIS_AXIOM_SELECTOR_DOMAIN_EQSRC_LEDGER_COMPLETE_SOURCE_FAMILY_GENERATOR_PACKET_FINITE_EXAMPLE_READOUT_WITNESS_SMUGGLING_AUDIT.tex,6740e9e168bed5b6cf349005fb8c7c5ab32a1787307d2b1999fc5dee572add4d,e0d32eee46296222e0ec958dc3b2a3d35fd7ea66fa04cde026265f267e0d133a,tex,2026-06-16T02:48:24Z
WIKI-TEX-RESEARCH-CONTROL-LOCALIZATION-SOURCE-BASIS-AXIOM-SELECTOR-DOMAIN-EQSRC-LEDGER-COMPLETE-SOURCE-FAMILY-GENERATOR-PACKET-FINITE-VARIATION-REPAIR-OR-CONTROLLED-PAUSE-PACKET,wiki/tex/tex-research-control-localization-source-basis-axiom-selector-domain-eqsrc-ledger-complete-source-family-generator-packet-finite-variation-repair-or-controlled-pause-packet.md,wiki_markdown,generated_metadata_note,generated_noncanonical,humans_and_agents,8561566ff34c9b2f2c5cfd818001c826d54b3a4c3cfeae3d4415df88c1462861,TEX-RESEARCH-CONTROL-LOCALIZATION-SOURCE-BASIS-AXIOM-SELECTOR-DOMAIN-EQSRC-LEDGER-COMPLETE-SOURCE-FAMILY-GENERATOR-PACKET-FINITE-VARIATION-REPAIR-OR-CONTROLLED-PAUSE-PACKET,TEX-RESEARCH-CONTROL-LOCALIZATION-SOURCE-BASIS-AXIOM-SELECTOR-DOMAIN-EQSRC-LEDGER-COMPLETE-SOURCE-FAMILY-GENERATOR-PACKET-FINITE-VARIATION-REPAIR-OR-CONTROLLED-PAUSE-PACKET,,markdown-wiki,PASS,2026-06-16T04:08:02Z,Generated metadata note; not canonical authority.,TEX-RESEARCH-CONTROL-LOCALIZATION-SOURCE-BASIS-AXIOM-SELECTOR-DOMAIN-EQSRC-LEDGER-COMPLETE-SOURCE-FAMILY-GENERATOR-PACKET-FINITE-VARIATION-REPAIR-OR-CONTROLLED-PAUSE-PACKET,research_control/tasks/RT-20260614-032/artifacts/73_LOCALIZATION_SOURCE_BASIS_AXIOM_SELECTOR_DOMAIN_EQSRC_LEDGER_COMPLETE_SOURCE_FAMILY_GENERATOR_PACKET_FINITE_VARIATION_REPAIR_OR_CONTROLLED_PAUSE_PACKET.tex,3e9b7a24030b3b8e5df941d199206dc57d35aba8b2b32392413df34feadf8079,8561566ff34c9b2f2c5cfd818001c826d54b3a4c3cfeae3d4415df88c1462861,tex,2026-06-16T04:08:02Z
WIKI-TEX-RESEARCH-CONTROL-LOCALIZATION-SOURCE-BASIS-AXIOM-SELECTOR-DOMAIN-EQSRC-LEDGER-COMPLETE-SOURCE-FAMILY-GENERATOR-PACKET-FINITE-VARIATION-REPAIR-OR-CONTROLLED-PAUSE-PACKET-REFUTER-STRESS-TEST,wiki/tex/tex-research-control-localization-source-basis-axiom-selector-domain-eqsrc-ledger-complete-source-family-generator-packet-finite-variation-repair-or-controlled-pause-packet-refuter-stress-test.md,wiki_markdown,generated_metadata_note,generated_noncanonical,humans_and_agents,d8ac0732c6dfd71a52478719785dddbe40087ce52be868d9c581f2abd3017ced,TEX-RESEARCH-CONTROL-LOCALIZATION-SOURCE-BASIS-AXIOM-SELECTOR-DOMAIN-EQSRC-LEDGER-COMPLETE-SOURCE-FAMILY-GENERATOR-PACKET-FINITE-VARIATION-REPAIR-OR-CONTROLLED-PAUSE-PACKET-REFUTER-STRESS-TEST,TEX-RESEARCH-CONTROL-LOCALIZATION-SOURCE-BASIS-AXIOM-SELECTOR-DOMAIN-EQSRC-LEDGER-COMPLETE-SOURCE-FAMILY-GENERATOR-PACKET-FINITE-VARIATION-REPAIR-OR-CONTROLLED-PAUSE-PACKET-REFUTER-STRESS-TEST,,markdown-wiki,PASS,2026-06-16T20:03:03Z,Generated metadata note; not canonical authority.,TEX-RESEARCH-CONTROL-LOCALIZATION-SOURCE-BASIS-AXIOM-SELECTOR-DOMAIN-EQSRC-LEDGER-COMPLETE-SOURCE-FAMILY-GENERATOR-PACKET-FINITE-VARIATION-REPAIR-OR-CONTROLLED-PAUSE-PACKET-REFUTER-STRESS-TEST,research_control/tasks/RT-20260614-034/artifacts/75_LOCALIZATION_SOURCE_BASIS_AXIOM_SELECTOR_DOMAIN_EQSRC_LEDGER_COMPLETE_SOURCE_FAMILY_GENERATOR_PACKET_FINITE_VARIATION_REPAIR_OR_CONTROLLED_PAUSE_PACKET_REFUTER_STRESS_TEST.tex,f4f3eccf25e36a79c450f478d04d2d051a9a02474634b73dfe6e70ffcb63d3d0,d8ac0732c6dfd71a52478719785dddbe40087ce52be868d9c581f2abd3017ced,tex,2026-06-16T20:03:03Z
WIKI-TEX-RESEARCH-CONTROL-LOCALIZATION-SOURCE-BASIS-AXIOM-SELECTOR-DOMAIN-EQSRC-LEDGER-COMPLETE-SOURCE-FAMILY-GENERATOR-PACKET-FINITE-VARIATION-REPAIR-OR-CONTROLLED-PAUSE-PACKET-SMUGGLING-AUDIT,wiki/tex/tex-research-control-localization-source-basis-axiom-selector-domain-eqsrc-ledger-complete-source-family-generator-packet-finite-variation-repair-or-controlled-pause-packet-smuggling-audit.md,wiki_markdown,generated_metadata_note,generated_noncanonical,humans_and_agents,ade466e9d61ef2d0d54ee4bd949684e8b7a6f2891b4ceddef2782f75ec847b7d,TEX-RESEARCH-CONTROL-LOCALIZATION-SOURCE-BASIS-AXIOM-SELECTOR-DOMAIN-EQSRC-LEDGER-COMPLETE-SOURCE-FAMILY-GENERATOR-PACKET-FINITE-VARIATION-REPAIR-OR-CONTROLLED-PAUSE-PACKET-SMUGGLING-AUDIT,TEX-RESEARCH-CONTROL-LOCALIZATION-SOURCE-BASIS-AXIOM-SELECTOR-DOMAIN-EQSRC-LEDGER-COMPLETE-SOURCE-FAMILY-GENERATOR-PACKET-FINITE-VARIATION-REPAIR-OR-CONTROLLED-PAUSE-PACKET-SMUGGLING-AUDIT,,markdown-wiki,PASS,2026-06-16T04:19:00Z,Generated metadata note; not canonical authority.,TEX-RESEARCH-CONTROL-LOCALIZATION-SOURCE-BASIS-AXIOM-SELECTOR-DOMAIN-EQSRC-LEDGER-COMPLETE-SOURCE-FAMILY-GENERATOR-PACKET-FINITE-VARIATION-REPAIR-OR-CONTROLLED-PAUSE-PACKET-SMUGGLING-AUDIT,research_control/tasks/RT-20260614-033/artifacts/74_LOCALIZATION_SOURCE_BASIS_AXIOM_SELECTOR_DOMAIN_EQSRC_LEDGER_COMPLETE_SOURCE_FAMILY_GENERATOR_PACKET_FINITE_VARIATION_REPAIR_OR_CONTROLLED_PAUSE_PACKET_SMUGGLING_AUDIT.tex,55b0a73d1b0e1ac9eed5cf0e3256d32920a736c9e25234ef62d3da0f407a145f,ade466e9d61ef2d0d54ee4bd949684e8b7a6f2891b4ceddef2782f75ec847b7d,tex,2026-06-16T04:19:00Z
WIKI-TEX-RESEARCH-CONTROL-LOCALIZATION-SOURCE-BASIS-AXIOM-SELECTOR-DOMAIN-EQSRC-LEDGER-COMPLETE-SOURCE-FAMILY-GENERATOR-PACKET-FINITE-VARIATION-ROBUSTNESS-READOUT-DISCRIMINANT-OBLIGATION-PACKET,wiki/tex/tex-research-control-localization-source-basis-axiom-selector-domain-eqsrc-ledger-complete-source-family-generator-packet-finite-variation-robustness-readout-discriminant-obligation-packet.md,wiki_markdown,generated_metadata_note,generated_noncanonical,humans_and_agents,7d3c063391a2ea76b1d6fcccfbf979b9139d51857d28076611258eac6ae86be5,TEX-RESEARCH-CONTROL-LOCALIZATION-SOURCE-BASIS-AXIOM-SELECTOR-DOMAIN-EQSRC-LEDGER-COMPLETE-SOURCE-FAMILY-GENERATOR-PACKET-FINITE-VARIATION-ROBUSTNESS-READOUT-DISCRIMINANT-OBLIGATION-PACKET,TEX-RESEARCH-CONTROL-LOCALIZATION-SOURCE-BASIS-AXIOM-SELECTOR-DOMAIN-EQSRC-LEDGER-COMPLETE-SOURCE-FAMILY-GENERATOR-PACKET-FINITE-VARIATION-ROBUSTNESS-READOUT-DISCRIMINANT-OBLIGATION-PACKET,,markdown-wiki,PASS,2026-06-16T03:34:19Z,Generated metadata note; not canonical authority.,TEX-RESEARCH-CONTROL-LOCALIZATION-SOURCE-BASIS-AXIOM-SELECTOR-DOMAIN-EQSRC-LEDGER-COMPLETE-SOURCE-FAMILY-GENERATOR-PACKET-FINITE-VARIATION-ROBUSTNESS-READOUT-DISCRIMINANT-OBLIGATION-PACKET,research_control/tasks/RT-20260614-029/artifacts/70_LOCALIZATION_SOURCE_BASIS_AXIOM_SELECTOR_DOMAIN_EQSRC_LEDGER_COMPLETE_SOURCE_FAMILY_GENERATOR_PACKET_FINITE_VARIATION_ROBUSTNESS_READOUT_DISCRIMINANT_OBLIGATION_PACKET.tex,cd507a8fadd9059325aa6ebc7632f74759e81dc30de2e85b410f9fbc5c9c2618,7d3c063391a2ea76b1d6fcccfbf979b9139d51857d28076611258eac6ae86be5,tex,2026-06-16T03:34:19Z
WIKI-TEX-RESEARCH-CONTROL-LOCALIZATION-SOURCE-BASIS-AXIOM-SELECTOR-DOMAIN-EQSRC-LEDGER-COMPLETE-SOURCE-FAMILY-GENERATOR-PACKET-FINITE-VARIATION-ROBUSTNESS-READOUT-DISCRIMINANT-OBLIGATION-PACKET-REFUTER-STRESS-TEST,wiki/tex/tex-research-control-localization-source-basis-axiom-selector-domain-eqsrc-ledger-complete-source-family-generator-packet-finite-variation-robustness-readout-discriminant-obligation-packet-refuter-stress-test.md,wiki_markdown,generated_metadata_note,generated_noncanonical,humans_and_agents,3332a31bc842b51868db57462f31f7042ef2ff2a598239a0cb858db7e4f3e272,TEX-RESEARCH-CONTROL-LOCALIZATION-SOURCE-BASIS-AXIOM-SELECTOR-DOMAIN-EQSRC-LEDGER-COMPLETE-SOURCE-FAMILY-GENERATOR-PACKET-FINITE-VARIATION-ROBUSTNESS-READOUT-DISCRIMINANT-OBLIGATION-PACKET-REFUTER-STRESS-TEST,TEX-RESEARCH-CONTROL-LOCALIZATION-SOURCE-BASIS-AXIOM-SELECTOR-DOMAIN-EQSRC-LEDGER-COMPLETE-SOURCE-FAMILY-GENERATOR-PACKET-FINITE-VARIATION-ROBUSTNESS-READOUT-DISCRIMINANT-OBLIGATION-PACKET-REFUTER-STRESS-TEST,,markdown-wiki,PASS,2026-06-16T03:57:16Z,Generated metadata note; not canonical authority.,TEX-RESEARCH-CONTROL-LOCALIZATION-SOURCE-BASIS-AXIOM-SELECTOR-DOMAIN-EQSRC-LEDGER-COMPLETE-SOURCE-FAMILY-GENERATOR-PACKET-FINITE-VARIATION-ROBUSTNESS-READOUT-DISCRIMINANT-OBLIGATION-PACKET-REFUTER-STRESS-TEST,research_control/tasks/RT-20260614-031/artifacts/72_LOCALIZATION_SOURCE_BASIS_AXIOM_SELECTOR_DOMAIN_EQSRC_LEDGER_COMPLETE_SOURCE_FAMILY_GENERATOR_PACKET_FINITE_VARIATION_ROBUSTNESS_READOUT_DISCRIMINANT_OBLIGATION_PACKET_REFUTER_STRESS_TEST.tex,4d65bae9f7e49cd24ffb62f18da32d65c33a6e295c752ca9a8402680d8214607,3332a31bc842b51868db57462f31f7042ef2ff2a598239a0cb858db7e4f3e272,tex,2026-06-16T03:57:16Z
WIKI-TEX-RESEARCH-CONTROL-LOCALIZATION-SOURCE-BASIS-AXIOM-SELECTOR-DOMAIN-EQSRC-LEDGER-COMPLETE-SOURCE-FAMILY-GENERATOR-PACKET-FINITE-VARIATION-ROBUSTNESS-READOUT-DISCRIMINANT-OBLIGATION-PACKET-SMUGGLING-AUDIT,wiki/tex/tex-research-control-localization-source-basis-axiom-selector-domain-eqsrc-ledger-complete-source-family-generator-packet-finite-variation-robustness-readout-discriminant-obligation-packet-smuggling-audit.md,wiki_markdown,generated_metadata_note,generated_noncanonical,humans_and_agents,13bbf0b59d280855a2a1fd9162d26318767088d8a43c6762434c55ec914cba65,TEX-RESEARCH-CONTROL-LOCALIZATION-SOURCE-BASIS-AXIOM-SELECTOR-DOMAIN-EQSRC-LEDGER-COMPLETE-SOURCE-FAMILY-GENERATOR-PACKET-FINITE-VARIATION-ROBUSTNESS-READOUT-DISCRIMINANT-OBLIGATION-PACKET-SMUGGLING-AUDIT,TEX-RESEARCH-CONTROL-LOCALIZATION-SOURCE-BASIS-AXIOM-SELECTOR-DOMAIN-EQSRC-LEDGER-COMPLETE-SOURCE-FAMILY-GENERATOR-PACKET-FINITE-VARIATION-ROBUSTNESS-READOUT-DISCRIMINANT-OBLIGATION-PACKET-SMUGGLING-AUDIT,,markdown-wiki,PASS,2026-06-16T03:45:14Z,Generated metadata note; not canonical authority.,TEX-RESEARCH-CONTROL-LOCALIZATION-SOURCE-BASIS-AXIOM-SELECTOR-DOMAIN-EQSRC-LEDGER-COMPLETE-SOURCE-FAMILY-GENERATOR-PACKET-FINITE-VARIATION-ROBUSTNESS-READOUT-DISCRIMINANT-OBLIGATION-PACKET-SMUGGLING-AUDIT,research_control/tasks/RT-20260614-030/artifacts/71_LOCALIZATION_SOURCE_BASIS_AXIOM_SELECTOR_DOMAIN_EQSRC_LEDGER_COMPLETE_SOURCE_FAMILY_GENERATOR_PACKET_FINITE_VARIATION_ROBUSTNESS_READOUT_DISCRIMINANT_OBLIGATION_PACKET_SMUGGLING_AUDIT.tex,168f8f74fc8d43a5fdff777715eb3a75567f76a0bbee9e5dcd5b90b752e4f092,13bbf0b59d280855a2a1fd9162d26318767088d8a43c6762434c55ec914cba65,tex,2026-06-16T03:45:14Z
WIKI-TEX-RESEARCH-CONTROL-LOCALIZATION-SOURCE-BASIS-AXIOM-SELECTOR-DOMAIN-EQSRC-LEDGER-COMPLETE-SOURCE-FAMILY-GENERATOR-PACKET-OBSERVER-LOCALIZING-SOLDERING-RULE-CONCRETE-WITNESS,wiki/tex/tex-research-control-localization-source-basis-axiom-selector-domain-eqsrc-ledger-complete-source-family-generator-packet-observer-localizing-soldering-rule-concrete-witness.md,wiki_markdown,generated_metadata_note,generated_noncanonical,humans_and_agents,29a63e4fd61f21448464f51d0757e3dfe339c72c14ad356a463d2b24e758d553,TEX-RESEARCH-CONTROL-LOCALIZATION-SOURCE-BASIS-AXIOM-SELECTOR-DOMAIN-EQSRC-LEDGER-COMPLETE-SOURCE-FAMILY-GENERATOR-PACKET-OBSERVER-LOCALIZING-SOLDERING-RULE-CONCRETE-WITNESS,TEX-RESEARCH-CONTROL-LOCALIZATION-SOURCE-BASIS-AXIOM-SELECTOR-DOMAIN-EQSRC-LEDGER-COMPLETE-SOURCE-FAMILY-GENERATOR-PACKET-OBSERVER-LOCALIZING-SOLDERING-RULE-CONCRETE-WITNESS,,markdown-wiki,PASS,2026-06-16T22:20:49Z,Generated metadata note; not canonical authority.,TEX-RESEARCH-CONTROL-LOCALIZATION-SOURCE-BASIS-AXIOM-SELECTOR-DOMAIN-EQSRC-LEDGER-COMPLETE-SOURCE-FAMILY-GENERATOR-PACKET-OBSERVER-LOCALIZING-SOLDERING-RULE-CONCRETE-WITNESS,research_control/tasks/RT-20260614-036/artifacts/77_LOCALIZATION_SOURCE_BASIS_AXIOM_SELECTOR_DOMAIN_EQSRC_LEDGER_COMPLETE_SOURCE_FAMILY_GENERATOR_PACKET_OBSERVER_LOCALIZING_SOLDERING_RULE_CONCRETE_WITNESS.tex,33961256457a059b9b7805c0c906f4336565ef62303ff5124f123f9599b4057f,29a63e4fd61f21448464f51d0757e3dfe339c72c14ad356a463d2b24e758d553,tex,2026-06-16T22:20:49Z
WIKI-TEX-RESEARCH-CONTROL-LOCALIZATION-SOURCE-BASIS-AXIOM-SELECTOR-DOMAIN-EQSRC-LEDGER-COMPLETE-SOURCE-FAMILY-GENERATOR-PACKET-OBSERVER-LOCALIZING-SOLDERING-RULE-CONCRETE-WITNESS-SMUGGLING-AUDIT,wiki/tex/tex-research-control-localization-source-basis-axiom-selector-domain-eqsrc-ledger-complete-source-family-generator-packet-observer-localizing-soldering-rule-concrete-witness-smuggling-audit.md,wiki_markdown,generated_metadata_note,generated_noncanonical,humans_and_agents,f555641e91caaa0be901a57944db9c9dda2993fa678e54be428a1d237433b5b4,TEX-RESEARCH-CONTROL-LOCALIZATION-SOURCE-BASIS-AXIOM-SELECTOR-DOMAIN-EQSRC-LEDGER-COMPLETE-SOURCE-FAMILY-GENERATOR-PACKET-OBSERVER-LOCALIZING-SOLDERING-RULE-CONCRETE-WITNESS-SMUGGLING-AUDIT,TEX-RESEARCH-CONTROL-LOCALIZATION-SOURCE-BASIS-AXIOM-SELECTOR-DOMAIN-EQSRC-LEDGER-COMPLETE-SOURCE-FAMILY-GENERATOR-PACKET-OBSERVER-LOCALIZING-SOLDERING-RULE-CONCRETE-WITNESS-SMUGGLING-AUDIT,,markdown-wiki,PASS,2026-06-16T23:00:06Z,Generated metadata note; not canonical authority.,TEX-RESEARCH-CONTROL-LOCALIZATION-SOURCE-BASIS-AXIOM-SELECTOR-DOMAIN-EQSRC-LEDGER-COMPLETE-SOURCE-FAMILY-GENERATOR-PACKET-OBSERVER-LOCALIZING-SOLDERING-RULE-CONCRETE-WITNESS-SMUGGLING-AUDIT,research_control/tasks/RT-20260614-037/artifacts/78_LOCALIZATION_SOURCE_BASIS_AXIOM_SELECTOR_DOMAIN_EQSRC_LEDGER_COMPLETE_SOURCE_FAMILY_GENERATOR_PACKET_OBSERVER_LOCALIZING_SOLDERING_RULE_CONCRETE_WITNESS_SMUGGLING_AUDIT.tex,3d484e357325afc43d28de3793ce5e5de5203b30756c52ad45dcf9086cd15a3d,f555641e91caaa0be901a57944db9c9dda2993fa678e54be428a1d237433b5b4,tex,2026-06-16T23:00:06Z
WIKI-TEX-RESEARCH-CONTROL-LOCALIZATION-SOURCE-BASIS-AXIOM-SELECTOR-DOMAIN-EQSRC-LEDGER-COMPLETE-SOURCE-FAMILY-GENERATOR-PACKET-OBSERVER-READOUT-BRIDGE-ATTEMPT,wiki/tex/tex-research-control-localization-source-basis-axiom-selector-domain-eqsrc-ledger-complete-source-family-generator-packet-observer-readout-bridge-attempt.md,wiki_markdown,generated_metadata_note,generated_noncanonical,humans_and_agents,40cd7e240cf9d779fc94d978991fb0b6b371748ed487d3638d88957f21893cb2,TEX-RESEARCH-CONTROL-LOCALIZATION-SOURCE-BASIS-AXIOM-SELECTOR-DOMAIN-EQSRC-LEDGER-COMPLETE-SOURCE-FAMILY-GENERATOR-PACKET-OBSERVER-READOUT-BRIDGE-ATTEMPT,TEX-RESEARCH-CONTROL-LOCALIZATION-SOURCE-BASIS-AXIOM-SELECTOR-DOMAIN-EQSRC-LEDGER-COMPLETE-SOURCE-FAMILY-GENERATOR-PACKET-OBSERVER-READOUT-BRIDGE-ATTEMPT,,markdown-wiki,PASS,2026-06-16T20:25:59Z,Generated metadata note; not canonical authority.,TEX-RESEARCH-CONTROL-LOCALIZATION-SOURCE-BASIS-AXIOM-SELECTOR-DOMAIN-EQSRC-LEDGER-COMPLETE-SOURCE-FAMILY-GENERATOR-PACKET-OBSERVER-READOUT-BRIDGE-ATTEMPT,research_control/tasks/RT-20260614-035/artifacts/76_LOCALIZATION_SOURCE_BASIS_AXIOM_SELECTOR_DOMAIN_EQSRC_LEDGER_COMPLETE_SOURCE_FAMILY_GENERATOR_PACKET_OBSERVER_READOUT_BRIDGE_ATTEMPT.tex,5f3db22eeadd698e390dca2e904db72ea68a1e2ffe7fe6b67584587ddc289ef7,40cd7e240cf9d779fc94d978991fb0b6b371748ed487d3638d88957f21893cb2,tex,2026-06-16T20:25:59Z
WIKI-TEX-RESEARCH-CONTROL-LOCALIZATION-SOURCE-BASIS-AXIOM-SELECTOR-DOMAIN-EQSRC-LEDGER-COMPLETE-SOURCE-FAMILY-GENERATOR-PACKET-PRE-BRIDGE-ADEQUACY,wiki/tex/tex-research-control-localization-source-basis-axiom-selector-domain-eqsrc-ledger-complete-source-family-generator-packet-pre-bridge-adequacy.md,wiki_markdown,generated_metadata_note,generated_noncanonical,humans_and_agents,7106cfaadba7e91f549e7f99740f3fb52dbc71846367f4240c44a7607bedc2da,TEX-RESEARCH-CONTROL-LOCALIZATION-SOURCE-BASIS-AXIOM-SELECTOR-DOMAIN-EQSRC-LEDGER-COMPLETE-SOURCE-FAMILY-GENERATOR-PACKET-PRE-BRIDGE-ADEQUACY,TEX-RESEARCH-CONTROL-LOCALIZATION-SOURCE-BASIS-AXIOM-SELECTOR-DOMAIN-EQSRC-LEDGER-COMPLETE-SOURCE-FAMILY-GENERATOR-PACKET-PRE-BRIDGE-ADEQUACY,,markdown-wiki,PASS,2026-06-15T23:09:03Z,Generated metadata note; not canonical authority.,TEX-RESEARCH-CONTROL-LOCALIZATION-SOURCE-BASIS-AXIOM-SELECTOR-DOMAIN-EQSRC-LEDGER-COMPLETE-SOURCE-FAMILY-GENERATOR-PACKET-PRE-BRIDGE-ADEQUACY,research_control/tasks/RT-20260614-023/artifacts/64_LOCALIZATION_SOURCE_BASIS_AXIOM_SELECTOR_DOMAIN_EQSRC_LEDGER_COMPLETE_SOURCE_FAMILY_GENERATOR_PACKET_PRE_BRIDGE_ADEQUACY.tex,5969278048dd986f5b07297614971040ce7ac30d0259e09e8dd92c157fbdada7,7106cfaadba7e91f549e7f99740f3fb52dbc71846367f4240c44a7607bedc2da,tex,2026-06-15T23:09:03Z
WIKI-TEX-RESEARCH-CONTROL-LOCALIZATION-SOURCE-BASIS-AXIOM-SELECTOR-DOMAIN-EQSRC-LEDGER-COMPLETE-SOURCE-FAMILY-GENERATOR-PACKET-PRE-BRIDGE-ADEQUACY-REFUTER-STRESS-TEST,wiki/tex/tex-research-control-localization-source-basis-axiom-selector-domain-eqsrc-ledger-complete-source-family-generator-packet-pre-bridge-adequacy-refuter-stress-test.md,wiki_markdown,generated_metadata_note,generated_noncanonical,humans_and_agents,7eb1ab955d3176b1d9adc191f0011108b8805a3ea93c07b161ee85f981528508,TEX-RESEARCH-CONTROL-LOCALIZATION-SOURCE-BASIS-AXIOM-SELECTOR-DOMAIN-EQSRC-LEDGER-COMPLETE-SOURCE-FAMILY-GENERATOR-PACKET-PRE-BRIDGE-ADEQUACY-REFUTER-STRESS-TEST,TEX-RESEARCH-CONTROL-LOCALIZATION-SOURCE-BASIS-AXIOM-SELECTOR-DOMAIN-EQSRC-LEDGER-COMPLETE-SOURCE-FAMILY-GENERATOR-PACKET-PRE-BRIDGE-ADEQUACY-REFUTER-STRESS-TEST,,markdown-wiki,PASS,2026-06-16T00:18:10Z,Generated metadata note; not canonical authority.,TEX-RESEARCH-CONTROL-LOCALIZATION-SOURCE-BASIS-AXIOM-SELECTOR-DOMAIN-EQSRC-LEDGER-COMPLETE-SOURCE-FAMILY-GENERATOR-PACKET-PRE-BRIDGE-ADEQUACY-REFUTER-STRESS-TEST,research_control/tasks/RT-20260614-025/artifacts/66_LOCALIZATION_SOURCE_BASIS_AXIOM_SELECTOR_DOMAIN_EQSRC_LEDGER_COMPLETE_SOURCE_FAMILY_GENERATOR_PACKET_PRE_BRIDGE_ADEQUACY_REFUTER_STRESS_TEST.tex,2e9c862cd102d30db9f536b0f551b1cc5fd97505e728de009e067156eab985e7,7eb1ab955d3176b1d9adc191f0011108b8805a3ea93c07b161ee85f981528508,tex,2026-06-16T00:18:10Z
WIKI-TEX-RESEARCH-CONTROL-LOCALIZATION-SOURCE-BASIS-AXIOM-SELECTOR-DOMAIN-EQSRC-LEDGER-COMPLETE-SOURCE-FAMILY-GENERATOR-PACKET-PRE-BRIDGE-ADEQUACY-SMUGGLING-AUDIT,wiki/tex/tex-research-control-localization-source-basis-axiom-selector-domain-eqsrc-ledger-complete-source-family-generator-packet-pre-bridge-adequacy-smuggling-audit.md,wiki_markdown,generated_metadata_note,generated_noncanonical,humans_and_agents,dc03d633516b1c069e5bef19b312383a709e44ad7a168bbd8585efb0b77777c6,TEX-RESEARCH-CONTROL-LOCALIZATION-SOURCE-BASIS-AXIOM-SELECTOR-DOMAIN-EQSRC-LEDGER-COMPLETE-SOURCE-FAMILY-GENERATOR-PACKET-PRE-BRIDGE-ADEQUACY-SMUGGLING-AUDIT,TEX-RESEARCH-CONTROL-LOCALIZATION-SOURCE-BASIS-AXIOM-SELECTOR-DOMAIN-EQSRC-LEDGER-COMPLETE-SOURCE-FAMILY-GENERATOR-PACKET-PRE-BRIDGE-ADEQUACY-SMUGGLING-AUDIT,,markdown-wiki,PASS,2026-06-16T00:04:28Z,Generated metadata note; not canonical authority.,TEX-RESEARCH-CONTROL-LOCALIZATION-SOURCE-BASIS-AXIOM-SELECTOR-DOMAIN-EQSRC-LEDGER-COMPLETE-SOURCE-FAMILY-GENERATOR-PACKET-PRE-BRIDGE-ADEQUACY-SMUGGLING-AUDIT,research_control/tasks/RT-20260614-024/artifacts/65_LOCALIZATION_SOURCE_BASIS_AXIOM_SELECTOR_DOMAIN_EQSRC_LEDGER_COMPLETE_SOURCE_FAMILY_GENERATOR_PACKET_PRE_BRIDGE_ADEQUACY_SMUGGLING_AUDIT.tex,eedda4af5535974c35d7ed20563878bfb188b80fd356f6f3cd7f118a621fe38a,dc03d633516b1c069e5bef19b312383a709e44ad7a168bbd8585efb0b77777c6,tex,2026-06-16T00:04:28Z
WIKI-TEX-RESEARCH-CONTROL-LOCALIZATION-SOURCE-BASIS-AXIOM-SELECTOR-DOMAIN-EQSRC-LEDGER-COMPLETE-SOURCE-FAMILY-GENERATOR-PACKET-REFUTER-STRESS-TEST,wiki/tex/tex-research-control-localization-source-basis-axiom-selector-domain-eqsrc-ledger-complete-source-family-generator-packet-refuter-stress-test.md,wiki_markdown,generated_metadata_note,generated_noncanonical,humans_and_agents,3258fcd7d205e14031c8f47c3982a81d01eaa02d6832eeae49f1e33b4b82b2d9,TEX-RESEARCH-CONTROL-LOCALIZATION-SOURCE-BASIS-AXIOM-SELECTOR-DOMAIN-EQSRC-LEDGER-COMPLETE-SOURCE-FAMILY-GENERATOR-PACKET-REFUTER-STRESS-TEST,TEX-RESEARCH-CONTROL-LOCALIZATION-SOURCE-BASIS-AXIOM-SELECTOR-DOMAIN-EQSRC-LEDGER-COMPLETE-SOURCE-FAMILY-GENERATOR-PACKET-REFUTER-STRESS-TEST,,markdown-wiki,PASS,2026-06-15T19:40:40Z,Generated metadata note; not canonical authority.,TEX-RESEARCH-CONTROL-LOCALIZATION-SOURCE-BASIS-AXIOM-SELECTOR-DOMAIN-EQSRC-LEDGER-COMPLETE-SOURCE-FAMILY-GENERATOR-PACKET-REFUTER-STRESS-TEST,research_control/tasks/RT-20260614-022/artifacts/63_LOCALIZATION_SOURCE_BASIS_AXIOM_SELECTOR_DOMAIN_EQSRC_LEDGER_COMPLETE_SOURCE_FAMILY_GENERATOR_PACKET_REFUTER_STRESS_TEST.tex,e47c4dd8da63e8ba74ef33688cacf01f627eea8e7f89e4eeb6706d1d279a9c60,3258fcd7d205e14031c8f47c3982a81d01eaa02d6832eeae49f1e33b4b82b2d9,tex,2026-06-15T19:40:40Z
WIKI-TEX-RESEARCH-CONTROL-LOCALIZATION-SOURCE-BASIS-AXIOM-SELECTOR-DOMAIN-EQSRC-LEDGER-COMPLETE-SOURCE-FAMILY-GENERATOR-PACKET-SMUGGLING-AUDIT,wiki/tex/tex-research-control-localization-source-basis-axiom-selector-domain-eqsrc-ledger-complete-source-family-generator-packet-smuggling-audit.md,wiki_markdown,generated_metadata_note,generated_noncanonical,humans_and_agents,4a8f3388bf0d425dc8c546816d49d04200072b9217da9d20761c5ec124dc0b85,TEX-RESEARCH-CONTROL-LOCALIZATION-SOURCE-BASIS-AXIOM-SELECTOR-DOMAIN-EQSRC-LEDGER-COMPLETE-SOURCE-FAMILY-GENERATOR-PACKET-SMUGGLING-AUDIT,TEX-RESEARCH-CONTROL-LOCALIZATION-SOURCE-BASIS-AXIOM-SELECTOR-DOMAIN-EQSRC-LEDGER-COMPLETE-SOURCE-FAMILY-GENERATOR-PACKET-SMUGGLING-AUDIT,,markdown-wiki,PASS,2026-06-15T16:05:44Z,Generated metadata note; not canonical authority.,TEX-RESEARCH-CONTROL-LOCALIZATION-SOURCE-BASIS-AXIOM-SELECTOR-DOMAIN-EQSRC-LEDGER-COMPLETE-SOURCE-FAMILY-GENERATOR-PACKET-SMUGGLING-AUDIT,research_control/tasks/RT-20260614-021/artifacts/62_LOCALIZATION_SOURCE_BASIS_AXIOM_SELECTOR_DOMAIN_EQSRC_LEDGER_COMPLETE_SOURCE_FAMILY_GENERATOR_PACKET_SMUGGLING_AUDIT.tex,49a2d5151f92335a654927bdb6b4e7124f59d246eb04bf53f36cd556b3bd882b,4a8f3388bf0d425dc8c546816d49d04200072b9217da9d20761c5ec124dc0b85,tex,2026-06-15T16:05:44Z
WIKI-TEX-RESEARCH-CONTROL-LOCALIZATION-SOURCE-BASIS-AXIOM-SELECTOR-DOMAIN-EQSRC-NON-ORBIT-REFINEMENT-FAMILY-DATUM,wiki/tex/tex-research-control-localization-source-basis-axiom-selector-domain-eqsrc-non-orbit-refinement-family-datum.md,wiki_markdown,generated_metadata_note,generated_noncanonical,humans_and_agents,b793ee57b04f5d0b260cb1d93a32c089ca74681a7bba89d8c7ed2a6ee369fa11,TEX-RESEARCH-CONTROL-LOCALIZATION-SOURCE-BASIS-AXIOM-SELECTOR-DOMAIN-EQSRC-NON-ORBIT-REFINEMENT-FAMILY-DATUM,TEX-RESEARCH-CONTROL-LOCALIZATION-SOURCE-BASIS-AXIOM-SELECTOR-DOMAIN-EQSRC-NON-ORBIT-REFINEMENT-FAMILY-DATUM,,markdown-wiki,PASS,2026-06-15T00:21:49Z,Generated metadata note; not canonical authority.,TEX-RESEARCH-CONTROL-LOCALIZATION-SOURCE-BASIS-AXIOM-SELECTOR-DOMAIN-EQSRC-NON-ORBIT-REFINEMENT-FAMILY-DATUM,research_control/tasks/RT-20260614-007/artifacts/49_LOCALIZATION_SOURCE_BASIS_AXIOM_SELECTOR_DOMAIN_EQSRC_NON_ORBIT_REFINEMENT_FAMILY_DATUM.tex,9c0e1238fd24947ff20f426e51117cfceb298209069994fcfc279e9880b4e019,b793ee57b04f5d0b260cb1d93a32c089ca74681a7bba89d8c7ed2a6ee369fa11,tex,2026-06-15T00:21:49Z
WIKI-TEX-RESEARCH-CONTROL-LOCALIZATION-SOURCE-BASIS-AXIOM-SELECTOR-DOMAIN-EQSRC-NON-ORBIT-REFINEMENT-FAMILY-DATUM-REFUTER-STRESS-TEST,wiki/tex/tex-research-control-localization-source-basis-axiom-selector-domain-eqsrc-non-orbit-refinement-family-datum-refuter-stress-test.md,wiki_markdown,generated_metadata_note,generated_noncanonical,humans_and_agents,4aebc01971dc4ba6eea55f2282ccdb8c392ea8c9fcb17647cc1150314b0e9756,TEX-RESEARCH-CONTROL-LOCALIZATION-SOURCE-BASIS-AXIOM-SELECTOR-DOMAIN-EQSRC-NON-ORBIT-REFINEMENT-FAMILY-DATUM-REFUTER-STRESS-TEST,TEX-RESEARCH-CONTROL-LOCALIZATION-SOURCE-BASIS-AXIOM-SELECTOR-DOMAIN-EQSRC-NON-ORBIT-REFINEMENT-FAMILY-DATUM-REFUTER-STRESS-TEST,,markdown-wiki,PASS,2026-06-15T00:52:45Z,Generated metadata note; not canonical authority.,TEX-RESEARCH-CONTROL-LOCALIZATION-SOURCE-BASIS-AXIOM-SELECTOR-DOMAIN-EQSRC-NON-ORBIT-REFINEMENT-FAMILY-DATUM-REFUTER-STRESS-TEST,research_control/tasks/RT-20260614-010/artifacts/51_LOCALIZATION_SOURCE_BASIS_AXIOM_SELECTOR_DOMAIN_EQSRC_NON_ORBIT_REFINEMENT_FAMILY_DATUM_REFUTER_STRESS_TEST.tex,12c1244ee0f9bfdb66bf54bb169fbd882fed3368001cafb9369fe8146998188e,4aebc01971dc4ba6eea55f2282ccdb8c392ea8c9fcb17647cc1150314b0e9756,tex,2026-06-15T00:52:45Z
WIKI-TEX-RESEARCH-CONTROL-LOCALIZATION-SOURCE-BASIS-AXIOM-SELECTOR-DOMAIN-EQSRC-NON-ORBIT-REFINEMENT-FAMILY-DATUM-SMUGGLING-AUDIT,wiki/tex/tex-research-control-localization-source-basis-axiom-selector-domain-eqsrc-non-orbit-refinement-family-datum-smuggling-audit.md,wiki_markdown,generated_metadata_note,generated_noncanonical,humans_and_agents,7cfcd2266a9132558e824f6cbcb96b021da8a69054deef068cc2b4cb27f9ef4e,TEX-RESEARCH-CONTROL-LOCALIZATION-SOURCE-BASIS-AXIOM-SELECTOR-DOMAIN-EQSRC-NON-ORBIT-REFINEMENT-FAMILY-DATUM-SMUGGLING-AUDIT,TEX-RESEARCH-CONTROL-LOCALIZATION-SOURCE-BASIS-AXIOM-SELECTOR-DOMAIN-EQSRC-NON-ORBIT-REFINEMENT-FAMILY-DATUM-SMUGGLING-AUDIT,,markdown-wiki,PASS,2026-06-15T00:39:06Z,Generated metadata note; not canonical authority.,TEX-RESEARCH-CONTROL-LOCALIZATION-SOURCE-BASIS-AXIOM-SELECTOR-DOMAIN-EQSRC-NON-ORBIT-REFINEMENT-FAMILY-DATUM-SMUGGLING-AUDIT,research_control/tasks/RT-20260614-009/artifacts/50_LOCALIZATION_SOURCE_BASIS_AXIOM_SELECTOR_DOMAIN_EQSRC_NON_ORBIT_REFINEMENT_FAMILY_DATUM_SMUGGLING_AUDIT.tex,7bc82246e22477051b8ce9e0bb8ba4100f3a7e127e054e09c653708939eac5f7,7cfcd2266a9132558e824f6cbcb96b021da8a69054deef068cc2b4cb27f9ef4e,tex,2026-06-15T00:39:06Z
WIKI-TEX-RESEARCH-CONTROL-LOCALIZATION-SOURCE-BASIS-AXIOM-SELECTOR-DOMAIN-EQSRC-NON-ORBIT-REFINEMENT-FAMILY-EXTENSION-OBSTRUCTION-PACKET-OR-CONTROLLED-PAUSE,wiki/tex/tex-research-control-localization-source-basis-axiom-selector-domain-eqsrc-non-orbit-refinement-family-extension-obstruction-packet-or-controlled-pause.md,wiki_markdown,generated_metadata_note,generated_noncanonical,humans_and_agents,675024619a1628367ec3bd218c89c93671887a85c9b16ba46abe46a72a5b002a,TEX-RESEARCH-CONTROL-LOCALIZATION-SOURCE-BASIS-AXIOM-SELECTOR-DOMAIN-EQSRC-NON-ORBIT-REFINEMENT-FAMILY-EXTENSION-OBSTRUCTION-PACKET-OR-CONTROLLED-PAUSE,TEX-RESEARCH-CONTROL-LOCALIZATION-SOURCE-BASIS-AXIOM-SELECTOR-DOMAIN-EQSRC-NON-ORBIT-REFINEMENT-FAMILY-EXTENSION-OBSTRUCTION-PACKET-OR-CONTROLLED-PAUSE,,markdown-wiki,PASS,2026-06-15T01:04:04Z,Generated metadata note; not canonical authority.,TEX-RESEARCH-CONTROL-LOCALIZATION-SOURCE-BASIS-AXIOM-SELECTOR-DOMAIN-EQSRC-NON-ORBIT-REFINEMENT-FAMILY-EXTENSION-OBSTRUCTION-PACKET-OR-CONTROLLED-PAUSE,research_control/tasks/RT-20260614-011/artifacts/52_LOCALIZATION_SOURCE_BASIS_AXIOM_SELECTOR_DOMAIN_EQSRC_NON_ORBIT_REFINEMENT_FAMILY_EXTENSION_OBSTRUCTION_PACKET_OR_CONTROLLED_PAUSE.tex,bca2eef8ecbcf6c3204cbe5ef50f5f38867f1774fcc1b412dab6f127b080fab5,675024619a1628367ec3bd218c89c93671887a85c9b16ba46abe46a72a5b002a,tex,2026-06-15T01:04:04Z
WIKI-TEX-RESEARCH-CONTROL-LOCALIZATION-SOURCE-BASIS-AXIOM-SELECTOR-DOMAIN-EQSRC-NON-ORBIT-SOURCE-OBJECT-FAMILY-OBLIGATION-PACKET-OR-CONTROLLED-PAUSE,wiki/tex/tex-research-control-localization-source-basis-axiom-selector-domain-eqsrc-non-orbit-source-object-family-obligation-packet-or-controlled-pause.md,wiki_markdown,generated_metadata_note,generated_noncanonical,humans_and_agents,5b59521af7d0f986c9a0cda0997e97d0e5fbd6a9adf0b1dc90122974d9949d9b,TEX-RESEARCH-CONTROL-LOCALIZATION-SOURCE-BASIS-AXIOM-SELECTOR-DOMAIN-EQSRC-NON-ORBIT-SOURCE-OBJECT-FAMILY-OBLIGATION-PACKET-OR-CONTROLLED-PAUSE,TEX-RESEARCH-CONTROL-LOCALIZATION-SOURCE-BASIS-AXIOM-SELECTOR-DOMAIN-EQSRC-NON-ORBIT-SOURCE-OBJECT-FAMILY-OBLIGATION-PACKET-OR-CONTROLLED-PAUSE,,markdown-wiki,PASS,2026-06-15T00:00:40Z,Generated metadata note; not canonical authority.,TEX-RESEARCH-CONTROL-LOCALIZATION-SOURCE-BASIS-AXIOM-SELECTOR-DOMAIN-EQSRC-NON-ORBIT-SOURCE-OBJECT-FAMILY-OBLIGATION-PACKET-OR-CONTROLLED-PAUSE,research_control/tasks/RT-20260614-006/artifacts/48_LOCALIZATION_SOURCE_BASIS_AXIOM_SELECTOR_DOMAIN_EQSRC_NON_ORBIT_SOURCE_OBJECT_FAMILY_OBLIGATION_PACKET_OR_CONTROLLED_PAUSE.tex,7314176cb94ca628fbc4a3f64d914886ffb21fcc5899ef85177defca8d68ec42,5b59521af7d0f986c9a0cda0997e97d0e5fbd6a9adf0b1dc90122974d9949d9b,tex,2026-06-15T00:00:40Z
WIKI-TEX-RESEARCH-CONTROL-LOCALIZATION-SOURCE-BASIS-AXIOM-SELECTOR-DOMAIN-EQSRC-RELABELING-ORBIT-OBSTRUCTION-PACKET-OR-CONTROLLED-PAUSE,wiki/tex/tex-research-control-localization-source-basis-axiom-selector-domain-eqsrc-relabeling-orbit-obstruction-packet-or-controlled-pause.md,wiki_markdown,generated_metadata_note,generated_noncanonical,humans_and_agents,ab251254f74508502e5751b54eba33097758aebc14b8f9a9bf8f93483a33637c,TEX-RESEARCH-CONTROL-LOCALIZATION-SOURCE-BASIS-AXIOM-SELECTOR-DOMAIN-EQSRC-RELABELING-ORBIT-OBSTRUCTION-PACKET-OR-CONTROLLED-PAUSE,TEX-RESEARCH-CONTROL-LOCALIZATION-SOURCE-BASIS-AXIOM-SELECTOR-DOMAIN-EQSRC-RELABELING-ORBIT-OBSTRUCTION-PACKET-OR-CONTROLLED-PAUSE,,markdown-wiki,PASS,2026-06-14T04:52:47Z,Generated metadata note; not canonical authority.,TEX-RESEARCH-CONTROL-LOCALIZATION-SOURCE-BASIS-AXIOM-SELECTOR-DOMAIN-EQSRC-RELABELING-ORBIT-OBSTRUCTION-PACKET-OR-CONTROLLED-PAUSE,research_control/tasks/RT-20260614-003/artifacts/45_LOCALIZATION_SOURCE_BASIS_AXIOM_SELECTOR_DOMAIN_EQSRC_RELABELING_ORBIT_OBSTRUCTION_PACKET_OR_CONTROLLED_PAUSE.tex,595f1adced4fb3b8522f193340007a0ce63a8f21ca7b86f76b5829df97f116d1,ab251254f74508502e5751b54eba33097758aebc14b8f9a9bf8f93483a33637c,tex,2026-06-14T04:52:47Z
WIKI-TEX-RESEARCH-CONTROL-LOCALIZATION-SOURCE-BASIS-AXIOM-SELECTOR-DOMAIN-EQSRC-RELABELING-ORBIT-SOURCE-FAMILY-PACKET-OR-CONTROLLED-PAUSE,wiki/tex/tex-research-control-localization-source-basis-axiom-selector-domain-eqsrc-relabeling-orbit-source-family-packet-or-controlled-pause.md,wiki_markdown,generated_metadata_note,generated_noncanonical,humans_and_agents,6ffe9fd35626985699cd7263ccc924b87f6f0eb27fda17b7140b2916feddde24,TEX-RESEARCH-CONTROL-LOCALIZATION-SOURCE-BASIS-AXIOM-SELECTOR-DOMAIN-EQSRC-RELABELING-ORBIT-SOURCE-FAMILY-PACKET-OR-CONTROLLED-PAUSE,TEX-RESEARCH-CONTROL-LOCALIZATION-SOURCE-BASIS-AXIOM-SELECTOR-DOMAIN-EQSRC-RELABELING-ORBIT-SOURCE-FAMILY-PACKET-OR-CONTROLLED-PAUSE,,markdown-wiki,PASS,2026-06-14T22:48:31Z,Generated metadata note; not canonical authority.,TEX-RESEARCH-CONTROL-LOCALIZATION-SOURCE-BASIS-AXIOM-SELECTOR-DOMAIN-EQSRC-RELABELING-ORBIT-SOURCE-FAMILY-PACKET-OR-CONTROLLED-PAUSE,research_control/tasks/RT-20260614-004/artifacts/46_LOCALIZATION_SOURCE_BASIS_AXIOM_SELECTOR_DOMAIN_EQSRC_RELABELING_ORBIT_SOURCE_FAMILY_PACKET_OR_CONTROLLED_PAUSE.tex,cf952efe26e0ba423b6c339864043990f9b64b0a0cb0c28007a2a7d47470cb4c,6ffe9fd35626985699cd7263ccc924b87f6f0eb27fda17b7140b2916feddde24,tex,2026-06-14T22:48:31Z
WIKI-TEX-RESEARCH-CONTROL-LOCALIZATION-SOURCE-BASIS-AXIOM-SELECTOR-DOMAIN-EQSRC-RELABELING-ORBIT-SOURCE-FAMILY-PACKET-SMUGGLING-AUDIT,wiki/tex/tex-research-control-localization-source-basis-axiom-selector-domain-eqsrc-relabeling-orbit-source-family-packet-smuggling-audit.md,wiki_markdown,generated_metadata_note,generated_noncanonical,humans_and_agents,0ef60803fb29d974656eaa6d31307ec48629d10e6955bfdf9f2861b5dd092ebc,TEX-RESEARCH-CONTROL-LOCALIZATION-SOURCE-BASIS-AXIOM-SELECTOR-DOMAIN-EQSRC-RELABELING-ORBIT-SOURCE-FAMILY-PACKET-SMUGGLING-AUDIT,TEX-RESEARCH-CONTROL-LOCALIZATION-SOURCE-BASIS-AXIOM-SELECTOR-DOMAIN-EQSRC-RELABELING-ORBIT-SOURCE-FAMILY-PACKET-SMUGGLING-AUDIT,,markdown-wiki,PASS,2026-06-14T23:02:16Z,Generated metadata note; not canonical authority.,TEX-RESEARCH-CONTROL-LOCALIZATION-SOURCE-BASIS-AXIOM-SELECTOR-DOMAIN-EQSRC-RELABELING-ORBIT-SOURCE-FAMILY-PACKET-SMUGGLING-AUDIT,research_control/tasks/RT-20260614-005/artifacts/47_LOCALIZATION_SOURCE_BASIS_AXIOM_SELECTOR_DOMAIN_EQSRC_RELABELING_ORBIT_SOURCE_FAMILY_PACKET_SMUGGLING_AUDIT.tex,ea3dd7b86a8a391ce3bc4cb12d4bb63bb8585c660ec8d915e2dadbf3bfb13eed,0ef60803fb29d974656eaa6d31307ec48629d10e6955bfdf9f2861b5dd092ebc,tex,2026-06-14T23:02:16Z
WIKI-TEX-RESEARCH-CONTROL-LOCALIZATION-SOURCE-BASIS-AXIOM-SELECTOR-DOMAIN-EQSRC-SOURCE-EQUIVALENCE-OBLIGATION-PACKET-OR-CONTROLLED-PAUSE,wiki/tex/tex-research-control-localization-source-basis-axiom-selector-domain-eqsrc-source-equivalence-obligation-packet-or-controlled-pause.md,wiki_markdown,generated_metadata_note,generated_noncanonical,humans_and_agents,794d673cd39d7a56fe0ecad99877ceca6cd1773acd2631d8495ecc4aa358f940,TEX-RESEARCH-CONTROL-LOCALIZATION-SOURCE-BASIS-AXIOM-SELECTOR-DOMAIN-EQSRC-SOURCE-EQUIVALENCE-OBLIGATION-PACKET-OR-CONTROLLED-PAUSE,TEX-RESEARCH-CONTROL-LOCALIZATION-SOURCE-BASIS-AXIOM-SELECTOR-DOMAIN-EQSRC-SOURCE-EQUIVALENCE-OBLIGATION-PACKET-OR-CONTROLLED-PAUSE,,markdown-wiki,PASS,2026-06-14T02:24:51Z,Generated metadata note; not canonical authority.,TEX-RESEARCH-CONTROL-LOCALIZATION-SOURCE-BASIS-AXIOM-SELECTOR-DOMAIN-EQSRC-SOURCE-EQUIVALENCE-OBLIGATION-PACKET-OR-CONTROLLED-PAUSE,research_control/tasks/RT-20260613-025/artifacts/41_LOCALIZATION_SOURCE_BASIS_AXIOM_SELECTOR_DOMAIN_EQSRC_SOURCE_EQUIVALENCE_OBLIGATION_PACKET_OR_CONTROLLED_PAUSE.tex,bf56d4587d0875e1f9cb244fe3f6acc2b36c522ec96ef9221b9bb1cfb4d42a2d,794d673cd39d7a56fe0ecad99877ceca6cd1773acd2631d8495ecc4aa358f940,tex,2026-06-14T02:24:51Z
WIKI-TEX-RESEARCH-CONTROL-LOCALIZATION-SOURCE-BASIS-AXIOM-SELECTOR-DOMAIN-EQSRC-SOURCE-RELABELING-ISOMORPHISM-DATUM,wiki/tex/tex-research-control-localization-source-basis-axiom-selector-domain-eqsrc-source-relabeling-isomorphism-datum.md,wiki_markdown,generated_metadata_note,generated_noncanonical,humans_and_agents,624dae89fa9fe7118d99d9e2bf33915902ed66cc1e32f6e8fe408885517a95bd,TEX-RESEARCH-CONTROL-LOCALIZATION-SOURCE-BASIS-AXIOM-SELECTOR-DOMAIN-EQSRC-SOURCE-RELABELING-ISOMORPHISM-DATUM,TEX-RESEARCH-CONTROL-LOCALIZATION-SOURCE-BASIS-AXIOM-SELECTOR-DOMAIN-EQSRC-SOURCE-RELABELING-ISOMORPHISM-DATUM,,markdown-wiki,PASS,2026-06-14T02:49:35Z,Generated metadata note; not canonical authority.,TEX-RESEARCH-CONTROL-LOCALIZATION-SOURCE-BASIS-AXIOM-SELECTOR-DOMAIN-EQSRC-SOURCE-RELABELING-ISOMORPHISM-DATUM,research_control/tasks/RT-20260613-026/artifacts/42_LOCALIZATION_SOURCE_BASIS_AXIOM_SELECTOR_DOMAIN_EQSRC_SOURCE_RELABELING_ISOMORPHISM_DATUM.tex,54ed98e8252994b4671088ea23c5eaf3212148ecc7451e5e26bb2b2e92c6eb9b,624dae89fa9fe7118d99d9e2bf33915902ed66cc1e32f6e8fe408885517a95bd,tex,2026-06-14T02:49:35Z
WIKI-TEX-RESEARCH-CONTROL-LOCALIZATION-SOURCE-BASIS-AXIOM-SELECTOR-DOMAIN-EQSRC-SOURCE-RELABELING-ISOMORPHISM-DATUM-REFUTER-STRESS-TEST,wiki/tex/tex-research-control-localization-source-basis-axiom-selector-domain-eqsrc-source-relabeling-isomorphism-datum-refuter-stress-test.md,wiki_markdown,generated_metadata_note,generated_noncanonical,humans_and_agents,3c22939b797e205537b2b640ffabd7ed649bec2d028a307aaaa3bf0d0bca1554,TEX-RESEARCH-CONTROL-LOCALIZATION-SOURCE-BASIS-AXIOM-SELECTOR-DOMAIN-EQSRC-SOURCE-RELABELING-ISOMORPHISM-DATUM-REFUTER-STRESS-TEST,TEX-RESEARCH-CONTROL-LOCALIZATION-SOURCE-BASIS-AXIOM-SELECTOR-DOMAIN-EQSRC-SOURCE-RELABELING-ISOMORPHISM-DATUM-REFUTER-STRESS-TEST,,markdown-wiki,PASS,2026-06-14T04:43:26Z,Generated metadata note; not canonical authority.,TEX-RESEARCH-CONTROL-LOCALIZATION-SOURCE-BASIS-AXIOM-SELECTOR-DOMAIN-EQSRC-SOURCE-RELABELING-ISOMORPHISM-DATUM-REFUTER-STRESS-TEST,research_control/tasks/RT-20260614-002/artifacts/44_LOCALIZATION_SOURCE_BASIS_AXIOM_SELECTOR_DOMAIN_EQSRC_SOURCE_RELABELING_ISOMORPHISM_DATUM_REFUTER_STRESS_TEST.tex,816be50287d846dc4d97b30d14fe9658f6da83b06bfbc250039dfed9bbd34fd4,3c22939b797e205537b2b640ffabd7ed649bec2d028a307aaaa3bf0d0bca1554,tex,2026-06-14T04:43:26Z
WIKI-TEX-RESEARCH-CONTROL-LOCALIZATION-SOURCE-BASIS-AXIOM-SELECTOR-DOMAIN-EQSRC-SOURCE-RELABELING-ISOMORPHISM-DATUM-SMUGGLING-AUDIT,wiki/tex/tex-research-control-localization-source-basis-axiom-selector-domain-eqsrc-source-relabeling-isomorphism-datum-smuggling-audit.md,wiki_markdown,generated_metadata_note,generated_noncanonical,humans_and_agents,d88f137cb36235571c707c8acf5449dd0b8fd84d9b70387cdb3b4e27852fa5bb,TEX-RESEARCH-CONTROL-LOCALIZATION-SOURCE-BASIS-AXIOM-SELECTOR-DOMAIN-EQSRC-SOURCE-RELABELING-ISOMORPHISM-DATUM-SMUGGLING-AUDIT,TEX-RESEARCH-CONTROL-LOCALIZATION-SOURCE-BASIS-AXIOM-SELECTOR-DOMAIN-EQSRC-SOURCE-RELABELING-ISOMORPHISM-DATUM-SMUGGLING-AUDIT,,markdown-wiki,PASS,2026-06-14T03:03:07Z,Generated metadata note; not canonical authority.,TEX-RESEARCH-CONTROL-LOCALIZATION-SOURCE-BASIS-AXIOM-SELECTOR-DOMAIN-EQSRC-SOURCE-RELABELING-ISOMORPHISM-DATUM-SMUGGLING-AUDIT,research_control/tasks/RT-20260613-027/artifacts/43_LOCALIZATION_SOURCE_BASIS_AXIOM_SELECTOR_DOMAIN_EQSRC_SOURCE_RELABELING_ISOMORPHISM_DATUM_SMUGGLING_AUDIT.tex,d382a32a7f3819ed0048a11b4e1736d34b80f47db5d81f0408c96adb6531fe26,d88f137cb36235571c707c8acf5449dd0b8fd84d9b70387cdb3b4e27852fa5bb,tex,2026-06-14T03:03:07Z
WIKI-TEX-RESEARCH-CONTROL-LOCALIZATION-SOURCE-BASIS-AXIOM-SELECTOR-DOMAIN-EQSRC-TRI-FAMILY-OBSTRUCTION-PACKET-OR-CONTROLLED-PAUSE,wiki/tex/tex-research-control-localization-source-basis-axiom-selector-domain-eqsrc-tri-family-obstruction-packet-or-controlled-pause.md,wiki_markdown,generated_metadata_note,generated_noncanonical,humans_and_agents,e9dca9d44f40289c35228f892341944f3b896f1fbe080956603c1faf56ee02e6,TEX-RESEARCH-CONTROL-LOCALIZATION-SOURCE-BASIS-AXIOM-SELECTOR-DOMAIN-EQSRC-TRI-FAMILY-OBSTRUCTION-PACKET-OR-CONTROLLED-PAUSE,TEX-RESEARCH-CONTROL-LOCALIZATION-SOURCE-BASIS-AXIOM-SELECTOR-DOMAIN-EQSRC-TRI-FAMILY-OBSTRUCTION-PACKET-OR-CONTROLLED-PAUSE,,markdown-wiki,PASS,2026-06-15T04:16:33Z,Generated metadata note; not canonical authority.,TEX-RESEARCH-CONTROL-LOCALIZATION-SOURCE-BASIS-AXIOM-SELECTOR-DOMAIN-EQSRC-TRI-FAMILY-OBSTRUCTION-PACKET-OR-CONTROLLED-PAUSE,research_control/tasks/RT-20260614-019/artifacts/60_LOCALIZATION_SOURCE_BASIS_AXIOM_SELECTOR_DOMAIN_EQSRC_TRI_FAMILY_OBSTRUCTION_PACKET_OR_CONTROLLED_PAUSE.tex,c94228f2bda6cc9f2c3ae912745ca1b0d21b5d7aa48e079185e1aae6a4393cc7,e9dca9d44f40289c35228f892341944f3b896f1fbe080956603c1faf56ee02e6,tex,2026-06-15T04:16:33Z
WIKI-TEX-RESEARCH-CONTROL-LOCALIZATION-SOURCE-BASIS-AXIOM-SELECTOR-DOMAIN-FINITE-SURVEY-PROTOCOL-BENCHMARK-INDEPENDENCE-REFUTATION,wiki/tex/tex-research-control-localization-source-basis-axiom-selector-domain-finite-survey-protocol-benchmark-independence-refutation.md,wiki_markdown,generated_metadata_note,generated_noncanonical,humans_and_agents,5abebef054558603f047683465ba7df245ddb445980d74f1509c4dbf216fed2e,TEX-RESEARCH-CONTROL-LOCALIZATION-SOURCE-BASIS-AXIOM-SELECTOR-DOMAIN-FINITE-SURVEY-PROTOCOL-BENCHMARK-INDEPENDENCE-REFUTATION,TEX-RESEARCH-CONTROL-LOCALIZATION-SOURCE-BASIS-AXIOM-SELECTOR-DOMAIN-FINITE-SURVEY-PROTOCOL-BENCHMARK-INDEPENDENCE-REFUTATION,,markdown-wiki,PASS,2026-06-10T05:36:37Z,Generated metadata note; not canonical authority.,TEX-RESEARCH-CONTROL-LOCALIZATION-SOURCE-BASIS-AXIOM-SELECTOR-DOMAIN-FINITE-SURVEY-PROTOCOL-BENCHMARK-INDEPENDENCE-REFUTATION,research_control/tasks/RT-20260608-021/artifacts/20_LOCALIZATION_SOURCE_BASIS_AXIOM_SELECTOR_DOMAIN_FINITE_SURVEY_PROTOCOL_BENCHMARK_INDEPENDENCE_REFUTATION.tex,c6d9841859cbeb40ecb2b1f6e629aa76b455e8c75151d1bc14ac24ee9e8f9332,5abebef054558603f047683465ba7df245ddb445980d74f1509c4dbf216fed2e,tex,2026-06-10T05:36:37Z
WIKI-TEX-RESEARCH-CONTROL-LOCALIZATION-SOURCE-BASIS-AXIOM-SELECTOR-DOMAIN-FINITE-SURVEY-PROTOCOL-PACKET,wiki/tex/tex-research-control-localization-source-basis-axiom-selector-domain-finite-survey-protocol-packet.md,wiki_markdown,generated_metadata_note,generated_noncanonical,humans_and_agents,f6cab89c203acf86df5176cddfe96b41eada680cb54681ae154b773661831666,TEX-RESEARCH-CONTROL-LOCALIZATION-SOURCE-BASIS-AXIOM-SELECTOR-DOMAIN-FINITE-SURVEY-PROTOCOL-PACKET,TEX-RESEARCH-CONTROL-LOCALIZATION-SOURCE-BASIS-AXIOM-SELECTOR-DOMAIN-FINITE-SURVEY-PROTOCOL-PACKET,,markdown-wiki,PASS,2026-06-10T00:47:57Z,Generated metadata note; not canonical authority.,TEX-RESEARCH-CONTROL-LOCALIZATION-SOURCE-BASIS-AXIOM-SELECTOR-DOMAIN-FINITE-SURVEY-PROTOCOL-PACKET,research_control/tasks/RT-20260608-019/artifacts/18_LOCALIZATION_SOURCE_BASIS_AXIOM_SELECTOR_DOMAIN_FINITE_SURVEY_PROTOCOL_PACKET.tex,33d1114b654f302f817894ef9933ca272ae7a0f0804bd3cc00a4ef77005a001f,f6cab89c203acf86df5176cddfe96b41eada680cb54681ae154b773661831666,tex,2026-06-10T00:47:57Z
WIKI-TEX-RESEARCH-CONTROL-LOCALIZATION-SOURCE-BASIS-AXIOM-SELECTOR-DOMAIN-FINITE-SURVEY-PROTOCOL-SMUGGLING-AUDIT,wiki/tex/tex-research-control-localization-source-basis-axiom-selector-domain-finite-survey-protocol-smuggling-audit.md,wiki_markdown,generated_metadata_note,generated_noncanonical,humans_and_agents,b6f9ee9a44e369041e927e3e284c87b6946af2438523864371dfc821208902c2,TEX-RESEARCH-CONTROL-LOCALIZATION-SOURCE-BASIS-AXIOM-SELECTOR-DOMAIN-FINITE-SURVEY-PROTOCOL-SMUGGLING-AUDIT,TEX-RESEARCH-CONTROL-LOCALIZATION-SOURCE-BASIS-AXIOM-SELECTOR-DOMAIN-FINITE-SURVEY-PROTOCOL-SMUGGLING-AUDIT,,markdown-wiki,PASS,2026-06-10T00:55:56Z,Generated metadata note; not canonical authority.,TEX-RESEARCH-CONTROL-LOCALIZATION-SOURCE-BASIS-AXIOM-SELECTOR-DOMAIN-FINITE-SURVEY-PROTOCOL-SMUGGLING-AUDIT,research_control/tasks/RT-20260608-020/artifacts/19_LOCALIZATION_SOURCE_BASIS_AXIOM_SELECTOR_DOMAIN_FINITE_SURVEY_PROTOCOL_SMUGGLING_AUDIT.tex,fb39d36e78b99480b64f0caf2d3e2824ce8b4d96582f29866be91237e4118922,b6f9ee9a44e369041e927e3e284c87b6946af2438523864371dfc821208902c2,tex,2026-06-10T00:55:56Z
WIKI-TEX-RESEARCH-CONTROL-LOCALIZATION-SOURCE-BASIS-AXIOM-SELECTOR-DOMAIN-FINITE-VARIATION-BENCHMARK-INDEPENDENCE-REFUTATION,wiki/tex/tex-research-control-localization-source-basis-axiom-selector-domain-finite-variation-benchmark-independence-refutation.md,wiki_markdown,generated_metadata_note,generated_noncanonical,humans_and_agents,1006d5201b5ba117b1a3b873fb0bdfe502e3d4ea905cd8e08d7880239eb38d4a,TEX-RESEARCH-CONTROL-LOCALIZATION-SOURCE-BASIS-AXIOM-SELECTOR-DOMAIN-FINITE-VARIATION-BENCHMARK-INDEPENDENCE-REFUTATION,TEX-RESEARCH-CONTROL-LOCALIZATION-SOURCE-BASIS-AXIOM-SELECTOR-DOMAIN-FINITE-VARIATION-BENCHMARK-INDEPENDENCE-REFUTATION,,markdown-wiki,PASS,2026-06-11T03:48:38Z,Generated metadata note; not canonical authority.,TEX-RESEARCH-CONTROL-LOCALIZATION-SOURCE-BASIS-AXIOM-SELECTOR-DOMAIN-FINITE-VARIATION-BENCHMARK-INDEPENDENCE-REFUTATION,research_control/tasks/RT-20260611-006/artifacts/23_LOCALIZATION_SOURCE_BASIS_AXIOM_SELECTOR_DOMAIN_FINITE_VARIATION_BENCHMARK_INDEPENDENCE_REFUTATION.tex,a92b9618c041b810875c1b22682780679ca543e221342258f35b7022c0d473c3,1006d5201b5ba117b1a3b873fb0bdfe502e3d4ea905cd8e08d7880239eb38d4a,tex,2026-06-11T03:48:38Z
WIKI-TEX-RESEARCH-CONTROL-LOCALIZATION-SOURCE-BASIS-AXIOM-SELECTOR-DOMAIN-FINITE-VARIATION-REPAIR-PACKET,wiki/tex/tex-research-control-localization-source-basis-axiom-selector-domain-finite-variation-repair-packet.md,wiki_markdown,generated_metadata_note,generated_noncanonical,humans_and_agents,df90030f14bc102933121ba2981f888501d9f9cedf0296d567fae9a7497ffb2a,TEX-RESEARCH-CONTROL-LOCALIZATION-SOURCE-BASIS-AXIOM-SELECTOR-DOMAIN-FINITE-VARIATION-REPAIR-PACKET,TEX-RESEARCH-CONTROL-LOCALIZATION-SOURCE-BASIS-AXIOM-SELECTOR-DOMAIN-FINITE-VARIATION-REPAIR-PACKET,,markdown-wiki,PASS,2026-06-10T05:48:43Z,Generated metadata note; not canonical authority.,TEX-RESEARCH-CONTROL-LOCALIZATION-SOURCE-BASIS-AXIOM-SELECTOR-DOMAIN-FINITE-VARIATION-REPAIR-PACKET,research_control/tasks/RT-20260608-022/artifacts/21_LOCALIZATION_SOURCE_BASIS_AXIOM_SELECTOR_DOMAIN_FINITE_VARIATION_REPAIR_PACKET.tex,c66851e47ed58604ca63a54828caef092cd1efa91f9f15b6cd5f8ff01aa0260a,df90030f14bc102933121ba2981f888501d9f9cedf0296d567fae9a7497ffb2a,tex,2026-06-10T05:48:43Z
WIKI-TEX-RESEARCH-CONTROL-LOCALIZATION-SOURCE-BASIS-AXIOM-SELECTOR-DOMAIN-FINITE-VARIATION-SMUGGLING-AUDIT,wiki/tex/tex-research-control-localization-source-basis-axiom-selector-domain-finite-variation-smuggling-audit.md,wiki_markdown,generated_metadata_note,generated_noncanonical,humans_and_agents,6d2a3d0285de20820719a22d9eae873c85d316a5cad81e6cf116a59814ed9953,TEX-RESEARCH-CONTROL-LOCALIZATION-SOURCE-BASIS-AXIOM-SELECTOR-DOMAIN-FINITE-VARIATION-SMUGGLING-AUDIT,TEX-RESEARCH-CONTROL-LOCALIZATION-SOURCE-BASIS-AXIOM-SELECTOR-DOMAIN-FINITE-VARIATION-SMUGGLING-AUDIT,,markdown-wiki,PASS,2026-06-10T16:27:13Z,Generated metadata note; not canonical authority.,TEX-RESEARCH-CONTROL-LOCALIZATION-SOURCE-BASIS-AXIOM-SELECTOR-DOMAIN-FINITE-VARIATION-SMUGGLING-AUDIT,research_control/tasks/RT-20260608-023/artifacts/22_LOCALIZATION_SOURCE_BASIS_AXIOM_SELECTOR_DOMAIN_FINITE_VARIATION_SMUGGLING_AUDIT.tex,e032d4297c85b455d9c896169216c43de87668b4a375c4521af613c2e63d9874,6d2a3d0285de20820719a22d9eae873c85d316a5cad81e6cf116a59814ed9953,tex,2026-06-10T16:27:13Z
WIKI-TEX-RESEARCH-CONTROL-LOCALIZATION-SOURCE-BASIS-AXIOM-SELECTOR-DOMAIN-LEDGER-GENERATION-ONTOLOGY-EXPANSION-PROPOSAL,wiki/tex/tex-research-control-localization-source-basis-axiom-selector-domain-ledger-generation-ontology-expansion-proposal.md,wiki_markdown,generated_metadata_note,generated_noncanonical,humans_and_agents,c743eb0fe5f70b1164bcd98362e74a3b0e095a3cf5ed84394319aacb6f4d6853,TEX-RESEARCH-CONTROL-LOCALIZATION-SOURCE-BASIS-AXIOM-SELECTOR-DOMAIN-LEDGER-GENERATION-ONTOLOGY-EXPANSION-PROPOSAL,TEX-RESEARCH-CONTROL-LOCALIZATION-SOURCE-BASIS-AXIOM-SELECTOR-DOMAIN-LEDGER-GENERATION-ONTOLOGY-EXPANSION-PROPOSAL,,markdown-wiki,PASS,2026-06-13T16:22:08Z,Generated metadata note; not canonical authority.,TEX-RESEARCH-CONTROL-LOCALIZATION-SOURCE-BASIS-AXIOM-SELECTOR-DOMAIN-LEDGER-GENERATION-ONTOLOGY-EXPANSION-PROPOSAL,research_control/tasks/RT-20260613-010/artifacts/30_LOCALIZATION_SOURCE_BASIS_AXIOM_SELECTOR_DOMAIN_LEDGER_GENERATION_ONTOLOGY_EXPANSION_PROPOSAL.tex,15193aa051e27bcb2f41b8cc97c9f9c117746789b1c9248615d37ea1aab2899d,c743eb0fe5f70b1164bcd98362e74a3b0e095a3cf5ed84394319aacb6f4d6853,tex,2026-06-13T16:22:08Z
WIKI-TEX-RESEARCH-CONTROL-LOCALIZATION-SOURCE-BASIS-AXIOM-SELECTOR-DOMAIN-LEDGER-GENERATION-ONTOLOGY-EXPANSION-PROPOSAL-CONSERVATIVITY-BENCHMARK-INDEPENDENCE-REFUTATION,wiki/tex/tex-research-control-localization-source-basis-axiom-selector-domain-ledger-generation-ontology-expansion-proposal-conservativity-benchmark-independence-refutation.md,wiki_markdown,generated_metadata_note,generated_noncanonical,humans_and_agents,217acc7ab2bc2cc2c1de2038ab2cb1dc2cc117459dfb744a23bf763363dbb9cf,TEX-RESEARCH-CONTROL-LOCALIZATION-SOURCE-BASIS-AXIOM-SELECTOR-DOMAIN-LEDGER-GENERATION-ONTOLOGY-EXPANSION-PROPOSAL-CONSERVATIVITY-BENCHMARK-INDEPENDENCE-REFUTATION,TEX-RESEARCH-CONTROL-LOCALIZATION-SOURCE-BASIS-AXIOM-SELECTOR-DOMAIN-LEDGER-GENERATION-ONTOLOGY-EXPANSION-PROPOSAL-CONSERVATIVITY-BENCHMARK-INDEPENDENCE-REFUTATION,,markdown-wiki,PASS,2026-06-13T19:58:02Z,Generated metadata note; not canonical authority.,TEX-RESEARCH-CONTROL-LOCALIZATION-SOURCE-BASIS-AXIOM-SELECTOR-DOMAIN-LEDGER-GENERATION-ONTOLOGY-EXPANSION-PROPOSAL-CONSERVATIVITY-BENCHMARK-INDEPENDENCE-REFUTATION,research_control/tasks/RT-20260613-016/artifacts/32_LOCALIZATION_SOURCE_BASIS_AXIOM_SELECTOR_DOMAIN_LEDGER_GENERATION_ONTOLOGY_EXPANSION_PROPOSAL_CONSERVATIVITY_BENCHMARK_INDEPENDENCE_REFUTATION.tex,2933dfe7e78a480054361aa89387f2c29c12eab4cc7647744367b6e56075b2c5,217acc7ab2bc2cc2c1de2038ab2cb1dc2cc117459dfb744a23bf763363dbb9cf,tex,2026-06-13T19:58:02Z
WIKI-TEX-RESEARCH-CONTROL-LOCALIZATION-SOURCE-BASIS-AXIOM-SELECTOR-DOMAIN-LEDGER-GENERATION-ONTOLOGY-EXPANSION-PROPOSAL-SMUGGLING-AUDIT,wiki/tex/tex-research-control-localization-source-basis-axiom-selector-domain-ledger-generation-ontology-expansion-proposal-smuggling-audit.md,wiki_markdown,generated_metadata_note,generated_noncanonical,humans_and_agents,8089e5e1a31785b38869c8a32fe09f31c357eaac32d20e0f57784edbfc04b062,TEX-RESEARCH-CONTROL-LOCALIZATION-SOURCE-BASIS-AXIOM-SELECTOR-DOMAIN-LEDGER-GENERATION-ONTOLOGY-EXPANSION-PROPOSAL-SMUGGLING-AUDIT,TEX-RESEARCH-CONTROL-LOCALIZATION-SOURCE-BASIS-AXIOM-SELECTOR-DOMAIN-LEDGER-GENERATION-ONTOLOGY-EXPANSION-PROPOSAL-SMUGGLING-AUDIT,,markdown-wiki,PASS,2026-06-13T19:40:45Z,Generated metadata note; not canonical authority.,TEX-RESEARCH-CONTROL-LOCALIZATION-SOURCE-BASIS-AXIOM-SELECTOR-DOMAIN-LEDGER-GENERATION-ONTOLOGY-EXPANSION-PROPOSAL-SMUGGLING-AUDIT,research_control/tasks/RT-20260613-015/artifacts/31_LOCALIZATION_SOURCE_BASIS_AXIOM_SELECTOR_DOMAIN_LEDGER_GENERATION_ONTOLOGY_EXPANSION_PROPOSAL_SMUGGLING_AUDIT.tex,637082e6060a6ef9662e9d149bbefc60a6f5d47f4e9d4f04780de645f50642e1,8089e5e1a31785b38869c8a32fe09f31c357eaac32d20e0f57784edbfc04b062,tex,2026-06-13T19:40:45Z
WIKI-TEX-RESEARCH-CONTROL-LOCALIZATION-SOURCE-BASIS-AXIOM-SELECTOR-DOMAIN-LEDGER-PROVENANCE-THEOREM-ATTEMPT-OR-CONTROLLED-PAUSE,wiki/tex/tex-research-control-localization-source-basis-axiom-selector-domain-ledger-provenance-theorem-attempt-or-controlled-pause.md,wiki_markdown,generated_metadata_note,generated_noncanonical,humans_and_agents,6ff105519e6a2cf0e459ffd36f39ec3a6b7ff09babd4f94c43d5211ff7787bf4,TEX-RESEARCH-CONTROL-LOCALIZATION-SOURCE-BASIS-AXIOM-SELECTOR-DOMAIN-LEDGER-PROVENANCE-THEOREM-ATTEMPT-OR-CONTROLLED-PAUSE,TEX-RESEARCH-CONTROL-LOCALIZATION-SOURCE-BASIS-AXIOM-SELECTOR-DOMAIN-LEDGER-PROVENANCE-THEOREM-ATTEMPT-OR-CONTROLLED-PAUSE,,markdown-wiki,PASS,2026-06-13T15:57:19Z,Generated metadata note; not canonical authority.,TEX-RESEARCH-CONTROL-LOCALIZATION-SOURCE-BASIS-AXIOM-SELECTOR-DOMAIN-LEDGER-PROVENANCE-THEOREM-ATTEMPT-OR-CONTROLLED-PAUSE,research_control/tasks/RT-20260613-009/artifacts/29_LOCALIZATION_SOURCE_BASIS_AXIOM_SELECTOR_DOMAIN_LEDGER_PROVENANCE_THEOREM_ATTEMPT_OR_CONTROLLED_PAUSE.tex,2dabf49f2e8bc3707c92eea0b0b84d26459c3c344fe36e28f2f31c042988bc61,6ff105519e6a2cf0e459ffd36f39ec3a6b7ff09babd4f94c43d5211ff7787bf4,tex,2026-06-13T15:57:19Z
WIKI-TEX-RESEARCH-CONTROL-LOCALIZATION-SOURCE-BASIS-AXIOM-SELECTOR-DOMAIN-NO-TARGET-SOURCE-REGISTERED-FREEZE-MANIFEST,wiki/tex/tex-research-control-localization-source-basis-axiom-selector-domain-no-target-source-registered-freeze-manifest.md,wiki_markdown,generated_metadata_note,generated_noncanonical,humans_and_agents,59ccfb858733ec21ab11c5935179f959dad8491122f1c6e2b16a2d6d92d7fcbf,TEX-RESEARCH-CONTROL-LOCALIZATION-SOURCE-BASIS-AXIOM-SELECTOR-DOMAIN-NO-TARGET-SOURCE-REGISTERED-FREEZE-MANIFEST,TEX-RESEARCH-CONTROL-LOCALIZATION-SOURCE-BASIS-AXIOM-SELECTOR-DOMAIN-NO-TARGET-SOURCE-REGISTERED-FREEZE-MANIFEST,,markdown-wiki,PASS,2026-06-13T22:01:54Z,Generated metadata note; not canonical authority.,TEX-RESEARCH-CONTROL-LOCALIZATION-SOURCE-BASIS-AXIOM-SELECTOR-DOMAIN-NO-TARGET-SOURCE-REGISTERED-FREEZE-MANIFEST,research_control/tasks/RT-20260613-021/artifacts/37_LOCALIZATION_SOURCE_BASIS_AXIOM_SELECTOR_DOMAIN_NO_TARGET_SOURCE_REGISTERED_FREEZE_MANIFEST.tex,b2917e3bf536ab6004edf2b9d4a4d09aec46bef10421a96f840a50519489d871,59ccfb858733ec21ab11c5935179f959dad8491122f1c6e2b16a2d6d92d7fcbf,tex,2026-06-13T22:01:54Z
WIKI-TEX-RESEARCH-CONTROL-LOCALIZATION-SOURCE-BASIS-AXIOM-SELECTOR-DOMAIN-NO-TARGET-SOURCE-REGISTERED-FREEZE-MANIFEST-SMUGGLING-AUDIT,wiki/tex/tex-research-control-localization-source-basis-axiom-selector-domain-no-target-source-registered-freeze-manifest-smuggling-audit.md,wiki_markdown,generated_metadata_note,generated_noncanonical,humans_and_agents,730c74aac37b5f42e59c9b44239fdc713aa1cfbf0a493340dd4020ad05e55799,TEX-RESEARCH-CONTROL-LOCALIZATION-SOURCE-BASIS-AXIOM-SELECTOR-DOMAIN-NO-TARGET-SOURCE-REGISTERED-FREEZE-MANIFEST-SMUGGLING-AUDIT,TEX-RESEARCH-CONTROL-LOCALIZATION-SOURCE-BASIS-AXIOM-SELECTOR-DOMAIN-NO-TARGET-SOURCE-REGISTERED-FREEZE-MANIFEST-SMUGGLING-AUDIT,,markdown-wiki,PASS,2026-06-13T22:17:53Z,Generated metadata note; not canonical authority.,TEX-RESEARCH-CONTROL-LOCALIZATION-SOURCE-BASIS-AXIOM-SELECTOR-DOMAIN-NO-TARGET-SOURCE-REGISTERED-FREEZE-MANIFEST-SMUGGLING-AUDIT,research_control/tasks/RT-20260613-022/artifacts/38_LOCALIZATION_SOURCE_BASIS_AXIOM_SELECTOR_DOMAIN_NO_TARGET_SOURCE_REGISTERED_FREEZE_MANIFEST_SMUGGLING_AUDIT.tex,fabc42c0ff750b5c3f25beb0d0a93e2e6ec7c2513a910e457a0997872415e321,730c74aac37b5f42e59c9b44239fdc713aa1cfbf0a493340dd4020ad05e55799,tex,2026-06-13T22:17:53Z
WIKI-TEX-RESEARCH-CONTROL-LOCALIZATION-SOURCE-BASIS-AXIOM-SELECTOR-DOMAIN-NO-TARGET-SOURCE-SYNTAX-BENCHMARK-INDEPENDENCE-PROXY-VARIATION-STRESS-TEST,wiki/tex/tex-research-control-localization-source-basis-axiom-selector-domain-no-target-source-syntax-benchmark-independence-proxy-variation-stress-test.md,wiki_markdown,generated_metadata_note,generated_noncanonical,humans_and_agents,31ec659b57e49ade579b15ad7575fb99daf225447873178cebb445285f9d95ef,TEX-RESEARCH-CONTROL-LOCALIZATION-SOURCE-BASIS-AXIOM-SELECTOR-DOMAIN-NO-TARGET-SOURCE-SYNTAX-BENCHMARK-INDEPENDENCE-PROXY-VARIATION-STRESS-TEST,TEX-RESEARCH-CONTROL-LOCALIZATION-SOURCE-BASIS-AXIOM-SELECTOR-DOMAIN-NO-TARGET-SOURCE-SYNTAX-BENCHMARK-INDEPENDENCE-PROXY-VARIATION-STRESS-TEST,,markdown-wiki,PASS,2026-06-14T02:03:54Z,Generated metadata note; not canonical authority.,TEX-RESEARCH-CONTROL-LOCALIZATION-SOURCE-BASIS-AXIOM-SELECTOR-DOMAIN-NO-TARGET-SOURCE-SYNTAX-BENCHMARK-INDEPENDENCE-PROXY-VARIATION-STRESS-TEST,research_control/tasks/RT-20260613-024/artifacts/40_LOCALIZATION_SOURCE_BASIS_AXIOM_SELECTOR_DOMAIN_NO_TARGET_SOURCE_SYNTAX_BENCHMARK_INDEPENDENCE_PROXY_VARIATION_STRESS_TEST.tex,ba3f9c1d7277d51ae51105139699bed0d57799b825aae561390a46a8d0c2ba73,31ec659b57e49ade579b15ad7575fb99daf225447873178cebb445285f9d95ef,tex,2026-06-14T02:03:54Z
WIKI-TEX-RESEARCH-CONTROL-LOCALIZATION-SOURCE-BASIS-AXIOM-SELECTOR-DOMAIN-NO-TARGET-SOURCE-SYNTAX-REPAIR-TARGET-PACKET,wiki/tex/tex-research-control-localization-source-basis-axiom-selector-domain-no-target-source-syntax-repair-target-packet.md,wiki_markdown,generated_metadata_note,generated_noncanonical,humans_and_agents,7dde3d6ca7076cdac917983e0ce252e9d15ca2f680e8e168cb2434b69762bfe9,TEX-RESEARCH-CONTROL-LOCALIZATION-SOURCE-BASIS-AXIOM-SELECTOR-DOMAIN-NO-TARGET-SOURCE-SYNTAX-REPAIR-TARGET-PACKET,TEX-RESEARCH-CONTROL-LOCALIZATION-SOURCE-BASIS-AXIOM-SELECTOR-DOMAIN-NO-TARGET-SOURCE-SYNTAX-REPAIR-TARGET-PACKET,,markdown-wiki,PASS,2026-06-13T20:11:02Z,Generated metadata note; not canonical authority.,TEX-RESEARCH-CONTROL-LOCALIZATION-SOURCE-BASIS-AXIOM-SELECTOR-DOMAIN-NO-TARGET-SOURCE-SYNTAX-REPAIR-TARGET-PACKET,research_control/tasks/RT-20260613-017/artifacts/33_LOCALIZATION_SOURCE_BASIS_AXIOM_SELECTOR_DOMAIN_NO_TARGET_SOURCE_SYNTAX_REPAIR_TARGET_PACKET.tex,9ebdd774f28e79b365df351ecbd1e740d374f8c927819f0fea32e7fdace36877,7dde3d6ca7076cdac917983e0ce252e9d15ca2f680e8e168cb2434b69762bfe9,tex,2026-06-13T20:11:02Z
WIKI-TEX-RESEARCH-CONTROL-LOCALIZATION-SOURCE-BASIS-AXIOM-SELECTOR-DOMAIN-NO-TARGET-SOURCE-SYNTAX-REPAIR-TARGET-SMUGGLING-AUDIT,wiki/tex/tex-research-control-localization-source-basis-axiom-selector-domain-no-target-source-syntax-repair-target-smuggling-audit.md,wiki_markdown,generated_metadata_note,generated_noncanonical,humans_and_agents,aa36673a8e55031518cfd8c3a5ad773e77ed53cbe54d1607ab5d3ee54f6322f3,TEX-RESEARCH-CONTROL-LOCALIZATION-SOURCE-BASIS-AXIOM-SELECTOR-DOMAIN-NO-TARGET-SOURCE-SYNTAX-REPAIR-TARGET-SMUGGLING-AUDIT,TEX-RESEARCH-CONTROL-LOCALIZATION-SOURCE-BASIS-AXIOM-SELECTOR-DOMAIN-NO-TARGET-SOURCE-SYNTAX-REPAIR-TARGET-SMUGGLING-AUDIT,,markdown-wiki,PASS,2026-06-13T20:27:53Z,Generated metadata note; not canonical authority.,TEX-RESEARCH-CONTROL-LOCALIZATION-SOURCE-BASIS-AXIOM-SELECTOR-DOMAIN-NO-TARGET-SOURCE-SYNTAX-REPAIR-TARGET-SMUGGLING-AUDIT,research_control/tasks/RT-20260613-018/artifacts/34_LOCALIZATION_SOURCE_BASIS_AXIOM_SELECTOR_DOMAIN_NO_TARGET_SOURCE_SYNTAX_REPAIR_TARGET_SMUGGLING_AUDIT.tex,d4062c8ef1a6623e04b5f8674a44ae5ffd3e6f97ad4998302a2ed35d12ebd989,aa36673a8e55031518cfd8c3a5ad773e77ed53cbe54d1607ab5d3ee54f6322f3,tex,2026-06-13T20:27:53Z
WIKI-TEX-RESEARCH-CONTROL-LOCALIZATION-SOURCE-BASIS-AXIOM-SELECTOR-DOMAIN-NO-TARGET-SOURCE-SYNTAX-THEOREM-ATTEMPT-OR-CONTROLLED-PAUSE,wiki/tex/tex-research-control-localization-source-basis-axiom-selector-domain-no-target-source-syntax-theorem-attempt-or-controlled-pause.md,wiki_markdown,generated_metadata_note,generated_noncanonical,humans_and_agents,bc214252ea7dd7c494075fb64b415ee672d8a5ea1671dc5b40e1ccf9ffc39b5e,TEX-RESEARCH-CONTROL-LOCALIZATION-SOURCE-BASIS-AXIOM-SELECTOR-DOMAIN-NO-TARGET-SOURCE-SYNTAX-THEOREM-ATTEMPT-OR-CONTROLLED-PAUSE,TEX-RESEARCH-CONTROL-LOCALIZATION-SOURCE-BASIS-AXIOM-SELECTOR-DOMAIN-NO-TARGET-SOURCE-SYNTAX-THEOREM-ATTEMPT-OR-CONTROLLED-PAUSE,,markdown-wiki,PASS,2026-06-13T20:48:14Z,Generated metadata note; not canonical authority.,TEX-RESEARCH-CONTROL-LOCALIZATION-SOURCE-BASIS-AXIOM-SELECTOR-DOMAIN-NO-TARGET-SOURCE-SYNTAX-THEOREM-ATTEMPT-OR-CONTROLLED-PAUSE,research_control/tasks/RT-20260613-019/artifacts/35_LOCALIZATION_SOURCE_BASIS_AXIOM_SELECTOR_DOMAIN_NO_TARGET_SOURCE_SYNTAX_THEOREM_ATTEMPT_OR_CONTROLLED_PAUSE.tex,679218315cbd7a8c556e42c051528ee1b4a01ec9be9a2e0aab37b46e0d84fa1f,bc214252ea7dd7c494075fb64b415ee672d8a5ea1671dc5b40e1ccf9ffc39b5e,tex,2026-06-13T20:48:14Z
WIKI-TEX-RESEARCH-CONTROL-LOCALIZATION-SOURCE-BASIS-AXIOM-SELECTOR-DOMAIN-NO-TARGET-SOURCE-SYNTAX-THEOREM-RETRY,wiki/tex/tex-research-control-localization-source-basis-axiom-selector-domain-no-target-source-syntax-theorem-retry.md,wiki_markdown,generated_metadata_note,generated_noncanonical,humans_and_agents,a0dab8d3d6be27c398424b26d3711fc30333087dd012b61902c68fb67a260345,TEX-RESEARCH-CONTROL-LOCALIZATION-SOURCE-BASIS-AXIOM-SELECTOR-DOMAIN-NO-TARGET-SOURCE-SYNTAX-THEOREM-RETRY,TEX-RESEARCH-CONTROL-LOCALIZATION-SOURCE-BASIS-AXIOM-SELECTOR-DOMAIN-NO-TARGET-SOURCE-SYNTAX-THEOREM-RETRY,,markdown-wiki,PASS,2026-06-13T23:46:43Z,Generated metadata note; not canonical authority.,TEX-RESEARCH-CONTROL-LOCALIZATION-SOURCE-BASIS-AXIOM-SELECTOR-DOMAIN-NO-TARGET-SOURCE-SYNTAX-THEOREM-RETRY,research_control/tasks/RT-20260613-023/artifacts/39_LOCALIZATION_SOURCE_BASIS_AXIOM_SELECTOR_DOMAIN_NO_TARGET_SOURCE_SYNTAX_THEOREM_RETRY.tex,def36917985f3319fbbd07ceefa8209bc6ca2352353bbb2b8d7a500722e7e509,a0dab8d3d6be27c398424b26d3711fc30333087dd012b61902c68fb67a260345,tex,2026-06-13T23:46:43Z
WIKI-TEX-RESEARCH-CONTROL-LOCALIZATION-SOURCE-BASIS-AXIOM-SELECTOR-DOMAIN-REPAIR-PACKET,wiki/tex/tex-research-control-localization-source-basis-axiom-selector-domain-repair-packet.md,wiki_markdown,generated_metadata_note,generated_noncanonical,humans_and_agents,fbd415463e4a6a36996e0ce4a72cd7274b5f537ccd48af8749396253516e501e,TEX-RESEARCH-CONTROL-LOCALIZATION-SOURCE-BASIS-AXIOM-SELECTOR-DOMAIN-REPAIR-PACKET,TEX-RESEARCH-CONTROL-LOCALIZATION-SOURCE-BASIS-AXIOM-SELECTOR-DOMAIN-REPAIR-PACKET,,markdown-wiki,PASS,2026-06-09T23:54:02Z,Generated metadata note; not canonical authority.,TEX-RESEARCH-CONTROL-LOCALIZATION-SOURCE-BASIS-AXIOM-SELECTOR-DOMAIN-REPAIR-PACKET,research_control/tasks/RT-20260608-016/artifacts/15_LOCALIZATION_SOURCE_BASIS_AXIOM_SELECTOR_DOMAIN_REPAIR_PACKET.tex,0b4b4ae677a660759848bb52efc6cbf80ffd123a6e80ad2447be39f468925117,fbd415463e4a6a36996e0ce4a72cd7274b5f537ccd48af8749396253516e501e,tex,2026-06-09T23:54:02Z
WIKI-TEX-RESEARCH-CONTROL-LOCALIZATION-SOURCE-BASIS-AXIOM-SELECTOR-DOMAIN-SMUGGLING-AUDIT,wiki/tex/tex-research-control-localization-source-basis-axiom-selector-domain-smuggling-audit.md,wiki_markdown,generated_metadata_note,generated_noncanonical,humans_and_agents,59a480af532d108180393772be2652fc1546873cca532f2cb6c53aed334ee678,TEX-RESEARCH-CONTROL-LOCALIZATION-SOURCE-BASIS-AXIOM-SELECTOR-DOMAIN-SMUGGLING-AUDIT,TEX-RESEARCH-CONTROL-LOCALIZATION-SOURCE-BASIS-AXIOM-SELECTOR-DOMAIN-SMUGGLING-AUDIT,,markdown-wiki,PASS,2026-06-10T00:08:19Z,Generated metadata note; not canonical authority.,TEX-RESEARCH-CONTROL-LOCALIZATION-SOURCE-BASIS-AXIOM-SELECTOR-DOMAIN-SMUGGLING-AUDIT,research_control/tasks/RT-20260608-017/artifacts/16_LOCALIZATION_SOURCE_BASIS_AXIOM_SELECTOR_DOMAIN_SMUGGLING_AUDIT.tex,4d052b85e78a7df949c937780dfb4fa496587ecf541c94adf0fd898b654aa5bf,59a480af532d108180393772be2652fc1546873cca532f2cb6c53aed334ee678,tex,2026-06-10T00:08:19Z
WIKI-TEX-RESEARCH-CONTROL-LOCALIZATION-SOURCE-BASIS-AXIOM-SELECTOR-DOMAIN-SOURCE-FORCING-DISCHARGE-PROTOCOL,wiki/tex/tex-research-control-localization-source-basis-axiom-selector-domain-source-forcing-discharge-protocol.md,wiki_markdown,generated_metadata_note,generated_noncanonical,humans_and_agents,5c731f76d5072cef7c853aed255ff97ed069c19036c9570ae3498419855c0ccb,TEX-RESEARCH-CONTROL-LOCALIZATION-SOURCE-BASIS-AXIOM-SELECTOR-DOMAIN-SOURCE-FORCING-DISCHARGE-PROTOCOL,TEX-RESEARCH-CONTROL-LOCALIZATION-SOURCE-BASIS-AXIOM-SELECTOR-DOMAIN-SOURCE-FORCING-DISCHARGE-PROTOCOL,,markdown-wiki,PASS,2026-06-13T13:38:48Z,Generated metadata note; not canonical authority.,TEX-RESEARCH-CONTROL-LOCALIZATION-SOURCE-BASIS-AXIOM-SELECTOR-DOMAIN-SOURCE-FORCING-DISCHARGE-PROTOCOL,research_control/tasks/RT-20260613-006/artifacts/26_LOCALIZATION_SOURCE_BASIS_AXIOM_SELECTOR_DOMAIN_SOURCE_FORCING_DISCHARGE_PROTOCOL.tex,49ff28bc2e1e372603bd49865929bf87ee9a62d78fd7abe421c9ed22b3df4705,5c731f76d5072cef7c853aed255ff97ed069c19036c9570ae3498419855c0ccb,tex,2026-06-13T13:38:48Z
WIKI-TEX-RESEARCH-CONTROL-LOCALIZATION-SOURCE-BASIS-AXIOM-SELECTOR-DOMAIN-SOURCE-FORCING-DISCHARGE-PROTOCOL-BENCHMARK-INDEPENDENCE-REFUTATION,wiki/tex/tex-research-control-localization-source-basis-axiom-selector-domain-source-forcing-discharge-protocol-benchmark-independence-refutation.md,wiki_markdown,generated_metadata_note,generated_noncanonical,humans_and_agents,b4db60f44e3ad020a030391ad66f6e9db38d044d6a8d45931541c26071bced05,TEX-RESEARCH-CONTROL-LOCALIZATION-SOURCE-BASIS-AXIOM-SELECTOR-DOMAIN-SOURCE-FORCING-DISCHARGE-PROTOCOL-BENCHMARK-INDEPENDENCE-REFUTATION,TEX-RESEARCH-CONTROL-LOCALIZATION-SOURCE-BASIS-AXIOM-SELECTOR-DOMAIN-SOURCE-FORCING-DISCHARGE-PROTOCOL-BENCHMARK-INDEPENDENCE-REFUTATION,,markdown-wiki,PASS,2026-06-13T14:13:13Z,Generated metadata note; not canonical authority.,TEX-RESEARCH-CONTROL-LOCALIZATION-SOURCE-BASIS-AXIOM-SELECTOR-DOMAIN-SOURCE-FORCING-DISCHARGE-PROTOCOL-BENCHMARK-INDEPENDENCE-REFUTATION,research_control/tasks/RT-20260613-008/artifacts/28_LOCALIZATION_SOURCE_BASIS_AXIOM_SELECTOR_DOMAIN_SOURCE_FORCING_DISCHARGE_PROTOCOL_BENCHMARK_INDEPENDENCE_REFUTATION.tex,115a7982c5e7d82d7a0f0e36e03b2b790c1a34d5bc8315102f22df19854b1484,b4db60f44e3ad020a030391ad66f6e9db38d044d6a8d45931541c26071bced05,tex,2026-06-13T14:13:13Z
WIKI-TEX-RESEARCH-CONTROL-LOCALIZATION-SOURCE-BASIS-AXIOM-SELECTOR-DOMAIN-SOURCE-FORCING-DISCHARGE-PROTOCOL-SMUGGLING-AUDIT,wiki/tex/tex-research-control-localization-source-basis-axiom-selector-domain-source-forcing-discharge-protocol-smuggling-audit.md,wiki_markdown,generated_metadata_note,generated_noncanonical,humans_and_agents,c98a6ec0e78bd87918495f6358363dddaff0c050e00d7996b4215d760cdf1523,TEX-RESEARCH-CONTROL-LOCALIZATION-SOURCE-BASIS-AXIOM-SELECTOR-DOMAIN-SOURCE-FORCING-DISCHARGE-PROTOCOL-SMUGGLING-AUDIT,TEX-RESEARCH-CONTROL-LOCALIZATION-SOURCE-BASIS-AXIOM-SELECTOR-DOMAIN-SOURCE-FORCING-DISCHARGE-PROTOCOL-SMUGGLING-AUDIT,,markdown-wiki,PASS,2026-06-13T14:01:08Z,Generated metadata note; not canonical authority.,TEX-RESEARCH-CONTROL-LOCALIZATION-SOURCE-BASIS-AXIOM-SELECTOR-DOMAIN-SOURCE-FORCING-DISCHARGE-PROTOCOL-SMUGGLING-AUDIT,research_control/tasks/RT-20260613-007/artifacts/27_LOCALIZATION_SOURCE_BASIS_AXIOM_SELECTOR_DOMAIN_SOURCE_FORCING_DISCHARGE_PROTOCOL_SMUGGLING_AUDIT.tex,4b634fdfb2ecd3c6af5073cac96205ea5ee14522040f066df65144c178c13e1f,c98a6ec0e78bd87918495f6358363dddaff0c050e00d7996b4215d760cdf1523,tex,2026-06-13T14:01:08Z
WIKI-TEX-RESEARCH-CONTROL-LOCALIZATION-SOURCE-BASIS-AXIOM-SELECTOR-DOMAIN-SOURCE-FORCING-OBLIGATION-PACKET,wiki/tex/tex-research-control-localization-source-basis-axiom-selector-domain-source-forcing-obligation-packet.md,wiki_markdown,generated_metadata_note,generated_noncanonical,humans_and_agents,a72edd5dc33edd606b8914a7a1a13b97af936505a8f40eede478669cf69a396b,TEX-RESEARCH-CONTROL-LOCALIZATION-SOURCE-BASIS-AXIOM-SELECTOR-DOMAIN-SOURCE-FORCING-OBLIGATION-PACKET,TEX-RESEARCH-CONTROL-LOCALIZATION-SOURCE-BASIS-AXIOM-SELECTOR-DOMAIN-SOURCE-FORCING-OBLIGATION-PACKET,,markdown-wiki,PASS,2026-06-13T12:51:45Z,Generated metadata note; not canonical authority.,TEX-RESEARCH-CONTROL-LOCALIZATION-SOURCE-BASIS-AXIOM-SELECTOR-DOMAIN-SOURCE-FORCING-OBLIGATION-PACKET,research_control/tasks/RT-20260613-004/artifacts/24_LOCALIZATION_SOURCE_BASIS_AXIOM_SELECTOR_DOMAIN_SOURCE_FORCING_OBLIGATION_PACKET.tex,f85cbe67e321fa470e0364597a6480bf2e70bf03954c38cf92cbe78fcabf6d53,a72edd5dc33edd606b8914a7a1a13b97af936505a8f40eede478669cf69a396b,tex,2026-06-13T12:51:45Z
WIKI-TEX-RESEARCH-CONTROL-LOCALIZATION-SOURCE-BASIS-AXIOM-SELECTOR-DOMAIN-SOURCE-FORCING-SMUGGLING-AUDIT,wiki/tex/tex-research-control-localization-source-basis-axiom-selector-domain-source-forcing-smuggling-audit.md,wiki_markdown,generated_metadata_note,generated_noncanonical,humans_and_agents,70c01ee9ede4fdc2f658b32bb90dd068aaa7e6aeeb972e8a6d569f30d3d9fda4,TEX-RESEARCH-CONTROL-LOCALIZATION-SOURCE-BASIS-AXIOM-SELECTOR-DOMAIN-SOURCE-FORCING-SMUGGLING-AUDIT,TEX-RESEARCH-CONTROL-LOCALIZATION-SOURCE-BASIS-AXIOM-SELECTOR-DOMAIN-SOURCE-FORCING-SMUGGLING-AUDIT,,markdown-wiki,PASS,2026-06-13T13:09:14Z,Generated metadata note; not canonical authority.,TEX-RESEARCH-CONTROL-LOCALIZATION-SOURCE-BASIS-AXIOM-SELECTOR-DOMAIN-SOURCE-FORCING-SMUGGLING-AUDIT,research_control/tasks/RT-20260613-005/artifacts/25_LOCALIZATION_SOURCE_BASIS_AXIOM_SELECTOR_DOMAIN_SOURCE_FORCING_SMUGGLING_AUDIT.tex,d452845ceaff3c2f22c1cc85124bd0333f283a28e589da7d9f994916fea6fd30,70c01ee9ede4fdc2f658b32bb90dd068aaa7e6aeeb972e8a6d569f30d3d9fda4,tex,2026-06-13T13:09:14Z
WIKI-TEX-RESEARCH-CONTROL-LOCALIZATION-SOURCE-BASIS-AXIOM-SMUGGLING-AUDIT,wiki/tex/tex-research-control-localization-source-basis-axiom-smuggling-audit.md,wiki_markdown,generated_metadata_note,generated_noncanonical,humans_and_agents,1fdc58e5a96c56c39696e7bb2b9d195d123fb50f9b2535ffddd95160ce320bf1,TEX-RESEARCH-CONTROL-LOCALIZATION-SOURCE-BASIS-AXIOM-SMUGGLING-AUDIT,TEX-RESEARCH-CONTROL-LOCALIZATION-SOURCE-BASIS-AXIOM-SMUGGLING-AUDIT,,markdown-wiki,PASS,2026-06-09T13:44:06Z,Generated metadata note; not canonical authority.,TEX-RESEARCH-CONTROL-LOCALIZATION-SOURCE-BASIS-AXIOM-SMUGGLING-AUDIT,research_control/tasks/RT-20260608-011/artifacts/10_LOCALIZATION_SOURCE_BASIS_AXIOM_SMUGGLING_AUDIT.tex,be0571028af48d775faaa81eaebb9f6b947bc30a7ee7a52e4250010d4b30a8ad,1fdc58e5a96c56c39696e7bb2b9d195d123fb50f9b2535ffddd95160ce320bf1,tex,2026-06-09T13:44:06Z
WIKI-TEX-RESEARCH-CONTROL-LOCALIZATION-SOURCE-BASIS-CONSERVATIVITY-REFUTATION,wiki/tex/tex-research-control-localization-source-basis-conservativity-refutation.md,wiki_markdown,generated_metadata_note,generated_noncanonical,humans_and_agents,3fff372f929d51a5e012df1357916a8c6bfc9253b29178aebbcd6bc21caad462,TEX-RESEARCH-CONTROL-LOCALIZATION-SOURCE-BASIS-CONSERVATIVITY-REFUTATION,TEX-RESEARCH-CONTROL-LOCALIZATION-SOURCE-BASIS-CONSERVATIVITY-REFUTATION,,markdown-wiki,PASS,2026-06-09T00:41:14Z,Generated metadata note; not canonical authority.,TEX-RESEARCH-CONTROL-LOCALIZATION-SOURCE-BASIS-CONSERVATIVITY-REFUTATION,research_control/tasks/RT-20260608-009/artifacts/08_LOCALIZATION_SOURCE_BASIS_CONSERVATIVITY_REFUTATION.tex,039f785483c8eb9b86171d2eb8fb419356e96c6c2626c0480315c0fae7d99bd7,3fff372f929d51a5e012df1357916a8c6bfc9253b29178aebbcd6bc21caad462,tex,2026-06-09T00:41:14Z
WIKI-TEX-RESEARCH-CONTROL-LOCALIZATION-SOURCE-BASIS-FORMALIZATION,wiki/tex/tex-research-control-localization-source-basis-formalization.md,wiki_markdown,generated_metadata_note,generated_noncanonical,humans_and_agents,5b46698522de8203d771622414334001c50b15590a7ab47e8945f062e9e5ce80,TEX-RESEARCH-CONTROL-LOCALIZATION-SOURCE-BASIS-FORMALIZATION,TEX-RESEARCH-CONTROL-LOCALIZATION-SOURCE-BASIS-FORMALIZATION,,markdown-wiki,PASS,2026-06-09T00:19:46Z,Generated metadata note; not canonical authority.,TEX-RESEARCH-CONTROL-LOCALIZATION-SOURCE-BASIS-FORMALIZATION,research_control/tasks/RT-20260608-007/artifacts/06_LOCALIZATION_SOURCE_BASIS_FORMALIZATION.tex,55c58da81e48528fad6ac2e5d0bd66e8981dbcca51ecbe82be68fcc63a1eeb26,5b46698522de8203d771622414334001c50b15590a7ab47e8945f062e9e5ce80,tex,2026-06-09T00:19:46Z
WIKI-TEX-RESEARCH-CONTROL-LOCALIZATION-SOURCE-BASIS-SMUGGLING-AUDIT,wiki/tex/tex-research-control-localization-source-basis-smuggling-audit.md,wiki_markdown,generated_metadata_note,generated_noncanonical,humans_and_agents,38c7b64aa6037992270794332c67f28482ab3edefdc97d7044780e7537e91c5d,TEX-RESEARCH-CONTROL-LOCALIZATION-SOURCE-BASIS-SMUGGLING-AUDIT,TEX-RESEARCH-CONTROL-LOCALIZATION-SOURCE-BASIS-SMUGGLING-AUDIT,,markdown-wiki,PASS,2026-06-09T00:26:30Z,Generated metadata note; not canonical authority.,TEX-RESEARCH-CONTROL-LOCALIZATION-SOURCE-BASIS-SMUGGLING-AUDIT,research_control/tasks/RT-20260608-008/artifacts/07_LOCALIZATION_SOURCE_BASIS_SMUGGLING_AUDIT.tex,34b45efc3cc0d50b2df047fe28fd2a21377021def57a1970f2ad1d64d642e606,38c7b64aa6037992270794332c67f28482ab3edefdc97d7044780e7537e91c5d,tex,2026-06-09T00:26:30Z
WIKI-TEX-RESEARCH-CONTROL-LOCALIZATION-SOURCE-REPAIR-PACKET,wiki/tex/tex-research-control-localization-source-repair-packet.md,wiki_markdown,generated_metadata_note,generated_noncanonical,humans_and_agents,178a454904e242af3a77e60c5f194f7dcb22b86af33ac3ba674d3f974901d6e3,TEX-RESEARCH-CONTROL-LOCALIZATION-SOURCE-REPAIR-PACKET,TEX-RESEARCH-CONTROL-LOCALIZATION-SOURCE-REPAIR-PACKET,,markdown-wiki,PASS,2026-06-08T23:58:56Z,Generated metadata note; not canonical authority.,TEX-RESEARCH-CONTROL-LOCALIZATION-SOURCE-REPAIR-PACKET,research_control/tasks/RT-20260608-005/artifacts/04_LOCALIZATION_SOURCE_REPAIR_PACKET.tex,cf297d12204920a95817efe213ed3c5e21b06ff3157f59092e1e250742ffb539,178a454904e242af3a77e60c5f194f7dcb22b86af33ac3ba674d3f974901d6e3,tex,2026-06-08T23:58:56Z
WIKI-TEX-RESEARCH-CONTROL-RESP-LC-FINITE-TOY-METRIC-RESPONSE-MODEL,wiki/tex/tex-research-control-resp-lc-finite-toy-metric-response-model.md,wiki_markdown,generated_metadata_note,generated_noncanonical,humans_and_agents,e44f24f458080e366a9c0aa1a1c8f0011a360ff48ec8d8c4c6bfd220f7a9f1d4,TEX-RESEARCH-CONTROL-RESP-LC-FINITE-TOY-METRIC-RESPONSE-MODEL,TEX-RESEARCH-CONTROL-RESP-LC-FINITE-TOY-METRIC-RESPONSE-MODEL,,markdown-wiki,PASS,2026-06-18T01:13:59Z,Generated metadata note; not canonical authority.,TEX-RESEARCH-CONTROL-RESP-LC-FINITE-TOY-METRIC-RESPONSE-MODEL,research_control/tasks/RT-20260614-053/artifacts/94_RESP_LC_FINITE_TOY_METRIC_RESPONSE_MODEL.tex,45420616b2e8502204adda85f7a008800c5a4c571b30326e9279fb53475a2931,e44f24f458080e366a9c0aa1a1c8f0011a360ff48ec8d8c4c6bfd220f7a9f1d4,tex,2026-06-18T01:13:59Z
WIKI-TEX-RESEARCH-CONTROL-RESP-LC-FINITE-TOY-METRIC-RESPONSE-MODEL-REFUTER-STRESS-TEST,wiki/tex/tex-research-control-resp-lc-finite-toy-metric-response-model-refuter-stress-test.md,wiki_markdown,generated_metadata_note,generated_noncanonical,humans_and_agents,f5febd4fcfa157ffa70216dece1519be89c2e37131bfb834ebcf89f8a74a4bc8,TEX-RESEARCH-CONTROL-RESP-LC-FINITE-TOY-METRIC-RESPONSE-MODEL-REFUTER-STRESS-TEST,TEX-RESEARCH-CONTROL-RESP-LC-FINITE-TOY-METRIC-RESPONSE-MODEL-REFUTER-STRESS-TEST,,markdown-wiki,PASS,2026-06-18T01:51:46Z,Generated metadata note; not canonical authority.,TEX-RESEARCH-CONTROL-RESP-LC-FINITE-TOY-METRIC-RESPONSE-MODEL-REFUTER-STRESS-TEST,research_control/tasks/RT-20260614-055/artifacts/96_RESP_LC_FINITE_TOY_METRIC_RESPONSE_MODEL_REFUTER_STRESS_TEST.tex,b589c29e440750e0dacaebb5d2ad86fd5bf0b593b7e27645052fcbf55839a161,f5febd4fcfa157ffa70216dece1519be89c2e37131bfb834ebcf89f8a74a4bc8,tex,2026-06-18T01:51:46Z
WIKI-TEX-RESEARCH-CONTROL-RESP-LC-FINITE-TOY-METRIC-RESPONSE-MODEL-SMUGGLING-AUDIT,wiki/tex/tex-research-control-resp-lc-finite-toy-metric-response-model-smuggling-audit.md,wiki_markdown,generated_metadata_note,generated_noncanonical,humans_and_agents,30a5af381a4a7e0e725f2b2223205081e2cf43df60635f88fc553e0d6066ecff,TEX-RESEARCH-CONTROL-RESP-LC-FINITE-TOY-METRIC-RESPONSE-MODEL-SMUGGLING-AUDIT,TEX-RESEARCH-CONTROL-RESP-LC-FINITE-TOY-METRIC-RESPONSE-MODEL-SMUGGLING-AUDIT,,markdown-wiki,PASS,2026-06-18T01:13:59Z,Generated metadata note; not canonical authority.,TEX-RESEARCH-CONTROL-RESP-LC-FINITE-TOY-METRIC-RESPONSE-MODEL-SMUGGLING-AUDIT,research_control/tasks/RT-20260614-054/artifacts/95_RESP_LC_FINITE_TOY_METRIC_RESPONSE_MODEL_SMUGGLING_AUDIT.tex,b5efa6a412f6c74770773478d255372b6fd867d9dfda3fa171a0d68a23c0e9c6,30a5af381a4a7e0e725f2b2223205081e2cf43df60635f88fc553e0d6066ecff,tex,2026-06-18T01:13:59Z
WIKI-TEX-RESEARCH-CONTROL-RESP-LC-SOURCE-EXTENSION-CANDIDATE,wiki/tex/tex-research-control-resp-lc-source-extension-candidate.md,wiki_markdown,generated_metadata_note,generated_noncanonical,humans_and_agents,11459ac16194d329aed7f485dbf75b6dd07adb564a8285fab608218dfe1a3822,TEX-RESEARCH-CONTROL-RESP-LC-SOURCE-EXTENSION-CANDIDATE,TEX-RESEARCH-CONTROL-RESP-LC-SOURCE-EXTENSION-CANDIDATE,,markdown-wiki,PASS,2026-06-18T02:44:02Z,Generated metadata note; not canonical authority.,TEX-RESEARCH-CONTROL-RESP-LC-SOURCE-EXTENSION-CANDIDATE,research_control/tasks/RT-20260614-057/artifacts/98_RESP_LC_SOURCE_EXTENSION_CANDIDATE.tex,b0d6124a7df8cdbacc17ae28fa70331b4c6243fd0aa9b7509391001d52da517e,11459ac16194d329aed7f485dbf75b6dd07adb564a8285fab608218dfe1a3822,tex,2026-06-18T02:44:02Z
WIKI-TEX-RESEARCH-CONTROL-RESP-LC-SOURCE-EXTENSION-CANDIDATE-REFUTER-STRESS-TEST,wiki/tex/tex-research-control-resp-lc-source-extension-candidate-refuter-stress-test.md,wiki_markdown,generated_metadata_note,generated_noncanonical,humans_and_agents,66ab0dfc0546755ef5899affb7dfb8cebe7ee69ec871d204f6d57aa0667305ff,TEX-RESEARCH-CONTROL-RESP-LC-SOURCE-EXTENSION-CANDIDATE-REFUTER-STRESS-TEST,TEX-RESEARCH-CONTROL-RESP-LC-SOURCE-EXTENSION-CANDIDATE-REFUTER-STRESS-TEST,,markdown-wiki,PASS,2026-06-18T03:05:04Z,Generated metadata note; not canonical authority.,TEX-RESEARCH-CONTROL-RESP-LC-SOURCE-EXTENSION-CANDIDATE-REFUTER-STRESS-TEST,research_control/tasks/RT-20260614-059/artifacts/100_RESP_LC_SOURCE_EXTENSION_CANDIDATE_REFUTER_STRESS_TEST.tex,1dc4968c0a6981164a53b9ceba49d52419433c8ca02a9685fb6a3fe24e05bc47,66ab0dfc0546755ef5899affb7dfb8cebe7ee69ec871d204f6d57aa0667305ff,tex,2026-06-18T03:05:04Z
WIKI-TEX-RESEARCH-CONTROL-RESP-LC-SOURCE-EXTENSION-CANDIDATE-SMUGGLING-AUDIT,wiki/tex/tex-research-control-resp-lc-source-extension-candidate-smuggling-audit.md,wiki_markdown,generated_metadata_note,generated_noncanonical,humans_and_agents,b11d47141136b677f52a650be2c000c36b37bd16ce1cc035dbee0edc9ed57fc2,TEX-RESEARCH-CONTROL-RESP-LC-SOURCE-EXTENSION-CANDIDATE-SMUGGLING-AUDIT,TEX-RESEARCH-CONTROL-RESP-LC-SOURCE-EXTENSION-CANDIDATE-SMUGGLING-AUDIT,,markdown-wiki,PASS,2026-06-18T02:44:02Z,Generated metadata note; not canonical authority.,TEX-RESEARCH-CONTROL-RESP-LC-SOURCE-EXTENSION-CANDIDATE-SMUGGLING-AUDIT,research_control/tasks/RT-20260614-058/artifacts/99_RESP_LC_SOURCE_EXTENSION_CANDIDATE_SMUGGLING_AUDIT.tex,967b387d70dac4b0b917069ce3fd1b59ae5fef66aefa5e08dac703dfef8f64ce,b11d47141136b677f52a650be2c000c36b37bd16ce1cc035dbee0edc9ed57fc2,tex,2026-06-18T02:44:02Z
WIKI-TEX-RESEARCH-CONTROL-RESP-LC-SOURCE-EXTENSION-HUMAN-GATE-ADOPTION-DECISION,wiki/tex/tex-research-control-resp-lc-source-extension-human-gate-adoption-decision.md,wiki_markdown,generated_metadata_note,generated_noncanonical,humans_and_agents,318db3aa7ce140cbd52105b76345ee6207a077baa4011dfda3c449d534f709b3,TEX-RESEARCH-CONTROL-RESP-LC-SOURCE-EXTENSION-HUMAN-GATE-ADOPTION-DECISION,TEX-RESEARCH-CONTROL-RESP-LC-SOURCE-EXTENSION-HUMAN-GATE-ADOPTION-DECISION,,markdown-wiki,PASS,2026-06-18T03:19:58Z,Generated metadata note; not canonical authority.,TEX-RESEARCH-CONTROL-RESP-LC-SOURCE-EXTENSION-HUMAN-GATE-ADOPTION-DECISION,research_control/tasks/RT-20260614-060/artifacts/101_RESP_LC_SOURCE_EXTENSION_HUMAN_GATE_ADOPTION_DECISION.tex,93182583344ff3f98e8cd28099a36f46b4111e60a0f68bae70baedb7bdbc9376,318db3aa7ce140cbd52105b76345ee6207a077baa4011dfda3c449d534f709b3,tex,2026-06-18T03:19:58Z
WIKI-TEX-RESEARCH-CONTROL-RESP-LC-SOURCE-EXTENSION-M-SRC-ATLAS-GLUE-SOURCE-PRIMITIVE,wiki/tex/tex-research-control-resp-lc-source-extension-m-src-atlas-glue-source-primitive.md,wiki_markdown,generated_metadata_note,generated_noncanonical,humans_and_agents,fdd0c4cdd40f71eb69925e81b586166389027ebf90e60934f79fd46eb5f2266b,TEX-RESEARCH-CONTROL-RESP-LC-SOURCE-EXTENSION-M-SRC-ATLAS-GLUE-SOURCE-PRIMITIVE,TEX-RESEARCH-CONTROL-RESP-LC-SOURCE-EXTENSION-M-SRC-ATLAS-GLUE-SOURCE-PRIMITIVE,,markdown-wiki,PASS,2026-06-18T16:23:32Z,Generated metadata note; not canonical authority.,TEX-RESEARCH-CONTROL-RESP-LC-SOURCE-EXTENSION-M-SRC-ATLAS-GLUE-SOURCE-PRIMITIVE,research_control/tasks/RT-20260614-065/artifacts/106_RESP_LC_SOURCE_EXTENSION_M_SRC_ATLAS_GLUE_SOURCE_PRIMITIVE.tex,a6402fd1a868305a89c7b3a534aeb8f19ca3b50d14c1d1872fe2c85fa356b0f9,fdd0c4cdd40f71eb69925e81b586166389027ebf90e60934f79fd46eb5f2266b,tex,2026-06-18T16:23:32Z
WIKI-TEX-RESEARCH-CONTROL-RESP-LC-SOURCE-EXTENSION-M-SRC-BRIDGE-ATTEMPT,wiki/tex/tex-research-control-resp-lc-source-extension-m-src-bridge-attempt.md,wiki_markdown,generated_metadata_note,generated_noncanonical,humans_and_agents,0809b396275fc4941f6804c7aa56050c5696f2e7c75c45e4f09f745e6ba417e9,TEX-RESEARCH-CONTROL-RESP-LC-SOURCE-EXTENSION-M-SRC-BRIDGE-ATTEMPT,TEX-RESEARCH-CONTROL-RESP-LC-SOURCE-EXTENSION-M-SRC-BRIDGE-ATTEMPT,,markdown-wiki,PASS,2026-06-18T04:19:05Z,Generated metadata note; not canonical authority.,TEX-RESEARCH-CONTROL-RESP-LC-SOURCE-EXTENSION-M-SRC-BRIDGE-ATTEMPT,research_control/tasks/RT-20260614-061/artifacts/102_RESP_LC_SOURCE_EXTENSION_M_SRC_BRIDGE_ATTEMPT.tex,87654664d9adb83fd158b70893b0f5739b19e7d6bd882d85aeddfdd45cad1bb1,0809b396275fc4941f6804c7aa56050c5696f2e7c75c45e4f09f745e6ba417e9,tex,2026-06-18T04:19:05Z
WIKI-TEX-RESEARCH-CONTROL-RESP-LC-SOURCE-EXTENSION-M-SRC-BRIDGE-REFUTER-STRESS-TEST,wiki/tex/tex-research-control-resp-lc-source-extension-m-src-bridge-refuter-stress-test.md,wiki_markdown,generated_metadata_note,generated_noncanonical,humans_and_agents,8d61815ab97d32bd425b6789512e3b7a0c23ef1c1140b78ec7ba721e16a598ff,TEX-RESEARCH-CONTROL-RESP-LC-SOURCE-EXTENSION-M-SRC-BRIDGE-REFUTER-STRESS-TEST,TEX-RESEARCH-CONTROL-RESP-LC-SOURCE-EXTENSION-M-SRC-BRIDGE-REFUTER-STRESS-TEST,,markdown-wiki,PASS,2026-06-18T04:46:47Z,Generated metadata note; not canonical authority.,TEX-RESEARCH-CONTROL-RESP-LC-SOURCE-EXTENSION-M-SRC-BRIDGE-REFUTER-STRESS-TEST,research_control/tasks/RT-20260614-063/artifacts/104_RESP_LC_SOURCE_EXTENSION_M_SRC_BRIDGE_REFUTER_STRESS_TEST.tex,2bd4d8f5e30c48d65667da390f7a499c538637b6bdae44d9cf88c7a29ce4c07b,8d61815ab97d32bd425b6789512e3b7a0c23ef1c1140b78ec7ba721e16a598ff,tex,2026-06-18T04:46:47Z
WIKI-TEX-RESEARCH-CONTROL-RESP-LC-SOURCE-EXTENSION-M-SRC-BRIDGE-SMUGGLING-AUDIT,wiki/tex/tex-research-control-resp-lc-source-extension-m-src-bridge-smuggling-audit.md,wiki_markdown,generated_metadata_note,generated_noncanonical,humans_and_agents,080da118b9dc37a6e9e2021d74bdd04abd980b05f8a6648dadd877fea567aed8,TEX-RESEARCH-CONTROL-RESP-LC-SOURCE-EXTENSION-M-SRC-BRIDGE-SMUGGLING-AUDIT,TEX-RESEARCH-CONTROL-RESP-LC-SOURCE-EXTENSION-M-SRC-BRIDGE-SMUGGLING-AUDIT,,markdown-wiki,PASS,2026-06-18T04:32:50Z,Generated metadata note; not canonical authority.,TEX-RESEARCH-CONTROL-RESP-LC-SOURCE-EXTENSION-M-SRC-BRIDGE-SMUGGLING-AUDIT,research_control/tasks/RT-20260614-062/artifacts/103_RESP_LC_SOURCE_EXTENSION_M_SRC_BRIDGE_SMUGGLING_AUDIT.tex,a968340eddf76cc029cdb378729c40f459ba0eab9b1e819427c9b09413b1198e,080da118b9dc37a6e9e2021d74bdd04abd980b05f8a6648dadd877fea567aed8,tex,2026-06-18T04:32:50Z
WIKI-TEX-RESEARCH-CONTROL-RESP-LC-SOURCE-SIDE-SELECTOR-NO-GO-THEOREM-REFUTER-STRESS-TEST,wiki/tex/tex-research-control-resp-lc-source-side-selector-no-go-theorem-refuter-stress-test.md,wiki_markdown,generated_metadata_note,generated_noncanonical,humans_and_agents,d8ff99aa2846ea8e56d1a95f9d9bf531b3b4c8d7c858b689e7ab79c0c8ccd919,TEX-RESEARCH-CONTROL-RESP-LC-SOURCE-SIDE-SELECTOR-NO-GO-THEOREM-REFUTER-STRESS-TEST,TEX-RESEARCH-CONTROL-RESP-LC-SOURCE-SIDE-SELECTOR-NO-GO-THEOREM-REFUTER-STRESS-TEST,,markdown-wiki,PASS,2026-06-18T01:01:53Z,Generated metadata note; not canonical authority.,TEX-RESEARCH-CONTROL-RESP-LC-SOURCE-SIDE-SELECTOR-NO-GO-THEOREM-REFUTER-STRESS-TEST,research_control/tasks/RT-20260614-051/artifacts/92_RESP_LC_SOURCE_SIDE_SELECTOR_NO_GO_THEOREM_REFUTER_STRESS_TEST.tex,fc2a0d719078716c483acc3d697fc2c844744401bc760aec3b3b995808d4c6a1,d8ff99aa2846ea8e56d1a95f9d9bf531b3b4c8d7c858b689e7ab79c0c8ccd919,tex,2026-06-18T01:01:53Z
